datetime,s_b,s_w,LAI,irr,temperature_2m,relative_humidity_2m,cloud_cover,wind_speed_10m,wind_direction_100m,soil_temperature_0_to_7cm,soil_temperature_7_to_28cm,soil_temperature_28_to_100cm,rain,precipitation,evapotranspiration,Temp,Hum,Int,UVI,WS,WD,RG,BP,temperature_2m_f,relative_humidity_2m_f,cloud_cover_f,wind_speed_10m_f,wind_direction_10m_f,soil_temperature_0cm_f,soil_temperature_6cm_f,soil_temperature_18cm_f,rain_f
2024-12-12 12:00:00,13.54,13.24,0.0,0.0,18.1,35,0,6.4,311,14.3,12.0,17.0,0.0,0.0,0.31,16.0,37.0,42135.0,3.0,2.0,316.0,0.0,100590.0,16.2,44,27,3.0,284,19.4,12.9,10.2,0.0
2024-12-12 13:00:00,13.54,13.24,0.0005409356725146198,0.0,18.9,34,0,7.1,334,15.1,12.2,17.0,0.0,0.0,0.32,18.0,34.0,45420.0,3.0,3.0,300.0,0.0,100500.0,17.5,42,41,2.3,321,20.0,14.4,10.6,0.0
2024-12-12 14:00:00,13.53,13.2833333333333,0.0010818713450292396,0.0,18.9,33,1,7.0,351,16.0,12.5,17.0,0.0,0.0,0.29,19.0,31.0,41185.0,3.0,3.0,324.0,0.0,100440.0,18.2,41,20,2.5,352,20.0,15.4,11.1,0.0
2024-12-12 15:00:00,13.5166666666667,13.3466666666667,0.0016228070175438596,0.0,17.8,41,1,9.6,40,16.2,12.8,17.0,0.0,0.0,0.23,19.0,38.0,28431.0,1.0,4.0,15.0,0.0,100380.0,17.9,45,35,7.9,51,17.9,16.0,11.6,0.0
2024-12-12 16:00:00,13.5066666666667,13.35,0.0021637426900584793,0.0,15.9,50,0,8.4,74,15.7,13.1,17.0,0.0,0.0,0.13,18.0,44.0,13915.0,1.0,2.0,54.0,0.0,100400.0,16.9,52,2,9.4,72,15.0,15.5,12.0,0.0
2024-12-12 17:00:00,13.49,13.3533333333333,0.002704678362573099,0.0,12.4,57,0,6.9,91,14.4,13.3,17.0,0.0,0.0,0.04,18.0,48.0,4766.0,0.0,2.0,63.0,0.0,100410.0,14.8,60,1,5.4,70,11.3,14.4,12.3,0.0
2024-12-12 18:00:00,13.49,13.3666666666667,0.003245614035087719,0.0,11.4,60,0,3.0,101,12.9,13.4,16.9,0.0,0.0,0.0,14.0,58.0,156.0,0.0,2.0,110.0,0.0,100450.0,12.9,68,20,4.0,90,9.8,13.1,12.5,0.0
2024-12-12 19:00:00,13.4966666666667,13.3933333333333,0.003786549707602339,0.0,10.5,63,0,0.7,78,11.8,13.4,16.9,0.0,0.0,0.0,12.0,60.0,0.0,0.0,1.0,337.0,0.0,100460.0,11.2,72,7,3.6,186,8.4,11.8,12.5,0.0
2024-12-12 20:00:00,13.5033333333333,13.3766666666667,0.004327485380116959,0.0,9.6,65,6,1.0,28,10.9,13.3,16.9,0.0,0.0,0.0,10.0,65.0,0.0,0.0,0.0,154.0,0.0,100520.0,8.8,81,0,3.6,180,7.3,10.8,12.5,0.0
2024-12-12 21:00:00,13.51,13.3633333333333,0.004868421052631578,0.0,8.6,67,21,4.1,282,10.2,13.2,16.9,0.0,0.0,0.0,8.0,69.0,0.0,0.0,1.0,180.0,0.0,100570.0,8.2,68,9,4.7,180,6.9,10.2,12.4,0.0
2024-12-12 22:00:00,13.5166666666667,13.3566666666667,0.005409356725146198,0.0,8.9,64,94,7.3,254,9.9,13.1,16.9,0.0,0.0,0.02,8.0,69.0,0.0,0.0,1.0,177.0,0.0,100620.0,7.7,68,0,4.1,195,6.2,9.5,12.3,0.0
2024-12-12 23:00:00,13.52,13.34,0.005950292397660818,0.0,10.1,60,72,6.6,242,10.1,13.0,16.9,0.0,0.0,0.02,9.0,68.0,0.0,0.0,1.0,216.0,0.0,100670.0,7.2,74,0,4.1,218,5.7,9.0,12.1,0.0
2024-12-13 00:00:00,13.52,13.3433333333333,0.006491228070175438,0.0,10.4,57,49,7.8,226,10.1,12.9,16.9,0.0,0.0,0.03,6.0,76.0,0.0,0.0,1.0,180.0,0.0,100720.0,7.4,70,2,5.0,210,5.8,8.7,12.0,0.0
2024-12-13 01:00:00,13.52,13.3566666666667,0.007032163742690058,0.0,9.2,52,26,8.4,222,9.9,13.0,16.9,0.0,0.0,0.03,7.0,76.0,0.0,0.0,0.0,148.0,0.0,100720.0,7.3,72,0,4.7,212,5.5,8.4,11.8,0.0
2024-12-13 02:00:00,13.53,13.3566666666667,0.007573099415204678,0.0,9.9,54,18,8.5,221,9.9,12.9,16.8,0.0,0.0,0.03,6.0,76.0,0.0,0.0,1.0,180.0,0.0,100730.0,6.9,74,0,4.4,215,5.2,8.1,11.6,0.0
2024-12-13 03:00:00,13.53,13.3366666666667,0.008114035087719297,0.0,8.6,62,23,7.2,224,9.7,12.8,16.8,0.0,0.0,0.02,8.0,67.0,0.0,0.0,0.0,258.0,0.0,100740.0,6.8,73,0,5.6,207,5.1,7.8,11.4,0.0
2024-12-13 04:00:00,13.5366666666667,13.3,0.008654970760233917,0.0,8.1,67,9,7.6,228,9.5,12.7,16.8,0.0,0.0,0.02,5.0,76.0,0.0,0.0,0.0,102.0,0.0,100770.0,6.7,75,27,4.8,207,5.0,7.6,11.2,0.0
2024-12-13 05:00:00,13.54,13.2866666666667,0.009195906432748537,0.0,7.4,72,0,6.5,225,9.2,12.6,16.8,0.0,0.0,0.01,8.0,60.0,0.0,0.0,2.0,198.0,0.0,100750.0,6.7,78,62,4.8,207,5.4,7.5,11.0,0.0
2024-12-13 06:00:00,13.54,13.2633333333333,0.009736842105263157,0.0,6.9,76,0,5.5,230,8.9,12.5,16.8,0.0,0.0,0.0,9.0,58.0,0.0,0.0,2.0,192.0,0.0,100780.0,6.9,78,68,5.6,207,5.7,7.5,10.8,0.0
2024-12-13 07:00:00,13.55,13.24,0.010277777777777776,0.0,6.8,79,3,5.2,231,8.6,12.3,16.8,0.0,0.0,0.0,9.0,60.0,0.0,0.0,2.0,204.0,0.0,100870.0,7.1,79,50,5.0,210,5.5,7.5,10.7,0.0
2024-12-13 08:00:00,13.55,13.24,0.010818713450292396,0.0,8.7,75,1,4.5,238,8.7,12.2,16.8,0.0,0.0,0.02,8.0,63.0,694.0,0.0,1.0,204.0,0.0,100910.0,7.3,80,45,4.9,216,7.0,7.6,10.6,0.0
2024-12-13 09:00:00,13.55,13.24,0.011359649122807016,0.0,12.6,67,0,5.7,242,10.0,12.1,16.7,0.0,0.0,0.08,11.0,59.0,6332.0,0.0,1.0,179.0,0.0,100990.0,10.5,75,33,4.3,228,12.3,8.7,10.5,0.0
2024-12-13 10:00:00,13.55,13.24,0.011900584795321635,0.0,15.6,58,0,5.6,259,11.8,12.2,16.7,0.0,0.0,0.18,13.0,55.0,17764.0,1.0,2.0,210.0,0.0,101080.0,14.3,60,39,5.0,249,17.3,10.6,10.5,0.0
2024-12-13 11:00:00,13.55,13.24,0.012441520467836255,0.0,17.4,51,0,6.4,271,13.7,12.3,16.7,0.0,0.0,0.25,15.0,50.0,32635.0,1.0,3.0,274.0,0.0,101120.0,16.4,53,32,6.3,246,19.9,12.9,10.8,0.0
2024-12-13 12:00:00,13.55,13.24,0.012982456140350877,0.0,18.7,47,0,6.0,275,15.3,12.5,16.7,0.0,0.0,0.3,16.0,47.0,42740.0,2.0,3.0,274.0,0.0,101090.0,18.1,50,31,4.4,261,21.4,14.9,11.1,0.0
2024-12-13 13:00:00,13.54,13.2666666666667,0.013523391812865496,0.0,20.1,40,0,5.7,287,16.9,12.8,16.7,0.0,0.0,0.32,18.0,43.0,45246.0,2.0,2.0,251.0,0.0,100990.0,19.2,49,16,4.1,315,21.9,16.2,11.6,0.0
2024-12-13 14:00:00,13.5333333333333,13.3166666666667,0.014064327485380116,0.0,20.4,38,0,6.0,325,17.6,13.2,16.7,0.0,0.0,0.29,20.0,40.0,39358.0,2.0,3.0,246.0,0.0,100950.0,19.6,51,20,7.3,351,21.8,17.1,12.1,0.0
2024-12-13 15:00:00,13.5166666666667,13.3633333333333,0.014605263157894736,0.0,18.8,48,0,13.2,14,17.6,13.5,16.7,0.0,0.0,0.24,20.0,41.0,26992.0,1.0,4.0,354.0,0.0,100940.0,18.1,57,1,13.7,30,18.2,17.1,12.5,0.0
2024-12-13 16:00:00,13.5033333333333,13.3533333333333,0.015146198830409355,0.0,16.0,62,1,12.0,25,16.9,13.8,16.7,0.0,0.0,0.13,19.0,48.0,11847.0,1.0,4.0,36.0,0.0,100990.0,16.8,65,0,13.9,31,15.6,16.4,12.9,0.0
2024-12-13 17:00:00,13.4966666666667,13.3766666666667,0.015687134502923975,0.0,13.1,78,3,4.9,49,15.5,14.0,16.6,0.0,0.0,0.02,17.0,50.0,3858.0,0.0,3.0,33.0,0.0,101060.0,15.0,82,5,8.4,40,12.7,15.3,13.2,0.0
2024-12-13 18:00:00,13.4933333333333,13.42,0.016228070175438595,0.0,12.6,81,0,2.9,49,14.1,14.1,16.6,0.0,0.0,0.0,14.0,62.0,0.0,0.0,1.0,120.0,0.0,101160.0,13.5,89,5,4.0,63,11.1,13.8,13.3,0.0
2024-12-13 19:00:00,13.5033333333333,13.4266666666667,0.016769005847953215,0.0,12.2,82,0,0.9,53,13.0,14.1,16.6,0.0,0.0,0.0,13.0,66.0,0.0,0.0,1.0,138.0,0.0,101230.0,12.3,91,3,2.6,146,10.0,12.8,13.4,0.0
2024-12-13 20:00:00,13.5133333333333,13.4333333333333,0.017309941520467834,0.0,11.2,82,0,1.1,98,12.1,14.1,16.6,0.0,0.0,0.0,11.0,69.0,0.0,0.0,0.0,186.0,0.0,101290.0,10.7,94,0,3.9,248,9.1,11.9,13.3,0.0
2024-12-13 21:00:00,13.52,13.42,0.017850877192982454,0.0,10.4,83,0,3.2,287,11.4,14.0,16.6,0.0,0.0,0.0,8.0,79.0,0.0,0.0,0.0,180.0,0.0,101350.0,9.1,93,21,5.1,188,7.8,11.0,13.2,0.0
2024-12-13 22:00:00,13.5233333333333,13.4,0.018391812865497074,0.0,9.9,85,0,3.9,234,10.9,13.9,16.6,0.0,0.0,0.0,8.0,74.0,0.0,0.0,0.0,174.0,0.0,101400.0,8.3,91,13,4.7,184,7.3,10.4,13.0,0.0
2024-12-13 23:00:00,13.53,13.3766666666667,0.018932748538011693,0.0,9.7,80,0,2.7,205,10.4,13.7,16.6,0.0,0.0,0.0,8.0,69.0,0.0,0.0,1.0,180.0,0.0,101430.0,7.6,91,17,4.3,180,6.6,9.9,12.9,0.0
2024-12-14 00:00:00,13.5266666666667,13.3533333333333,0.019473684210526313,0.0,9.0,82,4,3.2,288,10.0,13.6,16.6,0.0,0.0,0.0,9.0,72.0,0.0,0.0,0.0,186.0,0.0,101470.0,7.0,89,29,4.7,180,6.1,9.4,12.7,0.0
2024-12-14 01:00:00,13.53,13.35,0.020014619883040933,0.0,8.2,80,0,4.4,254,9.6,13.5,16.6,0.0,0.0,0.0,7.0,73.0,0.0,0.0,1.0,174.0,0.0,101410.0,6.4,91,14,4.7,184,5.7,8.9,12.4,0.0
2024-12-14 02:00:00,13.53,13.36,0.020555555555555553,0.0,7.9,75,1,4.7,234,9.4,13.4,16.6,0.0,0.0,0.0,7.0,76.0,0.0,0.0,0.0,180.0,0.0,101420.0,5.8,92,6,4.5,194,5.2,8.5,12.2,0.0
2024-12-14 03:00:00,13.53,13.37,0.021096491228070172,0.0,7.5,75,99,3.1,293,9.1,13.2,16.6,0.0,0.0,0.0,6.0,75.0,0.0,0.0,1.0,174.0,0.0,101390.0,5.3,91,17,4.4,189,4.5,7.9,12.0,0.0
2024-12-14 04:00:00,13.5333333333333,13.3566666666667,0.021637426900584792,0.0,7.2,74,91,3.3,256,9.0,13.0,16.6,0.0,0.0,0.0,5.0,78.0,0.0,0.0,0.0,173.0,0.0,101430.0,5.0,91,9,4.7,189,4.3,7.6,11.7,0.0
2024-12-14 05:00:00,13.54,13.3233333333333,0.022178362573099412,0.0,6.4,74,99,4.6,223,9.0,12.9,16.6,0.0,0.0,0.0,5.0,77.0,0.0,0.0,1.0,180.0,0.0,101410.0,4.8,89,5,4.3,185,4.1,7.3,11.5,0.0
2024-12-14 06:00:00,13.5433333333333,13.3,0.02271929824561403,0.0,5.7,78,82,6.6,258,8.9,12.7,16.6,0.0,0.0,0.0,6.0,77.0,0.0,0.0,1.0,168.0,0.0,101470.0,4.1,91,88,4.5,194,3.6,6.9,11.3,0.0
2024-12-14 07:00:00,13.55,13.2766666666667,0.02326023391812865,0.0,6.6,75,49,6.7,220,8.9,12.6,16.5,0.0,0.0,0.0,6.0,77.0,0.0,0.0,1.0,160.0,0.0,101540.0,4.2,92,100,4.7,203,3.5,6.7,11.0,0.0
2024-12-14 08:00:00,13.55,13.2633333333333,0.02380116959064327,0.0,7.7,75,64,6.9,239,9.1,12.4,16.5,0.0,0.0,0.02,6.0,81.0,1049.0,0.0,0.0,353.0,0.0,101580.0,4.7,90,87,4.9,197,5.1,6.6,10.8,0.0
2024-12-14 09:00:00,13.55,13.2533333333333,0.02434210526315789,0.0,10.4,75,99,6.2,278,10.0,12.4,16.5,0.0,0.0,0.07,9.0,77.0,7526.0,0.0,1.0,264.0,0.0,101620.0,8.2,85,23,4.6,219,10.8,7.7,10.6,0.0
2024-12-14 10:00:00,13.55,13.24,0.02488304093567251,0.0,13.5,72,57,6.0,277,11.5,12.4,16.5,0.0,0.0,0.14,12.0,69.0,20224.0,1.0,2.0,252.0,0.0,101680.0,11.8,79,5,6.0,237,16.2,9.7,10.6,0.0
2024-12-14 11:00:00,13.55,13.2433333333333,0.02542397660818713,0.0,15.6,61,57,2.7,322,13.4,12.5,16.5,0.0,0.0,0.23,14.0,71.0,33993.0,2.0,2.0,299.0,0.0,101690.0,14.6,77,30,4.2,250,18.9,11.9,10.7,0.0
2024-12-14 12:00:00,13.55,13.2533333333333,0.025964912280701753,0.0,16.7,55,60,5.5,9,15.1,12.6,16.5,0.0,0.0,0.28,16.0,70.0,42424.0,3.0,2.0,44.0,0.0,101640.0,16.8,71,68,5.8,360,20.7,13.9,11.0,0.0
2024-12-14 13:00:00,13.54,13.29,0.026505847953216373,0.0,17.3,57,68,8.8,24,16.2,13.1,16.5,0.0,0.0,0.29,17.0,62.0,41500.0,3.0,2.0,24.0,0.0,101560.0,17.4,65,100,10.6,24,20.0,15.3,11.4,0.0
2024-12-14 14:00:00,13.53,13.3533333333333,0.027046783625730993,0.0,17.2,61,85,10.2,33,16.8,13.4,16.5,0.0,0.0,0.26,17.0,63.0,39857.0,2.0,4.0,30.0,0.0,101540.0,17.0,66,100,12.7,35,18.3,15.8,11.8,0.0
2024-12-14 15:00:00,13.5166666666667,13.3666666666667,0.027587719298245612,0.0,16.8,64,98,11.2,45,16.9,13.6,16.5,0.0,0.0,0.19,17.0,63.0,23300.0,1.0,3.0,64.0,0.0,101520.0,17.1,68,45,13.1,37,17.6,15.9,12.1,0.0
2024-12-14 16:00:00,13.5066666666667,13.3566666666667,0.028128654970760232,0.0,15.8,67,0,10.6,52,16.4,13.9,16.5,0.0,0.0,0.11,17.0,64.0,9778.0,0.0,4.0,66.0,0.0,101530.0,16.3,75,32,12.2,43,15.4,15.5,12.5,0.0
2024-12-14 17:00:00,13.5,13.3766666666667,0.028669590643274852,0.0,13.0,83,19,6.3,51,15.2,14.0,16.4,0.0,0.0,0.02,15.0,73.0,2864.0,0.0,3.0,48.0,0.0,101600.0,14.7,84,31,7.1,45,12.4,14.7,12.7,0.0
2024-12-14 18:00:00,13.5,13.4066666666667,0.02921052631578947,0.0,12.1,86,21,3.6,64,13.9,14.1,16.4,0.0,0.0,0.0,13.0,80.0,0.0,0.0,0.0,72.0,0.0,101650.0,13.3,90,20,3.8,73,10.9,13.5,12.8,0.0
2024-12-14 19:00:00,13.5066666666667,13.4266666666667,0.02975146198830409,0.0,11.9,82,14,1.9,69,12.9,14.1,16.4,0.0,0.0,0.0,11.0,84.0,0.0,0.0,0.0,174.0,0.0,101760.0,12.1,93,46,3.6,135,10.4,12.6,12.9,0.0
2024-12-14 20:00:00,13.51,13.4066666666667,0.03029239766081871,0.0,11.0,82,60,2.7,99,12.0,14.0,16.4,0.0,0.0,0.0,9.0,82.0,0.0,0.0,0.0,174.0,0.0,101790.0,10.8,95,47,3.6,174,9.7,12.0,12.9,0.0
2024-12-14 21:00:00,13.52,13.3966666666667,0.03083333333333333,0.0,9.8,87,6,2.6,110,11.4,14.0,16.4,0.0,0.0,0.0,,,,,,,,,9.3,96,44,4.0,185,8.4,11.3,12.8,0.0
2024-12-14 22:00:00,13.5233333333333,13.37,0.03137426900584795,0.0,9.0,91,62,2.1,37,10.8,13.8,16.4,0.0,0.0,0.0,9.0,83.0,0.0,0.0,0.0,174.0,0.0,101800.0,8.2,97,52,4.3,180,7.6,10.7,12.7,0.0
2024-12-14 23:00:00,13.5233333333333,13.3566666666667,0.03191520467836257,0.0,8.8,92,76,2.4,311,10.4,13.7,16.4,0.0,0.0,0.0,8.0,83.0,0.0,0.0,0.0,186.0,0.0,101840.0,7.3,99,65,3.8,197,6.8,10.0,12.6,0.0
2024-12-15 00:00:00,13.53,13.3566666666667,0.03245614035087719,0.0,8.7,90,19,4.7,235,10.0,13.5,16.4,0.0,0.0,0.0,9.0,85.0,0.0,0.0,1.0,180.0,0.0,101840.0,6.8,100,100,4.2,200,6.6,9.6,12.5,0.0
2024-12-15 01:00:00,13.53,13.36,0.03299707602339181,0.0,8.6,87,98,4.4,262,9.9,13.6,16.4,0.0,0.0,0.0,8.0,86.0,0.0,0.0,1.0,180.0,0.0,101810.0,6.9,97,100,4.7,180,6.4,9.2,12.3,0.0
2024-12-15 02:00:00,13.53,13.37,0.03353801169590643,0.0,8.4,86,100,5.0,234,9.7,13.4,16.4,0.0,0.0,0.0,7.0,86.0,0.0,0.0,1.0,180.0,0.0,101810.0,6.7,95,100,3.6,174,6.1,8.9,12.1,0.0
2024-12-15 03:00:00,13.53,13.37,0.03407894736842105,0.0,8.2,86,100,5.0,216,9.7,13.3,16.4,0.0,0.0,0.0,7.0,84.0,0.0,0.0,1.0,176.0,0.0,101790.0,6.2,95,100,4.4,189,5.6,8.5,11.9,0.0
2024-12-15 04:00:00,13.5333333333333,13.36,0.03461988304093567,0.0,7.9,86,100,4.3,266,9.6,13.1,16.4,0.0,0.0,0.0,7.0,86.0,0.0,0.0,0.0,186.0,0.0,101750.0,6.0,96,90,4.5,194,5.7,8.3,11.7,0.0
2024-12-15 05:00:00,13.54,13.33,0.03516081871345029,0.0,8.4,84,91,5.5,243,9.7,13.0,16.4,0.0,0.0,0.0,7.0,91.0,0.0,0.0,0.0,102.0,0.0,101760.0,6.1,95,97,4.3,185,5.4,8.1,11.5,0.0
2024-12-15 06:00:00,13.5433333333333,13.3033333333333,0.03570175438596491,0.0,8.4,82,34,4.8,197,9.7,12.9,16.4,0.0,0.0,0.0,6.0,90.0,0.0,0.0,1.0,171.0,0.0,101750.0,6.0,94,56,4.7,189,5.2,7.8,11.3,0.0
2024-12-15 07:00:00,13.55,13.28,0.03624269005847953,0.0,7.9,84,97,4.3,199,9.6,12.8,16.4,0.0,0.0,0.0,8.0,90.0,0.0,0.0,1.0,186.0,0.0,101790.0,6.1,95,77,4.8,193,5.2,7.7,11.2,0.0
2024-12-15 08:00:00,13.55,13.28,0.03678362573099415,0.0,9.2,80,100,6.5,200,9.9,12.7,16.4,0.0,0.0,0.02,7.0,89.0,0.0,0.0,0.0,178.0,0.0,101880.0,6.1,97,49,4.3,204,6.5,7.6,11.0,0.0
2024-12-15 09:00:00,13.55,13.2633333333333,0.03732456140350877,0.0,11.6,74,30,6.0,193,10.8,12.6,16.3,0.0,0.0,0.06,6.0,91.0,2175.0,0.0,0.0,170.0,0.0,101930.0,9.6,93,95,3.5,204,12.3,8.8,10.9,0.0
2024-12-15 10:00:00,13.5466666666667,13.2433333333333,0.03786549707602339,0.0,13.9,70,92,4.3,270,12.2,12.6,16.3,0.0,0.0,0.14,12.0,74.0,9088.0,1.0,0.0,178.0,0.0,102020.0,12.7,85,62,3.6,233,16.7,10.6,10.9,0.0
2024-12-15 11:00:00,13.55,13.25,0.03840643274853801,0.0,15.7,64,36,4.7,14,14.0,12.7,16.3,0.0,0.0,0.23,14.0,78.0,21608.0,1.0,1.0,324.0,0.0,102100.0,15.3,76,100,0.7,360,18.7,12.6,11.1,0.0
2024-12-15 12:00:00,13.55,13.2766666666667,0.038947368421052626,0.0,16.9,60,100,10.2,30,15.4,12.9,16.3,0.0,0.0,0.28,16.0,70.0,29229.0,2.0,0.0,91.0,0.0,102100.0,16.4,71,90,10.0,38,19.6,14.2,11.3,0.0
2024-12-15 13:00:00,13.5433333333333,13.2966666666667,0.039488304093567246,0.0,17.1,60,60,14.9,44,15.7,13.1,16.3,0.0,0.0,0.27,17.0,63.0,46678.0,2.0,2.0,76.0,0.0,102080.0,17.0,62,10,15.0,44,19.1,15.3,11.7,0.0
2024-12-15 14:00:00,13.53,13.34,0.040029239766081866,0.0,17.1,58,10,14.1,49,16.3,13.3,16.3,0.0,0.0,0.26,17.0,60.0,25216.0,1.0,3.0,32.0,0.0,102040.0,16.8,65,29,15.5,46,18.3,15.8,12.1,0.0
2024-12-15 15:00:00,13.5166666666667,13.3666666666667,0.040570175438596486,0.0,16.5,62,4,14.5,48,16.5,13.5,16.3,0.0,0.0,0.2,18.0,58.0,39391.0,2.0,4.0,85.0,0.0,101980.0,16.4,68,35,13.2,43,16.7,15.7,12.4,0.0
2024-12-15 16:00:00,13.5066666666667,13.36,0.041111111111111105,0.0,15.4,69,19,12.5,50,16.0,13.7,16.3,0.0,0.0,0.12,17.0,63.0,30256.0,1.0,5.0,16.0,0.0,101970.0,15.5,73,33,11.2,45,14.5,15.2,12.7,0.0
2024-12-15 17:00:00,13.5,13.3866666666667,0.041652046783625725,0.0,12.4,85,2,6.8,58,14.9,13.9,16.3,0.0,0.0,0.02,16.0,67.0,9291.0,0.0,4.0,30.0,0.0,102010.0,13.8,84,30,6.4,38,11.4,14.2,12.9,0.0
2024-12-15 18:00:00,13.4966666666667,13.42,0.042192982456140345,0.0,11.0,88,2,6.2,71,13.5,14.0,16.3,0.0,0.0,0.0,15.0,71.0,1857.0,0.0,3.0,30.0,0.0,102030.0,12.5,86,7,4.1,52,10.3,13.1,13.0,0.0
2024-12-15 19:00:00,13.5,13.43,0.042733918128654964,0.0,10.5,89,17,4.6,73,12.4,13.9,16.3,0.0,0.0,0.0,13.0,79.0,0.0,0.0,1.0,72.0,0.0,102050.0,11.4,89,0,3.3,103,9.0,12.1,13.0,0.0
2024-12-15 20:00:00,13.5133333333333,13.4233333333333,0.043274853801169584,0.0,10.3,88,0,3.5,75,11.5,13.9,16.3,0.0,0.0,0.0,11.0,84.0,0.0,0.0,1.0,99.0,0.0,102090.0,10.4,91,6,2.5,135,7.8,11.2,12.9,0.0
2024-12-15 21:00:00,13.5166666666667,13.4066666666667,0.043815789473684204,0.0,10.1,89,2,2.6,84,10.8,13.8,16.3,0.0,0.0,0.0,10.0,88.0,0.0,0.0,1.0,105.0,0.0,102160.0,9.2,93,0,2.5,172,7.0,10.4,12.8,0.0
2024-12-15 22:00:00,13.52,13.38,0.044356725146198824,0.0,9.6,89,2,1.5,75,10.2,13.6,16.3,0.0,0.0,0.0,8.0,90.0,0.0,0.0,0.0,186.0,0.0,102210.0,8.1,95,22,2.9,187,6.3,9.7,12.6,0.0
2024-12-15 23:00:00,13.5266666666667,13.3633333333333,0.04489766081871344,0.0,9.4,88,37,1.4,63,9.6,13.5,16.3,0.0,0.0,0.0,7.0,93.0,0.0,0.0,0.0,126.0,0.0,102220.0,6.9,94,0,2.9,180,5.5,9.1,12.4,0.0
2024-12-16 00:00:00,13.5266666666667,13.3566666666667,0.04543859649122806,0.0,9.1,86,0,0.4,59,9.2,13.3,16.2,0.0,0.0,0.0,6.0,92.0,0.0,0.0,0.0,204.0,0.0,102240.0,6.0,93,4,3.8,197,5.1,8.7,12.2,0.0
2024-12-16 01:00:00,13.53,13.3666666666667,0.04597953216374268,0.0,8.5,83,5,0.7,60,8.7,13.3,16.2,0.0,0.0,0.0,6.0,90.0,0.0,0.0,0.0,180.0,0.0,102260.0,5.3,93,13,3.7,191,4.6,8.2,12.0,0.0
2024-12-16 02:00:00,13.53,13.37,0.0465204678362573,0.0,7.8,83,24,0.4,50,8.3,13.1,16.2,0.0,0.0,0.0,6.0,90.0,0.0,0.0,1.0,198.0,0.0,102260.0,4.9,94,6,3.2,180,4.2,7.7,11.7,0.0
2024-12-16 03:00:00,13.5366666666667,13.3533333333333,0.04706140350877192,0.0,7.1,84,5,0.3,39,8.0,12.9,16.2,0.0,0.0,0.0,4.0,88.0,0.0,0.0,0.0,192.0,0.0,102260.0,4.3,95,6,3.7,191,3.6,7.2,11.4,0.0
2024-12-16 04:00:00,13.54,13.3233333333333,0.04760233918128654,0.0,6.6,83,0,0.4,35,7.6,12.6,16.2,0.0,0.0,0.0,4.0,92.0,0.0,0.0,1.0,160.0,0.0,102280.0,3.8,96,23,3.4,198,3.2,6.9,11.2,0.0
2024-12-16 05:00:00,13.5466666666667,13.3,0.04814327485380116,0.0,5.8,85,9,1.2,33,7.3,12.4,16.2,0.0,0.0,0.0,3.0,90.0,0.0,0.0,0.0,186.0,0.0,102300.0,3.5,96,21,3.9,202,3.0,6.5,10.9,0.0
2024-12-16 06:00:00,13.55,13.2766666666667,0.04868421052631578,0.0,5.1,88,0,3.3,310,7.1,12.2,16.2,0.0,0.0,0.0,3.0,92.0,0.0,0.0,0.0,198.0,0.0,102270.0,2.8,98,15,4.8,207,2.4,6.0,10.6,0.0
2024-12-16 07:00:00,13.5566666666667,13.25,0.0492251461988304,0.0,4.9,89,0,3.8,297,7.0,12.0,16.2,0.0,0.0,0.0,2.0,89.0,0.0,0.0,0.0,168.0,0.0,102340.0,2.8,94,7,4.5,194,2.1,5.7,10.4,0.0
2024-12-16 08:00:00,13.5566666666667,13.2566666666667,0.04976608187134502,0.0,5.6,86,16,3.9,318,7.2,11.8,16.2,0.0,0.0,0.01,2.0,89.0,0.0,0.0,1.0,84.0,0.0,102380.0,3.3,89,6,3.6,174,3.7,5.6,10.1,0.0
2024-12-16 09:00:00,13.5533333333333,13.26,0.05030701754385964,0.0,10.3,78,15,4.5,324,8.4,11.6,16.2,0.0,0.0,0.07,4.0,89.0,3636.0,0.0,0.0,198.0,0.0,102430.0,6.5,87,0,2.6,196,9.6,6.7,9.9,0.0
2024-12-16 10:00:00,13.56,13.2666666666667,0.05084795321637426,0.0,13.9,59,0,6.1,310,10.4,11.6,16.1,0.0,0.0,0.17,8.0,80.0,8052.0,1.0,1.0,108.0,0.0,102450.0,11.1,76,0,1.5,256,14.7,8.8,9.9,0.0
2024-12-16 11:00:00,13.56,13.2666666666667,0.05138888888888888,0.0,16.0,48,0,5.4,333,12.4,11.7,16.1,0.0,0.0,0.25,10.0,78.0,24529.0,1.0,2.0,282.0,0.0,102470.0,14.2,66,0,2.7,23,17.7,11.1,10.0,0.0
2024-12-16 12:00:00,13.6466666666667,13.51,0.051929824561403506,0.0,17.2,43,0,6.8,8,14.1,11.9,16.1,0.0,0.0,0.3,16.0,56.0,38842.0,2.0,0.0,168.0,0.0,102430.0,16.0,55,0,6.9,28,19.4,13.1,10.3,0.0
2024-12-16 13:00:00,13.82,13.6166666666667,0.052470760233918126,0.0,18.1,42,0,9.3,25,15.7,12.2,16.1,0.0,0.0,0.32,16.0,52.0,44479.0,1.0,1.0,19.0,0.0,102340.0,17.4,47,0,9.7,27,19.5,14.5,10.7,0.0
2024-12-16 14:00:00,13.8033333333333,13.66,0.053011695906432746,0.0,17.1,46,0,16.6,31,16.2,12.5,16.1,0.0,0.0,0.29,17.0,43.0,42758.0,2.0,2.0,42.0,0.0,102250.0,17.2,50,0,13.4,24,18.1,15.1,11.1,0.0
2024-12-16 15:00:00,13.7933333333333,13.6666666666667,0.053552631578947366,0.0,16.1,47,0,17.1,35,16.0,12.8,16.1,0.0,0.0,0.23,18.0,50.0,32830.0,2.0,4.0,23.0,0.0,102170.0,16.6,51,0,16.9,34,16.1,15.2,11.5,0.0
2024-12-16 16:00:00,13.79,13.7133333333333,0.054093567251461985,0.0,15.1,53,0,14.8,39,15.5,13.0,16.1,0.0,0.0,0.15,17.0,47.0,18492.0,1.0,3.0,78.0,0.0,102130.0,15.8,60,0,13.8,33,14.2,14.6,11.8,0.0
2024-12-16 17:00:00,13.79,13.7566666666667,0.054634502923976605,0.0,13.3,59,0,11.3,54,14.4,13.2,16.1,0.0,0.0,0.06,17.0,46.0,6448.0,0.0,2.0,95.0,0.0,102140.0,14.1,67,0,8.2,41,11.1,13.7,12.0,0.0
2024-12-16 18:00:00,13.79,13.7766666666667,0.055175438596491225,0.0,12.2,64,0,8.8,65,13.3,13.3,16.1,0.0,0.0,0.03,15.0,54.0,1048.0,0.0,3.0,72.0,0.0,102150.0,12.8,70,0,5.8,60,9.4,12.5,12.2,0.0
2024-12-16 19:00:00,13.7966666666667,13.7733333333333,0.055716374269005844,0.0,10.9,65,2,4.8,68,12.1,13.3,16.1,0.0,0.0,0.01,13.0,66.0,0.0,0.0,0.0,105.0,0.0,102180.0,11.9,78,0,2.5,98,7.9,11.4,12.2,0.0
2024-12-16 20:00:00,13.8,13.7766666666667,0.056257309941520464,0.0,9.5,60,6,0.4,44,10.9,13.3,16.0,0.0,0.0,0.0,11.0,74.0,0.0,0.0,0.0,192.0,0.0,102210.0,10.2,82,0,4.7,203,6.9,10.3,12.2,0.0
2024-12-16 21:00:00,13.81,13.78,0.056798245614035084,0.0,7.9,60,0,6.7,273,10.1,13.2,16.0,0.0,0.0,0.02,9.0,78.0,0.0,0.0,0.0,252.0,0.0,102220.0,7.6,91,0,4.6,198,6.2,9.6,12.0,0.0
2024-12-16 22:00:00,13.8166666666667,13.76,0.057339181286549704,0.0,6.2,64,0,6.2,263,9.6,13.0,16.0,0.0,0.0,0.01,9.0,74.0,0.0,0.0,2.0,246.0,0.0,102210.0,6.9,76,4,3.7,169,5.1,8.9,11.9,0.0
2024-12-16 23:00:00,13.82,13.7266666666667,0.05788011695906432,0.0,5.4,61,0,4.4,285,9.0,12.9,16.0,0.0,0.0,0.01,7.0,72.0,0.0,0.0,2.0,174.0,0.0,102200.0,5.8,62,0,4.5,151,4.2,8.2,11.7,0.0
2024-12-17 00:00:00,13.82,13.68,0.05842105263157894,0.0,5.4,57,0,4.8,267,8.5,12.7,16.0,0.0,0.0,0.01,7.0,74.0,0.0,0.0,2.0,160.0,0.0,102210.0,5.0,61,0,3.8,163,3.2,7.6,11.5,0.0
2024-12-17 01:00:00,13.82,13.6733333333333,0.05896198830409356,0.0,5.3,57,0,4.1,268,8.4,12.6,16.0,0.0,0.0,0.01,5.0,78.0,0.0,0.0,0.0,186.0,0.0,102190.0,4.4,70,0,3.6,174,2.7,6.9,11.2,0.0
2024-12-17 02:00:00,13.8166666666667,13.66,0.05950292397660818,0.0,4.9,54,0,2.9,279,7.8,12.4,16.0,0.0,0.0,0.0,4.0,75.0,0.0,0.0,0.0,178.0,0.0,102150.0,4.0,74,0,4.0,180,2.3,6.4,10.9,0.0
2024-12-17 03:00:00,13.82,13.67,0.0600438596491228,0.0,4.4,55,0,3.8,270,7.3,12.2,16.0,0.0,0.0,0.01,4.0,73.0,0.0,0.0,1.0,180.0,0.0,102120.0,3.5,80,0,4.4,189,2.0,5.9,10.7,0.0
2024-12-17 04:00:00,13.82,13.665,0.06058479532163742,0.0,4.1,58,13,4.0,274,6.9,12.0,16.0,0.0,0.0,0.01,4.0,76.0,0.0,0.0,1.0,180.0,0.0,102090.0,3.2,77,0,4.7,189,1.7,5.6,10.4,0.0
2024-12-17 05:00:00,13.82,13.68,0.06112573099415204,0.0,4.1,59,1,4.8,272,6.7,11.8,16.0,0.0,0.0,0.01,4.0,79.0,0.0,0.0,1.0,198.0,0.0,102070.0,2.9,75,0,4.7,184,1.4,5.3,10.1,0.0
2024-12-17 06:00:00,13.8233333333333,13.62,0.06166666666666666,0.0,4.3,58,5,5.2,265,6.5,11.5,16.0,0.0,0.0,0.01,4.0,84.0,0.0,0.0,2.0,186.0,0.0,102080.0,2.5,76,3,5.1,184,1.1,4.9,9.8,0.0
2024-12-17 07:00:00,13.83,13.5966666666667,0.06220760233918128,0.0,3.8,60,64,4.7,264,6.2,11.3,15.9,0.0,0.0,0.01,4.0,85.0,0.0,0.0,0.0,168.0,0.0,102090.0,2.2,76,0,4.7,184,0.8,4.6,9.5,0.0
2024-12-17 08:00:00,13.8366666666667,13.58,0.0627485380116959,0.0,5.4,60,39,5.5,264,6.3,11.1,15.9,0.0,0.0,0.02,2.0,82.0,53.0,0.0,0.0,180.0,0.0,102140.0,2.6,76,0,4.4,189,2.5,4.4,9.3,0.0
2024-12-17 09:00:00,13.92,13.5766666666667,0.06328947368421052,0.0,10.2,57,2,5.2,255,7.7,11.0,15.9,0.0,0.0,0.08,3.0,83.0,3755.0,0.0,0.0,126.0,0.0,102160.0,6.0,74,3,3.8,197,8.5,5.4,9.1,0.0
2024-12-17 10:00:00,14.1,13.61,0.06383040935672514,0.0,13.9,45,6,5.4,284,9.7,11.0,15.9,0.0,0.0,0.18,10.0,57.0,12178.0,1.0,2.0,240.0,0.0,102210.0,11.0,59,4,3.8,229,14.4,7.7,9.0,0.0
2024-12-17 11:00:00,14.1175,16.46,0.06437134502923976,0.0,16.0,38,9,5.4,314,11.8,11.0,15.9,0.0,0.0,0.26,12.0,47.0,26818.0,2.0,2.0,245.0,0.0,102220.0,13.8,50,0,4.4,235,17.3,10.3,9.1,0.0
2024-12-17 12:00:00,14.1166666666667,18.9766666666667,0.06491228070175438,0.0,17.1,35,95,7.6,327,13.5,11.2,15.8,0.0,0.0,0.31,15.0,38.0,40435.0,2.0,2.0,279.0,0.0,102130.0,15.9,45,3,2.3,309,18.7,12.3,9.5,0.0
2024-12-17 13:00:00,14.1033333333333,20.3066666666667,0.065453216374269,0.0,17.3,42,100,8.0,342,14.6,11.4,15.8,0.0,0.0,0.3,17.0,31.0,46226.0,2.0,2.0,252.0,0.0,102050.0,17.1,46,5,5.1,356,20.0,13.9,9.9,0.0
2024-12-17 14:00:00,14.0966666666667,20.7566666666667,0.06599415204678362,0.0,16.9,46,68,7.5,10,15.3,11.7,15.8,0.0,0.0,0.26,18.0,28.0,41018.0,3.0,2.0,306.0,0.0,101960.0,17.3,50,44,7.4,14,19.0,14.9,10.3,0.0
2024-12-17 15:00:00,14.09,20.97,0.06653508771929824,0.0,16.1,51,84,8.0,33,15.5,12.0,15.8,0.0,0.0,0.2,19.0,25.0,32844.0,2.0,1.0,319.0,0.0,101900.0,16.8,52,67,9.8,17,16.7,15.2,10.8,0.0
2024-12-17 16:00:00,14.08,21.1133333333333,0.06707602339181286,0.0,14.5,61,98,5.5,44,14.9,12.3,15.8,0.0,0.0,0.1,18.0,35.0,17129.0,1.0,3.0,343.0,0.0,101930.0,15.4,58,100,7.6,25,13.7,14.5,11.2,0.0
2024-12-17 17:00:00,14.08,21.1966666666667,0.06761695906432748,0.0,11.6,71,100,2.9,66,13.6,12.4,15.8,0.0,0.0,0.02,17.0,41.0,5944.0,0.0,2.0,26.0,0.0,101940.0,13.7,69,100,2.9,30,10.5,13.4,11.5,0.0
2024-12-17 18:00:00,14.08,21.2433333333333,0.0681578947368421,0.0,11.2,73,100,1.2,54,12.2,12.5,15.8,0.0,0.0,0.0,14.0,61.0,386.0,0.0,1.0,72.0,0.0,101980.0,12.4,70,100,1.0,135,8.2,11.7,11.6,0.0
2024-12-17 19:00:00,14.08,21.2766666666667,0.06869883040935672,0.0,11.2,73,99,1.6,123,11.4,12.5,15.8,0.0,0.0,0.0,12.0,67.0,0.0,0.0,2.0,110.0,0.0,102020.0,10.6,77,99,4.0,185,7.7,10.6,11.6,0.0
2024-12-17 20:00:00,14.08,21.2833333333333,0.06923976608187134,0.0,10.7,73,90,2.3,187,10.7,12.5,15.8,0.0,0.0,0.0,12.0,65.0,0.0,0.0,2.0,130.0,0.0,102050.0,8.3,84,70,4.0,175,6.6,9.8,11.6,0.0
2024-12-17 21:00:00,14.0866666666667,21.3,0.06978070175438596,0.0,9.9,72,19,2.1,246,10.1,12.5,15.7,0.0,0.0,0.0,11.0,65.0,0.0,0.0,0.0,124.0,0.0,102070.0,7.0,81,81,4.3,175,5.5,9.0,11.4,0.0
2024-12-17 22:00:00,14.09,21.3233333333333,0.07032163742690058,0.0,8.8,73,2,3.9,238,9.4,12.4,15.7,0.0,0.0,0.0,9.0,62.0,0.0,0.0,0.0,180.0,0.0,102090.0,6.1,82,10,4.0,185,4.7,8.3,11.3,0.0
2024-12-17 23:00:00,14.09,21.3266666666667,0.0708625730994152,0.0,8.3,71,7,4.6,224,9.0,12.2,15.7,0.0,0.0,0.0,9.0,62.0,0.0,0.0,1.0,222.0,0.0,102070.0,5.6,85,0,3.6,180,4.1,7.7,11.1,0.0
2024-12-18 00:00:00,14.09,21.3366666666667,0.07140350877192982,0.0,8.0,68,0,4.1,236,8.5,12.1,15.7,0.0,0.0,0.0,9.0,69.0,0.0,0.0,0.0,228.0,0.0,102070.0,5.3,85,0,4.3,185,3.9,7.3,10.9,0.0
2024-12-18 01:00:00,14.0966666666667,21.3366666666667,0.07194444444444444,0.0,7.3,70,0,4.7,236,7.8,12.1,15.7,0.0,0.0,0.0,6.0,69.0,0.0,0.0,1.0,178.0,0.0,102010.0,5.1,82,0,4.0,180,3.6,6.9,10.7,0.0
2024-12-18 02:00:00,14.1,21.3433333333333,0.07248538011695906,0.0,7.1,60,0,4.9,218,7.7,11.9,15.7,0.0,0.0,0.01,5.0,74.0,0.0,0.0,1.0,240.0,0.0,102000.0,4.7,81,0,3.6,180,3.2,6.5,10.5,0.0
2024-12-18 03:00:00,14.1,21.3333333333333,0.07302631578947368,0.0,7.1,55,0,4.6,203,7.5,11.7,15.7,0.0,0.0,0.01,5.0,70.0,0.0,0.0,1.0,180.0,0.0,102010.0,3.8,83,0,4.0,185,2.6,6.0,10.2,0.0
2024-12-18 04:00:00,14.1,21.3233333333333,0.0735672514619883,0.0,7.4,53,0,3.3,224,7.3,11.6,15.7,0.0,0.0,0.01,6.0,71.0,0.0,0.0,1.0,180.0,0.0,102020.0,3.6,84,0,3.7,191,2.3,5.7,10.0,0.0
2024-12-18 05:00:00,14.1,21.3333333333333,0.07410818713450291,0.0,6.8,58,0,4.8,251,7.1,11.4,15.7,0.0,0.0,0.01,5.0,70.0,0.0,0.0,0.0,192.0,0.0,101960.0,3.4,85,0,3.8,197,2.1,5.5,9.8,0.0
2024-12-18 06:00:00,14.1,21.34,0.07464912280701753,0.0,6.6,57,0,6.2,228,7.0,11.2,15.7,0.0,0.0,0.02,4.0,68.0,0.0,0.0,2.0,174.0,0.0,101970.0,3.1,86,0,4.6,198,1.8,5.0,9.5,0.0
2024-12-18 07:00:00,14.1,21.33,0.07519005847953215,0.0,6.4,56,0,5.1,231,6.9,11.1,15.6,0.0,0.0,0.01,6.0,66.0,0.0,0.0,1.0,186.0,0.0,101970.0,3.4,84,0,4.1,195,1.9,4.9,9.3,0.0
2024-12-18 08:00:00,14.1,21.3266666666667,0.07573099415204677,0.0,8.0,56,4,6.1,240,7.0,10.9,15.6,0.0,0.0,0.03,7.0,61.0,224.0,0.0,2.0,198.0,0.0,102010.0,4.0,80,0,3.7,191,3.7,4.9,9.1,0.0
2024-12-18 09:00:00,14.1,21.3266666666667,0.0762719298245614,0.0,12.1,53,0,7.9,243,8.4,10.8,15.6,0.0,0.0,0.1,8.0,56.0,5217.0,0.0,1.0,198.0,0.0,102040.0,7.2,76,0,3.7,209,9.5,6.0,8.9,0.0
2024-12-18 10:00:00,14.1,21.33,0.07681286549707601,0.0,15.0,50,0,5.5,262,10.4,10.8,15.6,0.0,0.0,0.17,12.0,46.0,14401.0,1.0,2.0,276.0,0.0,102070.0,12.4,67,0,3.9,236,15.5,8.3,8.9,0.0
2024-12-18 11:00:00,14.1,21.3266666666667,0.07735380116959063,0.0,17.1,39,0,4.2,277,12.4,11.0,15.6,0.0,0.0,0.25,14.0,38.0,28797.0,1.0,2.0,233.0,0.0,102110.0,15.2,50,0,5.4,233,18.3,10.8,9.1,0.0
2024-12-18 12:00:00,14.1,21.3366666666667,0.07789473684210525,0.0,18.7,36,0,3.8,262,14.2,11.2,15.6,0.0,0.0,0.3,17.0,35.0,40151.0,3.0,2.0,270.0,0.0,102030.0,17.1,46,0,5.2,236,19.9,12.9,9.4,0.0
2024-12-18 13:00:00,14.0933333333333,21.3266666666667,0.07843567251461987,0.0,19.9,35,1,5.2,273,14.6,11.4,15.5,0.0,0.0,0.31,18.0,32.0,43666.0,2.0,2.0,228.0,0.0,101920.0,18.2,47,0,2.1,239,20.2,14.3,9.9,0.0
2024-12-18 14:00:00,14.09,21.3233333333333,0.07897660818713449,0.0,20.6,33,0,4.7,287,15.8,11.7,15.5,0.0,0.0,0.28,20.0,29.0,39799.0,3.0,2.0,258.0,0.0,101810.0,18.9,49,0,1.1,342,20.2,15.3,10.3,0.0
2024-12-18 15:00:00,14.0966666666667,21.32,0.07951754385964911,0.0,20.6,34,0,2.2,322,16.4,12.1,15.5,0.0,0.0,0.2,21.0,26.0,28016.0,1.0,2.0,304.0,0.0,101740.0,19.5,48,0,3.5,24,19.6,16.0,10.8,0.0
2024-12-18 16:00:00,14.1,21.33,0.08005847953216373,0.0,18.3,60,0,3.4,46,16.2,12.4,15.5,0.0,0.0,0.11,20.0,38.0,13674.0,1.0,4.0,43.0,0.0,101760.0,18.3,56,0,4.1,45,15.9,15.7,11.3,0.0
2024-12-18 17:00:00,14.1,21.3233333333333,0.08059941520467835,0.0,14.4,60,0,4.2,74,14.9,12.6,15.5,0.0,0.0,0.03,19.0,42.0,4865.0,0.0,2.0,48.0,0.0,101750.0,15.5,66,0,3.8,41,11.8,14.7,11.6,0.0
2024-12-18 18:00:00,14.1033333333333,21.3166666666667,0.08114035087719297,0.0,13.7,62,0,0.8,90,13.4,12.8,15.5,0.0,0.0,0.0,15.0,53.0,162.0,0.0,0.0,54.0,0.0,101750.0,13.3,72,0,2.3,108,9.1,12.8,11.8,0.0
2024-12-18 19:00:00,14.1133333333333,21.32,0.08168128654970759,0.0,12.7,62,0,1.3,184,12.3,12.8,15.5,0.0,0.0,0.0,12.0,55.0,0.0,0.0,0.0,179.0,0.0,101770.0,11.4,80,0,3.3,174,8.3,11.5,11.9,0.0
2024-12-18 20:00:00,14.1166666666667,21.2833333333333,0.08222222222222221,0.0,12.2,57,2,2.4,222,11.5,12.8,15.5,0.0,0.0,0.0,11.0,65.0,0.0,0.0,1.0,180.0,0.0,101780.0,9.9,84,0,2.9,180,7.5,10.6,11.9,0.0
2024-12-18 21:00:00,14.1233333333333,21.2766666666667,0.08276315789473683,0.0,12.1,49,7,3.0,221,10.8,12.8,15.5,0.0,0.0,0.01,11.0,56.0,0.0,0.0,1.0,176.0,0.0,101790.0,9.4,75,0,3.3,186,6.9,9.9,11.8,0.0
2024-12-18 22:00:00,14.13,21.2633333333333,0.08330409356725145,0.0,12.3,43,0,2.6,232,10.3,12.7,15.5,0.0,0.0,0.01,10.0,48.0,0.0,0.0,1.0,178.0,0.0,101760.0,8.8,72,1,3.3,186,6.4,9.3,11.7,0.0
2024-12-18 23:00:00,14.13,21.2333333333333,0.08384502923976607,0.0,11.8,43,0,3.9,235,9.9,12.6,15.5,0.0,0.0,0.02,11.0,47.0,0.0,0.0,1.0,184.0,0.0,101760.0,8.7,66,6,2.9,187,5.7,8.8,11.5,0.0
2024-12-19 00:00:00,14.14,21.2333333333333,0.08438596491228069,0.0,11.3,40,0,5.6,233,9.6,12.5,15.5,0.0,0.0,0.03,11.0,44.0,0.0,0.0,2.0,178.0,0.0,101720.0,7.9,64,8,3.8,197,5.5,8.3,11.3,0.0
2024-12-19 01:00:00,14.14,21.2366666666667,0.08492690058479531,0.0,10.5,37,6,4.4,222,8.4,12.4,15.5,0.0,0.0,0.02,11.0,40.0,0.0,0.0,2.0,186.0,0.0,101640.0,8.0,57,0,3.8,197,5.4,8.0,11.2,0.0
2024-12-19 02:00:00,14.14,21.2233333333333,0.08546783625730993,0.0,9.3,35,0,6.4,240,8.4,12.3,15.5,0.0,0.0,0.04,13.0,36.0,0.0,0.0,1.0,194.0,0.0,101590.0,8.0,54,0,3.9,202,5.2,7.8,11.0,0.0
2024-12-19 03:00:00,14.1433333333333,21.2166666666667,0.08600877192982455,0.0,8.8,36,9,6.0,253,8.4,12.1,15.5,0.0,0.0,0.03,12.0,38.0,0.0,0.0,2.0,180.0,0.0,101560.0,7.9,53,0,4.3,204,5.2,7.6,10.8,0.0
2024-12-19 04:00:00,14.15,21.1833333333333,0.08654970760233917,0.0,9.0,35,23,6.1,243,8.3,12.0,15.5,0.0,0.0,0.04,12.0,39.0,0.0,0.0,2.0,180.0,0.0,101540.0,8.0,53,3,4.2,211,5.2,7.5,10.6,0.0
2024-12-19 05:00:00,14.15,21.18,0.08709064327485379,0.0,9.2,34,20,7.1,234,8.3,11.8,15.4,0.0,0.0,0.04,13.0,37.0,0.0,0.0,4.0,258.0,0.0,101530.0,8.0,53,3,4.7,212,5.3,7.4,10.5,0.0
2024-12-19 06:00:00,14.1566666666667,21.15,0.08763157894736841,0.0,9.0,36,2,6.7,257,8.2,11.7,15.4,0.0,0.0,0.04,12.0,37.0,0.0,0.0,2.0,198.0,0.0,101520.0,8.4,49,0,5.8,210,5.7,7.3,10.3,0.0
2024-12-19 07:00:00,14.1533333333333,21.1466666666667,0.08817251461988303,0.0,10.6,30,3,11.4,238,8.3,11.6,15.4,0.0,0.0,0.08,13.0,36.0,0.0,0.0,3.0,233.0,0.0,101530.0,8.6,49,2,5.9,218,5.7,7.4,10.2,0.0
2024-12-19 08:00:00,14.16,21.14,0.08871345029239765,0.0,12.8,30,12,13.8,225,9.0,11.5,15.4,0.0,0.0,0.11,12.0,37.0,546.0,0.0,3.0,234.0,0.0,101560.0,9.3,50,24,6.9,219,7.4,7.5,10.1,0.0
2024-12-19 09:00:00,14.16,21.1433333333333,0.08925438596491227,0.0,16.2,32,65,13.0,228,10.3,11.5,15.4,0.0,0.0,0.16,14.0,30.0,6241.0,0.0,4.0,185.0,0.0,101600.0,13.1,45,14,8.2,218,12.6,8.6,10.0,0.0
2024-12-19 10:00:00,14.1666666666667,21.3866666666667,0.08979532163742689,0.0,19.6,31,43,10.2,235,12.2,11.5,15.4,0.0,0.0,0.24,16.0,30.0,16820.0,1.0,2.0,258.0,0.0,101620.0,17.3,38,34,10.5,232,17.5,10.5,10.1,0.0
2024-12-19 11:00:00,14.17,23.815,0.0903362573099415,0.0,21.5,31,32,9.6,242,14.1,11.7,15.4,0.0,0.0,0.31,,,,,,,,,19.8,33,9,11.9,235,20.0,12.7,10.3,0.0
2024-12-19 12:00:00,14.17,23.8733333333333,0.09087719298245613,0.0,22.4,28,35,12.3,250,15.8,12.0,15.4,0.0,0.0,0.37,22.0,24.0,44810.0,2.0,4.0,279.0,0.0,101580.0,22.1,29,65,14.0,241,22.2,14.6,10.6,0.0
2024-12-19 13:00:00,14.1666666666667,23.7666666666667,0.09141812865497075,0.0,23.1,28,88,9.0,262,16.7,12.3,15.4,0.0,0.0,0.36,22.0,25.0,22680.0,1.0,4.0,279.0,0.0,101480.0,23.2,28,83,13.4,264,22.2,16.0,11.1,0.0
2024-12-19 14:00:00,14.1633333333333,23.67,0.09195906432748537,0.0,22.7,33,99,6.3,273,17.3,12.6,15.4,0.0,0.0,0.26,23.0,26.0,44211.0,2.0,2.0,220.0,0.0,101400.0,22.4,33,100,11.2,268,19.4,16.7,11.5,0.0
2024-12-19 15:00:00,14.1666666666667,23.57,0.09249999999999999,0.0,21.4,41,100,4.2,283,17.3,13.0,15.4,0.0,0.0,0.14,23.0,26.0,18441.0,1.0,0.0,306.0,0.0,101350.0,22.0,38,100,8.1,283,19.9,16.9,11.9,0.0
2024-12-19 16:00:00,14.1633333333333,23.48,0.0930409356725146,0.0,19.6,49,90,3.1,305,16.6,13.2,15.4,0.0,0.0,0.07,22.0,29.0,12148.0,1.0,2.0,258.0,0.0,101340.0,20.3,48,100,5.4,318,17.3,16.6,12.3,0.0
2024-12-19 17:00:00,14.16,23.4,0.09358187134502922,0.0,18.2,45,100,2.2,290,15.7,13.4,15.4,0.0,0.0,0.03,21.0,32.0,1889.0,0.0,0.0,206.0,0.0,101320.0,17.9,53,99,4.1,315,13.5,15.7,12.6,0.0
2024-12-19 18:00:00,14.1533333333333,23.3266666666667,0.09412280701754384,0.0,16.2,57,100,1.6,270,14.7,13.6,15.4,0.1,0.1,0.0,19.0,37.0,0.0,0.0,0.0,288.0,0.0,101360.0,16.0,48,77,7.4,203,12.8,14.6,12.9,0.0
2024-12-19 19:00:00,14.1566666666667,23.2633333333333,0.09466374269005846,0.0,14.5,58,37,6.0,201,13.7,13.6,15.4,0.0,0.0,0.02,18.0,39.0,0.0,0.0,2.0,211.0,0.0,101410.0,14.7,54,26,7.8,193,11.8,13.7,13.0,0.0
2024-12-19 20:00:00,14.16,23.2166666666667,0.09520467836257308,0.0,13.0,59,12,6.9,211,12.9,13.7,15.4,0.0,0.0,0.02,17.0,42.0,0.0,0.0,1.0,216.0,0.0,101460.0,14.2,59,62,7.1,204,11.4,13.0,13.0,0.0
2024-12-19 21:00:00,14.1633333333333,23.1433333333333,0.0957456140350877,0.0,13.1,61,24,7.6,219,12.4,13.6,15.4,0.0,0.0,0.02,16.0,47.0,0.0,0.0,0.0,192.0,0.0,101470.0,13.9,60,99,7.0,192,11.1,12.5,13.0,0.0
2024-12-19 22:00:00,14.17,23.1133333333333,0.09628654970760232,0.0,12.9,66,62,6.8,218,12.1,13.6,15.4,0.0,0.0,0.02,15.0,47.0,0.0,0.0,1.0,182.0,0.0,101470.0,13.4,67,73,6.2,187,10.9,12.2,13.0,0.0
2024-12-19 23:00:00,14.17,23.0533333333333,0.09682748538011694,0.0,13.1,69,94,6.8,223,11.9,13.5,15.4,0.0,0.0,0.01,15.0,49.0,0.0,0.0,1.0,186.0,0.0,101470.0,12.9,71,100,5.7,198,10.6,11.9,12.9,0.0
2024-12-20 00:00:00,14.17,23.01,0.09736842105263156,0.0,13.4,70,63,6.5,237,11.9,13.5,15.4,0.0,0.0,0.01,17.0,49.0,0.0,0.0,1.0,174.0,0.0,101440.0,13.1,68,95,7.4,194,11.1,12.0,12.9,0.0
2024-12-20 01:00:00,14.17,22.9866666666667,0.09790935672514618,0.0,14.5,62,98,6.6,262,13.8,13.9,15.4,0.0,0.0,0.02,15.0,57.0,0.0,0.0,1.0,6.0,0.0,101450.0,13.2,67,88,8.1,201,11.1,11.9,12.8,0.0
2024-12-20 02:00:00,14.17,22.94,0.0984502923976608,0.0,15.1,61,100,7.3,255,13.5,13.9,15.4,0.0,0.0,0.03,15.0,50.0,0.0,0.0,1.0,223.0,0.0,101460.0,13.3,67,100,9.0,203,11.0,11.8,12.8,0.0
2024-12-20 03:00:00,14.1766666666667,22.9,0.09899122807017542,0.0,14.4,59,100,7.9,243,13.1,13.9,15.4,0.0,0.0,0.03,16.0,46.0,0.0,0.0,3.0,239.0,0.0,101460.0,13.4,65,100,9.1,198,10.7,11.7,12.7,0.0
2024-12-20 04:00:00,14.1766666666667,22.8733333333333,0.09953216374269004,0.0,13.9,60,100,11.4,219,12.9,13.9,15.4,0.0,0.0,0.04,16.0,55.0,0.0,0.0,1.0,228.0,0.0,101470.0,13.6,66,100,7.8,202,11.4,11.7,12.7,0.0
2024-12-20 05:00:00,14.18,22.84,0.10007309941520466,0.0,13.7,68,99,11.3,219,12.8,13.8,15.4,0.0,0.0,0.03,15.0,65.0,0.0,0.0,1.0,233.0,0.0,101450.0,13.6,65,100,7.3,200,11.4,11.8,12.7,0.0
2024-12-20 06:00:00,14.18,22.8033333333333,0.10061403508771928,0.0,13.2,76,99,10.0,222,12.6,13.8,15.4,0.0,0.0,0.02,15.0,65.0,0.0,0.0,1.0,204.0,0.0,101430.0,13.8,63,97,7.9,204,11.6,12.1,12.6,0.0
2024-12-20 07:00:00,14.1833333333333,22.77,0.1011549707602339,0.0,12.7,80,96,7.7,232,12.4,13.8,15.4,0.0,0.0,0.0,15.0,66.0,0.0,0.0,1.0,198.0,0.0,101480.0,13.6,59,74,7.2,207,11.4,11.9,12.5,0.0
2024-12-20 08:00:00,14.19,22.75,0.10169590643274852,0.0,13.1,80,94,5.0,229,12.4,13.7,15.4,0.0,0.0,0.02,12.0,76.0,1548.0,0.0,0.0,108.0,0.0,101520.0,13.4,62,64,7.9,210,11.9,11.9,12.5,0.0
2024-12-20 09:00:00,14.19,22.7366666666667,0.10223684210526314,0.0,15.4,74,99,4.0,210,13.2,13.7,15.4,0.0,0.0,0.07,14.0,70.0,6583.0,0.0,0.0,200.0,0.0,101550.0,15.8,64,59,9.4,212,15.7,12.7,12.6,0.0
2024-12-20 10:00:00,14.19,22.7066666666667,0.10277777777777776,0.0,17.1,66,92,2.4,171,14.4,13.7,15.4,0.0,0.0,0.12,17.0,64.0,23649.0,1.0,2.0,261.0,0.0,101570.0,17.7,56,53,10.9,224,19.5,14.0,12.6,0.0
2024-12-20 11:00:00,14.19,22.6766666666667,0.10331871345029238,0.0,18.1,62,81,0.8,198,15.7,13.9,15.4,0.0,0.0,0.19,18.0,57.0,15164.0,1.0,2.0,270.0,0.0,101550.0,18.9,55,95,12.4,240,21.4,15.6,12.8,0.0
2024-12-20 12:00:00,14.19,22.6466666666667,0.10385964912280701,0.0,19.0,58,86,2.7,340,17.2,14.0,15.4,0.0,0.0,0.28,21.0,48.0,57259.0,3.0,1.0,312.0,0.0,101440.0,19.7,54,100,10.1,272,22.8,16.7,13.1,0.0
2024-12-20 13:00:00,14.19,22.63,0.10440058479532163,0.0,20.5,51,97,5.2,321,18.5,14.3,15.4,0.0,0.0,0.29,20.0,48.0,44619.0,2.0,3.0,325.0,0.0,101320.0,20.4,53,70,10.4,304,23.6,18.0,13.5,0.0
2024-12-20 14:00:00,14.1933333333333,22.6166666666667,0.10494152046783625,0.0,20.5,51,98,8.0,342,18.8,14.5,15.4,0.0,0.0,0.25,19.0,55.0,18957.0,1.0,4.0,17.0,0.0,101250.0,20.0,57,36,12.2,332,21.7,18.6,13.9,0.0
2024-12-20 15:00:00,14.2033333333333,22.6166666666667,0.10548245614035087,0.0,18.7,61,34,12.5,6,18.4,14.8,15.4,0.0,0.0,0.17,19.0,57.0,24307.0,1.0,4.0,4.0,0.0,101240.0,18.7,70,20,15.5,356,19.6,18.6,14.3,0.0
2024-12-20 16:00:00,14.21,22.59,0.10602339181286549,0.0,17.5,68,38,8.5,22,17.9,15.0,15.4,0.0,0.0,0.11,18.0,63.0,10990.0,1.0,3.0,18.0,0.0,101280.0,17.6,75,4,13.4,8,17.1,17.8,14.5,0.0
2024-12-20 17:00:00,14.22,22.56,0.10656432748538011,0.0,15.0,83,66,4.7,37,16.8,15.1,15.4,0.0,0.0,0.02,,,,,,,,,16.0,83,49,7.2,27,14.1,16.8,14.7,0.0
2024-12-20 18:00:00,14.23,22.5266666666667,0.10710526315789473,0.0,14.7,84,54,5.6,77,15.9,15.2,15.4,0.0,0.0,0.0,17.0,66.0,2945.0,0.0,3.0,30.0,0.0,101320.0,14.5,90,79,5.4,94,12.8,15.3,14.8,0.0
2024-12-20 19:00:00,14.2366666666667,22.4933333333333,0.10764619883040935,0.0,14.4,84,100,4.2,102,15.3,15.2,15.5,0.0,0.0,0.0,15.0,78.0,0.0,0.0,1.0,85.0,0.0,101360.0,13.7,93,76,5.2,124,12.4,14.5,14.8,0.0
2024-12-20 20:00:00,14.24,22.4833333333333,0.10818713450292397,0.0,14.4,82,100,3.5,129,15.0,15.2,15.5,0.0,0.0,0.0,14.0,82.0,0.0,0.0,2.0,126.0,0.0,101380.0,13.4,93,84,3.1,144,12.3,13.9,14.7,0.0
2024-12-20 21:00:00,14.25,22.4466666666667,0.10872807017543859,0.0,14.1,82,100,2.2,165,14.7,15.2,15.5,0.0,0.0,0.0,13.0,87.0,0.0,0.0,1.0,110.0,0.0,101400.0,13.3,86,93,2.9,180,12.3,13.6,14.6,0.0
2024-12-20 22:00:00,14.2533333333333,22.4033333333333,0.10926900584795321,0.0,14.4,79,100,1.1,330,14.4,15.2,15.5,0.0,0.0,0.0,14.0,83.0,0.0,0.0,1.0,145.0,0.0,101420.0,13.1,84,83,1.5,194,12.1,13.4,14.5,0.0
2024-12-20 23:00:00,14.26,22.3633333333333,0.10980994152046783,0.0,14.4,81,100,1.0,352,14.3,15.1,15.5,0.0,0.0,0.0,13.0,84.0,0.0,0.0,0.0,66.0,0.0,101410.0,12.5,91,92,2.3,309,11.6,13.2,14.4,0.0
2024-12-21 00:00:00,14.26,22.3566666666667,0.11035087719298245,0.0,13.9,83,88,0.4,23,14.1,15.1,15.5,0.0,0.0,0.0,12.0,87.0,0.0,0.0,0.0,166.0,0.0,101430.0,12.1,90,73,0.8,27,9.9,12.6,14.3,0.0
2024-12-21 01:00:00,14.2633333333333,22.3233333333333,0.11089181286549707,0.0,12.2,81,88,0.2,29,12.9,15.0,15.5,0.0,0.0,0.0,10.0,87.0,0.0,0.0,0.0,174.0,0.0,101410.0,11.9,87,66,2.3,108,9.2,12.1,14.1,0.0
2024-12-21 02:00:00,14.2666666666667,22.2966666666667,0.11143274853801169,0.0,11.6,82,100,1.7,71,12.4,14.9,15.5,0.0,0.0,0.0,10.0,84.0,0.0,0.0,0.0,204.0,0.0,101400.0,10.9,87,66,3.1,126,8.9,11.5,13.9,0.0
2024-12-21 03:00:00,14.27,22.26,0.11197368421052631,0.0,11.8,80,100,1.5,72,12.1,14.7,15.5,0.0,0.0,0.0,10.0,85.0,0.0,0.0,0.0,152.0,0.0,101370.0,10.2,86,100,3.3,193,9.6,11.2,13.7,0.0
2024-12-21 04:00:00,14.27,22.2333333333333,0.11251461988304093,0.0,12.3,81,100,0.7,56,12.2,14.6,15.5,0.0,0.0,0.0,12.0,82.0,0.0,0.0,0.0,138.0,0.0,101370.0,10.5,85,100,1.9,158,10.1,11.2,13.5,0.0
2024-12-21 05:00:00,14.28,22.23,0.11305555555555555,0.0,12.2,83,100,0.6,64,12.2,14.5,15.5,0.0,0.0,0.0,10.0,87.0,0.0,0.0,1.0,349.0,0.0,101360.0,10.8,84,100,2.3,162,10.0,11.3,13.4,0.0
2024-12-21 06:00:00,14.28,22.2066666666667,0.11359649122807017,0.0,12.5,82,100,1.0,71,12.3,14.4,15.6,0.0,0.0,0.0,10.0,84.0,0.0,0.0,0.0,198.0,0.0,101390.0,10.8,82,100,2.9,173,10.3,11.3,13.2,0.0
2024-12-21 07:00:00,14.28,22.17,0.11413742690058479,0.0,12.8,81,100,1.8,68,12.3,14.3,15.6,0.0,0.0,0.0,11.0,83.0,0.0,0.0,0.0,180.0,0.0,101430.0,11.1,84,100,0.5,315,10.5,11.4,13.1,0.0
2024-12-21 08:00:00,14.2833333333333,22.1433333333333,0.11467836257309941,0.0,13.1,83,100,4.1,65,12.4,14.2,15.6,0.0,0.0,0.02,11.0,84.0,0.0,0.0,0.0,6.0,0.0,101460.0,11.4,85,100,1.0,315,10.9,11.4,13.0,0.0
2024-12-21 09:00:00,14.2733333333333,23.5533333333333,0.11521929824561403,0.0,14.4,79,100,6.8,52,13.0,14.1,15.6,0.0,0.0,0.05,11.0,85.0,512.0,0.0,0.0,54.0,0.0,101480.0,12.8,83,100,1.8,349,13.6,12.1,12.9,0.0
2024-12-21 10:00:00,14.26,25.7233333333333,0.11576023391812865,0.0,15.3,74,100,12.5,46,13.8,14.1,15.6,0.0,0.0,0.1,12.0,83.0,6658.0,0.0,1.0,42.0,0.0,101540.0,14.3,81,100,6.2,21,15.8,12.9,12.9,0.0
2024-12-21 11:00:00,14.26,25.5133333333333,0.11630116959064327,0.0,16.4,67,100,13.7,45,14.8,14.2,15.6,0.0,0.0,0.18,15.0,82.0,13122.0,0.0,2.0,18.0,0.0,101630.0,15.9,77,100,13.0,51,16.9,13.9,13.0,0.0
2024-12-21 12:00:00,14.26,25.3133333333333,0.11684210526315789,0.0,16.9,65,100,13.9,42,15.7,14.3,15.6,0.0,0.0,0.21,16.0,77.0,17459.0,1.0,4.0,54.0,0.0,101660.0,16.2,74,83,14.8,45,17.7,14.9,13.1,0.0
2024-12-21 13:00:00,14.26,25.1433333333333,0.1173830409356725,0.0,17.1,66,93,15.7,44,16.2,14.4,15.6,0.0,0.0,0.25,16.0,72.0,24553.0,1.0,1.0,48.0,0.0,101610.0,16.5,70,83,15.8,41,19.0,15.6,13.3,0.0
2024-12-21 14:00:00,14.26,25.0033333333333,0.11792397660818713,0.0,16.9,67,100,18.0,46,16.9,14.6,15.6,0.0,0.0,0.24,17.0,68.0,18620.0,1.0,2.0,54.0,0.0,101560.0,16.7,67,99,16.5,46,18.2,16.1,13.5,0.0
2024-12-21 15:00:00,14.26,24.8466666666667,0.11846491228070175,0.0,16.3,67,100,17.7,52,16.8,14.7,15.6,0.0,0.0,0.17,16.0,70.0,18015.0,1.0,3.0,72.0,0.0,101530.0,16.0,68,100,16.3,45,15.9,15.9,13.8,0.0
2024-12-21 16:00:00,14.26,24.7266666666667,0.11900584795321636,0.0,15.5,69,100,14.8,53,16.3,14.8,15.6,0.0,0.0,0.1,16.0,71.0,12153.0,0.0,3.0,86.0,0.0,101500.0,15.5,70,100,17.6,55,15.0,15.5,13.9,0.0
2024-12-21 17:00:00,14.2633333333333,24.6133333333333,0.11954678362573098,0.0,14.3,74,100,12.7,57,15.6,14.9,15.6,0.0,0.0,0.05,16.0,67.0,7078.0,0.0,2.0,48.0,0.0,101550.0,14.6,77,100,15.5,59,13.3,14.9,14.0,0.0
2024-12-21 18:00:00,14.26,24.5,0.1200877192982456,0.0,13.6,78,100,10.3,68,14.9,14.9,15.6,0.0,0.0,0.01,15.0,71.0,1220.0,0.0,2.0,60.0,0.0,101610.0,14.0,77,100,12.8,52,12.9,14.3,14.1,0.0
2024-12-21 19:00:00,14.26,24.4033333333333,0.12062865497076022,0.0,13.2,80,99,8.7,67,14.3,14.9,15.6,0.0,0.0,0.01,14.0,74.0,0.0,0.0,2.0,83.0,0.0,101620.0,13.7,79,100,10.7,50,12.8,13.8,14.1,0.0
2024-12-21 20:00:00,14.27,24.3266666666667,0.12116959064327484,0.0,12.6,82,77,7.7,62,13.7,14.9,15.6,0.0,0.0,0.0,14.0,74.0,0.0,0.0,2.0,104.0,0.0,101640.0,13.1,82,100,9.0,53,11.7,13.4,14.0,0.0
2024-12-21 21:00:00,14.2733333333333,24.2366666666667,0.12171052631578946,0.0,11.9,82,1,7.9,62,13.1,14.8,15.6,0.0,0.0,0.0,12.0,81.0,0.0,0.0,0.0,138.0,0.0,101670.0,12.6,77,100,7.2,53,10.9,13.0,13.9,0.0
2024-12-21 22:00:00,14.28,24.1866666666667,0.12225146198830408,0.0,11.0,82,1,5.2,65,12.4,14.7,15.6,0.0,0.0,0.0,11.0,84.0,0.0,0.0,2.0,72.0,0.0,101660.0,11.9,77,52,4.1,45,9.6,12.4,13.8,0.0
2024-12-21 23:00:00,14.28,24.1133333333333,0.1227923976608187,0.0,10.8,81,0,2.6,48,11.7,14.6,15.6,0.0,0.0,0.0,10.0,84.0,0.0,0.0,1.0,116.0,0.0,101680.0,11.7,75,33,1.5,14,8.0,11.6,13.7,0.0
2024-12-22 00:00:00,14.2866666666667,24.06,0.12333333333333332,0.0,10.5,81,0,2.2,48,11.2,14.4,15.6,0.0,0.0,0.0,11.0,77.0,0.0,0.0,0.0,86.0,0.0,101700.0,11.4,75,30,1.8,233,7.2,10.9,13.5,0.0
2024-12-22 01:00:00,14.29,24.0033333333333,0.12387426900584794,0.0,10.5,76,3,1.3,36,11.6,14.4,15.7,0.0,0.0,0.0,8.0,84.0,0.0,0.0,0.0,186.0,0.0,101720.0,9.2,87,3,3.9,202,7.2,10.2,13.3,0.0
2024-12-22 02:00:00,14.2966666666667,23.94,0.12441520467836256,0.0,9.8,79,18,1.2,7,11.0,14.3,15.7,0.0,0.0,0.0,8.0,87.0,0.0,0.0,0.0,186.0,0.0,101710.0,7.7,95,35,3.7,191,6.6,9.8,13.0,0.0
2024-12-22 03:00:00,14.2966666666667,23.91,0.12495614035087718,0.0,9.1,82,19,2.7,295,10.5,14.1,15.7,0.0,0.0,0.0,7.0,86.0,0.0,0.0,1.0,165.0,0.0,101710.0,7.0,94,31,3.8,197,5.9,9.2,12.8,0.0
2024-12-22 04:00:00,14.3,23.8733333333333,0.1254970760233918,0.0,8.4,85,1,3.7,295,10.1,13.9,15.7,0.0,0.0,0.0,7.0,88.0,0.0,0.0,1.0,186.0,0.0,101690.0,6.9,94,46,3.3,186,6.0,8.9,12.5,0.0
2024-12-22 05:00:00,14.31,23.8166666666667,0.12603801169590642,0.0,8.3,87,0,5.2,288,10.0,13.7,15.7,0.0,0.0,0.0,7.0,85.0,0.0,0.0,0.0,228.0,0.0,101690.0,6.4,95,27,3.4,198,5.5,8.7,12.3,0.0
2024-12-22 06:00:00,14.31,23.78,0.12657894736842104,0.0,7.3,92,0,7.2,256,9.8,13.5,15.7,0.0,0.0,0.0,6.0,88.0,0.0,0.0,1.0,159.0,0.0,101670.0,5.8,96,28,4.1,195,4.9,8.3,12.0,0.0
2024-12-22 07:00:00,14.3133333333333,23.75,0.12711988304093566,0.0,6.9,92,0,5.2,273,9.6,13.3,15.7,0.0,0.0,0.0,5.0,88.0,0.0,0.0,0.0,168.0,0.0,101690.0,5.4,97,27,3.7,191,4.7,8.0,11.8,0.0
2024-12-22 08:00:00,14.32,23.71,0.12766081871345028,0.0,8.0,87,0,1.9,311,9.6,13.2,15.7,0.0,0.0,0.01,5.0,89.0,0.0,0.0,0.0,180.0,0.0,101730.0,5.6,96,6,3.3,174,6.0,7.7,11.6,0.0
2024-12-22 09:00:00,14.32,23.67,0.1282017543859649,0.0,11.6,76,0,2.4,292,10.6,13.0,15.6,0.0,0.0,0.06,5.0,89.0,2816.0,0.0,0.0,180.0,0.0,101780.0,8.6,88,0,2.6,196,11.8,8.7,11.4,0.0
2024-12-22 10:00:00,14.32,23.64,0.12874269005847952,0.0,14.2,63,0,4.2,315,12.2,13.0,15.6,0.0,0.0,0.16,11.0,75.0,9883.0,1.0,0.0,204.0,0.0,101800.0,12.5,73,0,1.9,248,16.5,10.7,11.3,0.0
2024-12-22 11:00:00,14.3266666666667,23.62,0.12928362573099414,0.0,16.1,57,0,6.1,310,13.9,13.1,15.6,0.0,0.0,0.24,13.0,73.0,23247.0,1.0,2.0,258.0,0.0,101780.0,15.4,61,0,1.5,315,19.3,12.9,11.5,0.0
2024-12-22 12:00:00,14.3366666666667,23.5766666666667,0.12982456140350876,0.0,17.0,53,0,9.3,342,15.3,13.2,15.6,0.0,0.0,0.28,15.0,63.0,36932.0,2.0,1.0,282.0,0.0,101750.0,16.8,60,0,5.2,12,20.9,14.6,11.7,0.0
2024-12-22 13:00:00,14.35,23.5666666666667,0.13036549707602338,0.0,16.9,55,0,9.3,22,15.8,13.3,15.6,0.0,0.0,0.29,18.0,53.0,42565.0,2.0,1.0,59.0,0.0,101630.0,17.5,57,0,8.9,21,21.3,16.0,12.0,0.0
2024-12-22 14:00:00,14.36,23.55,0.130906432748538,0.0,16.9,57,0,7.7,38,16.6,13.5,15.6,0.0,0.0,0.26,17.0,52.0,40712.0,2.0,0.0,310.0,0.0,101550.0,17.2,60,0,12.3,32,19.7,16.7,12.4,0.0
2024-12-22 15:00:00,14.3733333333333,23.5233333333333,0.13144736842105262,0.0,16.7,58,0,8.8,42,16.8,13.8,15.6,0.0,0.0,0.2,17.0,55.0,31720.0,2.0,2.0,8.0,0.0,101500.0,16.8,62,0,12.3,40,17.9,16.7,12.8,0.0
2024-12-22 16:00:00,14.38,23.5033333333333,0.13198830409356724,0.0,16.1,62,0,4.5,77,16.4,14.0,15.6,0.0,0.0,0.11,17.0,61.0,18082.0,1.0,4.0,24.0,0.0,101520.0,16.3,64,0,7.8,56,15.6,16.1,13.1,0.0
2024-12-22 17:00:00,14.3833333333333,23.4933333333333,0.13252923976608186,0.0,14.0,69,0,0.7,114,15.2,14.1,15.6,0.0,0.0,0.01,17.0,59.0,6696.0,0.0,2.0,130.0,0.0,101450.0,14.8,73,0,3.2,360,11.7,15.1,13.3,0.0
2024-12-22 18:00:00,14.4,23.44,0.13307017543859648,0.0,12.7,74,0,1.3,184,13.8,14.1,15.6,0.0,0.0,0.0,16.0,65.0,1020.0,0.0,0.0,222.0,0.0,101450.0,12.7,80,0,3.1,291,9.3,13.4,13.4,0.0
2024-12-22 19:00:00,14.4233333333333,23.4,0.1336111111111111,0.0,12.3,75,0,0.8,338,12.8,14.1,15.6,0.0,0.0,0.0,13.0,75.0,0.0,0.0,1.0,48.0,0.0,101440.0,10.6,90,0,3.2,243,8.7,12.2,13.4,0.0
2024-12-22 20:00:00,14.44,23.3633333333333,0.13415204678362572,0.0,11.6,77,0,1.9,288,11.9,14.0,15.6,0.0,0.0,0.0,11.0,79.0,0.0,0.0,0.0,162.0,0.0,101470.0,10.5,87,0,0.7,180,7.4,11.2,13.3,0.0
2024-12-22 21:00:00,14.4566666666667,23.34,0.13469298245614034,0.0,10.9,79,0,2.3,300,11.3,13.9,15.6,0.0,0.0,0.0,10.0,82.0,0.0,0.0,2.0,157.0,0.0,101470.0,10.7,80,0,2.4,153,6.5,10.4,13.1,0.0
2024-12-22 22:00:00,14.4666666666667,23.3,0.13523391812865496,0.0,9.8,82,0,4.6,194,10.7,13.8,15.6,0.0,0.0,0.0,11.0,83.0,0.0,0.0,2.0,152.0,0.0,101450.0,9.0,86,0,3.7,169,6.7,9.8,12.9,0.0
2024-12-22 23:00:00,14.4766666666667,23.2366666666667,0.13577485380116958,0.0,9.4,83,0,5.1,222,10.4,13.6,15.6,0.0,0.0,0.0,9.0,85.0,0.0,0.0,0.0,186.0,0.0,101400.0,7.7,91,3,3.3,174,6.2,9.4,12.7,0.0
2024-12-23 00:00:00,14.4866666666667,23.2233333333333,0.1363157894736842,0.0,9.1,84,0,5.8,250,10.1,13.5,15.6,0.0,0.0,0.0,7.0,87.0,0.0,0.0,0.0,111.0,0.0,101410.0,6.8,92,5,4.4,189,5.6,8.9,12.4,0.0
2024-12-23 01:00:00,14.5033333333333,23.2,0.13685672514619882,0.0,9.1,78,0,6.2,224,9.8,13.4,15.6,0.0,0.0,0.0,7.0,88.0,0.0,0.0,0.0,264.0,0.0,101320.0,6.6,91,3,3.9,202,5.2,8.6,12.2,0.0
2024-12-23 02:00:00,14.5166666666667,23.1566666666667,0.13739766081871344,0.0,9.7,73,0,9.8,221,9.8,13.3,15.6,0.0,0.0,0.02,7.0,85.0,0.0,0.0,1.0,186.0,0.0,101220.0,6.7,88,3,3.3,186,4.7,8.2,12.0,0.0
2024-12-23 03:00:00,14.5233333333333,23.12,0.13793859649122805,0.0,9.7,74,0,9.2,231,9.8,13.1,15.6,0.0,0.0,0.01,7.0,87.0,0.0,0.0,2.0,228.0,0.0,101160.0,6.9,85,4,3.3,193,4.4,7.8,11.7,0.0
2024-12-23 04:00:00,14.5333333333333,23.0966666666667,0.13847953216374267,0.0,8.9,77,0,6.0,229,9.6,13.0,15.6,0.0,0.0,0.0,10.0,79.0,0.0,0.0,3.0,258.0,0.0,101090.0,7.5,79,3,3.4,162,4.1,7.5,11.5,0.0
2024-12-23 05:00:00,14.5466666666667,23.0833333333333,0.1390204678362573,0.0,9.0,73,0,1.3,220,9.1,12.8,15.6,0.0,0.0,0.0,10.0,79.0,0.0,0.0,1.0,288.0,0.0,101090.0,7.1,81,0,4.0,153,4.4,7.2,11.3,0.0
2024-12-23 06:00:00,14.5533333333333,23.05,0.13956140350877191,0.0,8.6,73,0,3.4,208,8.8,12.6,15.6,0.0,0.0,0.0,8.0,83.0,0.0,0.0,1.0,180.0,0.0,101100.0,6.5,85,0,5.1,172,4.6,7.2,11.0,0.0
2024-12-23 07:00:00,14.5633333333333,23.02,0.14010233918128653,0.0,8.7,70,0,6.4,225,8.5,12.5,15.6,0.0,0.0,0.01,10.0,73.0,0.0,0.0,2.0,228.0,0.0,101090.0,6.4,82,0,4.0,180,4.2,7.1,10.8,0.0
2024-12-23 08:00:00,14.5733333333333,22.9866666666667,0.14064327485380115,0.0,9.9,69,0,2.2,247,8.6,12.3,15.6,0.0,0.0,0.01,11.0,70.0,0.0,0.0,3.0,222.0,0.0,101090.0,7.0,79,0,2.9,180,5.5,6.9,10.6,0.0
2024-12-23 09:00:00,14.58,22.9666666666667,0.14118421052631577,0.0,11.9,66,0,2.3,90,9.9,12.2,15.6,0.0,0.0,0.07,10.0,70.0,4137.0,0.0,2.0,216.0,0.0,101110.0,9.5,78,0,2.3,162,11.7,7.9,10.5,0.0
2024-12-23 10:00:00,14.59,22.9533333333333,0.1417251461988304,0.0,14.8,57,0,2.4,90,11.7,12.2,15.6,0.0,0.0,0.16,14.0,62.0,11628.0,1.0,2.0,276.0,0.0,101170.0,14.3,64,0,0.5,135,17.3,10.1,10.5,0.0
2024-12-23 11:00:00,14.6,22.9366666666667,0.142266081871345,0.0,17.1,51,0,5.1,63,13.5,12.3,15.6,0.0,0.0,0.25,15.0,54.0,27073.0,1.0,3.0,204.0,0.0,101200.0,17.0,56,0,4.1,52,20.4,12.5,10.6,0.0
2024-12-23 12:00:00,14.61,22.91,0.14280701754385963,0.0,18.4,51,0,10.9,60,15.1,12.5,15.6,0.0,0.0,0.3,17.0,47.0,40338.0,2.0,3.0,228.0,0.0,101180.0,18.6,54,0,5.9,47,22.0,14.6,10.9,0.0
2024-12-23 13:00:00,14.6166666666667,22.9,0.14334795321637425,0.0,19.3,48,0,7.3,52,16.6,12.8,15.6,0.0,0.0,0.31,19.0,43.0,44965.0,2.0,1.0,305.0,0.0,101050.0,19.2,57,0,10.8,37,21.6,16.0,11.4,0.0
2024-12-23 14:00:00,14.6266666666667,22.8866666666667,0.14388888888888887,0.0,19.1,52,0,11.2,48,17.2,13.1,15.6,0.0,0.0,0.29,21.0,38.0,42326.0,3.0,2.0,336.0,0.0,100950.0,18.8,60,0,15.9,39,19.9,16.6,11.8,0.0
2024-12-23 15:00:00,14.64,22.8666666666667,0.1444298245614035,0.0,17.7,57,0,15.5,50,17.2,13.4,15.6,0.0,0.0,0.22,20.0,49.0,30957.0,2.0,3.0,20.0,0.0,100910.0,18.2,64,0,16.4,50,18.3,16.7,12.3,0.0
2024-12-23 16:00:00,14.66,22.8633333333333,0.1449707602339181,0.0,16.3,63,0,15.7,56,16.6,13.7,15.6,0.0,0.0,0.14,19.0,47.0,16840.0,1.0,3.0,84.0,0.0,100910.0,17.3,58,0,19.2,62,15.9,16.2,12.6,0.0
2024-12-23 17:00:00,14.6766666666667,22.86,0.14551169590643273,0.0,13.9,73,0,8.5,69,15.5,13.8,15.6,0.0,0.0,0.04,18.0,57.0,5777.0,0.0,5.0,60.0,0.0,100980.0,15.3,54,0,14.3,62,12.8,15.2,12.9,0.0
2024-12-23 18:00:00,14.7,22.8333333333333,0.14605263157894735,0.0,12.2,79,0,3.3,72,14.0,13.9,15.6,0.0,0.0,0.0,15.0,69.0,515.0,0.0,1.0,104.0,0.0,101010.0,13.1,71,0,7.1,49,10.6,13.8,13.0,0.0
2024-12-23 19:00:00,14.7166666666667,22.8166666666667,0.14659356725146197,0.0,11.4,80,0,4.8,54,12.7,13.9,15.6,0.0,0.0,0.0,13.0,74.0,0.0,0.0,0.0,126.0,0.0,101050.0,12.3,73,0,1.8,11,8.4,12.5,13.1,0.0
2024-12-23 20:00:00,14.7366666666667,22.8066666666667,0.1471345029239766,0.0,11.0,82,0,3.7,70,11.8,13.8,15.6,0.0,0.0,0.0,10.0,83.0,0.0,0.0,0.0,102.0,0.0,101110.0,11.6,75,0,2.2,270,6.8,11.3,13.0,0.0
2024-12-23 21:00:00,14.7533333333333,22.7866666666667,0.1476754385964912,0.0,10.7,81,0,2.2,63,10.9,13.7,15.6,0.0,0.0,0.0,9.0,84.0,0.0,0.0,0.0,180.0,0.0,101190.0,11.4,75,0,1.1,198,5.9,10.3,12.9,0.0
2024-12-23 22:00:00,14.7666666666667,22.76,0.14821637426900583,0.0,10.5,79,0,2.2,74,10.3,13.6,15.6,0.0,0.0,0.0,8.0,87.0,0.0,0.0,0.0,198.0,0.0,101210.0,9.4,84,0,3.8,197,5.9,9.5,12.7,0.0
2024-12-23 23:00:00,14.7833333333333,22.7233333333333,0.14875730994152045,0.0,10.2,73,0,2.1,78,9.7,13.4,15.6,0.0,0.0,0.0,8.0,87.0,0.0,0.0,0.0,178.0,0.0,101240.0,7.2,92,0,3.6,186,5.5,9.0,12.4,0.0
2024-12-24 00:00:00,14.7966666666667,22.6933333333333,0.14929824561403507,0.0,10.0,67,0,1.5,68,9.2,13.2,15.5,0.0,0.0,0.0,7.0,86.0,0.0,0.0,0.0,174.0,0.0,101280.0,5.9,92,1,4.0,185,4.6,8.5,12.2,0.0
2024-12-24 01:00:00,14.8133333333333,22.6766666666667,0.1498391812865497,0.0,8.9,73,0,0.4,56,8.4,13.0,15.5,0.0,0.0,0.0,5.0,84.0,0.0,0.0,0.0,78.0,0.0,101290.0,5.2,90,5,4.0,190,4.0,8.0,11.9,0.0
2024-12-24 02:00:00,14.8233333333333,22.6633333333333,0.1503801169590643,0.0,8.5,69,0,1.0,63,8.1,12.8,15.5,0.0,0.0,0.0,4.0,84.0,0.0,0.0,1.0,186.0,0.0,101270.0,4.4,88,4,4.0,185,3.4,7.5,11.7,0.0
2024-12-24 03:00:00,14.8366666666667,22.64,0.15092105263157893,0.0,8.0,64,0,1.5,65,7.8,12.6,15.5,0.0,0.0,0.0,4.0,86.0,0.0,0.0,0.0,108.0,0.0,101280.0,3.7,84,3,4.5,194,2.9,7.1,11.4,0.0
2024-12-24 04:00:00,14.8533333333333,22.6066666666667,0.15146198830409355,0.0,8.1,59,0,0.4,58,7.5,12.3,15.5,0.0,0.0,0.0,5.0,86.0,0.0,0.0,1.0,192.0,0.0,101320.0,3.1,84,3,4.4,189,2.4,6.6,11.1,0.0
2024-12-24 05:00:00,14.8666666666667,22.59,0.15200292397660817,0.0,8.3,57,0,0.4,58,7.2,12.1,15.5,0.0,0.0,0.0,4.0,89.0,0.0,0.0,0.0,186.0,0.0,101310.0,2.8,82,1,4.3,185,1.9,6.2,10.8,0.0
2024-12-24 06:00:00,14.8766666666667,22.57,0.1525438596491228,0.0,8.1,56,0,0.2,54,6.9,11.9,15.5,0.0,0.0,0.0,3.0,85.0,0.0,0.0,0.0,142.0,0.0,101320.0,2.1,86,3,4.8,193,1.4,5.6,10.5,0.0
2024-12-24 07:00:00,14.8866666666667,22.5566666666667,0.1530847953216374,0.0,7.5,56,0,0.8,43,6.7,11.6,15.5,0.0,0.0,0.0,3.0,83.0,0.0,0.0,0.0,174.0,0.0,101340.0,1.8,83,2,4.8,193,1.1,5.3,10.3,0.0
2024-12-24 08:00:00,14.9,22.5466666666667,0.15362573099415203,0.0,7.5,62,0,3.4,309,6.8,11.4,15.5,0.0,0.0,0.02,3.0,81.0,191.0,0.0,0.0,174.0,0.0,101370.0,2.2,81,0,4.5,194,2.6,5.1,10.0,0.0
2024-12-24 09:00:00,14.9066666666667,22.5166666666667,0.15416666666666665,0.0,10.5,65,0,6.1,285,8.1,11.3,15.5,0.0,0.0,0.07,6.0,76.0,4152.0,0.0,0.0,198.0,0.0,101400.0,5.9,80,0,3.5,204,8.9,6.2,9.8,0.0
2024-12-24 10:00:00,14.91,22.5,0.15470760233918127,0.0,13.2,54,0,5.9,312,10.0,11.2,15.5,0.0,0.0,0.16,13.0,59.0,14355.0,1.0,0.0,132.0,0.0,101430.0,10.9,65,0,3.8,229,14.9,8.3,9.7,0.0
2024-12-24 11:00:00,14.92,22.48,0.15524853801169589,0.0,14.9,49,0,5.3,345,11.9,11.3,15.4,0.0,0.0,0.24,14.0,57.0,29393.0,2.0,2.0,282.0,0.0,101450.0,14.2,59,0,1.6,243,17.5,10.6,9.8,0.0
2024-12-24 12:00:00,14.93,22.4666666666667,0.1557894736842105,0.0,15.9,46,0,7.4,8,13.5,11.5,15.4,0.0,0.0,0.29,16.0,43.0,41205.0,3.0,0.0,102.0,0.0,101410.0,16.0,55,0,4.0,5,19.2,12.6,10.1,0.0
2024-12-24 13:00:00,14.9366666666667,22.4533333333333,0.15633040935672513,0.0,16.6,42,0,5.8,10,14.7,11.6,15.4,0.0,0.0,0.3,19.0,36.0,44827.0,3.0,2.0,126.0,0.0,101330.0,16.7,50,0,9.0,29,19.1,14.0,10.4,0.0
2024-12-24 14:00:00,14.9466666666667,22.4333333333333,0.15687134502923974,0.0,16.7,43,0,7.2,22,15.4,11.9,15.4,0.0,0.0,0.27,18.0,35.0,40803.0,2.0,1.0,248.0,0.0,101250.0,16.8,58,0,11.1,36,18.3,14.8,10.8,0.0
2024-12-24 15:00:00,14.9666666666667,22.4333333333333,0.15741228070175436,0.0,16.2,50,0,9.8,40,15.5,12.2,15.4,0.0,0.0,0.21,18.0,38.0,28380.0,2.0,3.0,52.0,0.0,101220.0,16.5,57,0,11.5,39,16.2,14.8,11.2,0.0
2024-12-24 16:00:00,14.9833333333333,22.43,0.15795321637426898,0.0,15.2,59,0,8.6,47,15.1,12.5,15.4,0.0,0.0,0.12,17.0,45.0,14091.0,1.0,3.0,54.0,0.0,101220.0,15.7,65,0,10.2,42,14.1,14.4,11.5,0.0
2024-12-24 17:00:00,14.9966666666667,22.41,0.1584941520467836,0.0,12.0,72,0,5.9,58,13.8,12.6,15.4,0.0,0.0,0.03,17.0,46.0,4784.0,0.0,2.0,38.0,0.0,101230.0,13.7,73,0,4.8,42,10.5,13.4,11.8,0.0
2024-12-24 18:00:00,15.0066666666667,22.4066666666667,0.15903508771929822,0.0,11.4,74,0,3.6,62,12.4,12.7,15.4,0.0,0.0,0.0,14.0,57.0,185.0,0.0,0.0,91.0,0.0,101250.0,12.4,74,0,2.3,18,8.0,12.0,11.9,0.0
2024-12-24 19:00:00,15.02,22.4033333333333,0.15957602339181284,0.0,11.2,75,0,2.4,53,11.3,12.7,15.4,0.0,0.0,0.0,11.0,71.0,0.0,0.0,0.0,180.0,0.0,101260.0,12.0,75,0,0.5,225,6.4,10.7,11.9,0.0
2024-12-24 20:00:00,15.04,22.3933333333333,0.16011695906432746,0.0,11.1,76,0,0.9,41,10.4,12.6,15.4,0.0,0.0,0.0,9.0,78.0,0.0,0.0,0.0,204.0,0.0,101310.0,10.8,79,0,3.5,204,5.6,9.6,11.8,0.0
2024-12-24 21:00:00,15.0566666666667,22.3833333333333,0.16065789473684208,0.0,10.1,81,0,1.8,2,9.7,12.5,15.4,0.0,0.0,0.0,8.0,72.0,0.0,0.0,1.0,174.0,0.0,101350.0,7.6,93,14,5.0,201,6.3,9.2,11.7,0.0
2024-12-24 22:00:00,15.0733333333333,22.3633333333333,0.1611988304093567,0.0,9.3,85,0,4.6,289,9.3,12.4,15.4,0.0,0.0,0.0,8.0,73.0,0.0,0.0,0.0,173.0,0.0,101370.0,6.9,93,4,4.6,198,5.5,8.7,11.5,0.0
2024-12-24 23:00:00,15.0933333333333,22.3366666666667,0.16173976608187132,0.0,8.5,87,0,5.0,276,9.2,12.3,15.3,0.0,0.0,0.0,7.0,74.0,0.0,0.0,1.0,186.0,0.0,101410.0,6.3,91,4,4.0,190,4.9,8.3,11.4,0.0
2024-12-25 00:00:00,15.1066666666667,22.3233333333333,0.16228070175438594,0.0,8.0,83,0,6.4,264,8.9,12.1,15.3,0.0,0.0,0.0,9.0,72.0,0.0,0.0,1.0,186.0,0.0,101410.0,5.5,91,5,4.5,194,4.4,7.8,11.2,0.0
2024-12-25 01:00:00,15.1233333333333,22.2966666666667,0.16282163742690056,0.0,7.2,82,0,5.9,273,8.2,12.1,15.3,0.0,0.0,0.0,7.0,75.0,0.0,0.0,0.0,216.0,0.0,101360.0,5.1,89,6,4.3,175,3.9,7.4,11.0,0.0
2024-12-25 02:00:00,15.1366666666667,22.29,0.16336257309941518,0.0,6.9,75,0,4.6,285,7.9,11.9,15.3,0.0,0.0,0.0,5.0,80.0,0.0,0.0,1.0,166.0,0.0,101340.0,4.5,88,5,3.7,169,3.3,7.0,10.8,0.0
2024-12-25 03:00:00,15.1433333333333,22.2866666666667,0.1639035087719298,0.0,7.0,67,0,2.3,307,7.5,11.7,15.3,0.0,0.0,0.0,4.0,81.0,0.0,0.0,0.0,174.0,0.0,101360.0,3.6,91,6,4.3,185,2.6,6.4,10.5,0.0
2024-12-25 04:00:00,15.1566666666667,22.2766666666667,0.16444444444444442,0.0,6.8,62,0,3.6,268,7.2,11.5,15.3,0.0,0.0,0.0,4.0,80.0,0.0,0.0,1.0,156.0,0.0,101340.0,3.2,91,5,4.4,189,2.3,6.1,10.3,0.0
2024-12-25 05:00:00,15.1766666666667,22.2566666666667,0.16498538011695904,0.0,6.4,62,0,5.9,258,7.0,11.3,15.3,0.0,0.0,0.01,4.0,80.0,0.0,0.0,1.0,180.0,0.0,101320.0,2.9,89,4,4.8,193,2.0,5.8,10.1,0.0
2024-12-25 06:00:00,15.1866666666667,22.25,0.16552631578947366,0.0,6.0,62,0,5.8,257,6.9,11.1,15.3,0.0,0.0,0.01,6.0,84.0,0.0,0.0,0.0,204.0,0.0,101310.0,2.6,86,2,4.8,193,1.6,5.3,9.8,0.0
2024-12-25 07:00:00,15.1966666666667,22.2233333333333,0.16606725146198828,0.0,5.3,62,0,4.3,273,6.7,11.0,15.3,0.0,0.0,0.0,4.0,86.0,0.0,0.0,0.0,192.0,0.0,101330.0,2.6,85,0,4.7,189,1.5,5.1,9.6,0.0
2024-12-25 08:00:00,15.2066666666667,22.2033333333333,0.1666081871345029,0.0,6.7,60,0,3.6,268,6.8,10.8,15.2,0.0,0.0,0.02,4.0,85.0,482.0,0.0,0.0,216.0,0.0,101400.0,2.9,84,0,4.8,193,3.0,5.0,9.4,0.0
2024-12-25 09:00:00,15.22,22.1933333333333,0.16714912280701752,0.0,10.8,60,0,6.0,251,8.0,10.7,15.2,0.0,0.0,0.08,8.0,78.0,5282.0,0.0,0.0,184.0,0.0,101460.0,6.6,81,0,4.2,200,9.3,6.0,9.2,0.0
2024-12-25 10:00:00,15.2266666666667,22.18,0.16769005847953214,0.0,14.3,57,0,4.3,347,10.0,10.7,15.2,0.0,0.0,0.16,13.0,64.0,17040.0,1.0,0.0,192.0,0.0,101470.0,11.5,67,0,4.7,212,15.4,8.1,9.2,0.0
2024-12-25 11:00:00,15.4733333333333,22.1833333333333,0.16823099415204676,0.0,16.1,48,0,5.9,6,12.0,10.8,15.2,0.0,0.0,0.24,17.0,53.0,31976.0,1.0,0.0,228.0,0.0,101460.0,14.1,61,0,3.6,225,17.7,10.6,9.3,0.0
2024-12-25 12:00:00,15.93,23.6333333333333,0.16877192982456138,0.0,17.1,47,0,7.4,360,13.6,11.0,15.2,0.0,0.0,0.29,16.0,53.0,41985.0,2.0,1.0,302.0,0.0,101400.0,16.2,66,0,2.2,360,18.9,12.2,9.6,0.0
2024-12-25 13:00:00,15.8833333333333,28.3466666666667,0.169312865497076,0.0,17.0,49,0,9.6,12,14.2,11.2,15.2,0.0,0.0,0.3,17.0,53.0,43992.0,2.0,3.0,7.0,0.0,101330.0,17.5,55,0,8.1,21,19.4,13.8,10.0,0.0
2024-12-25 14:00:00,15.8733333333333,27.4066666666667,0.16985380116959062,0.0,17.0,54,0,10.6,27,15.0,11.5,15.2,0.0,0.0,0.27,18.0,53.0,38745.0,2.0,1.0,96.0,0.0,101310.0,17.2,62,0,12.3,32,17.9,14.5,10.4,0.0
2024-12-25 15:00:00,15.8866666666667,26.9033333333333,0.17039473684210524,0.0,16.9,55,0,9.9,34,15.3,11.8,15.1,0.0,0.0,0.21,18.0,52.0,26372.0,2.0,3.0,30.0,0.0,101270.0,16.4,74,3,12.8,32,16.5,14.5,10.8,0.0
2024-12-25 16:00:00,15.9433333333333,26.5666666666667,0.17093567251461986,0.0,15.6,62,0,6.7,43,14.9,12.1,15.1,0.0,0.0,0.12,18.0,52.0,12100.0,1.0,3.0,48.0,0.0,101260.0,15.9,76,0,10.7,33,14.6,14.3,11.2,0.0
2024-12-25 17:00:00,16.0233333333333,26.3,0.17147660818713448,0.0,12.5,70,0,4.6,55,13.7,12.3,15.1,0.0,0.0,0.03,17.0,59.0,3866.0,0.0,3.0,48.0,0.0,101260.0,13.7,84,0,5.7,18,11.0,13.4,11.4,0.0
2024-12-25 18:00:00,16.1233333333333,26.08,0.1720175438596491,0.0,12.1,72,0,2.3,54,12.2,12.3,15.1,0.0,0.0,0.0,14.0,78.0,0.0,0.0,2.0,48.0,0.0,101300.0,12.1,83,0,2.6,344,8.6,12.2,11.6,0.0
2024-12-25 19:00:00,16.24,25.9166666666667,0.17255847953216372,0.0,12.2,72,0,1.2,56,11.2,12.4,15.1,0.0,0.0,0.0,12.0,82.0,0.0,0.0,0.0,30.0,0.0,101340.0,11.5,85,0,2.4,243,6.8,10.9,11.7,0.0
2024-12-25 20:00:00,16.3666666666667,25.7566666666667,0.17309941520467834,0.0,12.4,72,0,1.5,54,10.4,12.3,15.1,0.0,0.0,0.0,10.0,84.0,0.0,0.0,1.0,138.0,0.0,101360.0,10.1,90,0,3.5,204,6.6,9.8,11.6,0.0
2024-12-25 21:00:00,16.52,25.64,0.17364035087719296,0.0,12.1,72,0,1.7,47,9.8,12.2,15.1,0.0,0.0,0.0,9.0,85.0,0.0,0.0,1.0,192.0,0.0,101350.0,8.5,94,8,4.0,190,6.7,9.3,11.5,0.0
2024-12-25 22:00:00,16.6833333333333,25.53,0.17418128654970758,0.0,11.7,73,0,1.9,46,9.3,12.1,15.1,0.0,0.0,0.0,8.0,82.0,0.0,0.0,0.0,164.0,0.0,101390.0,7.4,95,22,4.0,185,6.1,8.9,11.4,0.0
2024-12-25 23:00:00,16.8366666666667,25.4466666666667,0.1747222222222222,0.0,11.0,75,0,1.3,40,8.8,12.0,15.1,0.0,0.0,0.0,8.0,83.0,0.0,0.0,1.0,172.0,0.0,101390.0,6.9,94,5,3.6,180,5.4,8.5,11.2,0.0
2024-12-26 00:00:00,16.9866666666667,25.3633333333333,0.17526315789473682,0.0,10.4,78,0,1.5,37,8.4,11.8,15.1,0.0,0.0,0.0,7.0,83.0,0.0,0.0,1.0,171.0,0.0,101370.0,6.5,93,5,4.1,195,5.1,8.1,11.1,0.0
2024-12-26 01:00:00,17.1433333333333,25.2766666666667,0.17580409356725143,0.0,9.6,78,0,1.1,27,7.4,11.8,15.1,0.0,0.0,0.0,6.0,79.0,0.0,0.0,1.0,172.0,0.0,101330.0,6.0,93,5,4.1,195,4.8,7.8,10.9,0.0
2024-12-26 02:00:00,17.3,25.2133333333333,0.17634502923976605,0.0,9.1,78,0,2.5,357,7.3,11.6,15.1,0.0,0.0,0.0,7.0,88.0,0.0,0.0,0.0,210.0,0.0,101340.0,5.7,93,5,4.0,190,4.5,7.5,10.7,0.0
2024-12-26 03:00:00,17.4566666666667,25.1333333333333,0.17688596491228067,0.0,8.3,80,0,4.8,319,7.3,11.4,15.1,0.0,0.0,0.0,6.0,88.0,0.0,0.0,0.0,198.0,0.0,101340.0,5.3,94,5,4.5,194,4.2,7.2,10.5,0.0
2024-12-26 04:00:00,17.6033333333333,25.0833333333333,0.1774269005847953,0.0,8.2,81,0,5.4,311,7.5,11.2,15.1,0.0,0.0,0.0,5.0,86.0,0.0,0.0,0.0,186.0,0.0,101360.0,4.9,94,6,4.4,189,4.0,7.0,10.3,0.0
2024-12-26 05:00:00,17.6866666666667,25.03,0.1779678362573099,0.0,7.6,83,0,4.1,334,7.6,11.1,15.0,0.0,0.0,0.0,5.0,86.0,0.0,0.0,0.0,180.0,0.0,101340.0,4.6,94,6,4.0,190,3.6,6.7,10.2,0.0
2024-12-26 06:00:00,17.7733333333333,24.97,0.17850877192982453,0.0,7.4,79,0,3.0,14,7.4,10.9,15.0,0.0,0.0,0.0,5.0,85.0,0.0,0.0,0.0,174.0,0.0,101360.0,3.8,96,6,4.7,203,3.1,6.3,10.0,0.0
2024-12-26 07:00:00,17.8833333333333,24.9166666666667,0.17904970760233915,0.0,8.1,72,0,1.5,37,7.2,10.8,15.0,0.0,0.0,0.0,5.0,79.0,0.0,0.0,0.0,161.0,0.0,101390.0,3.3,98,36,4.2,200,2.7,6.0,9.8,0.0
2024-12-26 08:00:00,18.0133333333333,24.8733333333333,0.17959064327485377,0.0,9.6,68,0,0.9,48,7.2,10.6,15.0,0.0,0.0,0.01,4.0,83.0,1020.0,0.0,0.0,180.0,0.0,101430.0,3.6,94,26,3.8,197,4.1,5.8,9.6,0.0
2024-12-26 09:00:00,18.34,24.83,0.1801315789473684,0.0,12.6,60,0,5.0,39,8.7,10.6,15.0,0.0,0.0,0.08,9.0,70.0,5976.0,0.0,0.0,198.0,0.0,101460.0,6.6,91,0,3.3,229,9.8,6.8,9.4,0.0
2024-12-26 10:00:00,18.5666666666667,24.8233333333333,0.180672514619883,0.0,15.0,58,0,10.6,34,10.5,10.6,15.0,0.0,0.0,0.18,11.0,77.0,19188.0,1.0,1.0,292.0,0.0,101520.0,12.2,71,0,2.3,288,15.9,8.8,9.4,0.0
2024-12-26 11:00:00,18.6833333333333,24.8066666666667,0.18121345029239763,0.0,15.9,56,0,16.3,45,12.1,10.7,15.0,0.0,0.0,0.25,,,,,,,,,15.3,66,0,5.4,20,19.0,11.2,9.6,0.0
2024-12-26 12:00:00,18.7933333333333,24.7666666666667,0.18175438596491225,0.0,16.3,53,0,16.3,47,13.5,11.0,14.9,0.0,0.0,0.29,15.0,60.0,34547.0,2.0,0.0,348.0,0.0,101510.0,16.8,59,0,14.3,41,18.3,13.0,9.9,0.0
2024-12-26 13:00:00,18.8866666666667,24.74,0.18229532163742687,0.0,16.6,54,0,16.6,49,14.5,11.1,14.9,0.0,0.0,0.29,18.0,47.0,43531.0,3.0,4.0,69.0,0.0,101440.0,16.7,56,0,17.1,42,17.9,14.0,10.3,0.0
2024-12-26 14:00:00,18.9833333333333,24.7066666666667,0.1828362573099415,0.0,16.5,56,0,17.0,53,15.1,11.4,14.9,0.0,0.0,0.27,18.0,44.0,44328.0,3.0,5.0,77.0,0.0,101370.0,16.6,58,0,18.4,50,17.3,14.4,10.7,0.0
2024-12-26 15:00:00,19.0733333333333,24.6633333333333,0.1833771929824561,0.0,16.2,59,0,16.6,55,15.2,11.7,14.9,0.0,0.0,0.21,17.0,53.0,36595.0,2.0,5.0,42.0,0.0,101300.0,16.2,63,0,18.4,50,16.2,14.5,11.1,0.0
2024-12-26 16:00:00,19.1633333333333,24.62,0.18391812865497073,0.0,15.3,65,0,14.5,55,14.8,12.0,14.9,0.0,0.0,0.13,17.0,52.0,23857.0,1.0,4.0,60.0,0.0,101280.0,15.4,68,0,17.0,54,14.2,14.2,11.4,0.0
2024-12-26 17:00:00,19.26,24.5533333333333,0.18445906432748535,0.0,12.9,79,0,8.8,54,13.9,12.2,14.9,0.0,0.0,0.03,17.0,58.0,10021.0,1.0,2.0,96.0,0.0,101300.0,13.9,80,0,11.5,49,11.5,13.4,11.7,0.0
2024-12-26 18:00:00,19.36,24.51,0.18499999999999997,0.0,11.0,87,0,6.3,62,12.6,12.3,14.9,0.0,0.0,0.0,15.0,63.0,2880.0,0.0,2.0,43.0,0.0,101320.0,12.3,87,0,6.1,45,9.8,12.4,11.8,0.0
2024-12-26 19:00:00,19.4666666666667,24.4366666666667,0.1855409356725146,0.0,11.0,86,0,2.7,65,11.5,12.3,14.9,0.0,0.0,0.0,13.0,75.0,0.0,0.0,1.0,72.0,0.0,101360.0,11.9,89,1,2.3,51,8.4,11.4,11.9,0.0
2024-12-26 20:00:00,19.5733333333333,24.38,0.1860818713450292,0.0,11.0,83,0,1.7,59,10.6,12.3,14.9,0.0,0.0,0.0,10.0,80.0,0.0,0.0,0.0,228.0,0.0,101410.0,11.5,89,0,2.1,211,6.5,10.4,11.8,0.0
2024-12-26 21:00:00,19.6733333333333,24.3033333333333,0.18662280701754383,0.0,10.7,81,0,1.7,49,9.8,12.2,14.9,0.0,0.0,0.0,9.0,86.0,0.0,0.0,0.0,174.0,0.0,101430.0,9.8,91,0,3.3,221,6.2,9.5,11.7,0.0
2024-12-26 22:00:00,19.7666666666667,24.2566666666667,0.18716374269005845,0.0,10.1,81,0,0.9,39,9.1,12.1,14.9,0.0,0.0,0.0,8.0,84.0,0.0,0.0,0.0,180.0,0.0,101440.0,7.5,98,51,4.0,190,6.0,9.0,11.6,0.0
2024-12-26 23:00:00,19.86,24.2166666666667,0.18770467836257307,0.0,9.2,85,0,1.0,22,8.6,12.0,14.9,0.0,0.0,0.0,7.0,84.0,0.0,0.0,2.0,192.0,0.0,101460.0,6.5,100,56,4.0,190,5.3,8.6,11.4,0.0
2024-12-27 00:00:00,19.95,24.16,0.1882456140350877,0.0,8.6,87,0,1.2,22,8.2,11.8,14.9,0.0,0.0,0.0,7.0,86.0,0.0,0.0,0.0,166.0,0.0,101480.0,6.0,98,52,4.6,198,5.1,8.2,11.2,0.0
2024-12-27 01:00:00,20.0333333333333,24.1166666666667,0.1887865497076023,0.0,7.9,82,0,2.1,5,7.7,11.8,14.9,0.0,0.0,0.0,6.0,86.0,0.0,0.0,1.0,174.0,0.0,101470.0,5.5,100,61,4.5,194,4.8,7.8,11.0,0.0
2024-12-27 02:00:00,20.1133333333333,24.0866666666667,0.18932748538011693,0.0,7.5,87,0,8.8,253,7.7,11.6,14.9,0.0,0.0,0.0,6.0,84.0,0.0,0.0,1.0,178.0,0.0,101440.0,5.0,100,62,4.4,189,4.2,7.5,10.8,0.0
2024-12-27 03:00:00,20.19,24.0266666666667,0.18986842105263155,0.0,6.0,94,0,11.0,263,7.7,11.4,14.9,0.0,0.0,0.0,5.0,86.0,0.0,0.0,1.0,180.0,0.0,101440.0,4.4,100,64,4.8,193,3.9,7.1,10.6,0.0
2024-12-27 04:00:00,20.27,23.9966666666667,0.19040935672514617,0.0,5.5,93,0,7.8,265,7.6,11.2,14.8,0.0,0.0,0.0,4.0,84.0,0.0,0.0,1.0,180.0,0.0,101450.0,4.1,99,61,4.4,189,3.5,6.8,10.4,0.0
2024-12-27 05:00:00,20.34,23.9733333333333,0.1909502923976608,0.0,5.0,91,11,5.9,261,7.4,11.1,14.8,0.0,0.0,0.0,4.0,85.0,0.0,0.0,0.0,180.0,0.0,101450.0,3.7,100,50,4.0,185,3.1,6.5,10.2,0.0
2024-12-27 06:00:00,20.41,23.95,0.1914912280701754,0.0,4.2,90,24,4.4,265,7.1,10.9,14.8,0.0,0.0,0.0,3.0,86.0,0.0,0.0,1.0,168.0,0.0,101430.0,3.1,100,47,4.4,189,2.5,6.0,10.0,0.0
2024-12-27 07:00:00,20.4666666666667,23.9066666666667,0.19203216374269003,0.0,3.9,84,15,3.9,257,6.8,10.8,14.8,0.0,0.0,0.0,3.0,81.0,0.0,0.0,1.0,180.0,0.0,101450.0,2.7,99,40,4.0,190,2.2,5.7,9.7,0.0
2024-12-27 08:00:00,20.5333333333333,23.8766666666667,0.19257309941520465,0.0,5.0,75,13,3.8,275,6.8,10.6,14.8,0.0,0.0,0.01,3.0,83.0,0.0,0.0,2.0,166.0,0.0,101480.0,2.9,96,7,4.1,195,3.3,5.4,9.5,0.0
2024-12-27 09:00:00,20.5866666666667,23.8533333333333,0.19311403508771927,0.0,8.1,80,25,4.0,347,7.8,10.5,14.8,0.0,0.0,0.05,3.0,85.0,1905.0,0.0,0.0,180.0,0.0,101510.0,6.2,90,0,3.2,207,9.3,6.4,9.4,0.0
2024-12-27 10:00:00,20.6566666666667,23.8266666666667,0.19365497076023389,0.0,11.1,70,3,5.5,6,9.4,10.5,14.8,0.0,0.0,0.13,8.0,76.0,7203.0,0.0,0.0,192.0,0.0,101550.0,10.0,82,0,3.4,238,14.1,8.4,9.3,0.0
2024-12-27 11:00:00,20.6933333333333,23.8066666666667,0.1941959064327485,0.0,13.7,57,0,7.7,350,11.2,10.5,14.8,0.0,0.0,0.23,12.0,62.0,22139.0,1.0,0.0,270.0,0.0,101620.0,13.2,74,0,2.5,315,17.1,10.6,9.4,0.0
2024-12-27 12:00:00,20.76,23.78,0.19473684210526312,0.0,15.2,53,0,10.9,15,12.7,10.7,14.7,0.0,0.0,0.28,15.0,56.0,35749.0,1.0,0.0,318.0,0.0,101620.0,14.8,67,0,8.1,21,18.5,12.4,9.7,0.0
2024-12-27 13:00:00,20.8033333333333,23.7633333333333,0.19527777777777774,0.0,15.9,49,0,11.7,37,14.0,11.1,14.7,0.0,0.0,0.3,15.0,59.0,42866.0,2.0,3.0,24.0,0.0,101550.0,15.8,56,0,12.8,38,17.7,13.6,10.1,0.0
2024-12-27 14:00:00,20.8766666666667,23.7533333333333,0.19581871345029236,0.0,16.3,45,0,15.9,53,14.6,11.4,14.7,0.0,0.0,0.29,16.0,45.0,42986.0,3.0,2.0,348.0,0.0,101450.0,15.9,50,0,16.1,51,16.6,14.0,10.5,0.0
2024-12-27 15:00:00,20.94,23.74,0.19635964912280698,0.0,15.8,46,0,18.4,56,14.7,11.7,14.7,0.0,0.0,0.24,16.0,42.0,34410.0,2.0,4.0,31.0,0.0,101380.0,16.0,45,0,19.4,55,15.5,14.3,10.9,0.0
2024-12-27 16:00:00,21.0066666666667,23.7366666666667,0.1969005847953216,0.0,14.9,51,0,15.9,58,14.3,11.9,14.7,0.0,0.0,0.16,17.0,40.0,21302.0,1.0,4.0,84.0,0.0,101360.0,15.2,49,0,18.7,62,13.5,13.8,11.2,0.0
2024-12-27 17:00:00,21.0666666666667,23.7133333333333,0.19744152046783622,0.0,12.8,57,0,10.1,60,13.4,12.1,14.7,0.0,0.0,0.06,16.0,42.0,8253.0,0.0,4.0,90.0,0.0,101370.0,13.8,61,1,12.7,61,11.0,13.0,11.4,0.0
2024-12-27 18:00:00,21.14,23.6966666666667,0.19798245614035084,0.0,10.7,67,0,7.8,67,12.1,12.2,14.7,0.0,0.0,0.02,15.0,56.0,2016.0,0.0,4.0,92.0,0.0,101400.0,12.0,74,0,8.7,60,9.3,11.9,11.5,0.0
2024-12-27 19:00:00,21.2,23.68,0.19852339181286546,0.0,10.0,68,0,7.1,75,10.9,12.2,14.7,0.0,0.0,0.01,13.0,67.0,0.0,0.0,2.0,54.0,0.0,101450.0,11.1,76,0,6.5,71,8.2,11.0,11.6,0.0
2024-12-27 20:00:00,21.2566666666667,23.6466666666667,0.19906432748538008,0.0,9.5,71,0,7.7,76,10.0,12.1,14.7,0.0,0.0,0.01,11.0,74.0,0.0,0.0,1.0,94.0,0.0,101500.0,10.3,75,0,4.0,90,6.9,10.2,11.5,0.0
2024-12-27 21:00:00,21.31,23.6233333333333,0.1996052631578947,0.0,9.2,74,0,6.8,63,9.3,12.0,14.7,0.0,0.0,0.01,9.0,81.0,0.0,0.0,0.0,174.0,0.0,101540.0,10.1,75,0,2.0,135,5.3,9.4,11.4,0.0
2024-12-27 22:00:00,21.3466666666667,23.5833333333333,0.20014619883040932,0.0,9.2,75,0,3.2,53,8.7,11.9,14.7,0.0,0.0,0.0,7.0,80.0,0.0,0.0,0.0,186.0,0.0,101560.0,8.8,77,0,2.9,187,4.4,8.5,11.3,0.0
2024-12-27 23:00:00,21.3966666666667,23.5566666666667,0.20068713450292394,0.0,8.4,78,0,1.5,46,8.1,11.7,14.7,0.0,0.0,0.0,6.0,80.0,0.0,0.0,1.0,172.0,0.0,101570.0,6.0,86,0,4.4,189,4.3,7.9,11.1,0.0
2024-12-28 00:00:00,21.44,23.5333333333333,0.20122807017543856,0.0,7.5,79,0,0.4,33,7.5,11.5,14.7,0.0,0.0,0.0,5.0,77.0,0.0,0.0,0.0,180.0,0.0,101580.0,5.0,88,0,4.9,197,3.8,7.5,10.9,0.0
2024-12-28 01:00:00,21.47,23.5133333333333,0.20176900584795318,0.0,6.4,78,0,3.2,300,7.0,11.5,14.7,0.0,0.0,0.0,4.0,73.0,0.0,0.0,0.0,176.0,0.0,101570.0,5.1,89,4,4.5,194,3.5,7.0,10.6,0.0
2024-12-28 02:00:00,21.5033333333333,23.4833333333333,0.2023099415204678,0.0,5.6,79,0,5.1,273,6.8,11.2,14.7,0.0,0.0,0.0,5.0,73.0,0.0,0.0,0.0,186.0,0.0,101530.0,4.5,90,6,4.4,189,3.2,6.7,10.4,0.0
2024-12-28 03:00:00,21.5433333333333,23.4433333333333,0.20285087719298242,0.0,4.7,78,0,5.1,267,6.7,11.0,14.7,0.0,0.0,0.0,3.0,78.0,0.0,0.0,1.0,171.0,0.0,101510.0,4.0,85,4,4.3,185,2.8,6.4,10.2,0.0
2024-12-28 04:00:00,21.58,23.4266666666667,0.20339181286549704,0.0,4.2,76,0,4.8,255,6.4,10.8,14.6,0.0,0.0,0.0,3.0,84.0,0.0,0.0,0.0,186.0,0.0,101520.0,3.5,81,0,4.0,185,2.3,6.0,9.9,0.0
2024-12-28 05:00:00,21.6033333333333,23.42,0.20393274853801166,0.0,3.8,73,0,4.6,240,6.1,10.6,14.6,0.0,0.0,0.0,4.0,75.0,0.0,0.0,2.0,180.0,0.0,101500.0,3.0,80,0,4.0,180,1.7,5.6,9.7,0.0
2024-12-28 06:00:00,21.62,23.3966666666667,0.20447368421052628,0.0,3.4,73,0,4.5,245,5.8,10.4,14.6,0.0,0.0,0.0,4.0,77.0,0.0,0.0,1.0,180.0,0.0,101480.0,2.7,79,0,4.0,185,1.3,5.2,9.5,0.0
2024-12-28 07:00:00,21.65,23.37,0.2050146198830409,0.0,3.0,76,0,4.3,257,5.6,10.2,14.6,0.0,0.0,0.0,2.0,78.0,0.0,0.0,0.0,166.0,0.0,101480.0,2.2,80,0,3.6,186,0.8,4.8,9.2,0.0
2024-12-28 08:00:00,21.68,23.3466666666667,0.20555555555555552,0.0,4.3,73,0,4.8,264,5.6,10.0,14.6,0.0,0.0,0.01,2.0,82.0,0.0,0.0,0.0,172.0,0.0,101520.0,2.2,81,0,3.7,191,2.3,4.6,9.0,0.0
2024-12-28 09:00:00,21.7066666666667,23.3233333333333,0.20609649122807014,0.0,8.6,69,0,6.2,266,6.8,9.9,14.6,0.0,0.0,0.07,2.0,79.0,2977.0,0.0,0.0,171.0,0.0,101550.0,5.5,79,0,3.7,209,8.4,5.5,8.8,0.0
2024-12-28 10:00:00,21.7366666666667,23.32,0.20663742690058476,0.0,12.1,56,0,7.2,285,8.7,9.8,14.6,0.0,0.0,0.16,9.0,57.0,9964.0,1.0,0.0,170.0,0.0,101600.0,10.6,65,0,4.7,238,14.5,7.7,8.7,0.0
2024-12-28 11:00:00,21.75,23.2933333333333,0.20717836257309938,0.0,13.9,46,0,6.2,304,10.6,9.9,14.5,0.0,0.0,0.23,13.0,54.0,25233.0,1.0,0.0,210.0,0.0,101640.0,13.4,60,0,3.7,241,17.3,10.3,8.9,0.0
2024-12-28 12:00:00,21.77,23.28,0.20771929824561403,0.0,15.1,41,0,6.5,337,12.2,10.1,14.5,0.0,0.0,0.28,14.0,58.0,38540.0,2.0,1.0,268.0,0.0,101610.0,15.0,59,0,2.5,315,18.2,12.0,9.2,0.0
2024-12-28 13:00:00,21.8266666666667,23.2733333333333,0.20826023391812865,0.0,15.9,38,0,8.3,13,13.6,10.6,14.5,0.0,0.0,0.3,16.0,44.0,44240.0,2.0,0.0,180.0,0.0,101500.0,16.1,52,0,7.7,11,19.0,13.5,9.6,0.0
2024-12-28 14:00:00,21.8633333333333,23.27,0.20880116959064327,0.0,15.8,40,0,10.1,21,14.3,10.9,14.5,0.0,0.0,0.28,17.0,41.0,41747.0,2.0,2.0,48.0,0.0,101400.0,16.0,46,0,11.4,24,17.0,14.2,10.1,0.0
2024-12-28 15:00:00,21.9066666666667,23.2666666666667,0.20934210526315788,0.0,15.1,47,0,10.4,30,14.4,11.1,14.5,0.0,0.0,0.22,16.0,43.0,32936.0,2.0,5.0,26.0,0.0,101320.0,15.3,61,0,13.5,29,15.2,14.0,10.5,0.0
2024-12-28 16:00:00,21.9533333333333,23.2666666666667,0.2098830409356725,0.0,13.9,57,0,8.0,42,14.0,11.4,14.5,0.0,0.0,0.12,16.0,47.0,18992.0,1.0,4.0,43.0,0.0,101330.0,14.6,66,0,12.3,40,13.2,13.5,10.8,0.0
2024-12-28 17:00:00,22.0,23.26,0.21042397660818712,0.0,10.8,70,0,3.9,54,12.7,11.6,14.5,0.0,0.0,0.02,15.0,50.0,6722.0,0.0,4.0,66.0,0.0,101350.0,12.7,78,0,6.9,47,9.9,12.5,11.1,0.0
2024-12-28 18:00:00,22.03,23.2433333333333,0.21096491228070174,0.0,10.1,71,0,1.5,61,11.2,11.7,14.5,0.0,0.0,0.0,13.0,63.0,968.0,0.0,1.0,54.0,0.0,101360.0,11.1,79,0,3.3,49,7.6,11.2,11.2,0.0
2024-12-28 19:00:00,22.07,23.2266666666667,0.21150584795321636,0.0,9.4,72,0,0.7,72,10.0,11.6,14.5,0.0,0.0,0.0,10.0,76.0,0.0,0.0,0.0,188.0,0.0,101390.0,10.6,79,0,1.9,158,5.8,9.9,11.2,0.0
2024-12-28 20:00:00,22.1,23.1966666666667,0.21204678362573098,0.0,8.8,72,0,0.6,72,9.1,11.6,14.5,0.0,0.0,0.0,7.0,69.0,0.0,0.0,0.0,148.0,0.0,101440.0,8.5,87,1,3.9,202,5.7,8.9,11.1,0.0
2024-12-28 21:00:00,22.12,23.18,0.2125877192982456,0.0,8.5,70,0,0.9,58,8.4,11.4,14.5,0.0,0.0,0.0,7.0,73.0,0.0,0.0,0.0,186.0,0.0,101460.0,6.0,93,25,4.1,195,4.8,8.3,10.9,0.0
2024-12-28 22:00:00,22.14,23.1566666666667,0.21312865497076022,0.0,8.3,69,0,0.4,41,7.8,11.3,14.5,0.0,0.0,0.0,6.0,74.0,0.0,0.0,0.0,180.0,0.0,101470.0,5.5,93,5,4.4,189,4.2,7.7,10.7,0.0
2024-12-28 23:00:00,22.1533333333333,23.1466666666667,0.21366959064327484,0.0,8.0,70,2,1.0,18,7.4,11.1,14.5,0.0,0.0,0.0,6.0,73.0,0.0,0.0,1.0,180.0,0.0,101470.0,4.9,92,19,4.3,185,3.8,7.2,10.5,0.0
2024-12-29 00:00:00,22.17,23.13,0.21421052631578946,0.0,7.1,74,0,3.2,317,7.1,10.9,14.4,0.0,0.0,0.0,5.0,70.0,0.0,0.0,0.0,150.0,0.0,101480.0,4.6,90,22,4.8,193,3.5,6.8,10.3,0.0
2024-12-29 01:00:00,22.1766666666667,23.1166666666667,0.21475146198830408,0.0,6.2,71,0,5.0,261,6.9,11.0,14.4,0.0,0.0,0.0,4.0,75.0,0.0,0.0,1.0,180.0,0.0,101440.0,4.3,91,26,5.1,188,3.3,6.5,10.1,0.0
2024-12-29 02:00:00,22.1933333333333,23.0833333333333,0.2152923976608187,0.0,5.2,73,0,6.4,255,6.8,10.8,14.4,0.0,0.0,0.0,4.0,76.0,0.0,0.0,1.0,204.0,0.0,101390.0,4.3,89,17,4.8,193,3.0,6.2,9.9,0.0
2024-12-29 03:00:00,22.2033333333333,23.06,0.21583333333333332,0.0,5.0,72,3,7.1,249,6.7,10.6,14.4,0.0,0.0,0.01,3.0,74.0,0.0,0.0,1.0,174.0,0.0,101380.0,4.1,87,0,4.8,193,2.6,5.9,9.7,0.0
2024-12-29 04:00:00,22.2166666666667,23.0433333333333,0.21637426900584794,0.0,4.8,70,0,7.6,244,6.5,10.4,14.4,0.0,0.0,0.01,3.0,84.0,0.0,0.0,1.0,186.0,0.0,101390.0,3.9,88,0,4.4,189,2.5,5.7,9.4,0.0
2024-12-29 05:00:00,22.2266666666667,23.0366666666667,0.21691520467836256,0.0,4.6,69,0,7.4,246,6.4,10.3,14.4,0.0,0.0,0.01,3.0,78.0,0.0,0.0,1.0,180.0,0.0,101360.0,3.7,87,0,4.5,194,2.2,5.4,9.2,0.0
2024-12-29 06:00:00,22.2366666666667,23.02,0.21745614035087718,0.0,4.1,69,0,7.0,246,6.2,10.1,14.4,0.0,0.0,0.01,5.0,72.0,0.0,0.0,0.0,228.0,0.0,101340.0,3.6,84,0,4.8,193,2.0,5.2,9.0,0.0
2024-12-29 07:00:00,22.25,23.0066666666667,0.2179970760233918,0.0,3.6,71,0,6.8,244,6.0,10.0,14.4,0.0,0.0,0.01,5.0,78.0,0.0,0.0,1.0,216.0,0.0,101360.0,3.5,80,0,4.4,189,1.8,5.0,8.8,0.0
2024-12-29 08:00:00,22.26,22.9933333333333,0.21853801169590642,0.0,4.5,71,1,7.0,237,6.0,9.8,14.4,0.0,0.0,0.02,5.0,80.0,0.0,0.0,0.0,210.0,0.0,101410.0,3.6,79,0,4.0,190,3.0,4.8,8.6,0.0
2024-12-29 09:00:00,22.27,22.97,0.21907894736842104,0.0,9.3,59,4,6.8,233,7.1,9.7,14.3,0.0,0.0,0.07,6.0,78.0,3638.0,0.0,1.0,204.0,0.0,101450.0,6.9,75,0,3.1,201,9.3,5.9,8.5,0.0
2024-12-29 10:00:00,22.2733333333333,22.9566666666667,0.21961988304093566,0.0,13.2,55,24,4.9,282,8.9,9.7,14.3,0.0,0.0,0.16,9.0,67.0,11859.0,1.0,2.0,198.0,0.0,101490.0,11.2,62,2,3.6,233,15.0,8.2,8.5,0.0
2024-12-29 11:00:00,22.28,22.94,0.22016081871345028,0.0,15.3,42,60,4.2,353,10.9,9.8,14.3,0.0,0.0,0.24,11.0,57.0,26707.0,1.0,3.0,228.0,0.0,101540.0,13.9,55,3,2.4,243,17.4,10.5,8.7,0.0
2024-12-29 12:00:00,22.29,22.94,0.2207017543859649,0.0,16.4,40,67,7.2,8,12.6,10.0,14.3,0.0,0.0,0.29,13.0,51.0,39538.0,2.0,2.0,222.0,0.0,101510.0,15.5,51,21,3.7,349,18.8,12.2,9.1,0.0
2024-12-29 13:00:00,22.31,22.9166666666667,0.22124269005847952,0.0,16.8,41,65,10.8,12,14.0,10.4,14.3,0.0,0.0,0.31,15.0,47.0,44164.0,2.0,2.0,306.0,0.0,101400.0,16.3,49,53,7.4,23,19.2,13.6,9.5,0.0
2024-12-29 14:00:00,22.3533333333333,22.92,0.22178362573099414,0.0,16.2,45,32,13.1,16,14.6,10.7,14.3,0.0,0.0,0.28,17.0,40.0,43844.0,3.0,2.0,178.0,0.0,101320.0,16.2,50,51,10.8,26,17.6,14.3,10.0,0.0
2024-12-29 15:00:00,22.4,22.9166666666667,0.22232456140350876,0.0,15.4,52,6,12.0,27,14.6,11.1,14.3,0.0,0.0,0.21,17.0,39.0,30768.0,1.0,1.0,48.0,0.0,101250.0,15.6,55,65,14.0,35,15.4,14.2,10.4,0.0
2024-12-29 16:00:00,22.4266666666667,22.91,0.22286549707602338,0.0,13.9,64,3,9.8,48,14.2,11.3,14.3,0.0,0.0,0.12,16.0,54.0,16624.0,1.0,4.0,5.0,0.0,101230.0,15.0,68,39,12.5,44,13.7,13.7,10.7,0.0
2024-12-29 17:00:00,22.46,22.91,0.223406432748538,0.0,10.7,75,17,5.4,75,12.9,11.5,14.3,0.0,0.0,0.03,15.0,58.0,6122.0,0.0,3.0,42.0,0.0,101260.0,13.3,76,7,7.2,53,10.5,12.8,11.0,0.0
2024-12-29 18:00:00,22.4866666666667,22.8966666666667,0.22394736842105262,0.0,9.6,73,24,5.9,85,11.4,11.6,14.3,0.0,0.0,0.0,13.0,64.0,490.0,0.0,1.0,72.0,0.0,101300.0,11.2,78,12,3.7,61,7.9,11.4,11.1,0.0
2024-12-29 19:00:00,22.51,22.8833333333333,0.22448830409356724,0.0,9.5,71,30,5.1,76,10.2,11.6,14.3,0.0,0.0,0.0,10.0,69.0,0.0,0.0,0.0,143.0,0.0,101330.0,10.6,78,13,1.1,108,5.9,10.1,11.1,0.0
2024-12-29 20:00:00,22.5233333333333,22.8733333333333,0.22502923976608186,0.0,9.7,69,5,2.6,64,9.4,11.5,14.2,0.0,0.0,0.0,8.0,78.0,0.0,0.0,0.0,142.0,0.0,101380.0,9.5,81,43,2.4,207,4.6,8.9,11.0,0.0
2024-12-29 21:00:00,22.5366666666667,22.8666666666667,0.22557017543859648,0.0,9.1,68,2,1.2,57,8.6,11.4,14.2,0.0,0.0,0.0,7.0,77.0,0.0,0.0,0.0,173.0,0.0,101410.0,7.1,90,62,4.2,200,5.1,8.2,10.9,0.0
2024-12-29 22:00:00,22.55,22.86,0.2261111111111111,0.0,7.5,68,5,0.9,54,8.0,11.3,14.2,0.0,0.0,0.0,6.0,77.0,0.0,0.0,1.0,186.0,0.0,101440.0,5.8,92,73,4.7,189,4.5,7.8,10.7,0.0
2024-12-29 23:00:00,22.5466666666667,22.8433333333333,0.22665204678362572,0.0,5.7,65,50,3.0,194,7.5,11.1,14.2,0.0,0.0,0.0,6.0,79.0,0.0,0.0,1.0,198.0,0.0,101450.0,5.3,90,66,4.4,189,3.8,7.3,10.5,0.0
2024-12-30 00:00:00,22.55,22.8133333333333,0.22719298245614034,0.0,5.0,67,90,6.6,243,7.3,11.0,14.2,0.0,0.0,0.01,7.0,76.0,0.0,0.0,0.0,210.0,0.0,101460.0,4.5,88,42,4.9,197,3.4,6.9,10.3,0.0
2024-12-30 01:00:00,22.5533333333333,22.8033333333333,0.22773391812865496,0.0,5.4,65,90,6.1,247,7.3,10.9,14.2,0.0,0.0,0.01,5.0,77.0,0.0,0.0,0.0,174.0,0.0,101440.0,4.2,86,62,4.7,189,2.9,6.5,10.1,0.0
2024-12-30 02:00:00,22.55,22.7866666666667,0.22827485380116957,0.0,5.0,65,29,7.1,247,7.1,10.8,14.2,0.0,0.0,0.01,5.0,77.0,0.0,0.0,1.0,171.0,0.0,101410.0,3.8,83,13,4.0,190,2.4,6.1,9.9,0.0
2024-12-30 03:00:00,22.55,22.7633333333333,0.2288157894736842,0.0,4.5,66,3,7.5,243,6.8,10.6,14.2,0.0,0.0,0.01,4.0,76.0,0.0,0.0,2.0,172.0,0.0,101410.0,3.5,78,18,4.4,189,2.0,5.7,9.6,0.0
2024-12-30 04:00:00,22.55,22.7533333333333,0.22935672514619881,0.0,4.0,67,2,6.7,244,6.6,10.4,14.2,0.0,0.0,0.01,3.0,81.0,0.0,0.0,0.0,180.0,0.0,101410.0,3.1,77,60,4.1,195,1.7,5.3,9.4,0.0
2024-12-30 05:00:00,22.55,22.75,0.22989766081871343,0.0,3.6,68,6,6.6,240,6.3,10.3,14.2,0.0,0.0,0.01,4.0,76.0,0.0,0.0,2.0,165.0,0.0,101380.0,2.8,77,11,4.1,195,1.3,5.0,9.1,0.0
2024-12-30 06:00:00,22.55,22.74,0.23043859649122805,0.0,3.6,68,18,7.1,238,6.1,10.1,14.2,0.0,0.0,0.01,2.0,81.0,0.0,0.0,0.0,172.0,0.0,101400.0,2.5,78,0,4.2,200,1.1,4.6,8.9,0.0
2024-12-30 07:00:00,22.55,22.7233333333333,0.23097953216374267,0.0,3.6,68,11,6.6,235,5.9,9.9,14.2,0.0,0.0,0.01,2.0,84.0,0.0,0.0,1.0,180.0,0.0,101430.0,2.3,80,11,3.9,202,0.8,4.4,8.6,0.0
2024-12-30 08:00:00,22.5433333333333,22.7033333333333,0.2315204678362573,0.0,4.6,68,4,8.0,229,5.9,9.8,14.1,0.0,0.0,0.03,2.0,85.0,174.0,0.0,0.0,198.0,0.0,101460.0,2.5,81,28,3.7,209,2.2,4.2,8.4,0.0
2024-12-30 09:00:00,22.7933333333333,22.7066666666667,0.2320614035087719,0.0,9.3,62,1,9.6,229,7.0,9.6,14.1,0.0,0.0,0.08,6.0,75.0,5133.0,0.0,1.0,204.0,0.0,101510.0,5.8,77,1,3.8,221,8.4,5.3,8.3,0.0
2024-12-30 10:00:00,22.92,22.6966666666667,0.23260233918128653,0.0,13.4,53,3,6.5,260,8.9,9.6,14.1,0.0,0.0,0.16,9.0,66.0,16260.0,1.0,2.0,234.0,0.0,101560.0,10.8,60,4,4.7,238,14.7,7.6,8.2,0.0
2024-12-30 11:00:00,22.9033333333333,26.4466666666667,0.23314327485380115,0.0,15.1,42,8,6.1,327,10.8,9.7,14.1,0.0,0.0,0.24,11.0,58.0,29798.0,1.0,2.0,264.0,0.0,101590.0,13.7,53,7,3.9,236,17.6,10.1,8.4,0.0
2024-12-30 12:00:00,22.92,27.7566666666667,0.23368421052631577,0.0,15.9,38,18,7.7,358,12.4,10.0,14.1,0.0,0.0,0.29,14.0,46.0,37989.0,2.0,1.0,234.0,0.0,101550.0,15.6,48,6,3.6,323,19.2,12.2,8.8,0.0
2024-12-30 13:00:00,22.95,27.2166666666667,0.2342251461988304,0.0,16.4,38,8,8.5,7,13.8,10.3,14.1,0.0,0.0,0.31,15.0,43.0,28905.0,2.0,2.0,256.0,0.0,101470.0,16.5,46,4,8.3,5,19.5,13.6,9.2,0.0
2024-12-30 14:00:00,23.05,26.9133333333333,0.234766081871345,0.0,16.2,40,12,10.0,12,14.4,10.6,14.1,0.0,0.0,0.28,19.0,35.0,41144.0,3.0,2.0,132.0,0.0,101370.0,16.1,49,9,11.4,13,17.8,14.3,9.7,0.0
2024-12-30 15:00:00,23.1966666666667,26.6766666666667,0.23530701754385963,0.0,15.4,48,24,10.1,35,14.5,10.9,14.1,0.0,0.0,0.2,17.0,38.0,25980.0,1.0,3.0,24.0,0.0,101320.0,15.5,47,9,13.2,26,15.6,14.2,10.2,0.0
2024-12-30 16:00:00,23.3733333333333,26.4666666666667,0.23584795321637425,0.0,14.2,57,23,7.4,65,14.0,11.2,14.1,0.0,0.0,0.12,16.0,45.0,15077.0,1.0,4.0,27.0,0.0,101330.0,14.5,56,72,11.2,40,13.2,13.6,10.5,0.0
2024-12-30 17:00:00,23.5866666666667,26.2866666666667,0.23638888888888887,0.0,11.4,68,20,3.8,66,12.8,11.4,14.1,0.0,0.0,0.03,15.0,47.0,5298.0,0.0,3.0,63.0,0.0,101350.0,12.8,65,38,4.6,39,9.7,12.6,10.8,0.0
2024-12-30 18:00:00,23.79,26.1133333333333,0.2369298245614035,0.0,10.8,68,34,1.2,55,11.4,11.5,14.0,0.0,0.0,0.0,13.0,64.0,204.0,0.0,0.0,42.0,0.0,101370.0,11.4,71,41,1.6,63,7.0,11.1,10.9,0.0
2024-12-30 19:00:00,23.99,25.9966666666667,0.2374707602339181,0.0,10.0,66,3,1.1,66,10.3,11.5,14.0,0.0,0.0,0.0,9.0,75.0,0.0,0.0,0.0,144.0,0.0,101410.0,10.6,74,30,2.2,180,5.5,9.7,10.9,0.0
2024-12-30 20:00:00,24.1366666666667,25.86,0.23801169590643273,0.0,9.0,64,6,2.3,102,9.4,11.4,14.0,0.0,0.0,0.0,8.0,78.0,0.0,0.0,0.0,186.0,0.0,101450.0,8.1,81,1,4.0,185,5.2,8.7,10.8,0.0
2024-12-30 21:00:00,24.2766666666667,25.75,0.23855263157894735,0.0,8.1,68,3,2.2,95,8.7,11.3,14.0,0.0,0.0,0.0,7.0,76.0,0.0,0.0,1.0,186.0,0.0,101480.0,5.4,82,15,4.3,185,4.2,8.0,10.7,0.0
2024-12-30 22:00:00,24.4066666666667,25.6733333333333,0.23909356725146197,0.0,7.4,71,4,1.6,88,8.1,11.2,14.0,0.0,0.0,0.0,9.0,70.0,0.0,0.0,1.0,186.0,0.0,101500.0,4.5,82,6,4.0,190,3.4,7.3,10.5,0.0
2024-12-30 23:00:00,24.5,25.5866666666667,0.2396345029239766,0.0,6.6,74,4,1.8,132,7.6,11.1,14.0,0.0,0.0,0.0,5.0,78.0,0.0,0.0,0.0,180.0,0.0,101520.0,3.9,81,11,4.2,200,2.8,6.7,10.3,0.0
2024-12-31 00:00:00,24.58,25.5233333333333,0.2401754385964912,0.0,6.6,73,3,1.7,313,7.2,10.9,14.0,0.0,0.0,0.0,7.0,73.0,0.0,0.0,0.0,186.0,0.0,101520.0,4.0,79,26,4.5,209,2.7,6.4,10.0,0.0
2024-12-31 01:00:00,24.63,25.4366666666667,0.24071637426900583,0.0,5.6,71,9,7.3,240,7.1,10.8,14.0,0.0,0.0,0.01,5.0,71.0,0.0,0.0,1.0,186.0,0.0,101480.0,3.8,78,8,4.7,203,2.4,6.0,9.8,0.0
2024-12-31 02:00:00,24.6833333333333,25.4,0.24125730994152045,0.0,5.0,69,9,6.7,246,6.9,10.6,14.0,0.0,0.0,0.01,6.0,75.0,0.0,0.0,0.0,222.0,0.0,101460.0,3.6,77,15,4.7,203,2.2,5.7,9.6,0.0
2024-12-31 03:00:00,24.7133333333333,25.3366666666667,0.24179824561403507,0.0,4.8,63,68,7.5,240,6.7,10.5,14.0,0.0,0.0,0.02,4.0,78.0,0.0,0.0,0.0,174.0,0.0,101470.0,3.5,73,44,5.2,196,2.1,5.3,9.3,0.0
2024-12-31 04:00:00,24.7566666666667,25.2833333333333,0.2423391812865497,0.0,4.4,61,5,6.0,236,6.5,10.3,14.0,0.0,0.0,0.01,4.0,73.0,0.0,0.0,1.0,186.0,0.0,101450.0,3.6,72,46,5.0,201,2.2,5.2,9.1,0.0
2024-12-31 05:00:00,24.79,25.2433333333333,0.2428801169590643,0.0,3.7,63,10,4.7,229,6.2,10.1,14.0,0.0,0.0,0.01,4.0,64.0,0.0,0.0,1.0,180.0,0.0,101410.0,3.7,70,63,5.4,200,2.5,5.1,8.9,0.0
2024-12-31 06:00:00,24.81,25.1933333333333,0.24342105263157893,0.0,3.9,62,3,6.9,222,6.0,10.0,14.0,0.0,0.0,0.01,7.0,73.0,0.0,0.0,2.0,222.0,0.0,101430.0,4.2,64,68,6.0,197,3.0,5.1,8.7,0.0
2024-12-31 07:00:00,24.82,25.1466666666667,0.24396198830409355,0.0,4.7,58,0,8.3,218,6.0,9.8,14.0,0.0,0.0,0.02,7.0,69.0,0.0,0.0,2.0,228.0,0.0,101460.0,4.8,64,71,5.8,202,3.4,5.2,8.5,0.0
2024-12-31 08:00:00,24.8266666666667,25.11,0.24450292397660817,0.0,6.0,59,1,8.1,224,6.1,9.7,13.9,0.0,0.0,0.03,6.0,74.0,327.0,0.0,0.0,234.0,0.0,101520.0,5.5,66,82,6.5,214,5.0,5.4,8.4,0.0
2024-12-31 09:00:00,24.84,25.08,0.24504385964912279,0.0,9.4,53,15,9.1,242,7.2,9.6,13.9,0.0,0.0,0.09,7.0,72.0,6841.0,0.0,2.0,222.0,0.0,101530.0,8.5,64,79,7.0,215,9.4,6.6,8.3,0.0
2024-12-31 10:00:00,24.8566666666667,25.0366666666667,0.2455847953216374,0.0,12.1,48,13,8.4,246,8.8,9.6,13.9,0.0,0.0,0.16,8.0,68.0,8588.0,1.0,2.0,222.0,0.0,101590.0,11.2,57,87,9.9,226,13.1,8.3,8.4,0.0
2024-12-31 11:00:00,24.88,25.0033333333333,0.24612573099415203,0.0,14.0,48,16,7.9,272,10.5,9.7,13.9,0.0,0.0,0.23,12.0,54.0,31890.0,2.0,3.0,246.0,0.0,101570.0,13.0,55,75,11.0,229,15.5,10.0,8.6,0.0
2024-12-31 12:00:00,24.9133333333333,24.9766666666667,0.24666666666666665,0.0,14.8,52,7,5.3,309,12.2,9.9,13.9,0.0,0.0,0.26,13.0,53.0,27908.0,1.0,2.0,306.0,0.0,101540.0,14.8,57,39,8.7,240,19.2,11.9,8.9,0.0
2024-12-31 13:00:00,24.9466666666667,24.95,0.24720760233918126,0.0,15.3,52,25,2.8,344,14.1,10.5,13.9,0.0,0.0,0.25,15.0,54.0,25688.0,1.0,0.0,10.0,0.0,101450.0,15.5,60,78,4.1,285,18.5,13.4,9.3,0.0
2024-12-31 14:00:00,24.98,24.92,0.24774853801169588,0.0,15.3,48,40,4.5,2,14.6,10.8,13.9,0.0,0.0,0.21,16.0,46.0,51388.0,3.0,2.0,141.0,0.0,101370.0,15.0,63,86,5.2,12,16.8,14.0,9.7,0.0
2024-12-31 15:00:00,25.02,24.8966666666667,0.2482894736842105,0.0,14.9,49,23,8.4,12,14.5,11.1,13.9,0.0,0.0,0.18,15.0,56.0,27421.0,1.0,3.0,52.0,0.0,101330.0,15.4,58,27,6.1,3,17.1,14.1,10.2,0.0
2024-12-31 16:00:00,25.0733333333333,24.865,0.24883040935672512,0.0,14.1,54,25,8.7,35,14.0,11.3,13.9,0.0,0.0,0.12,15.0,52.0,9358.0,0.0,3.0,65.0,0.0,101340.0,14.6,64,68,8.8,35,13.7,14.0,10.5,0.0
2024-12-31 17:00:00,25.12,24.8366666666667,0.24937134502923974,0.0,11.9,67,30,8.1,56,13.0,11.5,13.9,0.0,0.0,0.04,14.0,52.0,4544.0,0.0,2.0,36.0,0.0,101380.0,13.2,70,71,5.6,50,11.0,13.0,10.8,0.0
2024-12-31 18:00:00,25.1433333333333,24.8066666666667,0.24991228070175436,0.0,10.2,76,10,7.4,73,11.9,11.6,13.9,0.0,0.0,0.01,13.0,57.0,0.0,0.0,0.0,48.0,0.0,101410.0,11.5,73,40,5.5,58,8.9,11.9,11.0,0.0
2024-12-31 19:00:00,25.14,24.74,0.250453216374269,0.0,9.4,79,17,5.5,77,10.8,11.6,13.9,0.0,0.0,0.0,11.0,62.0,0.0,0.0,0.0,182.0,0.0,101450.0,9.9,83,10,3.7,101,7.3,10.7,11.0,0.0
2024-12-31 20:00:00,25.15,24.6933333333333,0.2509941520467836,0.0,8.7,80,9,4.6,109,9.9,11.6,13.9,0.0,0.0,0.0,9.0,68.0,0.0,0.0,0.0,186.0,0.0,101480.0,8.5,89,5,3.6,143,6.2,9.6,11.0,0.0
2024-12-31 21:00:00,25.1433333333333,24.6566666666667,0.2515350877192982,0.0,8.2,80,26,2.7,100,9.1,11.5,13.9,0.0,0.0,0.0,6.0,71.0,0.0,0.0,0.0,167.0,0.0,101500.0,7.5,91,50,4.3,175,6.3,9.0,10.9,0.0
2024-12-31 22:00:00,25.13,24.5933333333333,0.25207602339181284,0.0,8.5,79,5,1.3,72,8.6,11.4,13.9,0.0,0.0,0.0,6.0,75.0,0.0,0.0,0.0,186.0,0.0,101520.0,6.9,94,76,3.3,186,5.8,8.5,10.8,0.0
2024-12-31 23:00:00,25.1233333333333,24.5433333333333,0.25261695906432746,0.0,7.7,81,7,0.4,48,8.0,11.2,13.9,0.0,0.0,0.0,5.0,70.0,0.0,0.0,0.0,186.0,0.0,101510.0,6.1,97,53,1.9,202,5.1,8.1,10.6,0.0
2025-01-01 00:00:00,25.1066666666667,24.51,0.2531578947368421,0.0,7.1,83,11,1.1,12,7.6,11.1,13.9,0.0,0.0,0.0,4.0,80.0,0.0,0.0,0.0,204.0,0.0,101510.0,4.7,99,57,3.9,202,4.0,7.3,10.4,0.0
2025-01-01 01:00:00,25.0866666666667,24.4666666666667,0.2536988304093567,0.0,5.4,79,2,4.2,283,7.0,11.0,13.9,0.0,0.0,0.0,4.0,76.0,0.0,0.0,1.0,174.0,0.0,101490.0,4.4,97,54,4.6,198,3.6,6.9,10.2,0.0
2025-01-01 02:00:00,25.0733333333333,24.4266666666667,0.2542397660818713,0.0,4.9,80,10,6.1,257,6.8,10.8,13.9,0.0,0.0,0.0,4.0,72.0,0.0,0.0,1.0,174.0,0.0,101470.0,4.2,96,44,3.9,202,3.2,6.5,10.0,0.0
2025-01-01 03:00:00,25.05,24.3933333333333,0.25478070175438594,0.0,5.2,78,0,6.9,250,6.7,10.6,13.8,0.0,0.0,0.0,2.0,78.0,0.0,0.0,1.0,180.0,0.0,101460.0,3.6,94,25,4.9,197,2.5,6.1,9.8,0.0
2025-01-01 04:00:00,25.0266666666667,24.3633333333333,0.25532163742690056,0.0,4.7,78,0,6.2,249,6.4,10.4,13.8,0.0,0.0,0.0,2.0,80.0,0.0,0.0,0.0,192.0,0.0,101470.0,3.3,95,31,5.2,192,2.4,5.7,9.5,0.0
2025-01-01 05:00:00,25.0033333333333,24.3166666666667,0.2558625730994152,0.0,4.5,76,9,6.7,225,6.2,10.3,13.8,0.0,0.0,0.0,1.0,77.0,0.0,0.0,1.0,166.0,0.0,101460.0,3.1,94,28,5.2,192,2.2,5.5,9.3,0.0
2025-01-01 06:00:00,24.98,24.2833333333333,0.2564035087719298,0.0,4.3,76,3,6.4,218,5.9,10.1,13.8,0.0,0.0,0.0,4.0,69.0,0.0,0.0,2.0,174.0,0.0,101440.0,3.0,94,24,5.9,191,2.0,5.2,9.1,0.0
2025-01-01 07:00:00,24.9666666666667,24.2566666666667,0.2569444444444444,0.0,4.0,81,6,6.2,220,5.7,9.9,13.8,0.0,0.0,0.0,4.0,74.0,0.0,0.0,0.0,246.0,0.0,101470.0,2.9,96,58,5.7,198,2.1,5.0,8.9,0.0
2025-01-01 08:00:00,24.9566666666667,24.2366666666667,0.25748538011695904,0.0,5.6,77,42,7.5,219,5.8,9.7,13.8,0.0,0.0,0.02,,,,,,,,,3.7,94,73,5.2,196,4.1,5.0,8.7,0.0
2025-01-01 09:00:00,24.9466666666667,24.2066666666667,0.25802631578947366,0.0,9.0,72,100,9.4,228,7.0,9.6,13.8,0.0,0.0,0.07,3.0,77.0,891.0,0.0,2.0,204.0,0.0,101490.0,6.6,85,78,4.8,207,8.8,5.9,8.5,0.0
2025-01-01 10:00:00,24.9333333333333,24.19,0.2585672514619883,0.0,11.9,65,79,7.7,239,8.7,9.6,13.8,0.0,0.0,0.14,6.0,71.0,6528.0,0.0,0.0,198.0,0.0,101520.0,10.0,74,57,6.4,232,13.5,7.8,8.5,0.0
2025-01-01 11:00:00,24.94,24.16,0.2591081871345029,0.0,13.7,59,1,4.0,265,10.6,9.7,13.8,0.0,0.0,0.21,8.0,72.0,11197.0,1.0,1.0,294.0,0.0,101570.0,12.3,69,63,6.6,257,16.6,9.9,8.7,0.0
2025-01-01 12:00:00,24.9466666666667,24.1466666666667,0.2596491228070175,0.0,14.8,56,1,6.1,27,12.3,9.9,13.8,0.0,0.0,0.26,11.0,63.0,17801.0,1.0,2.0,270.0,0.0,101550.0,13.9,69,65,5.9,11,17.7,11.7,9.0,0.0
2025-01-01 13:00:00,24.9566666666667,24.1333333333333,0.26019005847953214,0.0,15.3,56,10,11.3,47,13.1,10.4,13.8,0.0,0.0,0.27,13.0,62.0,42124.0,2.0,1.0,300.0,0.0,101520.0,14.7,64,54,9.8,17,18.1,13.0,9.3,0.0
2025-01-01 14:00:00,24.99,24.1233333333333,0.26073099415204676,0.0,15.0,57,75,13.1,43,13.7,10.6,13.8,0.0,0.0,0.23,15.0,61.0,46206.0,2.0,0.0,283.0,0.0,101430.0,14.7,63,59,11.4,24,16.7,13.7,9.8,0.0
2025-01-01 15:00:00,25.0233333333333,24.12,0.2612719298245614,0.0,14.7,58,100,13.0,43,13.9,10.9,13.7,0.0,0.0,0.19,15.0,62.0,21218.0,1.0,2.0,37.0,0.0,101360.0,14.3,67,100,12.7,29,14.9,13.9,10.2,0.0
2025-01-01 16:00:00,25.0533333333333,24.11,0.261812865497076,0.0,13.5,66,100,11.8,39,13.6,11.1,13.7,0.0,0.0,0.1,14.0,69.0,9489.0,1.0,5.0,24.0,0.0,101360.0,13.5,73,100,10.9,27,13.0,13.4,10.5,0.0
2025-01-01 17:00:00,25.08,24.1,0.2623538011695906,0.0,12.1,77,63,7.8,14,12.9,11.3,13.7,0.0,0.0,0.04,15.0,63.0,8732.0,0.0,3.0,60.0,0.0,101360.0,12.2,83,76,6.6,22,10.7,12.5,10.7,0.0
2025-01-01 18:00:00,25.0966666666667,24.09,0.26289473684210524,0.0,10.6,88,63,2.1,5,11.9,11.4,13.7,0.0,0.0,0.01,14.0,69.0,2540.0,0.0,4.0,342.0,0.0,101370.0,10.9,89,89,3.1,21,9.6,11.4,10.9,0.0
2025-01-01 19:00:00,25.0966666666667,24.0633333333333,0.26343567251461986,0.0,10.2,87,67,0.6,350,11.0,11.5,13.7,0.1,0.1,0.0,12.0,75.0,0.0,0.0,1.0,6.0,0.0,101400.0,10.7,91,95,0.8,297,9.4,10.8,10.9,0.0
2025-01-01 20:00:00,25.0866666666667,24.04,0.2639766081871345,0.0,9.9,86,71,1.1,50,10.5,11.5,13.7,0.2,0.2,0.0,11.0,89.0,0.0,0.0,2.0,6.0,3.0,101460.0,10.1,95,91,2.9,263,9.2,10.4,10.9,0.0
2025-01-01 21:00:00,25.0866666666667,24.02,0.2645175438596491,0.0,9.8,89,44,3.5,240,10.2,11.4,13.7,0.1,0.1,0.0,10.0,91.0,0.0,0.0,0.0,180.0,2.0,101500.0,9.8,92,91,2.6,214,8.9,10.2,10.9,0.0
2025-01-01 22:00:00,25.0833333333333,23.9933333333333,0.2650584795321637,0.0,8.7,90,34,3.7,232,9.6,11.4,13.7,0.1,0.1,0.0,11.0,92.0,0.0,0.0,2.0,216.0,0.0,101500.0,9.5,94,89,3.9,214,9.1,10.1,10.9,0.0
2025-01-01 23:00:00,25.0633333333333,23.9733333333333,0.26559941520467834,0.0,8.4,91,40,5.5,238,9.0,11.3,13.7,0.0,0.0,0.0,11.0,93.0,0.0,0.0,0.0,54.0,0.0,101520.0,9.2,94,90,3.7,209,8.6,9.9,10.9,0.0
2025-01-02 00:00:00,25.06,23.98,0.26614035087719295,0.0,8.1,93,22,6.4,234,8.7,11.2,13.7,0.0,0.0,0.0,11.0,93.0,0.0,0.0,2.0,240.0,13.0,101550.0,9.2,93,85,4.1,218,8.7,9.8,10.8,0.0
2025-01-02 01:00:00,25.06,24.0233333333333,0.2666812865497076,0.0,7.3,96,22,6.7,222,9.0,11.2,13.7,0.0,0.0,0.0,10.0,93.0,0.0,0.0,0.0,180.0,2.0,101560.0,9.1,94,80,4.9,216,8.4,9.7,10.8,0.0
2025-01-02 02:00:00,25.0633333333333,24.0866666666667,0.2672222222222222,0.0,6.8,96,54,7.1,223,8.4,11.1,13.7,0.0,0.0,0.0,9.0,94.0,0.0,0.0,0.0,240.0,0.0,101550.0,8.5,95,83,4.5,209,7.5,9.4,10.7,0.0
2025-01-02 03:00:00,25.0766666666667,24.1366666666667,0.2677631578947368,0.0,6.2,96,75,6.6,226,7.9,10.9,13.7,0.0,0.0,0.0,9.0,95.0,0.0,0.0,1.0,204.0,0.0,101530.0,8.1,94,83,4.5,194,7.2,9.0,10.7,0.0
2025-01-02 04:00:00,25.09,24.1766666666667,0.26830409356725143,0.0,5.7,98,91,7.7,231,7.5,10.8,13.7,0.0,0.0,0.0,8.0,95.0,0.0,0.0,0.0,210.0,0.0,101520.0,7.6,94,61,4.3,185,6.4,8.7,10.6,0.0
2025-01-02 05:00:00,25.1066666666667,24.2133333333333,0.26884502923976605,0.0,5.3,100,100,8.7,222,7.3,10.6,13.7,0.0,0.0,0.0,6.0,95.0,0.0,0.0,0.0,188.0,0.0,101510.0,7.3,94,46,4.1,195,6.1,8.3,10.4,0.0
2025-01-02 06:00:00,25.12,24.2333333333333,0.2693859649122807,0.0,5.2,100,99,9.0,219,7.2,10.5,13.7,0.0,0.0,0.0,6.0,95.0,0.0,0.0,1.0,180.0,0.0,101500.0,6.9,94,39,4.0,185,5.4,8.0,10.3,0.0
2025-01-02 07:00:00,25.12,24.24,0.2699269005847953,0.0,5.4,100,97,9.4,223,7.1,10.4,13.7,0.0,0.0,0.0,6.0,94.0,0.0,0.0,1.0,192.0,0.0,101520.0,6.3,95,46,4.3,180,5.1,7.6,10.2,0.0
2025-01-02 08:00:00,25.12,24.2466666666667,0.2704678362573099,0.0,6.0,97,24,9.4,225,7.1,10.2,13.7,0.0,0.0,0.01,6.0,94.0,0.0,0.0,1.0,186.0,0.0,101580.0,6.2,96,55,4.0,185,6.1,7.4,10.0,0.0
2025-01-02 09:00:00,25.12,24.25,0.27100877192982453,0.0,8.5,91,29,9.6,232,7.9,10.1,13.7,0.0,0.0,0.04,6.0,94.0,1955.0,0.0,0.0,186.0,0.0,101620.0,9.0,90,38,3.9,202,11.4,8.3,9.9,0.0
2025-01-02 10:00:00,25.1233333333333,24.2466666666667,0.27154970760233915,0.0,11.0,87,26,9.6,233,9.4,10.1,13.7,0.0,0.0,0.11,7.0,95.0,6003.0,0.0,0.0,239.0,0.0,101700.0,12.2,79,26,6.1,230,16.0,10.0,9.9,0.0
2025-01-02 11:00:00,25.48,24.26,0.27209064327485377,0.0,13.4,74,3,10.6,256,11.0,10.2,13.7,0.0,0.0,0.19,11.0,89.0,19511.0,1.0,2.0,239.0,0.0,101750.0,14.3,72,0,6.4,243,18.5,12.0,10.1,0.0
2025-01-02 12:00:00,25.52,24.2633333333333,0.2726315789473684,0.0,14.8,63,4,6.8,270,12.6,10.4,13.7,0.0,0.0,0.26,12.0,82.0,19802.0,1.0,2.0,276.0,0.0,101770.0,15.6,64,35,3.0,256,19.4,13.8,10.4,0.0
2025-01-02 13:00:00,25.5633333333333,24.2733333333333,0.273172514619883,0.0,15.9,59,1,3.7,299,14.5,10.7,13.6,0.0,0.0,0.26,14.0,72.0,44928.0,2.0,2.0,234.0,0.0,101680.0,16.4,58,24,1.1,18,19.7,14.8,10.8,0.0
2025-01-02 14:00:00,25.6166666666667,24.28,0.27371345029239763,0.0,16.4,56,2,4.4,335,15.2,11.0,13.6,0.0,0.0,0.26,15.0,61.0,44847.0,2.0,1.0,198.0,0.0,101570.0,16.9,56,4,4.3,24,20.0,15.6,11.2,0.0
2025-01-02 15:00:00,25.6866666666667,24.2833333333333,0.27425438596491225,0.0,16.2,55,1,5.8,1,15.4,11.3,13.6,0.0,0.0,0.2,17.0,55.0,30372.0,2.0,0.0,96.0,0.0,101490.0,16.6,60,12,10.6,24,17.5,16.0,11.6,0.0
2025-01-02 16:00:00,25.7333333333333,24.29,0.27479532163742687,0.0,15.3,63,0,6.9,27,15.0,11.6,13.6,0.0,0.0,0.12,18.0,53.0,25339.0,1.0,0.0,184.0,0.0,101450.0,15.2,69,6,10.5,27,14.8,15.4,11.9,0.0
2025-01-02 17:00:00,25.7666666666667,24.2766666666667,0.2753362573099415,0.0,12.2,78,0,6.3,52,13.9,11.8,13.6,0.0,0.0,0.03,16.0,62.0,8890.0,1.0,3.0,24.0,0.0,101500.0,13.7,76,0,6.4,43,11.5,14.3,12.1,0.0
2025-01-02 18:00:00,25.7866666666667,24.27,0.2758771929824561,0.0,10.5,84,0,4.7,67,12.4,11.9,13.6,0.0,0.0,0.02,14.0,71.0,2540.0,0.0,2.0,48.0,0.0,101510.0,11.8,83,0,3.6,84,9.1,12.7,12.3,0.0
2025-01-02 19:00:00,25.7933333333333,24.2533333333333,0.27641812865497073,0.0,10.0,83,0,3.1,91,11.2,11.9,13.6,0.0,0.0,0.0,12.0,81.0,0.0,0.0,0.0,91.0,0.0,101560.0,10.4,90,0,3.6,143,8.1,11.5,12.2,0.0
2025-01-02 20:00:00,25.7766666666667,24.2233333333333,0.27695906432748535,0.0,9.1,85,0,2.0,113,10.3,11.9,13.6,0.0,0.0,0.0,10.0,87.0,0.0,0.0,2.0,148.0,0.0,101600.0,9.2,93,0,2.6,164,7.0,10.5,12.1,0.0
2025-01-02 21:00:00,25.7666666666667,24.19,0.27749999999999997,0.0,8.4,86,0,1.2,50,9.5,11.8,13.6,0.0,0.0,0.0,10.0,83.0,0.0,0.0,0.0,156.0,0.0,101620.0,7.8,95,17,2.9,180,6.2,9.7,12.0,0.0
2025-01-02 22:00:00,25.7533333333333,24.15,0.2780409356725146,0.0,8.1,87,0,1.9,27,8.9,11.7,13.6,0.0,0.0,0.0,8.0,87.0,0.0,0.0,0.0,198.0,0.0,101610.0,6.5,98,50,2.9,180,5.6,9.1,11.8,0.0
2025-01-02 23:00:00,25.73,24.1233333333333,0.2785818713450292,0.0,7.5,87,0,2.8,184,8.5,11.5,13.6,0.0,0.0,0.0,7.0,92.0,0.0,0.0,0.0,192.0,0.0,101630.0,5.7,99,54,2.9,187,5.0,8.5,11.6,0.0
2025-01-03 00:00:00,25.7166666666667,24.1066666666667,0.27912280701754383,0.0,6.9,88,0,4.0,222,8.1,11.4,13.6,0.0,0.0,0.0,6.0,92.0,0.0,0.0,0.0,168.0,0.0,101630.0,5.2,99,52,3.5,204,4.6,8.0,11.3,0.0
2025-01-03 01:00:00,25.6866666666667,24.0733333333333,0.27966374269005845,0.0,6.4,89,0,5.1,234,7.8,11.3,13.6,0.0,0.0,0.0,6.0,92.0,0.0,0.0,0.0,192.0,0.0,101610.0,4.9,97,46,3.9,202,4.1,7.5,11.1,0.0
2025-01-03 02:00:00,25.66,24.05,0.28020467836257307,0.0,6.0,90,0,5.6,229,7.5,11.2,13.6,0.0,0.0,0.0,7.0,93.0,0.0,0.0,0.0,198.0,0.0,101600.0,4.8,95,34,3.4,198,3.7,7.1,10.8,0.0
2025-01-03 03:00:00,25.6366666666667,24.0233333333333,0.2807456140350877,0.0,5.8,90,0,5.6,226,7.4,11.0,13.6,0.0,0.0,0.0,6.0,94.0,0.0,0.0,1.0,192.0,0.0,101580.0,4.4,94,25,4.2,200,3.2,6.6,10.5,0.0
2025-01-03 04:00:00,25.6166666666667,24.0,0.2812865497076023,0.0,5.9,87,0,6.3,219,7.2,10.8,13.6,0.0,0.0,0.0,5.0,94.0,0.0,0.0,1.0,176.0,0.0,101590.0,4.1,94,13,3.7,209,2.9,6.3,10.3,0.0
2025-01-03 05:00:00,25.5933333333333,23.9833333333333,0.2818274853801169,0.0,5.7,86,0,6.2,221,7.0,10.6,13.6,0.0,0.0,0.0,5.0,94.0,0.0,0.0,0.0,180.0,0.0,101540.0,3.9,93,5,4.0,207,2.5,6.0,10.0,0.0
2025-01-03 06:00:00,25.5733333333333,23.9733333333333,0.28236842105263155,0.0,5.5,85,0,6.7,231,6.9,10.5,13.6,0.0,0.0,0.0,6.0,92.0,0.0,0.0,0.0,186.0,0.0,101490.0,3.9,92,3,4.9,216,2.5,5.7,9.8,0.0
2025-01-03 07:00:00,25.56,23.96,0.28290935672514617,0.0,5.6,83,0,7.7,237,6.7,10.3,13.6,0.0,0.0,0.0,6.0,91.0,0.0,0.0,1.0,228.0,0.0,101460.0,3.9,91,1,4.9,216,2.4,5.5,9.5,0.0
2025-01-03 08:00:00,25.55,23.9433333333333,0.2834502923976608,0.0,6.9,77,0,8.0,241,6.8,10.2,13.6,0.0,0.0,0.02,5.0,91.0,0.0,0.0,2.0,252.0,0.0,101460.0,4.3,89,0,4.8,222,3.8,5.3,9.3,0.0
2025-01-03 09:00:00,25.5366666666667,23.9133333333333,0.2839912280701754,0.0,10.7,67,0,10.0,244,7.9,10.1,13.6,0.0,0.0,0.08,7.0,85.0,3023.0,0.0,2.0,246.0,0.0,101510.0,8.1,78,0,4.8,228,10.1,6.5,9.1,0.0
2025-01-03 10:00:00,25.54,23.89,0.28453216374269,0.0,13.7,58,4,10.5,252,9.6,10.1,13.6,0.0,0.0,0.17,9.0,81.0,8189.0,0.0,2.0,240.0,0.0,101560.0,12.8,60,0,7.7,242,15.8,8.6,9.1,0.0
2025-01-03 11:00:00,25.5666666666667,23.91,0.28507309941520464,0.0,15.9,49,0,11.6,258,11.4,10.2,13.6,0.0,0.0,0.26,11.0,66.0,25677.0,1.0,4.0,258.0,0.0,101630.0,15.3,49,0,11.9,245,18.1,10.9,9.2,0.0
2025-01-03 12:00:00,25.59,23.8866666666667,0.28561403508771926,0.0,17.3,44,13,11.2,260,13.0,10.4,13.6,0.0,0.0,0.31,13.0,56.0,39736.0,3.0,5.0,282.0,0.0,101590.0,16.9,46,0,14.6,250,19.6,12.8,9.5,0.0
2025-01-03 13:00:00,25.6266666666667,23.8966666666667,0.2861549707602339,0.0,18.6,40,7,11.0,256,14.4,10.7,13.6,0.0,0.0,0.33,15.0,48.0,46343.0,1.0,5.0,287.0,0.0,101490.0,18.1,40,0,13.6,253,20.5,14.2,9.9,0.0
2025-01-03 14:00:00,25.6633333333333,23.88,0.2866959064327485,0.0,19.1,36,2,11.1,255,15.2,11.0,13.6,0.0,0.0,0.32,17.0,45.0,45229.0,3.0,2.0,265.0,0.0,101400.0,18.8,36,2,12.6,257,20.1,15.3,10.4,0.0
2025-01-03 15:00:00,25.7066666666667,23.8866666666667,0.2872368421052631,0.0,19.3,37,5,8.7,265,15.5,11.3,13.6,0.0,0.0,0.25,18.0,40.0,35877.0,2.0,3.0,238.0,0.0,101300.0,19.3,34,0,10.1,276,19.1,15.9,10.8,0.0
2025-01-03 16:00:00,25.7366666666667,23.8866666666667,0.28777777777777774,0.0,17.5,52,7,4.3,294,15.2,11.6,13.6,0.0,0.0,0.13,19.0,38.0,20865.0,1.0,2.0,244.0,0.0,101280.0,18.0,47,0,6.7,324,16.2,15.7,11.2,0.0
2025-01-03 17:00:00,25.7533333333333,23.8833333333333,0.28831871345029236,0.0,14.7,51,6,0.9,309,13.9,11.8,13.6,0.0,0.0,0.02,19.0,36.0,7495.0,0.0,2.0,300.0,0.0,101300.0,15.0,65,0,4.5,29,11.5,14.7,11.5,0.0
2025-01-03 18:00:00,25.77,23.8633333333333,0.288859649122807,0.0,12.7,58,0,0.6,180,12.3,11.9,13.6,0.0,0.0,0.02,15.0,57.0,1333.0,0.0,1.0,64.0,0.0,101310.0,12.8,72,0,3.3,139,8.3,12.8,11.7,0.0
2025-01-03 19:00:00,25.77,23.85,0.2894005847953216,0.0,11.5,55,0,2.4,202,11.1,11.9,13.6,0.0,0.0,0.0,11.0,68.0,0.0,0.0,0.0,162.0,0.0,101360.0,9.8,71,0,4.7,184,7.3,11.4,11.7,0.0
2025-01-03 20:00:00,25.76,23.8333333333333,0.2899415204678362,0.0,9.9,55,65,5.8,222,10.1,11.9,13.6,0.0,0.0,0.02,10.0,71.0,0.0,0.0,0.0,180.0,0.0,101400.0,8.9,64,0,5.5,203,6.4,10.2,11.7,0.0
2025-01-03 21:00:00,25.74,23.8166666666667,0.29048245614035084,0.0,9.2,57,64,6.6,227,9.5,11.8,13.6,0.0,0.0,0.02,9.0,67.0,0.0,0.0,1.0,180.0,0.0,101410.0,9.0,64,0,6.6,202,6.5,9.5,11.6,0.0
2025-01-03 22:00:00,25.7233333333333,23.7833333333333,0.29102339181286546,0.0,9.0,58,76,6.6,230,9.1,11.7,13.6,0.0,0.0,0.02,9.0,66.0,0.0,0.0,1.0,176.0,0.0,101430.0,8.4,67,0,6.2,201,6.0,9.0,11.4,0.0
2025-01-03 23:00:00,25.6933333333333,23.7566666666667,0.2915643274853801,0.0,8.8,58,16,6.2,221,8.7,11.5,13.6,0.0,0.0,0.02,8.0,68.0,0.0,0.0,1.0,180.0,0.0,101440.0,7.4,71,9,5.6,207,5.3,8.5,11.3,0.0
2025-01-04 00:00:00,25.66,23.73,0.2921052631578947,0.0,9.1,56,29,4.7,225,8.2,11.4,13.6,0.0,0.0,0.01,9.0,65.0,0.0,0.0,1.0,186.0,0.0,101440.0,6.9,73,15,6.2,201,4.9,8.0,11.1,0.0
2025-01-04 01:00:00,25.63,23.7066666666667,0.2926461988304093,0.0,8.2,57,100,7.2,223,7.8,11.3,13.6,0.0,0.0,0.02,8.0,68.0,0.0,0.0,0.0,228.0,0.0,101390.0,6.3,76,57,5.3,208,4.3,7.6,10.9,0.0
2025-01-04 02:00:00,25.61,23.6966666666667,0.29318713450292394,0.0,7.4,58,100,7.9,221,7.7,11.1,13.6,0.0,0.0,0.02,8.0,68.0,0.0,0.0,2.0,258.0,0.0,101360.0,5.8,78,69,5.1,219,4.1,7.3,10.7,0.0
2025-01-04 03:00:00,25.5866666666667,23.6666666666667,0.29372807017543856,0.0,6.8,61,97,8.4,221,7.6,10.9,13.6,0.0,0.0,0.02,10.0,61.0,0.0,0.0,3.0,258.0,0.0,101340.0,5.5,77,27,5.6,220,3.5,6.8,10.5,0.0
2025-01-04 04:00:00,25.5666666666667,23.6466666666667,0.2942690058479532,0.0,7.0,61,81,9.2,225,7.6,10.8,13.6,0.0,0.0,0.03,8.0,64.0,0.0,0.0,2.0,210.0,0.0,101300.0,5.3,75,21,5.4,222,3.2,6.5,10.2,0.0
2025-01-04 05:00:00,25.5566666666667,23.6366666666667,0.2948099415204678,0.0,6.6,63,7,9.3,224,7.5,10.6,13.6,0.0,0.0,0.02,8.0,61.0,0.0,0.0,2.0,222.0,0.0,101270.0,5.3,70,20,6.1,220,3.1,6.2,10.0,0.0
2025-01-04 06:00:00,25.5366666666667,23.6066666666667,0.2953508771929824,0.0,6.5,63,12,10.1,226,7.3,10.5,13.6,0.0,0.0,0.03,8.0,61.0,0.0,0.0,2.0,222.0,0.0,101240.0,5.5,69,0,6.6,221,3.3,6.1,9.8,0.0
2025-01-04 07:00:00,25.5133333333333,23.5933333333333,0.29589181286549704,0.0,6.6,62,31,10.5,227,7.2,10.4,13.6,0.0,0.0,0.03,7.0,64.0,0.0,0.0,2.0,222.0,0.0,101300.0,5.4,68,2,6.4,223,3.0,5.9,9.6,0.0
2025-01-04 08:00:00,25.49,23.5733333333333,0.29643274853801166,0.0,7.6,61,47,10.8,228,7.3,10.2,13.5,0.0,0.0,0.04,8.0,61.0,42.0,0.0,1.0,228.0,0.0,101310.0,5.8,67,0,6.9,223,4.6,5.8,9.4,0.0
2025-01-04 09:00:00,25.4666666666667,23.5666666666667,0.2969736842105263,0.0,11.8,56,97,10.9,233,8.3,10.1,13.5,0.0,0.0,0.1,9.0,55.0,6241.0,0.0,3.0,240.0,0.0,101330.0,9.3,64,0,6.9,231,10.5,6.7,9.2,0.0
2025-01-04 10:00:00,25.45,23.5566666666667,0.2975146198830409,0.0,15.4,48,97,10.6,243,10.0,10.2,13.5,0.0,0.0,0.18,12.0,46.0,13638.0,1.0,3.0,264.0,0.0,101380.0,14.6,46,3,10.3,245,16.7,8.8,9.2,0.0
2025-01-04 11:00:00,25.45,23.5333333333333,0.2980555555555555,0.0,17.6,38,58,11.5,263,11.8,10.3,13.5,0.0,0.0,0.28,13.0,44.0,13569.0,1.0,3.0,252.0,0.0,101430.0,17.0,36,6,13.9,249,18.9,11.2,9.4,0.0
2025-01-04 12:00:00,25.46,23.52,0.29859649122807014,0.0,19.1,33,91,11.7,265,13.4,10.5,13.5,0.0,0.0,0.34,15.0,40.0,41929.0,1.0,2.0,245.0,0.0,101390.0,18.2,33,65,13.1,254,20.1,13.0,9.7,0.0
2025-01-04 13:00:00,25.48,23.5033333333333,0.29913742690058476,0.0,20.1,31,90,8.8,267,14.6,10.8,13.5,0.0,0.0,0.35,17.0,38.0,38086.0,2.0,3.0,258.0,0.0,101280.0,19.3,30,100,11.3,263,20.5,14.4,10.1,0.0
2025-01-04 14:00:00,25.5166666666667,23.51,0.2996783625730994,0.0,20.5,30,99,7.7,286,15.5,11.1,13.5,0.0,0.0,0.32,19.0,31.0,45791.0,3.0,2.0,309.0,0.0,101170.0,19.7,32,76,8.0,306,21.0,15.3,10.5,0.0
2025-01-04 15:00:00,25.56,23.5066666666667,0.300219298245614,0.0,19.5,34,99,8.1,341,15.8,11.4,13.5,0.0,0.0,0.24,19.0,30.0,43944.0,2.0,2.0,287.0,0.0,101090.0,18.4,41,84,12.3,357,18.1,16.0,11.0,0.0
2025-01-04 16:00:00,25.6,23.5066666666667,0.3007602339181286,0.0,16.7,49,98,8.0,24,15.3,11.7,13.5,0.0,0.0,0.14,20.0,28.0,21333.0,1.0,2.0,336.0,0.0,101060.0,16.9,55,72,10.9,9,15.4,15.5,11.4,0.0
2025-01-04 17:00:00,25.6233333333333,23.5,0.30130116959064324,0.0,12.8,67,84,4.6,57,14.0,11.9,13.5,0.0,0.0,0.04,17.0,42.0,6733.0,0.0,3.0,38.0,0.0,101070.0,14.9,69,69,5.4,48,11.6,14.5,11.7,0.0
2025-01-04 18:00:00,25.64,23.49,0.30184210526315786,0.0,10.9,70,100,5.1,78,12.4,12.0,13.5,0.0,0.0,0.02,14.0,65.0,648.0,0.0,1.0,65.0,0.0,101100.0,12.5,76,62,4.5,119,9.1,12.9,11.8,0.0
2025-01-04 19:00:00,25.6366666666667,23.4733333333333,0.3023830409356725,0.0,10.0,68,17,4.4,102,11.2,12.0,13.5,0.0,0.0,0.0,12.0,74.0,0.0,0.0,1.0,132.0,0.0,101120.0,10.1,87,26,5.5,148,7.9,11.6,11.9,0.0
2025-01-04 20:00:00,25.6266666666667,23.45,0.3029239766081871,0.0,9.4,67,11,2.7,123,10.2,12.0,13.5,0.0,0.0,0.0,12.0,78.0,0.0,0.0,2.0,138.0,0.0,101130.0,8.6,90,24,4.5,166,6.7,10.5,11.8,0.0
2025-01-04 21:00:00,25.61,23.4333333333333,0.3034649122807017,0.0,9.1,67,97,1.6,120,9.4,11.9,13.5,0.0,0.0,0.0,9.0,81.0,0.0,0.0,1.0,166.0,0.0,101140.0,7.0,91,35,4.8,193,5.5,9.6,11.7,0.0
2025-01-04 22:00:00,25.5866666666667,23.4266666666667,0.30400584795321633,0.0,9.0,67,95,1.5,132,8.8,11.7,13.5,0.0,0.0,0.0,10.0,71.0,0.0,0.0,2.0,173.0,0.0,101110.0,5.6,87,100,4.7,189,4.5,8.8,11.5,0.0
2025-01-04 23:00:00,25.56,23.41,0.30454678362573095,0.0,8.8,68,99,2.6,151,8.4,11.6,13.5,0.0,0.0,0.0,9.0,81.0,0.0,0.0,1.0,258.0,0.0,101110.0,5.0,79,90,4.5,194,3.9,8.0,11.3,0.0
2025-01-05 00:00:00,25.53,23.3866666666667,0.3050877192982456,0.0,8.2,70,100,4.2,187,8.0,11.4,13.5,0.0,0.0,0.0,9.0,75.0,0.0,0.0,0.0,228.0,0.0,101070.0,4.6,74,78,5.2,192,3.3,7.4,11.1,0.0
2025-01-05 01:00:00,25.5066666666667,23.3633333333333,0.3056286549707602,0.0,7.6,65,100,5.3,201,7.2,11.3,13.5,0.0,0.0,0.01,8.0,76.0,0.0,0.0,1.0,168.0,0.0,101010.0,4.7,71,66,5.2,192,3.3,7.0,10.8,0.0
2025-01-05 02:00:00,25.4866666666667,23.34,0.3061695906432748,0.0,7.4,60,100,5.5,216,7.2,11.1,13.5,0.0,0.0,0.01,8.0,70.0,0.0,0.0,1.0,176.0,0.0,100960.0,4.8,70,100,4.9,197,3.5,6.6,10.6,0.0
2025-01-05 03:00:00,25.4666666666667,23.3233333333333,0.30671052631578943,0.0,7.3,54,100,5.9,223,7.2,10.9,13.5,0.0,0.0,0.02,7.0,76.0,0.0,0.0,1.0,180.0,0.0,100920.0,5.3,65,98,5.5,203,3.6,6.6,10.3,0.0
2025-01-05 04:00:00,25.4566666666667,23.3033333333333,0.30725146198830405,0.0,6.9,50,100,6.2,235,7.1,10.7,13.5,0.0,0.0,0.02,7.0,75.0,0.0,0.0,1.0,180.0,0.0,100870.0,5.5,65,100,5.4,200,4.0,6.5,10.1,0.0
2025-01-05 05:00:00,25.4366666666667,23.2933333333333,0.3077923976608187,0.0,6.9,49,100,6.6,243,7.0,10.5,13.5,0.0,0.0,0.02,9.0,66.0,0.0,0.0,2.0,210.0,0.0,100810.0,5.7,67,100,4.8,207,3.9,6.4,9.9,0.0
2025-01-05 06:00:00,25.41,23.2766666666667,0.3083333333333333,0.0,7.2,50,100,6.6,248,7.0,10.4,13.5,0.0,0.0,0.03,8.0,70.0,0.0,0.0,0.0,216.0,0.0,100800.0,5.5,67,100,5.0,201,3.8,6.2,9.7,0.0
2025-01-05 07:00:00,25.38,23.27,0.3088742690058479,0.0,7.1,52,100,6.6,252,7.0,10.2,13.5,0.0,0.0,0.02,9.0,66.0,0.0,0.0,1.0,234.0,0.0,100790.0,5.6,63,100,4.8,207,4.0,6.2,9.5,0.0
2025-01-05 08:00:00,25.3566666666667,23.2566666666667,0.30941520467836253,0.0,7.7,57,100,6.1,247,7.1,10.1,13.5,0.0,0.0,0.04,9.0,62.0,134.0,0.0,1.0,222.0,0.0,100780.0,5.9,61,100,5.3,208,4.9,6.2,9.3,0.0
2025-01-05 09:00:00,25.3366666666667,23.2366666666667,0.30995614035087715,0.0,11.0,54,100,7.1,248,8.0,10.0,13.5,0.0,0.0,0.08,8.0,65.0,7060.0,0.0,2.0,228.0,0.0,100810.0,8.3,64,100,4.9,216,8.8,6.9,9.2,0.0
2025-01-05 10:00:00,25.3233333333333,23.2133333333333,0.31049707602339177,0.0,14.0,46,100,8.2,254,9.5,10.0,13.5,0.0,0.0,0.16,10.0,59.0,15611.0,1.0,3.0,198.0,0.0,100800.0,12.1,60,100,4.3,228,14.2,8.5,9.2,0.0
2025-01-05 11:00:00,25.3133333333333,23.2066666666667,0.3110380116959064,0.0,16.1,41,100,6.4,278,11.1,10.1,13.5,0.0,0.0,0.21,14.0,45.0,30219.0,2.0,2.0,233.0,0.0,100790.0,14.8,44,100,5.9,232,17.7,10.5,9.3,0.0
2025-01-05 12:00:00,25.3233333333333,23.1933333333333,0.311578947368421,0.0,16.9,40,100,6.8,285,12.2,10.3,13.5,0.0,0.0,0.21,15.0,42.0,25082.0,1.0,3.0,256.0,0.0,100720.0,16.5,41,100,5.2,236,19.8,12.3,9.6,0.0
2025-01-05 13:00:00,25.3433333333333,23.1933333333333,0.31211988304093563,0.0,17.6,39,100,5.9,295,13.1,10.7,13.5,0.0,0.0,0.21,16.0,38.0,55106.0,2.0,3.0,250.0,0.0,100610.0,17.6,37,100,7.0,235,18.2,13.7,9.9,0.0
2025-01-05 14:00:00,25.3633333333333,23.1733333333333,0.31266081871345025,0.0,18.8,36,100,4.5,320,14.3,10.9,13.5,0.0,0.0,0.26,18.0,33.0,47806.0,3.0,2.0,228.0,0.0,100470.0,18.5,37,100,5.4,217,20.5,14.5,10.3,0.0
2025-01-05 15:00:00,25.3966666666667,23.1733333333333,0.31320175438596487,0.0,18.5,42,100,2.8,322,14.7,11.2,13.5,0.0,0.0,0.17,20.0,31.0,35210.0,2.0,3.0,232.0,0.0,100380.0,19.1,35,88,4.0,260,17.6,15.2,10.7,0.0
2025-01-05 16:00:00,25.43,23.1766666666667,0.3137426900584795,0.0,17.2,59,99,2.8,40,14.6,11.4,13.5,0.0,0.0,0.1,20.0,29.0,17667.0,1.0,2.0,216.0,0.0,100330.0,18.2,45,99,3.4,58,15.5,15.0,11.1,0.0
2025-01-05 17:00:00,25.4666666666667,23.17,0.3142836257309941,0.0,14.1,61,96,3.4,77,13.6,11.6,13.5,0.0,0.0,0.04,19.0,32.0,7456.0,0.0,1.0,138.0,0.0,100330.0,15.2,58,99,4.7,99,11.2,14.0,11.4,0.0
2025-01-05 18:00:00,25.47,23.16,0.31482456140350873,0.0,12.2,66,75,1.1,175,12.1,11.7,13.5,0.0,0.0,0.01,16.0,42.0,267.0,0.0,1.0,174.0,0.0,100320.0,13.1,60,91,3.6,127,9.5,12.8,11.6,0.0
2025-01-05 19:00:00,25.4733333333333,23.1533333333333,0.31536549707602335,0.0,10.1,60,77,4.1,200,10.9,11.8,13.5,0.0,0.0,0.01,14.0,46.0,0.0,0.0,2.0,170.0,0.0,100360.0,10.6,69,3,3.2,153,7.0,11.4,11.6,0.0
2025-01-05 20:00:00,25.4633333333333,23.1466666666667,0.31590643274853797,0.0,9.6,47,9,8.7,209,10.1,11.7,13.5,0.0,0.0,0.04,10.0,55.0,0.0,0.0,1.0,192.0,0.0,100360.0,8.4,70,70,3.7,191,5.6,10.1,11.6,0.0
2025-01-05 21:00:00,25.4366666666667,23.14,0.3164473684210526,0.0,11.2,40,18,10.8,211,9.8,11.6,13.5,0.0,0.0,0.06,8.0,61.0,0.0,0.0,2.0,186.0,0.0,100370.0,8.3,56,93,5.2,196,6.1,9.3,11.5,0.0
2025-01-05 22:00:00,25.41,23.1233333333333,0.3169883040935672,0.0,11.2,42,90,10.4,212,9.6,11.6,13.5,0.0,0.0,0.06,9.0,56.0,0.0,0.0,1.0,186.0,0.0,100410.0,8.6,50,74,5.3,208,5.9,8.8,11.3,0.0
2025-01-05 23:00:00,25.39,23.0933333333333,0.31752923976608183,0.0,11.1,45,30,9.9,215,9.4,11.5,13.5,0.0,0.0,0.05,9.0,51.0,0.0,0.0,0.0,156.0,0.0,100400.0,8.1,53,51,5.2,214,5.6,8.5,11.2,0.0
2025-01-06 00:00:00,25.3666666666667,23.0733333333333,0.31807017543859645,0.0,12.4,43,19,12.4,213,9.4,11.4,13.5,0.0,0.0,0.07,12.0,43.0,0.0,0.0,1.0,222.0,0.0,100350.0,8.2,52,0,5.7,215,5.5,8.3,11.0,0.0
2025-01-06 01:00:00,25.35,23.06,0.31861111111111107,0.0,10.4,50,10,9.4,203,9.6,11.5,13.5,0.0,0.0,0.04,11.0,48.0,0.0,0.0,2.0,198.0,0.0,100330.0,7.8,55,81,5.4,222,5.6,8.0,10.8,0.0
2025-01-06 02:00:00,25.3333333333333,23.0433333333333,0.3191520467836257,0.0,12.0,46,59,11.4,211,9.5,11.4,13.5,0.0,0.0,0.06,12.0,44.0,0.0,0.0,1.0,192.0,0.0,100240.0,8.7,55,72,6.0,205,6.6,7.9,10.6,0.0
2025-01-06 03:00:00,25.3166666666667,23.0266666666667,0.3196929824561403,0.0,14.0,42,100,12.4,212,9.9,11.3,13.5,0.0,0.0,0.08,12.0,45.0,0.0,0.0,2.0,234.0,0.0,100170.0,9.9,55,72,6.6,221,7.6,8.2,10.4,0.0
2025-01-06 04:00:00,25.3,23.02,0.3202339181286549,0.0,15.3,36,63,14.9,213,10.5,11.3,13.5,0.0,0.0,0.11,12.0,48.0,0.0,0.0,2.0,168.0,0.0,100110.0,10.7,53,36,5.9,227,7.8,8.5,10.3,0.0
2025-01-06 05:00:00,25.2766666666667,23.0133333333333,0.32077485380116955,0.0,14.0,37,94,12.2,213,10.6,11.3,13.5,0.0,0.0,0.08,12.0,48.0,0.0,0.0,2.0,258.0,0.0,100050.0,10.9,52,100,6.6,229,7.7,8.6,10.3,0.0
2025-01-06 06:00:00,25.2533333333333,22.9966666666667,0.32131578947368417,0.0,13.8,35,97,13.9,221,10.6,11.3,13.5,0.0,0.0,0.1,14.0,43.0,0.0,0.0,3.0,294.0,0.0,100050.0,11.6,46,85,9.2,244,8.5,9.0,10.2,0.0
2025-01-06 07:00:00,25.24,22.9866666666667,0.3218567251461988,0.0,13.9,33,100,15.2,226,10.7,11.3,13.5,0.0,0.0,0.11,14.0,39.0,0.0,0.0,4.0,282.0,0.0,100110.0,12.8,38,100,11.6,248,10.6,9.3,10.2,0.0
2025-01-06 08:00:00,25.23,22.9666666666667,0.3223976608187134,0.0,13.5,36,100,20.3,230,10.9,11.3,13.5,0.0,0.0,0.14,14.0,39.0,264.0,0.0,2.0,276.0,0.0,100190.0,12.6,47,100,8.9,223,10.7,9.8,10.2,0.0
2025-01-06 09:00:00,25.2133333333333,22.96,0.322938596491228,0.0,14.1,44,91,29.0,227,11.3,11.3,13.5,0.0,0.0,0.17,12.0,59.0,1603.0,0.0,2.0,210.0,0.0,100290.0,13.0,59,100,16.3,227,11.8,10.0,10.2,0.0
2025-01-06 10:00:00,25.2066666666667,22.9333333333333,0.32347953216374264,0.0,15.6,49,99,23.8,226,12.0,11.4,13.5,0.2,0.2,0.2,13.0,68.0,5126.0,0.0,3.0,246.0,0.0,100330.0,14.2,60,100,19.4,228,13.5,10.8,10.3,0.2
2025-01-06 11:00:00,25.19,22.92,0.32402046783625726,0.0,17.3,44,75,29.7,224,13.1,11.5,13.5,0.0,0.0,0.28,11.0,84.0,11292.0,1.0,4.0,228.0,2.0,100400.0,16.3,55,97,22.8,239,16.6,11.8,10.5,0.0
2025-01-06 12:00:00,25.19,22.91,0.3245614035087719,0.0,18.2,44,92,30.3,223,14.3,11.7,13.5,0.0,0.0,0.34,14.0,69.0,11088.0,1.0,4.0,217.0,1.0,100210.0,16.7,59,100,25.1,231,16.0,12.5,10.6,0.0
2025-01-06 13:00:00,25.1933333333333,22.9,0.3251023391812865,0.0,17.2,50,99,28.6,226,13.8,12.1,13.5,0.0,0.0,0.26,14.0,77.0,25271.0,1.0,3.0,276.0,0.0,100220.0,17.2,57,100,23.1,233,16.6,13.3,10.9,0.0
2025-01-06 14:00:00,25.2066666666667,22.89,0.3256432748538011,0.0,17.7,50,94,27.1,230,14.5,12.2,13.5,0.0,0.0,0.26,16.0,64.0,38290.0,2.0,5.0,282.0,0.0,100190.0,17.5,58,100,21.1,240,16.8,13.9,11.2,0.0
2025-01-06 15:00:00,25.2133333333333,22.8833333333333,0.32618421052631574,0.0,18.0,50,96,25.5,236,14.8,12.4,13.5,0.0,0.0,0.23,17.0,57.0,26669.0,1.0,4.0,246.0,0.0,100180.0,16.9,64,100,22.6,241,15.8,14.3,11.5,0.0
2025-01-06 16:00:00,25.2266666666667,22.8866666666667,0.32672514619883036,0.0,14.6,67,82,14.4,264,14.6,12.6,13.5,0.9,0.9,0.11,16.0,64.0,13896.0,1.0,5.0,284.0,0.0,100250.0,15.9,66,19,15.3,246,14.5,14.1,11.8,0.0
2025-01-06 17:00:00,25.23,22.88,0.327266081871345,0.0,12.1,81,52,3.3,265,13.7,12.7,13.5,0.0,0.0,0.03,15.0,68.0,3448.0,0.0,4.0,294.0,0.0,100280.0,14.5,75,40,9.5,241,12.2,13.5,12.0,0.0
2025-01-06 18:00:00,25.2366666666667,22.8766666666667,0.3278070175438596,0.0,11.1,86,2,9.7,188,12.6,12.7,13.5,0.0,0.0,0.02,14.0,78.0,78.0,0.0,3.0,258.0,0.0,100410.0,12.9,80,0,7.1,221,10.3,12.5,12.1,0.0
2025-01-06 19:00:00,25.2366666666667,22.88,0.3283479532163742,0.0,10.5,87,21,7.3,227,11.7,12.7,13.5,0.0,0.0,0.0,12.0,84.0,0.0,0.0,2.0,228.0,0.0,100520.0,12.3,82,1,8.7,232,9.8,11.7,12.1,0.0
2025-01-06 20:00:00,25.23,22.8766666666667,0.32888888888888884,0.0,11.1,80,8,9.6,222,11.2,12.6,13.5,0.0,0.0,0.01,11.0,88.0,0.0,0.0,0.0,318.0,0.0,100630.0,12.1,78,1,10.5,239,9.9,11.3,12.0,0.0
2025-01-06 21:00:00,25.22,22.87,0.32942982456140346,0.0,10.8,80,10,10.8,217,10.8,12.6,13.5,0.0,0.0,0.01,11.0,82.0,0.0,0.0,2.0,270.0,0.0,100680.0,11.7,79,0,10.3,216,9.6,10.9,12.0,0.0
2025-01-06 22:00:00,25.2133333333333,22.86,0.3299707602339181,0.0,10.6,80,13,10.8,221,10.5,12.4,13.5,0.0,0.0,0.01,10.0,89.0,0.0,0.0,2.0,198.0,0.0,100760.0,11.5,79,14,8.9,220,9.2,10.7,11.9,0.0
2025-01-06 23:00:00,25.1966666666667,22.85,0.3305116959064327,0.0,10.5,82,4,11.9,222,10.3,12.3,13.5,0.0,0.0,0.01,10.0,85.0,0.0,0.0,1.0,192.0,0.0,100820.0,11.3,79,12,8.4,223,9.3,10.5,11.8,0.0
2025-01-07 00:00:00,25.18,22.8333333333333,0.3310526315789473,0.0,10.3,84,10,12.9,220,10.2,12.2,13.5,0.0,0.0,0.01,10.0,81.0,0.0,0.0,2.0,216.0,0.0,100860.0,11.4,79,22,10.7,222,9.6,10.5,11.7,0.0
2025-01-07 01:00:00,25.1633333333333,22.83,0.33159356725146194,0.0,10.8,82,5,10.6,225,11.5,12.5,13.6,0.0,0.0,0.01,10.0,83.0,0.0,0.0,1.0,228.0,0.0,100890.0,11.1,81,17,10.2,219,9.1,10.4,11.6,0.0
2025-01-07 02:00:00,25.1366666666667,22.8166666666667,0.33213450292397656,0.0,10.5,82,15,8.6,229,11.0,12.5,13.6,0.0,0.0,0.0,10.0,81.0,0.0,0.0,0.0,288.0,0.0,100890.0,10.8,82,23,8.9,227,8.6,10.2,11.5,0.0
2025-01-07 03:00:00,25.12,22.8033333333333,0.3326754385964912,0.0,10.4,79,29,8.3,226,10.5,12.4,13.6,0.1,0.1,0.01,9.0,84.0,0.0,0.0,2.0,252.0,0.0,100950.0,10.1,83,22,8.0,207,7.9,9.9,11.4,0.0
2025-01-07 04:00:00,25.1033333333333,22.7966666666667,0.3332163742690058,0.0,10.3,81,22,8.5,227,10.3,12.3,13.6,0.0,0.0,0.0,11.0,77.0,0.0,0.0,3.0,192.0,0.0,100960.0,9.8,85,18,8.4,205,7.7,9.7,11.3,0.0
2025-01-07 05:00:00,25.0966666666667,22.78,0.3337573099415204,0.0,10.2,81,21,8.6,235,10.1,12.2,13.6,0.0,0.0,0.0,,,,,,,,,9.4,87,27,8.2,209,7.4,9.3,11.2,0.0
2025-01-07 06:00:00,25.09,22.7733333333333,0.33429824561403504,0.0,10.0,81,17,9.3,235,10.0,12.1,13.6,0.0,0.0,0.01,11.0,77.0,0.0,0.0,2.0,216.0,0.0,100990.0,9.6,86,41,8.1,201,7.7,9.4,11.1,0.0
2025-01-07 07:00:00,25.09,22.7733333333333,0.33483918128654966,0.0,9.5,83,18,9.4,231,9.7,11.9,13.6,0.0,0.0,0.0,12.0,73.0,0.0,0.0,3.0,256.0,0.0,101010.0,9.5,87,42,7.8,202,7.5,9.2,11.0,0.0
2025-01-07 08:00:00,25.0833333333333,22.7633333333333,0.3353801169590643,0.0,10.0,82,6,10.4,231,9.7,11.8,13.6,0.0,0.0,0.02,11.0,78.0,0.0,0.0,2.0,210.0,0.0,101080.0,9.7,87,43,7.1,204,8.8,9.1,10.9,0.0
2025-01-07 09:00:00,25.08,22.7666666666667,0.3359210526315789,0.0,12.5,76,9,11.6,225,10.5,11.8,13.6,0.0,0.0,0.07,9.0,83.0,1343.0,0.0,1.0,204.0,0.0,101150.0,12.2,81,57,6.1,208,13.3,10.1,10.9,0.0
2025-01-07 10:00:00,25.07,22.76,0.3364619883040935,0.0,14.7,65,18,11.3,228,11.9,11.8,13.6,0.0,0.0,0.16,11.0,77.0,8613.0,1.0,2.0,264.0,0.0,101220.0,14.1,72,61,7.5,235,16.4,11.6,10.9,0.0
2025-01-07 11:00:00,25.08,22.7566666666667,0.33700292397660814,0.0,15.8,61,34,14.7,261,13.2,11.9,13.6,0.0,0.0,0.22,13.0,74.0,18031.0,1.0,2.0,304.0,0.0,101310.0,15.5,67,62,9.0,241,18.3,13.1,11.1,0.0
2025-01-07 12:00:00,25.0933333333333,22.76,0.33754385964912276,0.0,16.6,56,50,14.8,256,14.2,12.0,13.6,0.0,0.0,0.26,16.0,66.0,42868.0,2.0,4.0,282.0,0.0,101350.0,16.7,59,50,10.6,252,19.7,14.6,11.4,0.0
2025-01-07 13:00:00,25.12,22.7666666666667,0.3380847953216374,0.0,17.7,49,36,12.0,249,15.5,12.3,13.6,0.0,0.0,0.29,16.0,61.0,47502.0,3.0,5.0,298.0,0.0,101310.0,17.4,50,59,12.5,258,19.6,15.3,11.7,0.0
2025-01-07 14:00:00,25.1566666666667,22.7733333333333,0.338625730994152,0.0,18.0,45,23,11.3,251,16.1,12.5,13.6,0.0,0.0,0.28,18.0,51.0,49328.0,4.0,3.0,256.0,0.0,101240.0,17.8,47,24,12.2,251,19.6,15.9,12.0,0.0
2025-01-07 15:00:00,25.2,22.79,0.3391666666666666,0.0,18.0,44,6,10.7,257,16.2,12.8,13.6,0.0,0.0,0.24,18.0,45.0,42352.0,3.0,5.0,286.0,0.0,101170.0,18.0,45,27,9.9,260,18.3,16.1,12.4,0.0
2025-01-07 16:00:00,25.24,22.7933333333333,0.33970760233918124,0.0,17.2,51,1,4.9,275,15.9,13.0,13.6,0.0,0.0,0.14,18.0,43.0,28375.0,2.0,4.0,264.0,0.0,101120.0,17.4,50,1,7.0,291,15.8,15.7,12.7,0.0
2025-01-07 17:00:00,25.2633333333333,22.8033333333333,0.34024853801169586,0.0,13.9,63,0,3.6,350,14.7,13.2,13.6,0.0,0.0,0.04,19.0,44.0,12185.0,1.0,5.0,290.0,0.0,101140.0,14.9,71,0,6.5,6,11.9,14.8,12.9,0.0
2025-01-07 18:00:00,25.27,22.8033333333333,0.3407894736842105,0.0,11.3,80,37,5.0,36,13.2,13.2,13.6,0.0,0.0,0.02,16.0,59.0,3481.0,0.0,3.0,18.0,0.0,101180.0,12.2,83,0,4.9,54,9.3,13.2,12.9,0.0
2025-01-07 19:00:00,25.2733333333333,22.7966666666667,0.3413304093567251,0.0,10.6,83,87,6.4,90,12.2,13.2,13.6,0.0,0.0,0.0,13.0,71.0,0.0,0.0,2.0,88.0,0.0,101200.0,10.8,89,33,4.7,113,8.4,12.0,12.9,0.0
2025-01-07 20:00:00,25.2666666666667,22.7833333333333,0.3418713450292397,0.0,9.6,84,99,4.6,88,11.4,13.1,13.6,0.0,0.0,0.0,11.0,78.0,0.0,0.0,2.0,126.0,0.0,101270.0,9.7,91,53,3.1,144,7.4,11.1,12.8,0.0
2025-01-07 21:00:00,25.2466666666667,22.77,0.34241228070175433,0.0,9.6,81,100,1.5,73,10.7,13.0,13.7,0.0,0.0,0.0,11.0,78.0,0.0,0.0,2.0,134.0,0.0,101280.0,8.9,88,20,2.2,171,6.1,10.3,12.6,0.0
2025-01-07 22:00:00,25.2266666666667,22.7533333333333,0.34295321637426895,0.0,9.3,81,83,0.2,49,10.1,12.8,13.7,0.0,0.0,0.0,9.0,83.0,0.0,0.0,1.0,180.0,0.0,101290.0,8.1,89,4,2.9,187,5.5,9.5,12.4,0.0
2025-01-07 23:00:00,25.2033333333333,22.7466666666667,0.3434941520467836,0.0,8.6,81,3,1.1,49,9.5,12.7,13.7,0.0,0.0,0.0,8.0,82.0,0.0,0.0,0.0,144.0,0.0,101300.0,7.3,88,4,3.6,186,5.2,8.9,12.1,0.0
2025-01-08 00:00:00,25.18,22.7366666666667,0.3440350877192982,0.0,8.1,81,1,1.3,14,9.0,12.5,13.7,0.0,0.0,0.0,8.0,86.0,0.0,0.0,0.0,198.0,0.0,101310.0,5.8,92,5,4.0,190,4.4,8.3,11.9,0.0
2025-01-08 01:00:00,25.1566666666667,22.7366666666667,0.3445760233918128,0.0,7.8,83,2,2.1,297,8.6,12.4,13.7,0.0,0.0,0.0,7.0,87.0,0.0,0.0,0.0,176.0,0.0,101260.0,5.3,93,12,3.6,186,3.9,7.9,11.6,0.0
2025-01-08 02:00:00,25.1366666666667,22.73,0.34511695906432743,0.0,6.7,84,42,3.2,254,8.3,12.1,13.7,0.0,0.0,0.0,7.0,91.0,0.0,0.0,0.0,186.0,0.0,101190.0,4.7,95,14,4.0,180,3.5,7.5,11.3,0.0
2025-01-08 03:00:00,25.1166666666667,22.7166666666667,0.34565789473684205,0.0,6.0,83,77,3.6,246,7.9,11.9,13.7,0.0,0.0,0.0,6.0,91.0,0.0,0.0,0.0,210.0,0.0,101130.0,4.2,93,16,4.0,190,2.9,7.0,11.0,0.0
2025-01-08 04:00:00,25.0966666666667,22.7,0.3461988304093567,0.0,5.6,81,97,4.9,239,7.7,11.7,13.7,0.0,0.0,0.0,6.0,92.0,0.0,0.0,2.0,222.0,0.0,101110.0,4.1,88,52,3.7,191,2.5,6.6,10.7,0.0
2025-01-08 05:00:00,25.08,22.6866666666667,0.3467397660818713,0.0,5.7,78,40,5.9,246,7.4,11.5,13.7,0.0,0.0,0.0,4.0,91.0,0.0,0.0,1.0,180.0,0.0,101110.0,4.0,87,13,4.0,185,2.3,6.3,10.5,0.0
2025-01-08 06:00:00,25.0566666666667,22.6733333333333,0.3472807017543859,0.0,5.8,75,28,6.0,252,7.2,11.3,13.7,0.0,0.0,0.0,7.0,86.0,0.0,0.0,1.0,192.0,0.0,101090.0,3.5,89,12,4.4,189,1.9,5.8,10.2,0.0
2025-01-08 07:00:00,25.03,22.65,0.34782163742690053,0.0,5.6,73,54,6.1,244,7.0,11.1,13.7,0.0,0.0,0.0,7.0,83.0,0.0,0.0,2.0,240.0,0.0,101110.0,3.3,88,19,4.3,185,1.7,5.5,9.9,0.0
2025-01-08 08:00:00,25.01,22.6433333333333,0.34836257309941515,0.0,7.0,70,63,5.1,241,7.0,10.8,13.7,0.0,0.0,0.02,7.0,82.0,0.0,0.0,2.0,234.0,0.0,101140.0,3.6,87,52,4.4,189,3.3,5.4,9.6,0.0
2025-01-08 09:00:00,24.9866666666667,22.6333333333333,0.34890350877192977,0.0,11.1,66,93,5.8,253,8.3,10.7,13.7,0.0,0.0,0.07,7.0,78.0,2401.0,0.0,2.0,210.0,0.0,101150.0,7.3,81,91,3.5,204,10.0,6.4,9.5,0.0
2025-01-08 10:00:00,24.97,22.6333333333333,0.3494444444444444,0.0,14.7,56,59,5.4,256,10.2,10.7,13.7,0.0,0.0,0.17,10.0,70.0,9115.0,0.0,2.0,222.0,0.0,101150.0,12.8,71,67,2.9,240,16.5,8.6,9.4,0.0
2025-01-08 11:00:00,24.96,24.7266666666667,0.349985380116959,0.0,17.9,47,16,6.5,281,12.2,10.8,13.6,0.0,0.0,0.26,12.0,61.0,24305.0,1.0,4.0,216.0,0.0,101160.0,16.4,52,5,8.0,243,19.5,11.1,9.5,0.0
2025-01-08 12:00:00,24.97,26.4166666666667,0.35052631578947363,0.0,20.5,39,75,8.7,272,14.1,11.0,13.6,0.0,0.0,0.34,15.0,51.0,39675.0,2.0,5.0,256.0,0.0,101090.0,18.7,42,86,11.6,265,20.0,13.1,9.8,0.0
2025-01-08 13:00:00,24.9966666666667,26.1633333333333,0.35106725146198825,0.0,22.0,31,100,9.8,277,15.2,11.3,13.6,0.0,0.0,0.37,17.0,42.0,49708.0,3.0,6.0,252.0,0.0,101030.0,19.5,41,100,11.1,283,20.4,14.3,10.2,0.0
2025-01-08 14:00:00,25.06,25.97,0.35160818713450287,0.0,19.7,44,100,14.9,314,15.9,11.6,13.6,0.0,0.0,0.32,19.0,35.0,44480.0,3.0,4.0,263.0,0.0,101010.0,19.7,46,34,7.0,305,21.1,15.2,10.6,0.0
2025-01-08 15:00:00,25.1333333333333,25.7933333333333,0.3521491228070175,0.0,18.5,54,86,3.3,331,16.2,11.9,13.6,0.0,0.0,0.21,20.0,31.0,40098.0,2.0,2.0,265.0,0.0,101040.0,19.0,55,0,5.5,349,19.2,15.6,11.0,0.0
2025-01-08 16:00:00,25.2233333333333,25.6533333333333,0.3526900584795321,0.0,18.0,66,0,1.8,107,16.0,12.2,13.6,0.0,0.0,0.13,19.0,48.0,24730.0,1.0,0.0,53.0,0.0,101050.0,17.2,66,0,8.0,36,15.6,15.3,11.4,0.0
2025-01-08 17:00:00,25.31,25.5233333333333,0.35323099415204673,0.0,14.7,72,0,3.4,20,14.8,12.5,13.6,0.0,0.0,0.04,18.0,59.0,10369.0,0.0,3.0,54.0,0.0,100990.0,14.5,75,0,6.9,28,11.4,14.3,11.7,0.0
2025-01-08 18:00:00,25.3966666666667,25.4166666666667,0.35377192982456135,0.0,13.4,74,0,1.3,4,13.2,12.6,13.6,0.0,0.0,0.02,17.0,64.0,3042.0,0.0,1.0,66.0,0.0,100910.0,12.0,84,0,4.1,15,8.5,12.7,11.9,0.0
2025-01-08 19:00:00,25.4566666666667,25.3066666666667,0.35431286549707597,0.0,12.6,80,0,1.4,339,12.0,12.6,13.7,0.0,0.0,0.0,13.0,83.0,0.0,0.0,0.0,38.0,0.0,100990.0,10.8,86,0,3.7,101,7.1,11.4,11.9,0.0
2025-01-08 20:00:00,25.5066666666667,25.2066666666667,0.3548538011695906,0.0,11.5,78,33,2.9,210,11.0,12.5,13.7,0.0,0.0,0.0,11.0,88.0,0.0,0.0,2.0,143.0,0.0,101130.0,8.5,92,2,4.9,144,6.8,10.4,11.8,0.0
2025-01-08 21:00:00,25.5366666666667,25.1333333333333,0.3553947368421052,0.0,10.7,67,12,4.3,238,10.3,12.4,13.7,0.0,0.0,0.0,11.0,87.0,0.0,0.0,0.0,174.0,0.0,101110.0,7.7,91,2,2.9,150,5.6,9.7,11.7,0.0
2025-01-08 22:00:00,25.56,25.0533333333333,0.3559356725146198,0.0,10.3,68,0,0.9,274,9.6,12.3,13.7,0.0,0.0,0.0,9.0,93.0,0.0,0.0,0.0,162.0,0.0,101180.0,7.0,88,4,2.9,150,4.1,8.8,11.6,0.0
2025-01-08 23:00:00,25.5633333333333,24.98,0.35647660818713445,0.0,9.7,67,0,2.2,242,9.0,12.1,13.7,0.0,0.0,0.0,8.0,92.0,0.0,0.0,0.0,120.0,0.0,101260.0,6.6,83,1,3.3,167,3.7,8.1,11.3,0.0
2025-01-09 00:00:00,25.5733333333333,24.92,0.35701754385964907,0.0,8.9,74,0,5.5,231,8.6,12.0,13.7,0.0,0.0,0.0,9.0,87.0,0.0,0.0,2.0,143.0,0.0,101240.0,6.6,85,2,3.0,194,3.3,7.6,11.1,0.0
2025-01-09 01:00:00,25.5766666666667,24.86,0.3575584795321637,0.0,9.8,71,0,8.2,231,9.0,12.0,13.7,0.0,0.0,0.01,8.0,87.0,0.0,0.0,1.0,228.0,0.0,101190.0,7.0,80,0,2.6,164,2.7,7.0,10.8,0.0
2025-01-09 02:00:00,25.58,24.8233333333333,0.3580994152046783,0.0,9.9,68,7,2.0,252,8.5,11.8,13.7,0.0,0.0,0.0,6.0,92.0,0.0,0.0,0.0,42.0,0.0,101130.0,7.0,75,2,3.2,153,2.3,6.6,10.6,0.0
2025-01-09 03:00:00,25.58,24.7866666666667,0.3586403508771929,0.0,9.6,69,0,1.6,241,8.2,11.7,13.7,0.0,0.0,0.0,9.0,80.0,0.0,0.0,0.0,204.0,0.0,101140.0,6.4,76,21,3.9,158,2.5,6.2,10.3,0.0
2025-01-09 04:00:00,25.5833333333333,24.74,0.35918128654970755,0.0,8.8,73,12,7.8,226,7.9,11.5,13.7,0.0,0.0,0.01,10.0,72.0,0.0,0.0,2.0,180.0,0.0,101130.0,5.3,82,0,3.2,180,2.3,6.0,10.1,0.0
2025-01-09 05:00:00,25.58,24.6966666666667,0.35972222222222217,0.0,10.3,69,22,10.2,222,8.1,11.3,13.7,0.0,0.0,0.02,11.0,65.0,0.0,0.0,2.0,228.0,0.0,101120.0,5.1,83,0,3.6,186,2.4,5.8,9.8,0.0
2025-01-09 06:00:00,25.5766666666667,24.67,0.3602631578947368,0.0,11.0,66,35,10.2,222,8.4,11.1,13.7,0.0,0.0,0.03,11.0,66.0,0.0,0.0,2.0,234.0,0.0,101140.0,5.0,85,0,4.4,215,3.1,5.9,9.6,0.0
2025-01-09 07:00:00,25.5766666666667,24.6366666666667,0.3608040935672514,0.0,11.5,63,87,10.9,219,8.7,11.0,13.7,0.0,0.0,0.03,11.0,68.0,0.0,0.0,2.0,240.0,0.0,101150.0,5.8,83,7,4.1,218,3.5,5.9,9.4,0.0
2025-01-09 08:00:00,25.5766666666667,24.6033333333333,0.361345029239766,0.0,12.3,61,16,10.6,219,9.1,10.9,13.7,0.0,0.0,0.05,10.0,70.0,0.0,0.0,2.0,210.0,0.0,101210.0,7.1,81,68,4.6,225,6.3,6.1,9.2,0.0
2025-01-09 09:00:00,25.58,24.5766666666667,0.36188596491228064,0.0,15.8,54,4,11.6,223,10.2,10.9,13.7,0.0,0.0,0.12,11.0,65.0,4410.0,0.0,1.0,233.0,0.0,101290.0,10.9,72,95,4.9,234,11.3,7.6,9.2,0.0
2025-01-09 10:00:00,25.58,24.5466666666667,0.36242690058479526,0.0,18.7,47,11,12.1,234,12.0,11.0,13.7,0.0,0.0,0.21,13.0,60.0,12156.0,1.0,3.0,246.0,0.0,101360.0,14.8,67,84,6.2,249,15.8,9.3,9.2,0.0
2025-01-09 11:00:00,25.5933333333333,24.53,0.3629678362573099,0.0,20.5,42,11,12.6,249,13.7,11.2,13.6,0.0,0.0,0.3,17.0,49.0,24696.0,2.0,4.0,264.0,0.0,101410.0,18.0,52,75,10.3,241,18.9,11.3,9.4,0.0
2025-01-09 12:00:00,25.62,24.5233333333333,0.3635087719298245,0.0,21.7,39,5,11.8,258,15.2,11.4,13.6,0.0,0.0,0.35,19.0,44.0,42795.0,2.0,4.0,264.0,0.0,101410.0,20.4,43,36,12.0,249,21.6,13.4,9.7,0.0
2025-01-09 13:00:00,25.65,24.5,0.3640497076023391,0.0,23.0,34,9,11.5,258,16.5,11.8,13.6,0.0,0.0,0.38,21.0,40.0,60140.0,3.0,3.0,272.0,0.0,101350.0,21.5,38,44,11.4,259,22.7,14.8,10.1,0.0
2025-01-09 14:00:00,25.6866666666667,24.4933333333333,0.36459064327485374,0.0,23.4,34,10,8.9,276,17.3,12.1,13.6,0.0,0.0,0.34,22.0,36.0,40160.0,3.0,6.0,286.0,0.0,101230.0,22.5,33,54,9.4,272,22.4,15.9,10.5,0.0
2025-01-09 15:00:00,25.74,24.48,0.36513157894736836,0.0,22.6,39,8,7.7,319,17.7,12.5,13.6,0.0,0.0,0.27,23.0,35.0,32652.0,2.0,3.0,303.0,0.0,101170.0,23.3,29,52,7.0,291,21.8,17.0,11.0,0.0
2025-01-09 16:00:00,25.79,24.4666666666667,0.365672514619883,0.0,20.1,53,6,4.1,5,17.4,12.8,13.7,0.0,0.0,0.14,24.0,31.0,24172.0,1.0,3.0,289.0,0.0,101170.0,21.8,42,35,7.1,345,19.3,16.8,11.4,0.0
2025-01-09 17:00:00,25.83,24.4433333333333,0.3662134502923976,0.0,16.7,61,4,2.8,63,16.2,13.1,13.7,0.0,0.0,0.04,21.0,36.0,8088.0,0.0,4.0,38.0,0.0,101210.0,18.6,52,15,6.3,13,14.6,16.1,11.8,0.0
2025-01-09 18:00:00,25.8533333333333,24.4233333333333,0.3667543859649122,0.0,14.2,68,2,5.1,121,14.6,13.2,13.7,0.0,0.0,0.04,20.0,43.0,1887.0,0.0,2.0,120.0,0.0,101230.0,16.3,58,0,3.7,119,10.8,14.7,12.1,0.0
2025-01-09 19:00:00,25.86,24.39,0.36729532163742684,0.0,13.5,68,2,3.7,158,13.4,13.3,13.7,0.0,0.0,0.0,16.0,50.0,0.0,0.0,2.0,108.0,0.0,101270.0,12.8,69,5,5.9,166,10.5,13.4,12.2,0.0
2025-01-09 20:00:00,25.86,24.3566666666667,0.36783625730994146,0.0,13.1,66,0,4.0,190,12.5,13.3,13.7,0.0,0.0,0.0,15.0,55.0,0.0,0.0,2.0,156.0,0.0,101320.0,11.5,68,5,4.7,180,9.4,12.4,12.3,0.0
2025-01-09 21:00:00,25.8466666666667,24.3,0.3683771929824561,0.0,12.9,64,0,4.7,189,11.9,13.2,13.7,0.0,0.0,0.01,15.0,54.0,0.0,0.0,1.0,204.0,0.0,101340.0,11.6,54,0,5.9,191,9.1,11.7,12.2,0.0
2025-01-09 22:00:00,25.8333333333333,24.27,0.3689181286549707,0.0,12.6,63,0,5.4,196,11.4,13.1,13.7,0.0,0.0,0.01,11.0,65.0,0.0,0.0,0.0,186.0,0.0,101410.0,11.8,71,6,5.5,191,9.3,11.2,12.2,0.0
2025-01-09 23:00:00,25.8133333333333,24.24,0.3694590643274853,0.0,12.1,68,5,6.6,202,11.1,13.0,13.7,0.0,0.0,0.01,14.0,54.0,0.0,0.0,1.0,162.0,0.0,101430.0,11.5,83,12,4.9,197,9.0,10.9,12.1,0.0
2025-01-10 00:00:00,25.8,24.1966666666667,0.36999999999999994,0.0,12.0,78,6,6.9,201,11.0,12.9,13.7,0.0,0.0,0.0,9.0,73.0,0.0,0.0,0.0,322.0,0.0,101470.0,11.0,88,7,5.5,191,8.6,10.6,12.1,0.0
2025-01-10 01:00:00,25.7766666666667,24.1533333333333,0.37054093567251456,0.0,11.8,78,0,6.4,200,11.3,13.0,13.7,0.0,0.0,0.0,10.0,67.0,0.0,0.0,2.0,164.0,0.0,101430.0,10.6,91,5,5.4,200,8.6,10.5,12.0,0.0
2025-01-10 02:00:00,25.7533333333333,24.12,0.3710818713450292,0.0,11.4,85,0,5.6,201,11.0,12.9,13.7,0.0,0.0,0.0,10.0,68.0,0.0,0.0,0.0,178.0,0.0,101400.0,9.8,93,12,4.8,207,7.9,10.3,11.9,0.0
2025-01-10 03:00:00,25.7366666666667,24.1033333333333,0.3716228070175438,0.0,11.3,85,0,4.8,211,10.7,12.8,13.7,0.0,0.0,0.0,9.0,73.0,0.0,0.0,0.0,168.0,0.0,101410.0,9.3,94,24,5.5,203,7.6,10.0,11.8,0.0
2025-01-10 04:00:00,25.7166666666667,24.0633333333333,0.3721637426900584,0.0,11.0,86,1,6.8,223,10.5,12.6,13.7,0.0,0.0,0.0,8.0,74.0,0.0,0.0,1.0,172.0,0.0,101410.0,9.1,92,1,5.2,205,7.2,9.8,11.7,0.0
2025-01-10 05:00:00,25.7,24.0333333333333,0.37270467836257304,0.0,10.8,86,0,7.4,227,10.4,12.5,13.7,0.0,0.0,0.0,10.0,73.0,0.0,0.0,2.0,186.0,0.0,101410.0,8.5,90,0,4.7,212,6.5,9.5,11.6,0.0
2025-01-10 06:00:00,25.6833333333333,24.0033333333333,0.37324561403508766,0.0,10.6,86,4,7.4,234,10.3,12.4,13.7,0.0,0.0,0.0,10.0,69.0,0.0,0.0,1.0,198.0,0.0,101440.0,8.2,88,9,5.5,212,6.2,9.2,11.5,0.0
2025-01-10 07:00:00,25.6733333333333,23.98,0.3737865497076023,0.0,10.5,84,12,8.2,238,10.1,12.3,13.7,0.0,0.0,0.0,11.0,67.0,0.0,0.0,2.0,234.0,0.0,101440.0,7.9,88,51,5.1,219,5.8,8.9,11.4,0.0
2025-01-10 08:00:00,25.6666666666667,23.97,0.3743274853801169,0.0,11.2,80,2,9.1,237,10.2,12.2,13.7,0.0,0.0,0.02,10.0,71.0,52.0,0.0,0.0,204.0,0.0,101500.0,8.0,85,31,5.1,225,7.5,8.7,11.2,0.0
2025-01-10 09:00:00,25.68,23.9366666666667,0.3748684210526315,0.0,14.5,68,1,10.1,236,11.2,12.1,13.8,0.0,0.0,0.09,12.0,65.0,4832.0,0.0,2.0,234.0,0.0,101560.0,12.4,69,1,6.1,230,14.5,9.6,11.1,0.0
2025-01-10 10:00:00,25.67,23.9233333333333,0.37540935672514614,0.0,17.6,58,1,7.6,242,12.8,12.2,13.8,0.0,0.0,0.18,14.0,58.0,13603.0,1.0,3.0,222.0,0.0,101600.0,17.0,51,0,9.7,243,19.7,11.3,11.1,0.0
2025-01-10 11:00:00,25.67,23.9,0.37595029239766076,0.0,19.9,49,0,7.7,271,14.6,12.3,13.8,0.0,0.0,0.28,16.0,49.0,29703.0,1.0,3.0,234.0,0.0,101630.0,19.1,45,0,11.1,241,22.1,13.2,11.3,0.0
2025-01-10 12:00:00,25.6833333333333,23.89,0.3764912280701754,0.0,21.3,44,0,8.0,274,16.1,12.5,13.8,0.0,0.0,0.34,18.0,46.0,43631.0,2.0,2.0,234.0,0.0,101600.0,20.5,42,0,11.5,250,23.6,14.9,11.5,0.0
2025-01-10 13:00:00,25.7033333333333,23.8633333333333,0.37703216374269,0.0,22.4,40,0,7.8,277,17.3,12.6,13.8,0.0,0.0,0.36,20.0,40.0,49472.0,3.0,2.0,259.0,0.0,101510.0,21.9,39,0,9.7,255,24.8,16.4,11.8,0.0
2025-01-10 14:00:00,25.7366666666667,23.86,0.3775730994152046,0.0,22.9,38,0,7.5,288,18.1,13.0,13.8,0.0,0.0,0.34,22.0,37.0,47227.0,3.0,3.0,204.0,0.0,101390.0,22.6,37,0,8.2,293,24.8,17.5,12.2,0.0
2025-01-10 15:00:00,25.78,23.8566666666667,0.37811403508771924,0.0,22.4,41,0,7.3,332,18.4,13.3,13.8,0.0,0.0,0.27,22.0,36.0,36030.0,2.0,3.0,306.0,0.0,101320.0,21.4,43,0,12.2,346,21.3,18.1,12.5,0.0
2025-01-10 16:00:00,25.8266666666667,23.8566666666667,0.37865497076023386,0.0,19.7,57,0,8.6,18,18.0,13.6,13.8,0.0,0.0,0.16,22.0,43.0,20105.0,1.0,3.0,23.0,0.0,101300.0,19.0,66,0,11.2,6,17.8,17.6,12.9,0.0
2025-01-10 17:00:00,25.8566666666667,23.8466666666667,0.3791959064327485,0.0,15.7,79,0,4.9,58,16.8,13.8,13.8,0.0,0.0,0.04,19.0,59.0,6421.0,0.0,4.0,12.0,0.0,101360.0,16.8,75,0,5.4,48,13.6,16.6,13.1,0.0
2025-01-10 18:00:00,25.8733333333333,23.8433333333333,0.3797368421052631,0.0,13.8,85,0,6.0,103,15.3,14.0,13.8,0.0,0.0,0.02,17.0,65.0,1091.0,0.0,2.0,108.0,0.0,101390.0,14.0,87,0,4.7,122,10.8,15.1,13.3,0.0
2025-01-10 19:00:00,25.8733333333333,23.8266666666667,0.3802777777777777,0.0,12.5,84,0,4.9,145,14.2,14.0,13.8,0.0,0.0,0.0,15.0,74.0,0.0,0.0,2.0,132.0,0.0,101450.0,12.1,92,7,4.8,167,10.1,13.8,13.4,0.0
2025-01-10 20:00:00,25.8666666666667,23.79,0.38081871345029233,0.0,12.0,81,0,4.5,184,13.2,14.0,13.8,0.0,0.0,0.0,14.0,74.0,0.0,0.0,2.0,144.0,0.0,101490.0,10.6,94,33,4.0,190,8.9,12.8,13.3,0.0
2025-01-10 21:00:00,25.85,23.7666666666667,0.38135964912280695,0.0,11.9,78,0,5.1,199,12.4,13.9,13.8,0.0,0.0,0.0,12.0,77.0,0.0,0.0,0.0,175.0,0.0,101530.0,9.7,94,9,5.2,192,8.2,12.1,13.3,0.0
2025-01-10 22:00:00,25.8266666666667,23.73,0.3819005847953216,0.0,12.1,76,0,4.6,206,11.8,13.8,13.8,0.0,0.0,0.0,12.0,75.0,0.0,0.0,0.0,198.0,0.0,101460.0,9.2,93,3,4.8,193,7.6,11.4,13.1,0.0
2025-01-10 23:00:00,25.8033333333333,23.7066666666667,0.3824415204678362,0.0,12.2,74,0,4.2,209,11.3,13.7,13.8,0.0,0.0,0.0,12.0,80.0,0.0,0.0,1.0,300.0,0.0,101490.0,8.7,92,0,4.6,198,7.0,10.8,13.0,0.0
2025-01-11 00:00:00,25.78,23.69,0.3829824561403508,0.0,12.1,74,0,4.0,215,10.9,13.5,13.9,0.0,0.0,0.0,11.0,79.0,0.0,0.0,1.0,180.0,0.0,101480.0,8.7,90,0,5.6,195,6.9,10.4,12.8,0.0
2025-01-11 01:00:00,25.7566666666667,23.6633333333333,0.38352339181286543,0.0,10.8,79,0,6.3,243,10.4,13.5,13.9,0.0,0.0,0.0,12.0,76.0,0.0,0.0,1.0,228.0,0.0,101470.0,8.5,89,0,4.8,207,6.5,10.0,12.6,0.0
2025-01-11 02:00:00,25.7366666666667,23.6333333333333,0.38406432748538005,0.0,11.2,76,0,9.0,235,10.3,13.3,13.9,0.0,0.0,0.01,11.0,77.0,0.0,0.0,2.0,228.0,0.0,101460.0,8.4,88,0,5.0,210,6.4,9.8,12.5,0.0
2025-01-11 03:00:00,25.7166666666667,23.61,0.3846052631578947,0.0,10.9,76,0,8.8,222,10.4,13.1,13.9,0.0,0.0,0.01,11.0,76.0,0.0,0.0,2.0,186.0,0.0,101430.0,9.0,83,0,6.4,207,6.9,9.6,12.3,0.0
2025-01-11 04:00:00,25.7033333333333,23.5833333333333,0.3851461988304093,0.0,10.4,84,0,8.6,233,10.3,13.0,13.9,0.0,0.0,0.0,11.0,75.0,0.0,0.0,2.0,264.0,0.0,101370.0,9.6,81,0,6.7,216,7.4,9.6,12.1,0.0
2025-01-11 05:00:00,25.6833333333333,23.5633333333333,0.3856871345029239,0.0,10.6,89,1,9.8,236,10.3,12.8,13.9,0.0,0.0,0.0,11.0,76.0,0.0,0.0,2.0,210.0,0.0,101410.0,9.8,81,0,7.1,221,7.7,9.6,11.9,0.0
2025-01-11 06:00:00,25.67,23.55,0.38622807017543853,0.0,11.2,89,0,9.6,215,10.5,12.7,13.9,0.0,0.0,0.0,11.0,76.0,0.0,0.0,2.0,246.0,0.0,101420.0,10.6,81,0,8.2,209,8.4,9.7,11.8,0.0
2025-01-11 07:00:00,25.65,23.5333333333333,0.38676900584795315,0.0,10.5,91,0,7.2,216,10.4,12.6,13.9,0.0,0.0,0.0,11.0,77.0,0.0,0.0,1.0,228.0,0.0,101470.0,10.6,83,0,7.8,214,8.3,9.8,11.7,0.0
2025-01-11 08:00:00,25.63,23.5066666666667,0.38730994152046777,0.0,11.4,89,6,11.1,229,10.5,12.5,13.9,0.0,0.0,0.02,11.0,78.0,251.0,0.0,2.0,246.0,0.0,101500.0,11.0,83,0,7.9,219,10.0,9.9,11.6,0.0
2025-01-11 09:00:00,25.61,23.49,0.3878508771929824,0.0,15.3,75,94,12.3,212,11.6,12.4,13.9,0.0,0.0,0.09,13.0,75.0,6072.0,0.0,2.0,276.0,0.0,101560.0,14.5,75,73,8.1,225,16.1,10.8,11.6,0.0
2025-01-11 10:00:00,25.5966666666667,23.4733333333333,0.388391812865497,0.0,18.4,62,100,10.3,219,13.3,12.5,13.9,0.0,0.0,0.19,15.0,71.0,21640.0,1.0,4.0,270.0,0.0,101590.0,17.5,63,100,10.8,233,19.9,12.5,11.6,0.0
2025-01-11 11:00:00,25.5966666666667,23.4633333333333,0.38893274853801163,0.0,20.1,55,100,11.7,241,14.9,12.6,13.9,0.0,0.0,0.27,17.0,62.0,45091.0,3.0,3.0,290.0,0.0,101640.0,18.6,60,100,12.2,242,19.5,14.0,11.8,0.0
2025-01-11 12:00:00,25.6133333333333,23.45,0.38947368421052625,0.0,20.8,51,100,12.3,259,16.1,12.8,13.9,0.0,0.0,0.28,18.0,61.0,33440.0,2.0,3.0,324.0,0.0,101570.0,20.0,54,100,13.4,250,22.1,15.3,12.0,0.0
2025-01-11 13:00:00,25.63,23.4366666666667,0.39001461988304087,0.0,21.3,52,28,15.3,281,17.1,13.1,13.9,0.0,0.0,0.31,19.0,57.0,46572.0,3.0,1.0,342.0,0.0,101500.0,20.9,52,73,16.4,261,22.9,16.4,12.3,0.0
2025-01-11 14:00:00,25.65,23.43,0.3905555555555555,0.0,21.7,52,7,14.9,277,17.9,13.4,13.9,0.0,0.0,0.32,20.0,54.0,44640.0,2.0,3.0,245.0,0.0,101380.0,21.0,53,38,19.9,283,22.3,17.2,12.7,0.0
2025-01-11 15:00:00,25.675,23.4266666666667,0.3910964912280701,0.0,21.1,56,0,14.5,277,18.2,13.7,13.9,0.0,0.0,0.27,21.0,52.0,34452.0,2.0,2.0,252.0,0.0,101330.0,20.2,59,10,18.9,279,20.2,17.4,13.0,0.0
2025-01-11 16:00:00,25.7033333333333,23.4266666666667,0.39163742690058473,0.0,20.2,60,6,9.3,284,18.0,14.0,13.9,0.0,0.0,0.17,21.0,51.0,17760.0,1.0,1.0,193.0,0.0,101310.0,19.9,57,3,13.7,275,18.7,17.2,13.3,0.0
2025-01-11 17:00:00,25.73,23.4233333333333,0.39217836257309935,0.0,17.6,68,3,4.0,293,17.0,14.2,14.0,0.0,0.0,0.05,21.0,53.0,5475.0,0.0,2.0,275.0,0.0,101350.0,18.0,64,0,6.0,253,14.6,16.5,13.6,0.0
2025-01-11 18:00:00,25.7466666666667,23.42,0.39271929824561397,0.0,16.1,72,10,3.2,250,15.5,14.3,14.0,0.0,0.0,0.03,18.0,67.0,460.0,0.0,0.0,42.0,0.0,101430.0,15.8,73,0,5.0,210,11.9,15.4,13.7,0.0
2025-01-11 19:00:00,25.75,23.4133333333333,0.3932602339181286,0.0,15.8,75,21,8.6,221,14.6,14.3,14.0,0.0,0.0,0.02,16.0,75.0,0.0,0.0,0.0,119.0,0.0,101420.0,13.8,83,15,6.8,180,11.3,14.1,13.8,0.0
2025-01-11 20:00:00,25.74,23.39,0.3938011695906432,0.0,14.6,83,15,6.8,216,14.1,14.3,14.0,0.0,0.0,0.0,13.0,82.0,0.0,0.0,1.0,90.0,0.0,101470.0,13.6,84,3,6.8,198,11.1,13.4,13.7,0.0
2025-01-11 21:00:00,25.72,23.3666666666667,0.3943421052631578,0.0,13.4,85,23,4.9,193,13.5,14.3,14.0,0.0,0.0,0.0,13.0,80.0,0.0,0.0,0.0,180.0,0.0,101480.0,13.5,83,0,5.7,198,10.7,12.9,13.7,0.0
2025-01-11 22:00:00,25.7,23.3466666666667,0.39488304093567245,0.0,12.8,87,34,5.0,175,12.9,14.2,14.0,0.0,0.0,0.0,11.0,82.0,0.0,0.0,1.0,291.0,0.0,101530.0,12.4,88,0,4.5,194,9.8,12.5,13.6,0.0
2025-01-11 23:00:00,25.68,23.3233333333333,0.39542397660818707,0.0,12.4,88,17,3.1,180,12.4,14.1,14.0,0.0,0.0,0.0,10.0,84.0,0.0,0.0,0.0,162.0,0.0,101530.0,10.9,93,8,4.6,198,9.2,12.0,13.4,0.0
2025-01-12 00:00:00,25.6566666666667,23.2933333333333,0.3959649122807017,0.0,12.4,87,18,1.0,180,11.8,14.0,14.0,0.0,0.0,0.0,13.0,78.0,0.0,0.0,0.0,258.0,0.0,101440.0,10.4,95,36,5.2,196,9.2,11.8,13.3,0.0
2025-01-12 01:00:00,25.64,23.2833333333333,0.3965058479532163,0.0,12.0,85,70,4.4,246,11.6,13.9,14.0,0.0,0.0,0.0,11.0,87.0,0.0,0.0,0.0,228.0,0.0,101390.0,10.0,96,48,5.6,207,8.9,11.4,13.1,0.0
2025-01-12 02:00:00,25.6166666666667,23.2733333333333,0.3970467836257309,0.0,11.5,87,98,6.0,234,11.3,13.7,14.1,0.0,0.0,0.0,12.0,86.0,0.0,0.0,2.0,204.0,0.0,101360.0,10.3,94,57,5.2,214,8.9,11.1,13.0,0.0
2025-01-12 03:00:00,25.6,23.2533333333333,0.39758771929824555,0.0,11.0,87,81,6.1,239,11.0,13.6,14.1,0.0,0.0,0.0,11.0,87.0,0.0,0.0,2.0,184.0,0.0,101370.0,10.8,92,44,5.6,195,9.3,11.1,12.9,0.0
2025-01-12 04:00:00,25.5866666666667,23.2366666666667,0.39812865497076017,0.0,11.6,85,78,7.7,227,11.0,13.4,14.1,0.0,0.0,0.0,11.0,85.0,0.0,0.0,1.0,204.0,0.0,101370.0,11.0,91,49,5.8,202,9.6,11.0,12.7,0.0
2025-01-12 05:00:00,25.57,23.2166666666667,0.3986695906432748,0.0,11.7,85,8,7.5,211,11.1,13.3,14.1,0.0,0.0,0.0,12.0,85.0,0.0,0.0,1.0,198.0,0.0,101300.0,11.0,90,39,6.1,208,9.5,11.0,12.6,0.0
2025-01-12 06:00:00,25.5466666666667,23.1933333333333,0.3992105263157894,0.0,10.9,86,2,6.5,208,10.9,13.2,14.1,0.0,0.0,0.0,10.0,89.0,0.0,0.0,2.0,270.0,0.0,101240.0,10.7,90,34,6.4,207,8.8,10.8,12.5,0.0
2025-01-12 07:00:00,25.5266666666667,23.17,0.399751461988304,0.0,10.2,87,14,4.3,192,10.5,13.1,14.1,0.0,0.0,0.0,10.0,88.0,0.0,0.0,1.0,216.0,0.0,101290.0,10.5,91,55,5.2,205,8.9,10.7,12.4,0.0
2025-01-12 08:00:00,25.5,23.16,0.40029239766081864,0.0,10.9,90,12,4.2,190,10.5,12.9,14.1,0.0,0.0,0.01,11.0,88.0,584.0,0.0,1.0,222.0,0.0,101290.0,11.2,89,68,5.2,196,10.9,10.7,12.3,0.0
2025-01-12 09:00:00,25.4833333333333,23.1533333333333,0.40083333333333326,0.0,13.7,83,6,6.1,233,11.6,12.8,14.1,0.0,0.0,0.07,12.0,84.0,6296.0,0.0,1.0,228.0,0.0,101350.0,14.0,84,71,6.1,208,15.5,11.5,12.2,0.0
2025-01-12 10:00:00,25.4633333333333,23.1433333333333,0.4013742690058479,0.0,16.0,77,31,2.8,256,13.2,12.8,14.1,0.0,0.0,0.16,14.0,78.0,19283.0,1.0,2.0,262.0,0.0,101440.0,16.4,73,78,7.1,225,19.0,12.9,12.2,0.0
2025-01-12 11:00:00,25.46,23.1333333333333,0.4019152046783625,0.0,17.4,73,62,2.1,151,14.9,12.9,14.1,0.0,0.0,0.22,15.0,74.0,19930.0,1.0,1.0,130.0,0.0,101460.0,17.7,70,92,6.5,267,20.6,14.4,12.4,0.0
2025-01-12 12:00:00,25.4566666666667,23.1233333333333,0.4024561403508771,0.0,18.5,67,36,2.6,257,16.4,13.1,14.1,0.0,0.0,0.26,17.0,67.0,29876.0,2.0,2.0,204.0,0.0,101370.0,18.9,64,78,8.7,287,21.8,15.5,12.6,0.0
2025-01-12 13:00:00,25.4733333333333,23.11,0.40299707602339174,0.0,20.0,57,41,9.7,273,17.4,13.4,14.1,0.0,0.0,0.29,19.0,62.0,49856.0,3.0,2.0,310.0,0.0,101280.0,19.8,60,80,10.8,272,23.1,16.7,12.9,0.0
2025-01-12 14:00:00,25.4966666666667,23.1,0.40353801169590636,0.0,20.4,54,84,9.6,287,18.0,13.7,14.1,0.0,0.0,0.29,19.0,58.0,36436.0,2.0,4.0,249.0,0.0,101140.0,20.1,56,83,9.1,288,22.1,17.4,13.2,0.0
2025-01-12 15:00:00,25.53,23.11,0.404078947368421,0.0,18.8,66,0,14.8,353,17.8,14.0,14.1,0.0,0.0,0.17,19.0,58.0,24262.0,1.0,1.0,243.0,0.0,101070.0,20.0,58,88,12.2,341,20.1,17.7,13.5,0.0
2025-01-12 16:00:00,25.5666666666667,23.1,0.4046198830409356,0.0,17.5,76,2,9.9,356,17.5,14.2,14.1,0.0,0.0,0.13,18.0,68.0,5108.0,0.0,6.0,12.0,0.0,101100.0,17.9,77,15,12.7,8,17.6,17.2,13.8,0.0
2025-01-12 17:00:00,25.5866666666667,23.0966666666667,0.4051608187134502,0.0,15.1,88,5,4.8,11,16.5,14.4,14.1,0.0,0.0,0.04,18.0,70.0,4832.0,0.0,2.0,30.0,0.0,101030.0,16.4,85,33,6.2,21,13.8,16.4,14.0,0.0
2025-01-12 18:00:00,25.5933333333333,23.0866666666667,0.40570175438596484,0.0,13.3,96,99,12.9,34,15.4,14.4,14.1,0.4,0.4,0.01,16.0,75.0,174.0,0.0,2.0,88.0,0.0,101090.0,14.2,92,36,5.2,78,11.8,15.0,14.1,0.0
2025-01-12 19:00:00,25.5866666666667,23.0766666666667,0.40624269005847946,0.0,13.7,94,33,2.8,57,14.7,14.5,14.2,0.1,0.1,0.0,15.0,87.0,0.0,0.0,3.0,115.0,0.0,101180.0,13.2,95,78,5.6,63,12.0,14.1,14.1,0.0
2025-01-12 20:00:00,25.5733333333333,23.0566666666667,0.4067836257309941,0.0,12.2,93,30,3.6,88,13.5,14.4,14.2,0.0,0.0,0.0,13.0,88.0,0.0,0.0,1.0,113.0,0.0,101230.0,12.7,96,83,3.6,45,11.6,13.6,14.0,0.0
2025-01-12 21:00:00,25.5566666666667,23.0366666666667,0.4073245614035087,0.0,12.1,85,43,4.8,85,12.8,14.3,14.2,0.0,0.0,0.0,12.0,91.0,0.0,0.0,0.0,125.0,0.0,101260.0,12.6,94,82,1.0,315,11.3,13.2,14.0,0.0
2025-01-12 22:00:00,25.5366666666667,23.0166666666667,0.4078654970760233,0.0,12.5,76,76,6.8,88,12.5,14.2,14.2,0.0,0.0,0.01,12.0,88.0,0.0,0.0,1.0,54.0,0.0,101330.0,12.5,94,82,1.1,198,10.0,12.8,13.9,0.0
2025-01-12 23:00:00,25.51,23.01,0.40840643274853794,0.0,12.0,71,44,4.4,122,12.2,14.1,14.2,0.0,0.0,0.0,12.0,86.0,0.0,0.0,0.0,120.0,0.0,101340.0,11.0,98,77,3.6,233,9.6,12.2,13.8,0.0
2025-01-13 00:00:00,25.5,23.0,0.40894736842105256,0.0,11.1,72,89,2.6,121,11.8,14.0,14.2,0.0,0.0,0.0,12.0,88.0,0.0,0.0,0.0,182.0,0.0,101310.0,10.2,97,79,3.4,198,8.8,11.9,13.6,0.0
2025-01-13 01:00:00,25.4833333333333,22.99,0.4094883040935672,0.0,11.7,66,56,2.1,110,12.2,14.1,14.2,0.0,0.0,0.0,9.0,92.0,0.0,0.0,0.0,258.0,0.0,101230.0,8.8,96,58,3.4,198,7.5,11.3,13.5,0.0
2025-01-13 02:00:00,25.4666666666667,22.9833333333333,0.4100292397660818,0.0,10.3,64,4,0.2,56,11.1,14.0,14.2,0.0,0.0,0.0,8.0,93.0,0.0,0.0,0.0,155.0,0.0,101230.0,7.4,94,39,2.4,207,5.7,10.5,13.3,0.0
2025-01-13 03:00:00,25.4466666666667,22.9633333333333,0.4105701754385964,0.0,9.9,64,6,1.8,26,10.2,13.8,14.2,0.0,0.0,0.0,,,,,,,,,6.2,86,31,1.5,194,4.4,9.6,13.0,0.0
2025-01-13 04:00:00,25.42,22.93,0.41111111111111104,0.0,9.9,68,11,2.1,54,9.4,13.6,14.2,0.0,0.0,0.0,6.0,93.0,0.0,0.0,0.0,198.0,0.0,101240.0,5.7,88,0,3.2,207,3.5,8.8,12.7,0.0
2025-01-13 05:00:00,25.39,22.9166666666667,0.41165204678362566,0.0,9.6,66,6,3.6,62,8.9,13.3,14.2,0.0,0.0,0.0,6.0,81.0,0.0,0.0,1.0,126.0,0.0,101250.0,5.4,84,0,3.3,186,3.1,8.2,12.4,0.0
2025-01-13 06:00:00,25.37,22.9,0.4121929824561403,0.0,8.9,66,7,4.6,72,8.4,13.1,14.2,0.0,0.0,0.0,5.0,84.0,0.0,0.0,0.0,174.0,0.0,101280.0,4.2,79,3,4.2,200,2.8,7.7,12.1,0.0
2025-01-13 07:00:00,25.3433333333333,22.8833333333333,0.4127339181286549,0.0,8.1,67,4,4.2,100,8.0,12.8,14.2,0.0,0.0,0.0,8.0,68.0,0.0,0.0,2.0,138.0,0.0,101300.0,3.5,82,0,3.9,202,2.2,7.2,11.8,0.0
2025-01-13 08:00:00,25.32,22.8833333333333,0.4132748538011695,0.0,7.9,73,5,3.8,120,7.9,12.5,14.2,0.0,0.0,0.01,5.0,80.0,0.0,0.0,1.0,192.0,0.0,101330.0,3.0,89,0,3.4,198,3.5,6.8,11.4,0.0
2025-01-13 09:00:00,25.3,22.8766666666667,0.41381578947368414,0.0,11.3,72,28,4.0,115,9.1,12.3,14.2,0.0,0.0,0.07,5.0,89.0,1260.0,0.0,1.0,174.0,0.0,101350.0,6.2,85,0,2.5,225,10.1,7.7,11.2,0.0
2025-01-13 10:00:00,25.2766666666667,28.26,0.41435672514619876,0.0,14.0,56,23,4.2,63,11.0,12.2,14.2,0.0,0.0,0.15,9.0,74.0,6579.0,0.0,0.0,174.0,0.0,101400.0,11.9,65,26,3.0,346,16.5,9.6,11.1,0.0
2025-01-13 11:00:00,25.2733333333333,28.31,0.4148976608187134,0.0,14.9,49,6,10.9,53,12.5,12.3,14.2,0.0,0.0,0.23,13.0,63.0,23237.0,2.0,0.0,274.0,0.0,101450.0,14.9,54,27,10.5,49,18.6,12.0,11.1,0.0
2025-01-13 12:00:00,25.3066666666667,27.67,0.41543859649122805,0.0,15.3,43,7,13.2,49,13.9,12.4,14.2,0.0,0.0,0.3,15.0,53.0,40240.0,2.0,4.0,21.0,0.0,101490.0,15.7,44,73,13.6,53,18.9,13.6,11.3,0.0
2025-01-13 13:00:00,25.4133333333333,27.26,0.41597953216374267,0.0,15.7,44,10,12.0,43,15.1,12.4,14.2,0.0,0.0,0.3,15.0,44.0,38084.0,2.0,3.0,60.0,0.0,101440.0,15.8,45,0,15.5,48,19.3,14.3,11.6,0.0
2025-01-13 14:00:00,25.57,26.9666666666667,0.4165204678362573,0.0,15.5,43,3,13.6,41,15.6,12.6,14.2,0.0,0.0,0.29,16.0,40.0,50510.0,4.0,4.0,72.0,0.0,101340.0,15.8,45,0,16.3,49,18.4,15.0,11.8,0.0
2025-01-13 15:00:00,25.72,26.7066666666667,0.4170614035087719,0.0,14.9,46,1,14.8,42,15.7,12.8,14.2,0.0,0.0,0.24,16.0,44.0,44604.0,3.0,5.0,54.0,0.0,101270.0,15.3,47,0,17.3,45,16.4,15.2,12.1,0.0
2025-01-13 16:00:00,25.8533333333333,26.49,0.41760233918128653,0.0,13.7,52,0,14.0,45,15.2,13.0,14.2,0.0,0.0,0.16,15.0,45.0,29588.0,1.0,6.0,12.0,0.0,101270.0,14.2,55,0,17.1,48,13.6,14.6,12.4,0.0
2025-01-13 17:00:00,25.95,26.31,0.41814327485380115,0.0,11.9,61,0,9.3,46,14.2,13.1,14.2,0.0,0.0,0.06,15.0,46.0,13298.0,1.0,4.0,36.0,0.0,101280.0,12.6,63,1,14.1,58,10.6,13.7,12.5,0.0
2025-01-13 18:00:00,26.03,26.1333333333333,0.41868421052631577,0.0,9.7,71,0,7.5,55,12.8,13.2,14.2,0.0,0.0,0.03,14.0,54.0,4051.0,0.0,3.0,48.0,0.0,101290.0,10.6,73,3,9.0,74,8.2,12.5,12.6,0.0
2025-01-13 19:00:00,26.07,25.9933333333333,0.4192251461988304,0.0,8.5,76,0,6.7,67,11.5,13.1,14.2,0.0,0.0,0.0,12.0,60.0,45.0,0.0,3.0,48.0,0.0,101310.0,9.1,81,0,5.4,110,6.6,11.3,12.6,0.0
2025-01-13 20:00:00,26.0966666666667,25.8766666666667,0.419766081871345,0.0,8.0,77,0,6.1,82,10.5,13.0,14.2,0.0,0.0,0.0,10.0,66.0,0.0,0.0,2.0,138.0,0.0,101360.0,7.8,86,0,4.7,148,5.4,10.3,12.5,0.0
2025-01-13 21:00:00,26.1133333333333,25.7633333333333,0.42030701754385963,0.0,7.3,79,8,5.4,102,9.7,12.8,14.2,0.0,0.0,0.0,10.0,69.0,0.0,0.0,2.0,128.0,0.0,101420.0,6.3,87,2,4.0,170,4.2,9.3,12.3,0.0
2025-01-13 22:00:00,26.12,25.68,0.42084795321637425,0.0,6.8,81,26,4.9,118,9.1,12.7,14.2,0.0,0.0,0.0,7.0,76.0,0.0,0.0,0.0,122.0,0.0,101450.0,5.3,88,0,3.2,180,3.3,8.6,12.1,0.0
2025-01-13 23:00:00,26.12,25.5866666666667,0.42138888888888887,0.0,6.4,82,11,4.2,124,8.8,12.5,14.2,0.0,0.0,0.0,6.0,77.0,0.0,0.0,0.0,180.0,0.0,101450.0,3.9,90,3,2.5,180,2.3,7.8,11.8,0.0
2025-01-14 00:00:00,26.12,25.5133333333333,0.4219298245614035,0.0,5.6,82,1,2.8,125,8.3,12.3,14.2,0.0,0.0,0.0,5.0,81.0,0.0,0.0,0.0,171.0,0.0,101450.0,2.8,93,3,4.0,190,2.0,7.4,11.6,0.0
2025-01-14 01:00:00,26.1166666666667,25.4366666666667,0.4224707602339181,0.0,4.9,81,0,2.2,103,7.9,12.2,14.2,0.0,0.0,0.0,5.0,78.0,0.0,0.0,0.0,306.0,0.0,101440.0,2.0,92,4,4.1,195,1.2,6.7,11.3,0.0
2025-01-14 02:00:00,26.11,25.3966666666667,0.4230116959064327,0.0,4.4,81,0,2.0,82,7.5,12.0,14.2,0.0,0.0,0.0,3.0,83.0,0.0,0.0,0.0,144.0,0.0,101430.0,1.5,91,5,4.0,190,0.9,6.2,11.0,0.0
2025-01-14 03:00:00,26.1,25.3333333333333,0.42355263157894735,0.0,4.3,79,2,1.1,51,7.1,11.7,14.2,0.0,0.0,0.0,2.0,85.0,0.0,0.0,0.0,186.0,0.0,101410.0,1.2,89,5,3.9,202,0.5,5.7,10.6,0.0
2025-01-14 04:00:00,26.09,25.2766666666667,0.42409356725146197,0.0,4.3,78,13,2.1,88,6.8,11.5,14.2,0.0,0.0,0.0,2.0,88.0,0.0,0.0,0.0,180.0,0.0,101470.0,0.9,89,4,3.4,198,0.1,5.3,10.3,0.0
2025-01-14 05:00:00,26.0833333333333,25.2466666666667,0.4246345029239766,0.0,4.1,77,24,1.9,87,6.4,11.3,14.2,0.0,0.0,0.0,3.0,89.0,0.0,0.0,1.0,192.0,0.0,101420.0,0.3,90,4,3.3,193,-0.4,4.9,10.0,0.0
2025-01-14 06:00:00,26.0766666666667,25.1933333333333,0.4251754385964912,0.0,4.2,77,18,2.1,92,6.3,11.1,14.2,0.0,0.0,0.0,3.0,87.0,0.0,0.0,0.0,142.0,0.0,101440.0,-0.1,90,1,4.2,200,-0.7,4.7,9.7,0.0
2025-01-14 07:00:00,26.0633333333333,25.16,0.4257163742690058,0.0,4.2,76,7,1.1,70,6.0,10.8,14.2,0.0,0.0,0.0,3.0,87.0,0.0,0.0,0.0,192.0,0.0,101440.0,-0.6,94,17,3.9,202,-1.1,4.3,9.4,0.0
2025-01-14 08:00:00,26.0566666666667,25.1133333333333,0.42625730994152045,0.0,4.9,77,23,1.5,80,6.0,10.6,14.2,0.0,0.0,0.01,1.0,85.0,0.0,0.0,0.0,168.0,0.0,101500.0,-0.3,92,10,3.4,198,0.7,4.1,9.2,0.0
2025-01-14 09:00:00,26.0433333333333,25.0866666666667,0.42679824561403507,0.0,8.9,67,18,1.5,65,7.3,10.5,14.2,0.0,0.0,0.06,2.0,89.0,2415.0,0.0,0.0,174.0,0.0,101570.0,3.5,79,0,3.1,225,7.8,5.0,9.0,0.0
2025-01-14 10:00:00,26.04,25.0566666666667,0.4273391812865497,0.0,11.6,56,4,6.3,51,9.1,10.4,14.2,0.0,0.0,0.16,8.0,71.0,8682.0,0.0,0.0,198.0,0.0,101600.0,9.3,59,0,2.6,304,14.6,7.2,8.9,0.0
2025-01-14 11:00:00,26.04,25.0266666666667,0.4278801169590643,0.0,13.2,48,1,11.8,63,10.9,10.5,14.1,0.0,0.0,0.24,9.0,68.0,24380.0,1.0,1.0,299.0,0.0,101660.0,12.5,50,0,8.5,28,18.2,9.7,9.0,0.0
2025-01-14 12:00:00,26.0566666666667,25.0033333333333,0.4284210526315789,0.0,13.8,45,16,14.4,56,12.3,10.6,14.1,0.0,0.0,0.29,12.0,55.0,40176.0,2.0,1.0,80.0,0.0,101670.0,13.9,48,72,15.1,50,17.2,11.7,9.2,0.0
2025-01-14 13:00:00,26.0833333333333,24.9866666666667,0.42896198830409354,0.0,13.9,46,28,16.7,46,13.2,10.8,14.1,0.0,0.0,0.29,14.0,41.0,49260.0,2.0,3.0,106.0,0.0,101580.0,13.4,58,11,17.6,43,16.4,12.6,9.6,0.0
2025-01-14 14:00:00,26.1133333333333,24.9633333333333,0.42950292397660816,0.0,13.0,52,17,20.5,52,13.6,11.0,14.1,0.0,0.0,0.24,14.0,44.0,55381.0,3.0,3.0,60.0,0.0,101490.0,13.6,56,5,19.3,37,16.4,13.1,9.9,0.0
2025-01-14 15:00:00,26.14,24.9433333333333,0.4300438596491228,0.0,12.5,54,40,20.5,53,13.6,11.2,14.1,0.0,0.0,0.21,14.0,50.0,41676.0,2.0,5.0,90.0,0.0,101440.0,13.0,60,23,22.9,44,14.2,13.2,10.2,0.0
2025-01-14 16:00:00,26.17,24.92,0.4305847953216374,0.0,11.8,57,38,19.5,58,13.1,11.4,14.1,0.0,0.0,0.14,13.0,42.0,29122.0,1.0,5.0,60.0,0.0,101460.0,11.4,70,62,23.3,58,11.3,12.6,10.5,0.0
2025-01-14 17:00:00,26.19,24.89,0.431125730994152,0.0,11.0,61,43,16.7,61,12.4,11.5,14.1,0.0,0.0,0.08,13.0,57.0,18949.0,1.0,5.0,43.0,0.0,101470.0,10.2,76,71,19.7,62,9.0,11.7,10.7,0.0
2025-01-14 18:00:00,26.2,24.85,0.43166666666666664,0.0,9.7,70,21,8.8,69,11.5,11.6,14.1,0.0,0.0,0.04,11.0,62.0,3775.0,0.0,4.0,54.0,0.0,101510.0,9.3,80,58,10.9,63,7.7,10.8,10.8,0.0
2025-01-14 19:00:00,26.2,24.8166666666667,0.43220760233918126,0.0,7.9,80,48,5.9,62,10.5,11.6,14.1,0.0,0.0,0.0,11.0,64.0,0.0,0.0,0.0,131.0,0.0,101530.0,8.2,87,44,6.1,62,6.0,10.0,10.9,0.0
2025-01-14 20:00:00,26.1933333333333,24.77,0.4327485380116959,0.0,8.2,81,43,1.5,59,9.7,11.5,14.1,0.0,0.0,0.0,10.0,69.0,0.0,0.0,0.0,101.0,0.0,101570.0,7.4,89,16,2.6,56,4.6,9.0,10.8,0.0
2025-01-14 21:00:00,26.1766666666667,24.7266666666667,0.4332894736842105,0.0,7.8,83,31,0.7,53,9.0,11.5,14.1,0.0,0.0,0.0,10.0,77.0,0.0,0.0,2.0,37.0,0.0,101610.0,7.2,87,0,0.8,243,2.4,8.1,10.7,0.0
2025-01-14 22:00:00,26.1666666666667,24.6933333333333,0.4338304093567251,0.0,6.9,85,52,2.3,103,8.4,11.4,14.1,0.0,0.0,0.0,9.0,86.0,0.0,0.0,0.0,210.0,0.0,101560.0,6.3,91,0,3.3,221,1.7,7.1,10.5,0.0
2025-01-14 23:00:00,26.1566666666667,24.6666666666667,0.43437134502923974,0.0,6.8,87,24,3.1,281,8.2,11.2,14.1,0.1,0.1,0.0,7.0,91.0,0.0,0.0,1.0,264.0,0.0,101570.0,3.7,97,38,4.6,198,2.7,6.6,10.3,0.0
2025-01-15 00:00:00,26.1433333333333,24.6166666666667,0.43491228070175436,0.0,5.7,92,51,3.0,302,7.8,11.1,14.0,0.1,0.1,0.0,8.0,91.0,0.0,0.0,0.0,180.0,3.0,101630.0,2.7,98,53,4.9,197,2.0,6.4,10.1,0.0
2025-01-15 01:00:00,26.13,24.5933333333333,0.435453216374269,0.0,7.8,88,51,2.7,151,8.9,11.2,14.0,0.2,0.2,0.0,8.0,89.0,0.0,0.0,0.0,204.0,1.0,101590.0,2.1,99,81,4.5,194,1.7,5.9,9.9,0.0
2025-01-15 02:00:00,26.1266666666667,24.56,0.4359941520467836,0.0,6.8,87,10,3.4,219,8.1,11.1,14.0,0.5,0.5,0.0,8.0,89.0,0.0,0.0,0.0,210.0,0.0,101570.0,2.2,98,80,3.9,202,2.0,5.7,9.7,0.0
2025-01-15 03:00:00,26.11,24.5433333333333,0.4365350877192982,0.0,5.8,93,96,3.1,283,7.4,10.9,14.0,0.1,0.1,0.0,7.0,92.0,0.0,0.0,0.0,180.0,0.0,101590.0,2.6,99,90,4.8,193,2.6,5.7,9.5,0.0
2025-01-15 04:00:00,26.1066666666667,24.5333333333333,0.43707602339181284,0.0,6.3,96,27,6.8,213,7.4,10.8,14.0,0.2,0.2,0.0,8.0,91.0,0.0,0.0,1.0,180.0,0.0,101610.0,2.9,98,84,5.2,205,2.9,5.6,9.3,0.1
2025-01-15 05:00:00,26.0933333333333,24.52,0.43761695906432746,0.0,5.5,96,48,5.9,237,7.0,10.7,14.0,0.0,0.0,0.0,8.0,91.0,0.0,0.0,0.0,198.0,0.0,101580.0,3.2,97,88,5.5,203,3.0,5.6,9.1,0.0
2025-01-15 06:00:00,26.0866666666667,24.5133333333333,0.4381578947368421,0.0,5.6,95,24,5.9,237,6.8,10.5,14.0,0.0,0.0,0.0,7.0,91.0,0.0,0.0,0.0,222.0,0.0,101540.0,3.6,96,88,5.7,198,3.0,5.7,9.0,0.0
2025-01-15 07:00:00,26.08,24.5066666666667,0.4386988304093567,0.0,5.7,94,34,7.3,248,6.6,10.3,14.0,0.0,0.0,0.0,7.0,93.0,0.0,0.0,0.0,228.0,0.0,101560.0,3.7,95,72,5.4,200,2.8,5.7,8.8,0.0
2025-01-15 08:00:00,26.07,24.5033333333333,0.4392397660818713,0.0,6.2,92,88,9.8,247,6.6,10.2,14.0,0.0,0.0,0.01,7.0,92.0,0.0,0.0,1.0,246.0,0.0,101590.0,4.0,94,64,5.0,201,4.0,5.6,8.7,0.0
2025-01-15 09:00:00,26.06,24.4966666666667,0.43978070175438594,0.0,8.1,91,95,11.7,240,7.5,10.1,14.0,0.0,0.0,0.04,7.0,92.0,3732.0,0.0,1.0,192.0,0.0,101600.0,7.2,87,42,5.6,207,10.1,6.5,8.6,0.0
2025-01-15 10:00:00,26.0566666666667,24.49,0.44032163742690056,0.0,10.2,81,10,10.1,237,8.8,10.0,13.9,0.0,0.0,0.1,9.0,85.0,11392.0,0.0,1.0,192.0,0.0,101620.0,10.1,75,35,8.1,225,14.5,8.3,8.7,0.0
2025-01-15 11:00:00,26.06,24.48,0.4408625730994152,0.0,12.2,71,46,7.9,258,10.5,10.1,13.9,0.0,0.0,0.21,11.0,76.0,29968.0,1.0,2.0,240.0,0.0,101660.0,12.3,67,24,8.5,242,17.1,10.2,8.8,0.0
2025-01-15 12:00:00,26.1133333333333,24.4933333333333,0.4414035087719298,0.0,13.1,66,42,4.6,265,12.1,10.3,13.9,0.0,0.0,0.23,13.0,69.0,58798.0,3.0,3.0,256.0,0.0,101610.0,13.7,61,90,4.1,285,17.9,11.9,9.2,0.0
2025-01-15 13:00:00,26.1566666666667,24.4966666666667,0.4419444444444444,0.0,14.0,59,40,1.8,302,13.6,10.7,13.9,0.0,0.0,0.23,13.0,68.0,30333.0,2.0,2.0,300.0,0.0,101550.0,14.3,57,70,4.2,329,17.3,12.8,9.5,0.0
2025-01-15 14:00:00,26.19,24.49,0.44248538011695904,0.0,14.5,57,51,3.0,326,14.4,11.0,13.9,0.0,0.0,0.23,15.0,53.0,35673.0,3.0,1.0,180.0,0.0,101450.0,14.5,59,95,9.3,344,17.4,13.4,9.9,0.0
2025-01-15 15:00:00,26.22,24.4833333333333,0.44302631578947366,0.0,14.3,57,66,5.1,355,14.5,11.2,13.9,0.0,0.0,0.17,14.0,57.0,23190.0,1.0,2.0,291.0,0.0,101390.0,13.5,69,45,11.2,345,14.6,13.4,10.3,0.0
2025-01-15 16:00:00,26.2433333333333,24.47,0.4435672514619883,0.0,13.5,63,42,8.1,13,14.1,11.5,13.9,0.0,0.0,0.11,14.0,62.0,14990.0,1.0,1.0,6.0,0.0,101370.0,13.0,72,28,10.5,352,13.0,13.1,10.6,0.0
2025-01-15 17:00:00,26.26,24.4666666666667,0.4441081871345029,0.0,11.5,77,20,4.8,29,13.3,11.6,13.9,0.0,0.0,0.04,14.0,63.0,10052.0,0.0,2.0,0.0,0.0,101350.0,11.8,79,0,5.9,14,9.6,12.3,10.8,0.0
2025-01-15 18:00:00,26.2633333333333,24.4366666666667,0.4446491228070175,0.0,9.7,84,12,2.9,41,11.9,11.7,13.9,0.0,0.0,0.02,13.0,68.0,2284.0,0.0,2.0,54.0,0.0,101360.0,10.0,84,1,1.8,79,6.1,10.9,10.9,0.0
2025-01-15 19:00:00,26.2566666666667,24.4133333333333,0.44519005847953214,0.0,8.7,86,4,2.8,117,10.7,11.7,13.9,0.0,0.0,0.0,10.0,78.0,0.0,0.0,0.0,114.0,0.0,101380.0,8.4,90,32,4.0,185,5.5,9.6,10.9,0.0
2025-01-15 20:00:00,26.24,24.4,0.44573099415204676,0.0,7.4,89,2,3.8,174,9.8,11.7,13.9,0.0,0.0,0.0,8.0,79.0,0.0,0.0,0.0,168.0,0.0,101410.0,6.3,97,44,4.0,190,4.9,8.8,10.8,0.0
2025-01-15 21:00:00,26.2166666666667,24.3666666666667,0.4462719298245614,0.0,6.5,92,8,5.2,193,9.2,11.6,13.9,0.0,0.0,0.0,8.0,81.0,0.0,0.0,0.0,162.0,0.0,101430.0,5.1,97,47,4.4,189,3.9,8.0,10.7,0.0
2025-01-15 22:00:00,26.1966666666667,24.3333333333333,0.446812865497076,0.0,5.7,93,16,4.5,216,8.7,11.5,13.9,0.0,0.0,0.0,8.0,79.0,0.0,0.0,1.0,176.0,0.0,101380.0,4.1,98,51,4.5,194,3.2,7.4,10.5,0.0
2025-01-15 23:00:00,26.1766666666667,24.2966666666667,0.4473538011695906,0.0,5.7,90,7,5.8,231,8.1,11.3,13.9,0.0,0.0,0.0,6.0,87.0,0.0,0.0,0.0,210.0,0.0,101380.0,3.2,99,56,4.2,200,2.4,6.9,10.3,0.0
2025-01-16 00:00:00,26.1533333333333,24.2733333333333,0.44789473684210523,0.0,5.9,89,14,7.2,232,7.8,11.2,13.9,0.0,0.0,0.0,6.0,85.0,0.0,0.0,1.0,186.0,0.0,101310.0,3.0,96,40,4.7,203,1.9,6.4,10.1,0.0
2025-01-16 01:00:00,26.1333333333333,24.26,0.44843567251461985,0.0,4.5,90,52,6.1,234,7.2,11.1,13.9,0.0,0.0,0.0,6.0,87.0,0.0,0.0,2.0,252.0,0.0,101230.0,3.0,93,73,4.5,209,1.7,5.9,9.9,0.0
2025-01-16 02:00:00,26.11,24.2333333333333,0.4489766081871345,0.0,4.5,89,98,6.6,231,6.9,10.9,13.8,0.0,0.0,0.0,5.0,89.0,0.0,0.0,1.0,198.0,0.0,101160.0,3.2,92,100,4.5,209,2.0,5.7,9.7,0.0
2025-01-16 03:00:00,26.0866666666667,24.2033333333333,0.4495175438596491,0.0,5.3,86,100,8.2,226,6.9,10.7,13.8,0.0,0.0,0.0,5.0,87.0,0.0,0.0,1.0,192.0,0.0,101120.0,4.0,90,100,4.8,207,3.0,5.7,9.5,0.0
2025-01-16 04:00:00,26.06,24.18,0.4500584795321637,0.0,6.3,81,91,8.6,225,7.0,10.6,13.8,0.0,0.0,0.0,5.0,86.0,0.0,0.0,2.0,192.0,0.0,101090.0,4.4,89,95,5.3,208,3.1,5.7,9.3,0.0
2025-01-16 05:00:00,26.03,24.1533333333333,0.45059941520467833,0.0,5.8,83,53,7.4,224,6.9,10.4,13.8,0.0,0.0,0.0,6.0,84.0,0.0,0.0,1.0,198.0,0.0,101050.0,4.5,88,90,5.6,220,2.9,5.8,9.1,0.0
2025-01-16 06:00:00,26.0133333333333,24.13,0.45114035087719295,0.0,5.9,80,8,8.6,225,6.8,10.3,13.8,0.0,0.0,0.0,7.0,82.0,0.0,0.0,1.0,228.0,0.0,101020.0,4.3,88,56,6.4,218,2.3,5.6,8.9,0.0
2025-01-16 07:00:00,25.9933333333333,24.1166666666667,0.4516812865497076,0.0,5.3,80,5,9.4,226,6.6,10.2,13.8,0.0,0.0,0.01,6.0,85.0,0.0,0.0,2.0,234.0,0.0,100990.0,4.1,88,13,6.4,218,2.1,5.4,8.8,0.0
2025-01-16 08:00:00,25.9866666666667,24.09,0.4522222222222222,0.0,6.0,75,7,10.2,225,6.6,10.0,13.8,0.0,0.0,0.03,6.0,81.0,67.0,0.0,2.0,240.0,0.0,101010.0,4.3,85,60,6.4,223,3.7,5.3,8.6,0.0
2025-01-16 09:00:00,25.9733333333333,24.0733333333333,0.4527631578947368,0.0,9.9,64,0,10.4,225,7.6,9.9,13.8,0.0,0.0,0.08,5.0,80.0,3846.0,0.0,2.0,198.0,0.0,101040.0,8.0,74,29,6.9,231,10.1,6.3,8.5,0.0
2025-01-16 10:00:00,25.9766666666667,24.0466666666667,0.45330409356725143,0.0,13.3,50,0,11.3,238,9.4,9.9,13.8,0.0,0.0,0.19,8.0,70.0,14607.0,1.0,3.0,240.0,0.0,101070.0,11.2,58,72,12.0,237,13.8,8.1,8.5,0.0
2025-01-16 11:00:00,25.97,24.04,0.45384502923976605,0.0,15.1,40,0,12.7,249,11.1,10.0,13.7,0.0,0.0,0.28,10.0,61.0,31595.0,2.0,4.0,234.0,0.0,101080.0,13.1,52,62,14.2,240,16.1,9.8,8.7,0.0
2025-01-16 12:00:00,25.9766666666667,24.03,0.45438596491228067,0.0,16.3,33,21,10.1,264,12.7,10.2,13.7,0.0,0.0,0.33,13.0,51.0,45564.0,3.0,3.0,270.0,0.0,101050.0,14.7,45,89,14.2,240,16.9,11.5,8.9,0.0
2025-01-16 13:00:00,25.9966666666667,24.01,0.4549269005847953,0.0,16.9,29,66,6.0,304,14.4,10.6,13.7,0.0,0.0,0.34,15.0,43.0,51421.0,3.0,5.0,294.0,0.0,100960.0,15.7,38,66,11.9,245,18.3,12.4,9.3,0.0
2025-01-16 14:00:00,26.02,24.0066666666667,0.4554678362573099,0.0,17.0,27,96,8.4,338,15.2,10.9,13.7,0.0,0.0,0.32,16.0,31.0,43759.0,3.0,2.0,282.0,0.0,100870.0,16.6,33,92,9.5,261,19.2,13.5,9.6,0.0
2025-01-16 15:00:00,26.05,24.0,0.45600877192982453,0.0,16.4,31,100,10.3,358,15.3,11.2,13.7,0.0,0.0,0.26,17.0,31.0,37844.0,2.0,2.0,269.0,0.0,100800.0,16.3,35,95,10.1,343,15.9,13.8,10.0,0.0
2025-01-16 16:00:00,26.0833333333333,23.99,0.45654970760233915,0.0,15.1,41,100,10.0,13,14.8,11.5,13.7,0.0,0.0,0.17,16.0,33.0,22452.0,1.0,4.0,5.0,0.0,100800.0,14.8,46,100,9.7,15,13.4,13.4,10.3,0.0
2025-01-16 17:00:00,26.11,23.9866666666667,0.45709064327485377,0.0,12.3,58,100,3.7,35,13.6,11.7,13.7,0.0,0.0,0.05,16.0,37.0,10655.0,0.0,4.0,8.0,0.0,100830.0,13.1,57,100,3.8,49,10.0,12.6,10.6,0.0
2025-01-16 18:00:00,26.1266666666667,23.9833333333333,0.4576315789473684,0.0,11.4,58,99,1.5,59,12.2,11.8,13.7,0.0,0.0,0.02,14.0,48.0,928.0,0.0,2.0,18.0,0.0,100840.0,11.2,60,98,3.3,167,7.4,11.3,10.8,0.0
2025-01-16 19:00:00,26.1233333333333,23.97,0.458172514619883,0.0,10.8,60,100,1.8,106,11.3,11.8,13.7,0.0,0.0,0.0,13.0,55.0,0.0,0.0,0.0,26.0,0.0,100890.0,8.6,68,100,4.3,175,6.6,10.3,10.8,0.0
2025-01-16 20:00:00,26.1133333333333,23.95,0.45871345029239763,0.0,10.0,60,99,3.2,167,10.6,11.8,13.7,0.0,0.0,0.0,12.0,58.0,0.0,0.0,0.0,186.0,0.0,100940.0,7.6,67,100,3.6,180,5.8,9.5,10.8,0.0
2025-01-16 21:00:00,26.0966666666667,23.93,0.45925438596491225,0.0,9.4,62,100,4.0,178,10.2,11.8,13.7,0.0,0.0,0.0,11.0,60.0,0.0,0.0,0.0,188.0,0.0,100940.0,7.4,56,100,5.2,192,5.8,8.8,10.7,0.0
2025-01-16 22:00:00,26.0766666666667,23.9,0.45979532163742687,0.0,8.7,68,100,2.9,198,9.8,11.7,13.7,0.0,0.0,0.0,10.0,64.0,0.0,0.0,0.0,180.0,0.0,100960.0,7.3,60,100,3.8,197,5.7,8.5,10.6,0.0
2025-01-16 23:00:00,26.0633333333333,23.8766666666667,0.4603362573099415,0.0,9.4,66,100,1.1,333,9.6,11.6,13.7,0.0,0.0,0.0,9.0,66.0,0.0,0.0,0.0,174.0,0.0,100990.0,7.1,65,100,3.3,41,5.4,8.2,10.5,0.0
2025-01-17 00:00:00,26.0466666666667,23.8566666666667,0.4608771929824561,0.0,9.6,66,100,1.9,311,9.5,11.5,13.7,0.0,0.0,0.0,9.0,64.0,0.0,0.0,1.0,161.0,0.0,100990.0,8.2,63,100,1.5,194,5.8,8.1,10.4,0.0
2025-01-17 01:00:00,26.0366666666667,23.8433333333333,0.4614181286549707,0.0,10.5,62,100,1.8,11,10.3,11.6,13.7,0.0,0.0,0.0,9.0,68.0,0.0,0.0,0.0,198.0,0.0,100960.0,8.1,69,100,2.3,321,6.5,8.0,10.2,0.0
2025-01-17 02:00:00,26.0266666666667,23.83,0.46195906432748535,0.0,9.1,84,100,5.5,50,10.0,11.6,13.7,0.5,0.5,0.0,8.0,73.0,0.0,0.0,0.0,90.0,0.0,100920.0,7.1,83,100,5.1,266,6.8,8.2,10.1,0.0
2025-01-17 03:00:00,25.9966666666667,23.7966666666667,0.46249999999999997,0.0,9.3,89,95,3.0,167,9.8,11.5,13.7,1.3,1.3,0.0,10.0,70.0,0.0,0.0,2.0,354.0,0.0,100960.0,7.6,93,100,2.9,187,7.6,8.4,10.1,0.0
2025-01-17 04:00:00,25.9633333333333,23.7766666666667,0.4630409356725146,0.0,9.0,96,100,2.4,6,9.7,11.5,13.7,1.3,1.3,0.0,9.0,85.0,0.0,0.0,0.0,168.0,8.0,101000.0,7.5,95,100,4.5,194,7.2,8.5,10.0,0.0
2025-01-17 05:00:00,25.9466666666667,23.75,0.4635818713450292,0.0,8.7,94,98,2.8,188,9.4,11.4,13.7,0.7,0.7,0.0,9.0,89.0,0.0,0.0,0.0,186.0,2.0,101000.0,7.5,96,100,1.3,236,7.1,8.4,10.0,0.0
2025-01-17 06:00:00,25.94,23.75,0.4641228070175438,0.0,8.2,93,100,0.5,13,8.8,11.3,13.7,0.2,0.2,0.0,8.0,92.0,0.0,0.0,0.0,294.0,0.0,101010.0,7.4,96,100,3.4,198,7.4,8.3,9.9,0.0
2025-01-17 07:00:00,25.9266666666667,23.7366666666667,0.46466374269005845,0.0,8.4,94,100,1.9,329,8.7,11.2,13.7,0.3,0.3,0.0,8.0,93.0,0.0,0.0,0.0,303.0,0.0,101090.0,7.5,95,100,4.8,222,7.3,8.3,9.9,0.0
2025-01-17 08:00:00,25.9033333333333,23.75,0.46520467836257307,0.0,8.5,95,100,2.6,307,8.7,11.1,13.7,0.3,0.3,0.01,8.0,94.0,44.0,0.0,0.0,175.0,13.0,101170.0,7.8,95,100,3.8,229,7.8,8.3,9.8,0.0
2025-01-17 09:00:00,25.9133333333333,24.0,0.4657456140350877,0.0,9.6,89,81,2.2,352,9.4,11.0,13.7,0.1,0.1,0.04,8.0,94.0,1226.0,0.0,0.0,276.0,6.0,101230.0,8.8,95,100,3.7,259,10.0,8.7,9.8,0.0
2025-01-17 10:00:00,25.9766666666667,25.2533333333333,0.4662865497076023,0.0,10.9,81,58,3.3,348,10.4,11.0,13.7,0.1,0.1,0.1,9.0,94.0,9615.0,1.0,1.0,264.0,5.0,101270.0,10.1,90,89,3.9,304,12.1,9.4,9.8,0.0
2025-01-17 11:00:00,26.1333333333333,25.8533333333333,0.4668274853801169,0.0,11.3,80,71,3.4,353,11.3,11.0,13.7,0.1,0.1,0.15,9.0,91.0,11308.0,1.0,2.0,256.0,0.0,101310.0,11.2,84,92,7.2,360,14.5,10.6,9.9,0.0
2025-01-17 12:00:00,26.3966666666667,26.0333333333333,0.46736842105263154,0.0,11.9,77,67,4.7,360,12.3,11.1,13.6,0.1,0.1,0.18,10.0,89.0,27926.0,1.0,3.0,264.0,0.0,101340.0,11.5,81,89,8.2,15,14.7,11.5,10.1,0.0
2025-01-17 13:00:00,26.7066666666667,26.0866666666667,0.46790935672514616,0.0,12.5,73,67,7.3,39,12.7,11.3,13.6,0.1,0.1,0.19,12.0,79.0,44295.0,3.0,2.0,251.0,0.0,101250.0,11.9,78,80,7.6,19,15.4,12.4,10.3,0.0
2025-01-17 14:00:00,27.13,26.4633333333333,0.4684502923976608,0.0,12.8,69,39,8.5,32,13.4,11.4,13.6,0.0,0.0,0.19,10.0,89.0,11284.0,1.0,0.0,334.0,10.0,101200.0,12.1,77,82,8.1,21,14.6,13.0,10.6,0.0
2025-01-17 15:00:00,27.6633333333333,26.7966666666667,0.4689912280701754,0.0,12.8,68,25,9.4,39,13.7,11.6,13.6,0.0,0.0,0.17,13.0,70.0,45236.0,2.0,1.0,324.0,1.0,101160.0,12.4,74,55,9.5,11,13.4,13.0,10.9,0.0
2025-01-17 16:00:00,28.0066666666667,26.7466666666667,0.46953216374269,0.0,12.5,67,17,11.2,43,13.5,11.7,13.6,0.0,0.0,0.13,12.0,77.0,9182.0,0.0,1.0,0.0,0.0,101180.0,12.0,75,46,10.4,20,11.9,12.7,11.1,0.0
2025-01-17 17:00:00,28.1666666666667,26.6633333333333,0.47007309941520464,0.0,11.0,74,27,6.5,50,12.8,11.9,13.6,0.0,0.0,0.05,11.0,82.0,3819.0,0.0,1.0,30.0,0.0,101230.0,11.1,81,49,9.2,21,9.9,12.0,11.2,0.0
2025-01-17 18:00:00,28.25,26.5766666666667,0.47061403508771926,0.0,9.1,82,30,3.4,62,11.5,11.9,13.6,0.0,0.0,0.02,10.0,87.0,584.0,0.0,0.0,204.0,0.0,101270.0,9.9,91,100,7.7,28,9.1,11.1,11.3,0.0
2025-01-17 19:00:00,28.2766666666667,26.51,0.4711549707602339,0.0,8.7,84,54,2.5,84,10.6,11.9,13.6,0.0,0.0,0.0,9.0,91.0,0.0,0.0,0.0,174.0,0.0,101340.0,9.5,93,79,2.8,40,8.1,10.5,11.3,0.0
2025-01-17 20:00:00,28.28,26.4433333333333,0.4716959064327485,0.0,7.9,87,44,2.7,126,9.9,11.8,13.6,0.0,0.0,0.0,8.0,92.0,0.0,0.0,0.0,180.0,0.0,101360.0,9.1,93,57,1.8,180,6.5,9.7,11.2,0.0
2025-01-17 21:00:00,28.2766666666667,26.3866666666667,0.4722368421052631,0.0,7.5,89,64,1.0,61,9.4,11.7,13.6,0.0,0.0,0.0,8.0,93.0,0.0,0.0,0.0,186.0,0.0,101380.0,7.7,97,87,3.4,198,6.5,9.0,11.1,0.0
2025-01-17 22:00:00,28.2633333333333,26.34,0.47277777777777774,0.0,7.1,89,28,1.4,27,8.9,11.6,13.6,0.0,0.0,0.0,8.0,92.0,0.0,0.0,0.0,186.0,0.0,101400.0,6.8,100,100,3.3,193,6.2,8.7,10.9,0.0
2025-01-17 23:00:00,28.2466666666667,26.31,0.47331871345029236,0.0,6.2,91,54,3.0,259,8.4,11.5,13.6,0.0,0.0,0.0,7.0,93.0,0.0,0.0,0.0,198.0,0.0,101390.0,6.0,100,98,4.0,207,5.7,8.2,10.7,0.0
2025-01-18 00:00:00,28.2333333333333,26.2566666666667,0.473859649122807,0.0,6.7,92,46,5.5,241,8.3,11.3,13.6,0.0,0.0,0.0,6.0,95.0,0.0,0.0,0.0,186.0,0.0,101380.0,5.5,99,65,4.9,197,5.1,7.9,10.6,0.0
2025-01-18 01:00:00,28.2266666666667,26.2466666666667,0.4744005847953216,0.0,7.4,90,60,4.4,240,8.8,11.4,13.6,0.0,0.0,0.0,7.0,95.0,0.0,0.0,0.0,210.0,0.0,101360.0,5.2,99,81,5.0,201,4.8,7.5,10.4,0.0
2025-01-18 02:00:00,28.2266666666667,26.2533333333333,0.4749415204678362,0.0,7.6,91,48,6.5,233,8.7,11.3,13.6,0.0,0.0,0.0,7.0,94.0,0.0,0.0,0.0,234.0,0.0,101300.0,5.4,98,92,5.4,200,5.3,7.2,10.2,0.0
2025-01-18 03:00:00,28.2166666666667,26.2366666666667,0.47548245614035084,0.0,7.4,90,60,7.7,241,8.5,11.2,13.6,0.0,0.0,0.0,8.0,92.0,0.0,0.0,2.0,258.0,0.0,101270.0,6.1,96,100,6.1,208,5.8,7.3,10.0,0.0
2025-01-18 04:00:00,28.2033333333333,26.2133333333333,0.47602339181286546,0.0,6.9,92,81,7.1,243,8.2,11.0,13.6,0.0,0.0,0.0,8.0,90.0,0.0,0.0,2.0,228.0,0.0,101260.0,6.4,93,100,6.4,207,6.2,7.4,9.9,0.0
2025-01-18 05:00:00,28.1966666666667,26.18,0.4765643274853801,0.0,6.7,92,100,6.7,233,8.0,10.9,13.6,0.0,0.0,0.0,8.0,89.0,0.0,0.0,0.0,258.0,0.0,101230.0,6.8,91,100,6.0,213,6.4,7.5,9.7,0.0
2025-01-18 06:00:00,28.19,26.1566666666667,0.4771052631578947,0.0,7.3,90,100,7.9,233,8.0,10.8,13.6,0.0,0.0,0.0,9.0,91.0,0.0,0.0,1.0,246.0,0.0,101230.0,7.1,93,100,6.3,211,6.3,7.6,9.6,0.0
2025-01-18 07:00:00,28.1766666666667,26.1233333333333,0.4776461988304093,0.0,7.2,90,100,8.5,231,8.0,10.7,13.6,0.0,0.0,0.0,8.0,92.0,0.0,0.0,0.0,171.0,0.0,101270.0,7.3,92,100,5.4,217,6.6,7.6,9.5,0.0
2025-01-18 08:00:00,28.16,26.0833333333333,0.47818713450292394,0.0,7.7,89,100,9.3,232,8.1,10.6,13.6,0.0,0.0,0.02,8.0,93.0,320.0,0.0,0.0,180.0,0.0,101290.0,7.8,90,100,6.9,223,7.6,7.7,9.5,0.0
2025-01-18 09:00:00,28.15,26.0633333333333,0.47872807017543856,0.0,8.8,87,100,10.1,221,8.6,10.5,13.6,0.3,0.3,0.04,8.0,93.0,6584.0,0.0,0.0,270.0,0.0,101330.0,8.9,91,100,6.9,231,8.9,8.3,9.4,0.1
2025-01-18 10:00:00,28.1533333333333,26.08,0.4792690058479532,0.0,9.5,90,100,9.9,221,9.1,10.5,13.6,0.9,0.9,0.05,9.0,91.0,12210.0,1.0,0.0,276.0,0.0,101390.0,10.0,87,100,9.5,233,10.5,9.0,9.4,0.5
2025-01-18 11:00:00,28.1833333333333,26.09,0.4798099415204678,0.0,9.9,90,100,9.2,218,9.5,10.4,13.6,1.4,1.4,0.05,,,,,,,,,10.4,86,100,11.4,235,10.6,9.6,9.5,0.4
2025-01-18 12:00:00,28.2733333333333,26.26,0.4803508771929824,0.0,9.9,91,100,9.3,231,9.9,10.5,13.5,0.6,0.6,0.06,9.0,91.0,14580.0,0.0,1.0,294.0,1.0,101420.0,11.3,85,98,11.8,239,12.7,10.2,9.6,0.5
2025-01-18 13:00:00,28.3933333333333,26.49,0.48089181286549704,0.0,12.1,78,100,8.6,256,11.4,10.7,13.5,0.2,0.2,0.13,10.0,91.0,23126.0,1.0,2.0,270.0,1.0,101370.0,11.6,82,94,10.3,245,12.0,10.6,9.8,0.1
2025-01-18 14:00:00,28.4766666666667,26.5466666666667,0.48143274853801166,0.0,12.7,72,99,4.2,297,12.1,10.9,13.5,0.1,0.1,0.15,11.0,89.0,34004.0,2.0,3.0,258.0,0.0,101270.0,12.1,78,93,8.0,243,13.2,11.1,9.9,0.0
2025-01-18 15:00:00,28.51,26.5133333333333,0.4819736842105263,0.0,13.2,70,87,1.4,27,12.8,11.0,13.5,0.0,0.0,0.14,11.0,85.0,27023.0,2.0,2.0,264.0,0.0,101200.0,12.6,77,100,5.2,254,13.4,11.7,10.1,0.0
2025-01-18 16:00:00,28.55,26.49,0.4825146198830409,0.0,13.2,70,30,2.1,12,13.0,11.2,13.5,0.0,0.0,0.11,12.0,84.0,26096.0,1.0,2.0,223.0,0.0,101170.0,12.6,76,100,4.0,275,12.0,11.9,10.3,0.0
2025-01-18 17:00:00,28.57,26.4833333333333,0.4830555555555555,0.0,11.6,81,68,2.9,33,12.5,11.3,13.5,0.0,0.0,0.04,12.0,85.0,12668.0,1.0,0.0,198.0,0.0,101190.0,12.0,82,72,0.7,270,10.5,11.5,10.5,0.0
2025-01-18 18:00:00,28.5733333333333,26.4433333333333,0.48359649122807014,0.0,10.5,82,80,1.7,71,11.6,11.4,13.5,0.0,0.0,0.02,12.0,80.0,6357.0,0.0,0.0,258.0,0.0,101220.0,11.0,83,94,1.0,135,8.2,10.6,10.6,0.0
2025-01-18 19:00:00,28.56,26.3766666666667,0.48413742690058476,0.0,9.6,86,100,3.2,174,10.9,11.4,13.5,0.0,0.0,0.0,11.0,86.0,162.0,0.0,0.0,228.0,0.0,101250.0,10.0,86,61,2.9,173,7.6,9.9,10.6,0.0
2025-01-18 20:00:00,28.5366666666667,26.3433333333333,0.4846783625730994,0.0,9.0,89,4,3.7,210,10.4,11.4,13.5,0.0,0.0,0.0,10.0,89.0,0.0,0.0,0.0,192.0,0.0,101280.0,8.2,93,65,3.6,180,7.1,9.3,10.6,0.0
2025-01-18 21:00:00,28.5,26.2866666666667,0.485219298245614,0.0,7.3,94,0,5.0,235,9.7,11.4,13.5,0.0,0.0,0.0,9.0,93.0,0.0,0.0,0.0,210.0,0.0,101300.0,7.3,94,40,3.6,180,5.9,8.7,10.5,0.0
2025-01-18 22:00:00,28.47,26.2533333333333,0.4857602339181286,0.0,6.6,94,0,6.1,237,9.1,11.3,13.5,0.0,0.0,0.0,9.0,94.0,0.0,0.0,0.0,210.0,0.0,101270.0,6.3,95,52,4.0,180,5.3,8.2,10.3,0.0
2025-01-18 23:00:00,28.44,26.2033333333333,0.48630116959064323,0.0,6.1,93,0,6.4,223,8.6,11.2,13.5,0.0,0.0,0.0,8.0,93.0,0.0,0.0,0.0,180.0,0.0,101250.0,5.5,95,46,3.8,197,4.6,7.6,10.2,0.0
2025-01-19 00:00:00,28.41,26.1733333333333,0.48684210526315785,0.0,5.6,94,0,7.0,218,8.1,11.0,13.5,0.0,0.0,0.0,7.0,94.0,0.0,0.0,1.0,186.0,0.0,101250.0,5.2,95,55,4.0,190,4.3,7.2,10.0,0.0
2025-01-19 01:00:00,28.38,26.12,0.4873830409356725,0.0,5.1,95,0,5.3,224,8.2,10.8,13.5,0.0,0.0,0.0,7.0,94.0,0.0,0.0,1.0,186.0,0.0,101230.0,4.8,94,33,3.3,193,3.7,6.7,9.8,0.0
2025-01-19 02:00:00,28.3433333333333,26.09,0.4879239766081871,0.0,4.9,95,1,4.9,236,7.7,10.6,13.5,0.0,0.0,0.0,6.0,92.0,0.0,0.0,0.0,198.0,0.0,101190.0,4.4,94,35,3.6,186,3.3,6.3,9.6,0.0
2025-01-19 03:00:00,28.2933333333333,26.0566666666667,0.4884649122807017,0.0,4.7,94,1,4.6,240,7.3,10.5,13.5,0.0,0.0,0.0,5.0,92.0,0.0,0.0,1.0,192.0,0.0,101150.0,3.9,96,39,3.7,191,2.8,5.9,9.4,0.0
2025-01-19 04:00:00,28.26,26.0133333333333,0.48900584795321633,0.0,4.5,93,1,4.4,219,6.9,10.3,13.5,0.0,0.0,0.0,6.0,91.0,0.0,0.0,1.0,180.0,0.0,101130.0,3.6,96,35,3.1,201,2.4,5.5,9.2,0.0
2025-01-19 05:00:00,28.23,26.0,0.48954678362573095,0.0,4.3,93,2,5.4,219,6.6,10.2,13.4,0.0,0.0,0.0,6.0,92.0,0.0,0.0,1.0,198.0,0.0,101100.0,3.1,97,45,3.3,193,2.1,5.2,8.9,0.0
2025-01-19 06:00:00,28.2066666666667,25.9766666666667,0.49008771929824557,0.0,4.2,93,5,5.4,201,6.4,10.0,13.4,0.0,0.0,0.0,4.0,94.0,0.0,0.0,1.0,186.0,0.0,101050.0,2.7,98,51,3.8,197,2.0,4.9,8.7,0.0
2025-01-19 07:00:00,28.1833333333333,25.9533333333333,0.4906286549707602,0.0,4.0,92,5,4.8,194,6.1,9.9,13.4,0.0,0.0,0.0,4.0,92.0,0.0,0.0,0.0,192.0,0.0,101060.0,2.6,98,52,3.8,197,1.8,4.7,8.5,0.0
2025-01-19 08:00:00,28.1533333333333,25.92,0.4911695906432748,0.0,5.3,89,2,7.4,224,6.2,9.7,13.4,0.0,0.0,0.01,4.0,92.0,0.0,0.0,1.0,180.0,0.0,101030.0,2.8,97,45,3.5,204,3.0,4.5,8.3,0.0
2025-01-19 09:00:00,28.1233333333333,25.89,0.49171052631578943,0.0,9.4,80,0,8.4,233,7.3,9.6,13.4,0.0,0.0,0.07,5.0,91.0,2306.0,0.0,0.0,186.0,0.0,101050.0,6.2,93,22,4.1,225,8.6,5.4,8.1,0.0
2025-01-19 10:00:00,28.0833333333333,25.88,0.49225146198830405,0.0,12.7,68,0,7.7,254,9.2,9.6,13.4,0.0,0.0,0.16,8.0,87.0,6658.0,0.0,1.0,216.0,0.0,101080.0,10.5,81,0,6.3,246,13.4,7.4,8.1,0.0
2025-01-19 11:00:00,28.07,25.8466666666667,0.49279239766081867,0.0,14.6,58,0,7.0,261,11.1,9.7,13.4,0.0,0.0,0.24,10.0,84.0,25020.0,2.0,2.0,256.0,0.0,101100.0,12.7,73,0,8.4,245,15.4,9.5,8.2,0.0
2025-01-19 12:00:00,28.0733333333333,25.8366666666667,0.4933333333333333,0.0,15.9,54,0,4.9,267,12.9,9.9,13.4,0.0,0.0,0.3,11.0,79.0,43013.0,3.0,2.0,258.0,0.0,101100.0,14.2,70,0,8.0,252,17.1,11.2,8.5,0.0
2025-01-19 13:00:00,28.0866666666667,25.81,0.4938742690058479,0.0,16.9,51,0,4.4,286,13.9,10.2,13.4,0.0,0.0,0.32,13.0,74.0,52012.0,3.0,2.0,288.0,0.0,101010.0,15.2,67,0,7.0,258,18.0,12.5,8.9,0.0
2025-01-19 14:00:00,28.1,25.77,0.49441520467836253,0.0,17.3,46,0,6.0,298,14.9,10.5,13.3,0.0,0.0,0.3,14.0,67.0,52690.0,3.0,2.0,263.0,0.0,100910.0,15.9,62,0,5.3,242,18.1,13.5,9.3,0.0
2025-01-19 15:00:00,28.11,25.72,0.49495614035087715,0.0,17.3,44,0,5.2,310,15.3,10.9,13.3,0.0,0.0,0.24,16.0,60.0,46304.0,3.0,2.0,276.0,0.0,100830.0,16.6,59,0,3.3,276,17.7,14.2,9.8,0.0
2025-01-19 16:00:00,28.11,25.68,0.49549707602339177,0.0,16.3,53,77,6.4,10,15.1,11.2,13.3,0.0,0.0,0.16,16.0,56.0,31237.0,2.0,2.0,264.0,0.0,100790.0,16.2,59,78,1.9,22,15.4,14.2,10.2,0.0
2025-01-19 17:00:00,28.0866666666667,25.6133333333333,0.4960380116959064,0.0,13.0,74,66,5.9,59,14.0,11.5,13.3,0.0,0.0,0.05,17.0,49.0,13651.0,1.0,1.0,195.0,0.0,100790.0,14.0,80,99,5.6,45,11.5,13.4,10.5,0.0
2025-01-19 18:00:00,28.05,25.5633333333333,0.496578947368421,0.0,10.9,79,92,2.2,78,12.4,11.6,13.3,0.0,0.0,0.01,16.0,53.0,4848.0,0.0,1.0,308.0,0.0,100820.0,11.5,87,100,3.3,49,8.8,12.0,10.7,0.0
2025-01-19 19:00:00,28.02,25.49,0.49711988304093563,0.0,10.3,80,100,0.9,90,11.1,11.6,13.3,0.0,0.0,0.0,12.0,79.0,0.0,0.0,0.0,54.0,0.0,100880.0,11.1,87,100,0.7,180,8.3,10.8,10.8,0.0
2025-01-19 20:00:00,27.9766666666667,25.44,0.49766081871345025,0.0,10.4,79,100,2.7,185,10.5,11.6,13.3,0.0,0.0,0.0,10.0,86.0,0.0,0.0,0.0,186.0,0.0,100970.0,10.2,91,100,2.7,203,8.2,10.1,10.8,0.0
2025-01-19 21:00:00,27.93,25.3966666666667,0.49820175438596487,0.0,10.9,74,82,2.0,189,10.3,11.6,13.3,0.0,0.0,0.0,10.0,87.0,0.0,0.0,2.0,167.0,0.0,100990.0,9.1,92,83,3.3,193,7.9,9.8,10.8,0.0
2025-01-19 22:00:00,27.88,25.3433333333333,0.4987426900584795,0.0,9.6,77,66,4.5,235,9.8,11.5,13.3,0.0,0.0,0.0,10.0,88.0,0.0,0.0,0.0,174.0,0.0,100970.0,8.3,90,71,3.4,198,6.8,9.3,10.7,0.0
2025-01-19 23:00:00,27.85,25.2933333333333,0.4992836257309941,0.0,8.6,78,4,5.7,233,9.3,11.4,13.3,0.0,0.0,0.0,9.0,89.0,0.0,0.0,0.0,276.0,0.0,100960.0,7.4,88,42,3.1,201,5.7,8.7,10.6,0.0
2025-01-20 00:00:00,27.82,25.2633333333333,0.4998245614035087,0.0,7.4,76,0,6.1,230,8.8,11.3,13.3,0.0,0.0,0.0,8.0,92.0,0.0,0.0,0.0,192.0,0.0,100990.0,6.3,87,23,3.9,202,4.7,8.0,10.4,0.0
2025-01-20 01:00:00,27.79,25.2333333333333,0.5003654970760233,0.0,7.7,71,0,5.6,232,9.5,11.5,13.3,0.0,0.0,0.0,9.0,89.0,0.0,0.0,0.0,186.0,0.0,100950.0,5.8,84,37,4.0,190,4.2,7.4,10.2,0.0
2025-01-20 02:00:00,27.7533333333333,25.2,0.500906432748538,0.0,6.9,73,0,5.5,231,8.9,11.4,13.3,0.0,0.0,0.0,7.0,89.0,0.0,0.0,1.0,186.0,0.0,100940.0,5.5,85,34,3.3,193,3.8,7.0,10.0,0.0
2025-01-20 03:00:00,27.71,25.1666666666667,0.5014473684210525,0.0,6.3,76,2,5.7,228,8.4,11.3,13.3,0.0,0.0,0.0,8.0,81.0,0.0,0.0,1.0,216.0,0.0,100910.0,4.8,90,35,4.2,211,3.4,6.5,9.8,0.0
2025-01-20 04:00:00,27.6733333333333,25.1333333333333,0.5019883040935672,0.0,5.7,79,0,5.7,213,8.0,11.1,13.3,0.0,0.0,0.0,7.0,85.0,0.0,0.0,1.0,180.0,0.0,100880.0,4.7,91,4,3.9,214,3.1,6.2,9.6,0.0
2025-01-20 05:00:00,27.65,25.11,0.5025292397660818,0.0,5.4,82,0,5.7,201,7.7,11.0,13.3,0.0,0.0,0.0,8.0,81.0,0.0,0.0,1.0,186.0,0.0,100880.0,4.4,91,25,3.4,212,2.6,5.8,9.4,0.0
2025-01-20 06:00:00,27.6266666666667,25.1033333333333,0.5030701754385964,0.0,5.4,83,0,5.9,206,7.4,10.8,13.3,0.0,0.0,0.0,8.0,79.0,0.0,0.0,2.0,188.0,0.0,100860.0,4.0,92,1,4.3,222,2.5,5.5,9.2,0.0
2025-01-20 07:00:00,27.5966666666667,25.0733333333333,0.503611111111111,0.0,5.5,84,0,5.7,211,7.1,10.6,13.3,0.0,0.0,0.0,7.0,82.0,0.0,0.0,1.0,192.0,0.0,100850.0,3.9,91,1,3.6,217,2.3,5.3,8.9,0.0
2025-01-20 08:00:00,27.5633333333333,25.05,0.5041520467836257,0.0,7.2,80,0,5.6,204,7.2,10.5,13.3,0.0,0.0,0.02,7.0,83.0,0.0,0.0,1.0,192.0,0.0,100860.0,4.5,88,3,3.4,212,3.9,5.1,8.7,0.0
2025-01-20 09:00:00,27.5366666666667,25.03,0.5046929824561402,0.0,11.7,71,49,7.0,217,8.5,10.4,13.3,0.0,0.0,0.08,8.0,79.0,4937.0,0.0,1.0,210.0,0.0,100890.0,7.9,88,7,3.8,221,10.2,6.2,8.6,0.0
2025-01-20 10:00:00,27.5166666666667,25.01,0.5052339181286549,0.0,15.6,57,98,6.8,252,10.4,10.4,13.3,0.0,0.0,0.18,11.0,74.0,13523.0,1.0,2.0,222.0,0.0,100900.0,13.5,77,16,4.5,241,16.6,8.4,8.6,0.0
2025-01-20 11:00:00,27.5033333333333,24.9933333333333,0.5057748538011695,0.0,17.9,47,100,7.3,254,12.4,10.5,13.3,0.0,0.0,0.27,13.0,66.0,28732.0,2.0,4.0,288.0,0.0,100950.0,16.0,62,75,8.5,242,18.0,10.8,8.8,0.0
2025-01-20 12:00:00,27.5066666666667,24.98,0.5063157894736842,0.0,19.3,39,100,8.7,243,13.8,10.7,13.3,0.0,0.0,0.3,15.0,60.0,34144.0,1.0,4.0,256.0,0.0,100920.0,17.7,54,17,10.7,258,19.1,12.6,9.1,0.0
2025-01-20 13:00:00,27.5133333333333,24.9666666666667,0.5068567251461987,0.0,20.7,33,81,10.1,245,14.9,11.0,13.3,0.0,0.0,0.37,15.0,58.0,30300.0,2.0,2.0,258.0,0.0,100830.0,18.4,51,77,9.2,259,19.5,13.8,9.5,0.0
2025-01-20 14:00:00,27.5333333333333,24.9466666666667,0.5073976608187134,0.0,21.3,31,68,10.5,239,15.9,11.3,13.3,0.0,0.0,0.36,17.0,52.0,32988.0,2.0,3.0,252.0,0.0,100710.0,19.1,48,43,6.0,245,20.3,14.7,10.0,0.0
2025-01-20 15:00:00,27.55,24.9166666666667,0.507938596491228,0.0,21.5,35,98,8.2,243,16.4,11.7,13.3,0.0,0.0,0.29,19.0,45.0,47883.0,2.0,1.0,251.0,0.0,100590.0,19.8,43,81,3.9,292,19.2,15.6,10.4,0.0
2025-01-20 16:00:00,27.57,24.9033333333333,0.5084795321637426,0.0,20.1,47,100,3.8,294,16.4,12.0,13.3,0.0,0.0,0.17,19.0,43.0,28358.0,2.0,2.0,264.0,0.0,100560.0,19.1,52,72,3.4,32,17.0,15.5,10.9,0.0
2025-01-20 17:00:00,27.58,24.8666666666667,0.5090204678362572,0.0,16.7,62,100,4.2,2,15.6,12.3,13.3,0.0,0.0,0.06,19.0,43.0,8248.0,1.0,1.0,258.0,0.0,100550.0,16.4,74,100,5.4,42,13.9,14.7,11.2,0.0
2025-01-20 18:00:00,27.5766666666667,24.85,0.5095614035087719,0.0,14.0,75,100,5.5,53,14.2,12.4,13.3,0.0,0.0,0.03,18.0,56.0,2487.0,0.0,0.0,198.0,0.0,100560.0,14.3,84,100,3.4,342,11.8,13.6,11.5,0.0
2025-01-20 19:00:00,27.5533333333333,24.83,0.5101023391812864,0.0,13.2,75,100,2.8,29,13.1,12.5,13.3,0.0,0.0,0.0,16.0,57.0,0.0,0.0,1.0,168.0,0.0,100580.0,13.3,89,97,3.3,6,11.8,12.8,11.6,0.0
2025-01-20 20:00:00,27.52,24.79,0.5106432748538011,0.0,13.6,73,100,0.9,62,12.7,12.6,13.3,0.0,0.0,0.0,14.0,73.0,0.0,0.0,0.0,126.0,0.0,100600.0,13.2,87,100,3.1,69,11.5,12.3,11.7,0.0
2025-01-20 21:00:00,27.4833333333333,24.74,0.5111842105263157,0.0,13.1,72,100,0.4,78,12.1,12.6,13.3,0.0,0.0,0.0,14.0,74.0,0.0,0.0,1.0,131.0,0.0,100600.0,12.7,83,100,2.5,82,9.8,11.6,11.7,0.0
2025-01-20 22:00:00,27.4566666666667,24.7133333333333,0.5117251461988304,0.0,11.8,76,99,2.2,343,11.4,12.5,13.3,0.0,0.0,0.0,13.0,81.0,0.0,0.0,0.0,178.0,0.0,100600.0,12.6,79,95,0.7,270,8.5,11.0,11.7,0.0
2025-01-20 23:00:00,27.43,24.6966666666667,0.5122660818713449,0.0,10.6,75,100,3.0,227,10.8,12.4,13.3,0.0,0.0,0.0,12.0,83.0,0.0,0.0,0.0,184.0,0.0,100570.0,11.8,83,24,2.0,225,6.8,10.2,11.6,0.0
2025-01-21 00:00:00,27.4066666666667,24.6533333333333,0.5128070175438596,0.0,9.9,73,95,3.0,270,10.4,12.3,13.3,0.0,0.0,0.0,11.0,84.0,0.0,0.0,0.0,161.0,0.0,100620.0,9.8,96,73,2.8,220,6.2,9.4,11.5,0.0
2025-01-21 01:00:00,27.3766666666667,24.6166666666667,0.5133479532163742,0.0,10.1,77,100,1.7,170,10.7,12.6,13.3,0.0,0.0,0.0,9.0,86.0,0.0,0.0,0.0,160.0,0.0,100580.0,8.9,97,100,2.2,180,6.0,8.9,11.3,0.0
2025-01-21 02:00:00,27.34,24.5866666666667,0.5138888888888888,0.0,9.3,78,100,1.3,22,10.2,12.5,13.3,0.0,0.0,0.0,9.0,86.0,0.0,0.0,0.0,188.0,0.0,100540.0,9.0,90,100,2.3,162,6.1,8.5,11.1,0.0
2025-01-21 03:00:00,27.3,24.56,0.5144298245614034,0.0,9.0,79,99,1.1,9,9.8,12.3,13.3,0.0,0.0,0.0,8.0,89.0,0.0,0.0,0.0,60.0,0.0,100520.0,8.7,85,100,2.7,157,5.7,8.1,10.9,0.0
2025-01-21 04:00:00,27.28,24.5466666666667,0.5149707602339181,0.0,9.1,78,99,0.7,42,9.6,12.2,13.3,0.0,0.0,0.0,9.0,86.0,0.0,0.0,0.0,186.0,0.0,100510.0,8.7,80,100,2.1,149,5.3,7.9,10.7,0.0
2025-01-21 05:00:00,27.2566666666667,24.5333333333333,0.5155116959064326,0.0,8.6,80,100,2.3,300,9.3,12.0,13.3,0.0,0.0,0.0,8.0,84.0,0.0,0.0,0.0,168.0,0.0,100470.0,8.7,80,100,2.1,149,5.1,7.7,10.5,0.0
2025-01-21 06:00:00,27.23,24.4966666666667,0.5160526315789473,0.0,8.3,80,100,3.5,221,9.1,11.9,13.3,0.0,0.0,0.0,9.0,80.0,0.0,0.0,2.0,173.0,0.0,100470.0,7.8,88,100,3.3,167,5.1,7.4,10.3,0.0
2025-01-21 07:00:00,27.21,24.4733333333333,0.5165935672514619,0.0,8.5,77,100,4.5,213,9.0,11.7,13.3,0.0,0.0,0.0,11.0,69.0,0.0,0.0,1.0,192.0,0.0,100530.0,6.9,89,100,2.9,173,5.1,7.3,10.1,0.0
2025-01-21 08:00:00,27.18,24.45,0.5171345029239766,0.0,10.0,73,99,6.0,226,9.1,11.6,13.3,0.0,0.0,0.03,10.0,72.0,0.0,0.0,1.0,186.0,0.0,100570.0,7.0,88,100,3.2,180,6.6,7.3,10.0,0.0
2025-01-21 09:00:00,27.2,24.4233333333333,0.5176754385964911,0.0,13.9,68,100,7.8,234,10.2,11.5,13.3,0.0,0.0,0.08,11.0,72.0,5384.0,0.0,2.0,178.0,0.0,100580.0,9.1,88,100,2.4,207,11.2,8.0,9.8,0.0
2025-01-21 10:00:00,27.1666666666667,24.4066666666667,0.5182163742690058,0.0,18.1,57,100,7.2,242,12.0,11.5,13.3,0.0,0.0,0.17,15.0,57.0,21984.0,1.0,3.0,212.0,0.0,100610.0,13.8,82,100,2.1,239,16.6,9.8,9.8,0.0
2025-01-21 11:00:00,27.1533333333333,24.3866666666667,0.5187573099415204,0.0,20.5,45,99,6.3,270,13.8,11.7,13.3,0.0,0.0,0.26,17.0,50.0,27092.0,1.0,4.0,234.0,0.0,100630.0,17.9,63,100,4.1,232,20.1,12.1,10.0,0.0
2025-01-21 12:00:00,27.1566666666667,24.37,0.519298245614035,0.0,21.8,41,100,4.1,305,15.5,11.9,13.3,0.0,0.0,0.31,18.0,49.0,38233.0,3.0,3.0,234.0,0.0,100590.0,20.4,52,100,6.8,238,22.1,14.3,10.3,0.0
2025-01-21 13:00:00,27.1733333333333,24.35,0.5198391812865496,0.0,22.7,42,99,5.3,328,16.2,12.0,13.3,0.0,0.0,0.35,19.0,47.0,48945.0,3.0,3.0,240.0,0.0,100490.0,21.5,49,100,5.9,232,22.6,15.7,10.7,0.0
2025-01-21 14:00:00,27.19,24.3233333333333,0.5203801169590643,0.0,22.9,41,93,4.2,337,17.3,12.4,13.3,0.0,0.0,0.32,22.0,39.0,45550.0,3.0,4.0,272.0,0.0,100390.0,22.3,48,100,4.8,207,23.0,16.7,11.1,0.0
2025-01-21 15:00:00,27.2166666666667,24.2933333333333,0.5209210526315788,0.0,22.7,44,87,4.6,36,17.9,12.7,13.3,0.0,0.0,0.27,23.0,37.0,39221.0,3.0,1.0,227.0,0.0,100320.0,23.4,43,100,4.3,204,22.5,17.8,11.6,0.0
2025-01-21 16:00:00,27.23,24.2766666666667,0.5214619883040935,0.0,21.3,53,96,5.0,49,17.8,13.1,13.3,0.0,0.0,0.17,25.0,32.0,27560.0,2.0,0.0,124.0,0.0,100250.0,22.6,53,100,3.0,194,19.9,17.7,12.1,0.0
2025-01-21 17:00:00,27.2466666666667,24.2666666666667,0.5220029239766081,0.0,17.6,66,89,5.9,83,16.8,13.3,13.4,0.0,0.0,0.07,25.0,33.0,10305.0,0.0,1.0,131.0,0.0,100250.0,21.2,57,100,1.8,191,16.1,17.0,12.5,0.0
2025-01-21 18:00:00,27.25,24.24,0.5225438596491228,0.0,15.9,68,84,2.4,80,15.2,13.5,13.4,0.0,0.0,0.02,23.0,37.0,2384.0,0.0,0.0,152.0,0.0,100280.0,19.2,55,100,2.8,40,12.2,15.6,12.7,0.0
2025-01-21 19:00:00,27.2366666666667,24.2233333333333,0.5230847953216373,0.0,15.4,69,100,1.1,74,14.0,13.6,13.4,0.0,0.0,0.0,18.0,62.0,0.0,0.0,0.0,7.0,0.0,100310.0,17.0,60,100,1.5,135,10.5,14.0,12.9,0.0
2025-01-21 20:00:00,27.2133333333333,24.1933333333333,0.523625730994152,0.0,15.2,67,87,0.8,63,13.0,13.5,13.4,0.0,0.0,0.0,15.0,69.0,0.0,0.0,0.0,173.0,0.0,100340.0,13.9,71,100,3.6,174,9.9,12.8,12.9,0.0
2025-01-21 21:00:00,27.19,24.1666666666667,0.5241666666666666,0.0,13.5,71,83,0.4,63,12.2,13.5,13.4,0.0,0.0,0.0,13.0,75.0,0.0,0.0,0.0,192.0,0.0,100370.0,10.3,87,100,4.4,189,8.7,11.8,12.8,0.0
2025-01-21 22:00:00,27.1566666666667,24.1366666666667,0.5247076023391812,0.0,11.7,71,63,6.2,257,11.7,13.4,13.4,0.0,0.0,0.01,13.0,76.0,0.0,0.0,0.0,72.0,0.0,100340.0,9.2,87,100,4.0,207,7.7,11.1,12.7,0.0
2025-01-21 23:00:00,27.12,24.13,0.5252485380116958,0.0,11.5,67,0,7.9,255,11.4,13.3,13.4,0.0,0.0,0.02,12.0,74.0,0.0,0.0,0.0,222.0,0.0,100370.0,8.9,85,7,2.9,187,6.6,10.4,12.5,0.0
2025-01-22 00:00:00,27.08,24.1066666666667,0.5257894736842105,0.0,10.7,68,0,7.2,240,11.1,13.1,13.4,0.0,0.0,0.01,13.0,72.0,0.0,0.0,2.0,162.0,0.0,100420.0,8.7,86,100,3.2,180,6.4,9.8,12.3,0.0
2025-01-22 01:00:00,27.04,24.0666666666667,0.526330409356725,0.0,10.6,70,6,6.1,254,10.3,13.1,13.4,0.0,0.0,0.01,11.0,85.0,0.0,0.0,1.0,176.0,0.0,100390.0,8.5,84,100,3.3,186,6.1,9.3,12.1,0.0
2025-01-22 02:00:00,27.0133333333333,24.0466666666667,0.5268713450292397,0.0,10.1,70,39,6.4,248,10.1,13.0,13.4,0.0,0.0,0.01,10.0,82.0,0.0,0.0,0.0,180.0,0.0,100360.0,7.7,85,100,4.0,185,5.9,8.9,11.9,0.0
2025-01-22 03:00:00,26.99,24.0166666666667,0.5274122807017543,0.0,9.8,70,64,6.6,233,9.8,12.8,13.5,0.0,0.0,0.01,10.0,82.0,0.0,0.0,0.0,216.0,0.0,100320.0,7.2,82,100,4.0,180,5.6,8.6,11.7,0.0
2025-01-22 04:00:00,26.96,23.9966666666667,0.527953216374269,0.0,9.6,71,100,7.0,228,9.8,12.6,13.5,0.0,0.0,0.01,8.0,86.0,0.0,0.0,0.0,179.0,0.0,100300.0,6.6,83,100,4.0,180,5.2,8.3,11.4,0.0
2025-01-22 05:00:00,26.9266666666667,23.9866666666667,0.5284941520467835,0.0,9.1,72,100,7.1,222,9.7,12.4,13.5,0.0,0.0,0.01,9.0,80.0,0.0,0.0,0.0,192.0,0.0,100250.0,6.1,85,100,4.5,194,5.0,8.0,11.2,0.0
2025-01-22 06:00:00,26.8933333333333,23.9733333333333,0.5290350877192982,0.0,8.8,71,100,6.9,216,9.5,12.3,13.5,0.0,0.0,0.01,11.0,71.0,0.0,0.0,1.0,198.0,0.0,100220.0,6.5,83,100,5.6,207,5.3,7.9,11.0,0.0
2025-01-22 07:00:00,26.8633333333333,23.9466666666667,0.5295760233918128,0.0,8.7,68,100,7.5,211,9.4,12.1,13.5,0.0,0.0,0.01,10.0,77.0,0.0,0.0,2.0,178.0,0.0,100240.0,6.9,81,100,5.2,214,5.4,7.8,10.8,0.0
2025-01-22 08:00:00,26.84,23.94,0.5301169590643274,0.0,9.9,65,100,8.2,208,9.5,12.0,13.5,0.0,0.0,0.04,12.0,64.0,273.0,0.0,4.0,228.0,0.0,100280.0,7.6,80,100,5.7,215,7.0,7.8,10.6,0.0
2025-01-22 09:00:00,26.8266666666667,23.91,0.530657894736842,0.0,14.0,60,100,8.9,200,10.4,11.9,13.5,0.0,0.0,0.1,12.0,63.0,6308.0,0.0,2.0,240.0,0.0,100300.0,10.8,75,100,5.4,222,11.9,8.6,10.5,0.0
2025-01-22 10:00:00,26.8033333333333,23.8833333333333,0.5311988304093567,0.0,18.2,53,100,7.4,207,12.2,11.9,13.5,0.0,0.0,0.19,13.0,59.0,16112.0,1.0,3.0,233.0,0.0,100340.0,15.5,66,100,5.3,242,17.2,10.3,10.4,0.0
2025-01-22 11:00:00,26.8033333333333,23.8533333333333,0.5317397660818712,0.0,20.8,41,98,6.7,238,14.0,12.0,13.5,0.0,0.0,0.27,16.0,52.0,18232.0,1.0,2.0,238.0,0.0,100370.0,18.4,49,100,8.4,239,19.0,12.3,10.6,0.0
2025-01-22 12:00:00,26.8033333333333,23.8366666666667,0.5322807017543859,0.0,22.4,35,100,8.8,250,15.7,12.2,13.5,0.0,0.0,0.35,18.0,48.0,52985.0,3.0,3.0,268.0,0.0,100330.0,20.6,40,100,10.2,238,20.9,14.2,10.8,0.0
2025-01-22 13:00:00,26.82,23.81,0.5328216374269005,0.0,23.3,31,100,10.6,243,17.0,12.7,13.5,0.0,0.0,0.38,20.0,40.0,40553.0,2.0,4.0,272.0,0.0,100240.0,21.7,39,100,11.0,247,21.9,15.4,11.2,0.0
2025-01-22 14:00:00,26.8333333333333,23.78,0.5333625730994151,0.0,23.4,32,100,8.2,255,17.8,13.0,13.5,0.0,0.0,0.34,21.0,38.0,37021.0,2.0,3.0,272.0,0.0,100140.0,22.5,35,100,10.0,249,21.8,16.3,11.5,0.0
2025-01-22 15:00:00,26.8533333333333,23.7533333333333,0.5339035087719297,0.0,22.9,39,100,4.3,293,18.0,13.4,13.5,0.0,0.0,0.24,22.0,32.0,29544.0,1.0,3.0,272.0,0.0,100080.0,22.9,36,100,5.4,262,21.2,16.9,11.9,0.0
2025-01-22 16:00:00,26.8666666666667,23.73,0.5344444444444444,0.0,21.6,57,99,2.7,339,18.0,13.7,13.5,0.0,0.0,0.14,22.0,33.0,25841.0,1.0,2.0,263.0,0.0,100060.0,22.3,48,100,1.0,45,20.1,17.1,12.3,0.0
2025-01-22 17:00:00,26.87,23.71,0.534985380116959,0.0,19.5,50,97,1.0,32,17.1,13.9,13.5,0.0,0.0,0.05,22.0,32.0,8768.0,1.0,2.0,246.0,0.0,100060.0,19.9,58,100,3.3,96,15.5,16.6,12.6,0.0
2025-01-22 18:00:00,26.8733333333333,23.7066666666667,0.5355263157894736,0.0,17.5,53,96,1.7,44,15.6,14.0,13.5,0.0,0.0,0.02,21.0,37.0,2145.0,0.0,0.0,198.0,0.0,100060.0,17.6,58,100,2.9,120,12.3,15.3,12.9,0.0
2025-01-22 19:00:00,26.8566666666667,23.6933333333333,0.5360672514619882,0.0,16.7,56,97,1.2,66,14.5,14.1,13.5,0.0,0.0,0.0,16.0,55.0,0.0,0.0,1.0,179.0,0.0,100080.0,14.7,61,100,3.8,131,11.4,14.1,13.0,0.0
2025-01-22 20:00:00,26.83,23.6566666666667,0.5366081871345029,0.0,16.4,58,100,1.0,53,13.7,14.1,13.5,0.0,0.0,0.0,15.0,60.0,0.0,0.0,0.0,174.0,0.0,100120.0,12.6,62,100,3.6,143,10.3,13.1,13.0,0.0
2025-01-22 21:00:00,26.8033333333333,23.6433333333333,0.5371491228070174,0.0,15.8,57,99,0.5,33,13.1,14.0,13.6,0.0,0.0,0.0,14.0,61.0,0.0,0.0,0.0,170.0,0.0,100150.0,10.8,67,100,3.6,174,8.8,12.1,12.9,0.0
2025-01-22 22:00:00,26.77,23.62,0.5376900584795321,0.0,14.6,58,95,2.5,315,12.6,13.9,13.6,0.0,0.0,0.0,11.0,68.0,0.0,0.0,1.0,180.0,0.0,100170.0,9.8,73,98,3.8,197,7.9,11.3,12.8,0.0
2025-01-22 23:00:00,26.74,23.59,0.5382309941520467,0.0,12.8,60,78,5.3,254,12.1,13.8,13.6,0.0,0.0,0.01,12.0,67.0,0.0,0.0,0.0,210.0,0.0,100210.0,9.0,74,100,4.0,190,7.3,10.6,12.7,0.0
2025-01-23 00:00:00,26.72,23.5733333333333,0.5387719298245613,0.0,11.1,64,33,6.7,241,11.7,13.7,13.6,0.0,0.0,0.02,11.0,67.0,0.0,0.0,1.0,188.0,0.0,100240.0,8.9,75,100,5.8,202,7.5,10.4,12.5,0.0
2025-01-23 01:00:00,26.6966666666667,23.5666666666667,0.5393128654970759,0.0,11.5,60,26,7.7,238,11.2,13.6,13.6,0.0,0.0,0.03,10.0,71.0,0.0,0.0,0.0,264.0,0.0,100260.0,8.3,73,2,5.4,200,6.5,9.8,12.3,0.0
2025-01-23 02:00:00,26.66,23.55,0.5398538011695906,0.0,9.8,64,15,9.6,232,10.9,13.4,13.6,0.0,0.0,0.03,10.0,67.0,0.0,0.0,2.0,192.0,0.0,100280.0,7.9,73,0,4.5,194,5.9,9.4,12.1,0.0
2025-01-23 03:00:00,26.63,23.54,0.5403947368421052,0.0,9.3,65,5,6.6,241,10.7,13.3,13.6,0.0,0.0,0.01,10.0,68.0,0.0,0.0,1.0,169.0,0.0,100300.0,7.2,75,0,3.4,198,5.0,8.9,11.9,0.0
2025-01-23 04:00:00,26.6,23.51,0.5409356725146198,0.0,9.2,64,29,7.3,233,10.3,13.1,13.6,0.0,0.0,0.02,9.0,73.0,0.0,0.0,1.0,173.0,0.0,100320.0,6.9,76,14,4.0,185,4.6,8.4,11.7,0.0
2025-01-23 05:00:00,26.5733333333333,23.4933333333333,0.5414766081871344,0.0,9.9,61,58,7.6,234,10.1,12.9,13.6,0.0,0.0,0.02,9.0,66.0,0.0,0.0,0.0,192.0,0.0,100370.0,6.3,78,88,5.2,192,4.7,8.0,11.4,0.0
2025-01-23 06:00:00,26.55,23.4733333333333,0.5420175438596491,0.0,10.6,59,2,11.2,237,10.1,12.8,13.6,0.0,0.0,0.04,10.0,64.0,0.0,0.0,2.0,222.0,0.0,100410.0,6.1,79,98,5.4,200,4.6,7.7,11.2,0.0
2025-01-23 07:00:00,26.53,23.45,0.5425584795321636,0.0,11.0,55,0,10.7,230,10.2,12.6,13.6,0.0,0.0,0.04,8.0,69.0,0.0,0.0,0.0,177.0,0.0,100510.0,6.0,80,58,5.0,210,4.3,7.4,10.9,0.0
2025-01-23 08:00:00,26.51,23.4433333333333,0.5430994152046783,0.0,11.7,57,0,9.7,231,10.3,12.5,13.6,0.0,0.0,0.05,11.0,62.0,642.0,0.0,2.0,192.0,0.0,100570.0,6.5,80,11,5.0,210,6.2,7.4,10.7,0.0
2025-01-23 09:00:00,26.48,23.4333333333333,0.5436403508771929,0.0,15.0,55,0,11.3,239,11.3,12.4,13.6,0.0,0.0,0.12,12.0,59.0,6816.0,0.0,1.0,198.0,0.0,100630.0,11.1,73,31,5.4,217,12.9,8.6,10.6,0.0
2025-01-23 10:00:00,26.46,23.4266666666667,0.5441812865497075,0.0,18.1,48,0,11.6,243,12.9,12.4,13.6,0.0,0.0,0.22,15.0,53.0,20971.0,1.0,3.0,276.0,0.0,100680.0,16.5,54,0,7.9,240,18.8,10.5,10.5,0.0
2025-01-23 11:00:00,26.4466666666667,23.3866666666667,0.5447222222222221,0.0,20.6,40,0,12.4,243,14.6,12.5,13.6,0.0,0.0,0.33,17.0,45.0,39164.0,2.0,4.0,188.0,0.0,100730.0,19.1,48,0,9.9,237,21.0,12.8,10.7,0.0
2025-01-23 12:00:00,26.44,23.35,0.5452631578947368,0.0,22.0,37,0,12.0,250,16.2,12.7,13.6,0.0,0.0,0.39,19.0,43.0,49656.0,3.0,3.0,262.0,0.0,100700.0,21.0,43,0,9.6,250,22.9,14.7,11.0,0.0
2025-01-23 13:00:00,26.4566666666667,23.3233333333333,0.5458040935672513,0.0,22.8,36,0,7.9,282,17.1,12.9,13.6,0.0,0.0,0.39,21.0,39.0,53841.0,4.0,3.0,288.0,0.0,100600.0,22.5,38,0,7.2,252,24.5,16.2,11.3,0.0
2025-01-23 14:00:00,26.48,23.2933333333333,0.546345029239766,0.0,22.9,34,0,6.6,327,18.0,13.2,13.6,0.0,0.0,0.37,22.0,33.0,49264.0,4.0,4.0,282.0,0.0,100570.0,23.3,36,0,4.0,280,24.7,17.5,11.8,0.0
2025-01-23 15:00:00,26.5033333333333,23.27,0.5468859649122806,0.0,22.6,35,0,5.8,31,18.4,13.6,13.7,0.0,0.0,0.3,24.0,30.0,38840.0,2.0,2.0,234.0,0.0,100540.0,23.1,37,0,8.3,360,22.0,18.1,12.2,0.0
2025-01-23 16:00:00,26.5233333333333,23.2466666666667,0.5474269005847953,0.0,21.3,50,0,4.8,43,18.2,13.9,13.7,0.0,0.0,0.19,21.0,51.0,20008.0,1.0,4.0,36.0,0.0,100550.0,19.9,58,0,12.5,18,18.0,17.7,12.7,0.0
2025-01-23 17:00:00,26.54,23.1866666666667,0.5479678362573098,0.0,17.9,66,0,4.4,60,17.2,14.1,13.7,0.0,0.0,0.07,20.0,45.0,6706.0,0.0,2.0,54.0,0.0,100590.0,17.5,69,0,5.6,50,14.5,16.7,13.0,0.0
2025-01-23 18:00:00,26.55,23.1766666666667,0.5485087719298245,0.0,15.5,69,0,3.6,81,15.6,14.2,13.7,0.0,0.0,0.02,18.0,52.0,687.0,0.0,2.0,126.0,0.0,100630.0,15.1,73,0,3.3,49,10.8,15.2,13.2,0.0
2025-01-23 19:00:00,26.5333333333333,23.1633333333333,0.5490497076023391,0.0,14.9,65,0,1.8,75,14.2,14.3,13.7,0.0,0.0,0.0,15.0,60.0,0.0,0.0,1.0,156.0,0.0,100670.0,14.4,74,0,1.1,18,8.4,13.5,13.3,0.0
2025-01-23 20:00:00,26.5133333333333,23.1566666666667,0.5495906432748537,0.0,14.4,63,0,1.2,52,13.1,14.2,13.7,0.0,0.0,0.0,13.0,68.0,0.0,0.0,1.0,169.0,0.0,100720.0,12.8,80,0,3.8,287,7.6,12.0,13.2,0.0
2025-01-23 21:00:00,26.49,23.1433333333333,0.5501315789473683,0.0,13.8,65,0,0.6,54,12.2,14.1,13.7,0.0,0.0,0.0,11.0,74.0,0.0,0.0,1.0,178.0,0.0,100800.0,11.4,84,0,2.8,220,6.9,11.0,13.0,0.0
2025-01-23 22:00:00,26.46,23.13,0.550672514619883,0.0,12.8,72,0,1.8,354,11.6,13.9,13.7,0.0,0.0,0.0,10.0,78.0,0.0,0.0,0.0,122.0,0.0,100880.0,11.2,80,0,2.9,180,6.1,10.2,12.8,0.0
2025-01-23 23:00:00,26.4366666666667,23.11,0.5512134502923975,0.0,11.8,72,0,2.3,290,11.1,13.8,13.7,0.0,0.0,0.0,9.0,80.0,0.0,0.0,0.0,103.0,0.0,100940.0,10.9,79,0,1.8,169,5.3,9.6,12.6,0.0
2025-01-24 00:00:00,26.4,23.0833333333333,0.5517543859649122,0.0,11.0,70,0,2.6,292,10.6,13.6,13.7,0.0,0.0,0.0,9.0,80.0,0.0,0.0,0.0,180.0,0.0,100990.0,9.1,83,0,4.0,170,5.3,8.8,12.3,0.0
2025-01-24 01:00:00,26.37,23.07,0.5522953216374268,0.0,9.7,71,0,2.4,302,9.8,13.5,13.8,0.0,0.0,0.0,8.0,82.0,0.0,0.0,0.0,210.0,0.0,101020.0,7.4,89,0,4.3,180,5.7,8.7,12.1,0.0
2025-01-24 02:00:00,26.34,23.05,0.5528362573099415,0.0,9.1,70,0,3.7,265,9.5,13.3,13.8,0.0,0.0,0.0,8.0,81.0,0.0,0.0,0.0,180.0,0.0,101010.0,6.3,92,3,4.7,189,5.0,8.5,11.8,0.0
2025-01-24 03:00:00,26.31,23.0333333333333,0.553377192982456,0.0,9.1,68,0,4.1,245,9.2,13.0,13.8,0.0,0.0,0.0,8.0,80.0,0.0,0.0,0.0,234.0,0.0,100990.0,5.3,92,2,4.3,204,4.1,8.0,11.6,0.0
2025-01-24 04:00:00,26.2833333333333,23.0233333333333,0.5539181286549707,0.0,8.8,69,0,3.2,267,8.9,12.8,13.8,0.0,0.0,0.0,7.0,82.0,0.0,0.0,0.0,174.0,0.0,100970.0,5.2,90,1,4.2,200,3.7,7.7,11.4,0.0
2025-01-24 05:00:00,26.26,23.02,0.5544590643274854,0.0,8.5,70,0,3.3,270,8.7,12.6,13.8,0.0,0.0,0.0,7.0,81.0,0.0,0.0,0.0,173.0,0.0,100940.0,5.2,87,0,4.0,190,3.5,7.3,11.1,0.0
2025-01-24 06:00:00,26.24,23.01,0.5549999999999999,0.0,7.9,72,0,5.4,260,8.5,12.4,13.8,0.0,0.0,0.0,6.0,82.0,0.0,0.0,1.0,174.0,0.0,100950.0,4.9,87,0,4.5,194,3.3,6.9,10.9,0.0
2025-01-24 07:00:00,26.2166666666667,23.0,0.5555409356725146,0.0,7.8,74,0,6.8,255,8.4,12.1,13.8,0.0,0.0,0.01,7.0,81.0,0.0,0.0,0.0,192.0,0.0,100980.0,4.7,87,0,4.5,194,3.1,6.7,10.6,0.0
2025-01-24 08:00:00,26.18,22.98,0.5560818713450292,0.0,9.4,70,0,7.6,256,8.6,11.9,13.8,0.0,0.0,0.03,8.0,79.0,1663.0,0.0,1.0,228.0,0.0,101050.0,5.2,87,0,4.5,194,5.2,6.6,10.4,0.0
2025-01-24 09:00:00,26.16,22.96,0.5566228070175439,0.0,13.3,61,0,8.6,257,9.9,11.8,13.8,0.0,0.0,0.1,,,,,,,,,9.4,80,0,4.1,218,12.3,7.7,10.2,0.0
2025-01-24 10:00:00,26.1333333333333,22.95,0.5571637426900584,0.0,16.3,56,0,6.2,283,11.8,11.8,13.8,0.0,0.0,0.19,11.0,71.0,7933.0,0.0,1.0,246.0,0.0,101070.0,14.8,59,0,4.9,234,18.6,10.0,10.2,0.0
2025-01-24 11:00:00,26.1233333333333,22.9133333333333,0.5577046783625731,0.0,18.3,45,0,5.9,308,13.7,11.9,13.8,0.0,0.0,0.29,13.0,59.0,24067.0,1.0,2.0,262.0,0.0,101130.0,17.9,51,0,5.1,231,21.5,12.3,10.3,0.0
2025-01-24 12:00:00,26.1266666666667,22.89,0.5582456140350877,0.0,19.6,41,0,6.3,319,15.4,12.1,13.8,0.0,0.0,0.35,16.0,47.0,42611.0,2.0,3.0,251.0,0.0,101140.0,19.8,47,0,2.1,301,22.6,14.2,10.6,0.0
2025-01-24 13:00:00,26.1366666666667,22.86,0.5587865497076023,0.0,20.4,43,0,7.4,355,16.2,12.4,13.8,0.0,0.0,0.37,19.0,39.0,52733.0,5.0,2.0,264.0,0.0,101080.0,21.1,46,0,5.1,356,24.0,15.9,11.0,0.0
2025-01-24 14:00:00,26.1566666666667,22.8166666666667,0.5593274853801169,0.0,20.6,43,0,9.0,7,17.1,12.7,13.8,0.0,0.0,0.36,20.0,35.0,55518.0,4.0,2.0,312.0,0.0,100960.0,20.9,51,0,9.1,18,22.6,17.0,11.4,0.0
2025-01-24 15:00:00,26.18,22.7766666666667,0.5598684210526316,0.0,19.9,47,0,10.3,17,17.5,13.0,13.8,0.0,0.0,0.29,22.0,32.0,50377.0,2.0,0.0,145.0,0.0,100830.0,19.8,48,0,10.9,27,19.9,17.2,11.9,0.0
2025-01-24 16:00:00,26.21,22.7433333333333,0.5604093567251461,0.0,18.1,53,0,8.6,32,17.2,13.3,13.8,0.0,0.0,0.19,23.0,31.0,36131.0,2.0,0.0,243.0,0.0,100750.0,18.4,52,0,10.1,35,17.1,16.7,12.3,0.0
2025-01-24 17:00:00,26.2233333333333,22.7266666666667,0.5609502923976608,0.0,14.9,67,0,5.1,45,16.2,13.5,13.8,0.0,0.0,0.07,21.0,48.0,17824.0,1.0,4.0,17.0,0.0,100710.0,16.4,66,0,5.3,28,13.5,15.8,12.6,0.0
2025-01-24 18:00:00,26.23,22.72,0.5614912280701754,0.0,13.2,66,0,2.2,38,14.5,13.7,13.8,0.0,0.0,0.02,19.0,51.0,5258.0,0.0,2.0,48.0,0.0,100710.0,13.6,79,0,3.1,21,9.5,14.1,12.7,0.0
2025-01-24 19:00:00,26.2233333333333,22.7033333333333,0.56203216374269,0.0,12.6,66,0,1.8,8,13.2,13.7,13.8,0.0,0.0,0.0,16.0,55.0,293.0,0.0,0.0,18.0,0.0,100710.0,12.6,83,0,1.8,11,7.6,12.5,12.8,0.0
2025-01-24 20:00:00,26.2066666666667,22.7,0.5625730994152046,0.0,11.4,69,0,2.4,320,12.2,13.6,13.8,0.0,0.0,0.0,13.0,66.0,0.0,0.0,0.0,24.0,0.0,100750.0,11.2,87,0,3.7,259,6.5,11.2,12.7,0.0
2025-01-24 21:00:00,26.18,22.6766666666667,0.5631140350877193,0.0,10.9,73,0,1.9,294,11.4,13.5,13.8,0.0,0.0,0.0,11.0,78.0,0.0,0.0,0.0,198.0,0.0,100800.0,9.7,88,0,2.4,207,5.9,10.3,12.5,0.0
2025-01-24 22:00:00,26.1533333333333,22.6633333333333,0.5636549707602339,0.0,9.8,80,0,5.6,277,10.8,13.3,13.8,0.0,0.0,0.0,10.0,78.0,0.0,0.0,0.0,186.0,0.0,100810.0,9.0,89,0,2.6,196,5.1,9.5,12.3,0.0
2025-01-24 23:00:00,26.12,22.6433333333333,0.5641959064327485,0.0,9.5,83,0,6.0,263,10.4,13.2,13.8,0.0,0.0,0.0,9.0,84.0,0.0,0.0,0.0,180.0,0.0,100790.0,7.7,93,0,3.6,186,5.0,8.9,12.1,0.0
2025-01-25 00:00:00,26.09,22.6333333333333,0.5647368421052631,0.0,9.3,80,0,6.5,262,10.1,13.0,13.8,0.0,0.0,0.0,9.0,93.0,0.0,0.0,0.0,180.0,0.0,100840.0,7.3,85,5,3.6,180,5.2,8.6,11.9,0.0
2025-01-25 01:00:00,26.06,22.6133333333333,0.5652777777777778,0.0,9.2,75,0,6.4,256,9.9,13.1,13.8,0.0,0.0,0.0,8.0,94.0,0.0,0.0,0.0,180.0,0.0,100840.0,7.3,80,1,3.3,174,4.5,8.3,11.6,0.0
2025-01-25 02:00:00,26.04,22.61,0.5658187134502923,0.0,8.6,70,0,4.8,265,9.6,12.9,13.8,0.0,0.0,0.0,9.0,88.0,0.0,0.0,0.0,186.0,0.0,100820.0,7.0,74,0,3.2,153,3.8,7.9,11.4,0.0
2025-01-25 03:00:00,26.01,22.61,0.566359649122807,0.0,8.3,65,0,4.8,255,9.2,12.7,13.8,0.0,0.0,0.01,7.0,90.0,0.0,0.0,0.0,174.0,0.0,100820.0,5.6,76,0,3.6,174,3.7,7.5,11.1,0.0
2025-01-25 04:00:00,25.99,22.6033333333333,0.5669005847953216,0.0,8.1,63,0,4.3,231,8.9,12.5,13.8,0.0,0.0,0.01,7.0,90.0,0.0,0.0,0.0,180.0,0.0,100820.0,4.9,77,0,3.6,186,3.2,7.2,10.9,0.0
2025-01-25 05:00:00,25.97,22.6,0.5674415204678362,0.0,7.6,65,0,4.5,267,8.5,12.3,13.8,0.0,0.0,0.0,7.0,82.0,0.0,0.0,1.0,174.0,0.0,100730.0,5.1,77,0,4.0,185,3.0,6.8,10.6,0.0
2025-01-25 06:00:00,25.94,22.5733333333333,0.5679824561403508,0.0,7.7,62,0,6.5,240,8.3,12.1,13.8,0.0,0.0,0.01,7.0,80.0,0.0,0.0,2.0,171.0,0.0,100730.0,4.8,77,0,4.7,203,3.1,6.6,10.4,0.0
2025-01-25 07:00:00,25.91,22.5633333333333,0.5685233918128655,0.0,8.0,56,0,7.4,219,8.2,11.9,13.8,0.0,0.0,0.02,11.0,67.0,0.0,0.0,2.0,240.0,0.0,100780.0,4.8,78,0,3.9,214,2.7,6.4,10.2,0.0
2025-01-25 08:00:00,25.8866666666667,22.5533333333333,0.56906432748538,0.0,9.7,57,6,6.8,235,8.4,11.7,13.8,0.0,0.0,0.04,10.0,67.0,0.0,0.0,2.0,210.0,0.0,100830.0,5.9,75,32,4.1,195,5.2,6.3,9.9,0.0
2025-01-25 09:00:00,25.8633333333333,22.5366666666667,0.5696052631578947,0.0,14.2,52,5,7.3,246,9.8,11.5,13.8,0.0,0.0,0.11,10.0,65.0,2584.0,0.0,1.0,228.0,0.0,100870.0,10.0,71,0,2.3,252,12.8,7.6,9.8,0.0
2025-01-25 10:00:00,25.8533333333333,22.5266666666667,0.5701461988304093,0.0,17.8,48,2,5.1,243,11.8,11.6,13.8,0.0,0.0,0.2,13.0,58.0,10282.0,0.0,2.0,240.0,0.0,100960.0,15.5,61,1,6.3,13,19.2,9.9,9.8,0.0
2025-01-25 11:00:00,25.82,22.5,0.570687134502924,0.0,19.7,39,11,12.6,312,13.7,11.7,13.8,0.0,0.0,0.33,16.0,47.0,27768.0,2.0,2.0,258.0,0.0,101010.0,17.4,63,3,5.8,22,21.5,12.3,10.0,0.0
2025-01-25 12:00:00,25.8166666666667,22.4766666666667,0.5712280701754385,0.0,19.7,39,86,9.7,319,15.2,11.9,13.8,0.0,0.0,0.36,18.0,41.0,45342.0,3.0,3.0,264.0,0.0,101070.0,19.3,52,0,1.5,45,22.5,14.4,10.3,0.0
2025-01-25 13:00:00,25.83,22.4666666666667,0.5717690058479532,0.0,20.4,44,4,3.9,21,16.6,12.4,13.8,0.0,0.0,0.36,19.0,39.0,55181.0,4.0,2.0,206.0,0.0,100960.0,20.4,43,15,1.1,18,22.9,15.6,10.7,0.0
2025-01-25 14:00:00,25.85,22.4566666666667,0.5723099415204678,0.0,20.6,50,59,10.4,19,17.5,12.7,13.8,0.0,0.0,0.35,22.0,35.0,58328.0,4.0,1.0,265.0,0.0,100810.0,20.8,45,0,7.6,8,23.5,16.6,11.1,0.0
2025-01-25 15:00:00,25.87,22.46,0.5728508771929824,0.0,18.7,64,7,10.7,24,17.7,13.0,13.8,0.0,0.0,0.26,21.0,39.0,48296.0,3.0,5.0,12.0,0.0,100770.0,18.4,66,5,15.5,4,19.2,16.8,11.6,0.0
2025-01-25 16:00:00,25.8966666666667,22.45,0.573391812865497,0.0,17.5,75,1,9.8,1,17.4,13.3,13.8,0.0,0.0,0.16,19.0,54.0,34173.0,1.0,4.0,36.0,0.0,100810.0,17.4,73,56,14.3,348,17.0,16.4,11.9,0.0
2025-01-25 17:00:00,25.9133333333333,22.4533333333333,0.5739327485380117,0.0,15.9,85,73,2.5,7,16.5,13.6,13.8,0.0,0.0,0.05,19.0,60.0,21632.0,1.0,4.0,4.0,0.0,100860.0,16.2,80,95,5.4,356,14.2,15.5,12.2,0.0
2025-01-25 18:00:00,25.92,22.4466666666667,0.5744736842105262,0.0,14.4,90,54,5.9,153,15.3,13.7,13.8,0.0,0.0,0.02,18.0,62.0,5017.0,0.0,3.0,0.0,0.0,100950.0,14.5,85,81,5.3,152,11.3,14.4,12.4,0.0
2025-01-25 19:00:00,25.92,22.45,0.5750146198830409,0.0,12.4,93,67,5.6,166,14.2,13.8,13.8,0.0,0.0,0.0,16.0,69.0,55.0,0.0,1.0,137.0,0.0,101000.0,12.9,92,100,7.6,175,11.1,13.3,12.5,0.0
2025-01-25 20:00:00,25.9033333333333,22.4466666666667,0.5755555555555555,0.0,11.4,94,89,5.1,198,13.4,13.8,13.9,0.0,0.0,0.0,15.0,72.0,0.0,0.0,0.0,174.0,0.0,101040.0,12.4,89,63,6.2,187,10.2,12.6,12.6,0.0
2025-01-25 21:00:00,25.89,22.4433333333333,0.5760964912280702,0.0,11.0,94,60,6.6,210,12.7,13.7,13.9,0.0,0.0,0.0,14.0,71.0,0.0,0.0,1.0,180.0,0.0,101050.0,11.7,87,16,4.8,207,9.2,12.0,12.5,0.0
2025-01-25 22:00:00,25.8666666666667,22.44,0.5766374269005847,0.0,10.6,93,99,5.7,202,12.2,13.6,13.9,0.0,0.0,0.0,12.0,80.0,0.0,0.0,0.0,347.0,0.0,101060.0,10.0,93,52,3.6,217,8.0,11.3,12.5,0.0
2025-01-25 23:00:00,25.84,22.4133333333333,0.5771783625730994,0.0,10.9,93,100,5.0,213,11.9,13.5,13.9,0.0,0.0,0.0,12.0,78.0,0.0,0.0,0.0,152.0,0.0,101100.0,9.2,92,37,1.8,191,6.9,10.6,12.4,0.0
2025-01-26 00:00:00,25.82,22.41,0.577719298245614,0.0,11.0,93,100,4.9,208,11.8,13.4,13.9,0.0,0.0,0.0,12.0,78.0,0.0,0.0,2.0,186.0,0.0,101120.0,9.3,88,100,3.3,167,8.2,10.1,12.2,0.0
2025-01-26 01:00:00,25.8033333333333,22.4033333333333,0.5782602339181286,0.0,11.1,83,92,2.2,90,12.5,13.6,13.9,0.0,0.0,0.0,14.0,74.0,0.0,0.0,0.0,211.0,0.0,101130.0,9.1,89,65,3.8,163,7.3,9.9,12.1,0.0
2025-01-26 02:00:00,25.79,22.4033333333333,0.5788011695906432,0.0,11.5,77,47,1.8,72,12.0,13.5,13.9,0.0,0.0,0.0,13.0,79.0,0.0,0.0,2.0,32.0,0.0,101140.0,8.2,93,31,3.9,202,6.6,9.6,11.9,0.0
2025-01-26 03:00:00,25.7733333333333,22.3866666666667,0.5793421052631579,0.0,10.9,74,0,1.1,133,11.3,13.4,13.9,0.0,0.0,0.0,12.0,78.0,0.0,0.0,2.0,170.0,0.0,101160.0,6.9,94,10,4.5,194,5.7,9.0,11.7,0.0
2025-01-26 04:00:00,25.7566666666667,22.3766666666667,0.5798830409356724,0.0,10.2,76,0,2.2,140,10.7,13.3,13.9,0.0,0.0,0.0,12.0,80.0,0.0,0.0,1.0,192.0,0.0,101180.0,6.4,95,30,4.7,184,5.5,8.7,11.5,0.0
2025-01-26 05:00:00,25.7433333333333,22.3633333333333,0.5804239766081871,0.0,10.5,72,0,1.7,122,10.3,13.1,13.9,0.0,0.0,0.0,9.0,88.0,0.0,0.0,0.0,160.0,0.0,101120.0,5.8,96,41,3.6,217,4.9,8.4,11.3,0.0
2025-01-26 06:00:00,25.7266666666667,22.3566666666667,0.5809649122807017,0.0,9.6,77,2,4.6,263,9.9,13.0,13.9,0.0,0.0,0.0,8.0,87.0,0.0,0.0,0.0,192.0,0.0,101100.0,5.7,96,43,4.3,228,4.6,8.1,11.2,0.0
2025-01-26 07:00:00,25.7033333333333,22.3533333333333,0.5815058479532164,0.0,9.1,80,8,5.6,217,9.7,12.8,13.9,0.0,0.0,0.0,8.0,87.0,0.0,0.0,0.0,180.0,0.0,101090.0,6.0,93,9,4.7,203,4.6,7.8,11.0,0.0
2025-01-26 08:00:00,25.68,22.35,0.5820467836257309,0.0,9.7,80,3,5.2,247,9.7,12.6,13.9,0.0,0.0,0.02,8.0,84.0,0.0,0.0,0.0,186.0,0.0,101130.0,6.8,90,2,4.1,195,6.8,7.7,10.8,0.0
2025-01-26 09:00:00,25.65,22.3466666666667,0.5825877192982456,0.0,14.2,69,0,7.1,233,10.9,12.5,13.9,0.0,0.0,0.09,9.0,82.0,3835.0,0.0,0.0,182.0,0.0,101170.0,10.5,84,3,2.4,207,13.7,8.8,10.6,0.0
2025-01-26 10:00:00,25.6233333333333,22.34,0.5831286549707602,0.0,17.2,59,39,4.8,310,12.8,12.5,13.9,0.0,0.0,0.19,14.0,71.0,14096.0,1.0,2.0,251.0,0.0,101270.0,15.4,67,4,2.4,243,19.3,10.9,10.6,0.0
2025-01-26 11:00:00,25.61,22.33,0.5836695906432748,0.0,19.1,52,55,3.7,331,14.7,12.6,13.9,0.0,0.0,0.28,16.0,58.0,32072.0,2.0,3.0,222.0,0.0,101260.0,18.5,58,100,2.7,247,21.7,13.2,10.8,0.0
2025-01-26 12:00:00,25.6133333333333,22.2966666666667,0.5842105263157894,0.0,20.9,47,57,5.9,317,16.4,12.8,13.9,0.0,0.0,0.36,18.0,48.0,48164.0,2.0,3.0,264.0,0.0,101280.0,19.8,53,100,1.9,248,22.3,14.9,11.1,0.0
2025-01-26 13:00:00,25.6266666666667,22.27,0.5847514619883041,0.0,22.2,44,98,4.4,309,17.5,13.1,13.9,0.0,0.0,0.36,20.0,43.0,57282.0,2.0,1.0,159.0,0.0,101160.0,21.3,51,8,2.5,270,24.6,16.3,11.5,0.0
2025-01-26 14:00:00,25.65,22.2566666666667,0.5852923976608186,0.0,23.5,37,86,5.9,294,18.5,13.4,13.9,0.0,0.0,0.35,21.0,40.0,53248.0,5.0,2.0,222.0,0.0,101010.0,24.2,34,100,8.7,253,24.8,17.7,11.9,0.0
2025-01-26 15:00:00,25.6833333333333,22.22,0.5858333333333333,0.0,22.2,47,100,9.4,352,18.9,13.7,13.9,0.0,0.0,0.31,24.0,33.0,47156.0,3.0,3.0,275.0,0.0,100920.0,23.3,43,100,10.1,305,21.7,18.1,12.4,0.0
2025-01-26 16:00:00,25.7133333333333,22.2033333333333,0.5863742690058479,0.0,18.8,61,100,10.6,36,18.3,14.0,13.9,0.0,0.0,0.17,22.0,41.0,26132.0,1.0,3.0,10.0,0.0,100900.0,18.9,67,100,14.0,23,17.5,17.5,12.8,0.0
2025-01-26 17:00:00,25.7266666666667,22.1966666666667,0.5869152046783626,0.0,15.9,70,100,8.2,72,17.3,14.3,13.9,0.0,0.0,0.08,19.0,54.0,17628.0,1.0,5.0,7.0,0.0,100960.0,17.0,69,100,7.9,30,14.9,16.4,13.1,0.0
2025-01-26 18:00:00,25.7333333333333,22.1966666666667,0.5874561403508771,0.0,13.3,80,100,3.5,30,15.7,14.4,13.9,0.0,0.0,0.02,18.0,61.0,5344.0,0.0,2.0,30.0,0.0,100960.0,14.6,82,6,6.2,350,11.9,15.1,13.3,0.0
2025-01-26 19:00:00,25.7266666666667,22.2,0.5879970760233918,0.0,12.1,86,100,1.8,360,14.4,14.4,14.0,0.0,0.0,0.0,15.0,67.0,0.0,0.0,0.0,349.0,0.0,100940.0,13.2,89,24,2.2,360,10.2,13.7,13.4,0.0
2025-01-26 20:00:00,25.7133333333333,22.1966666666667,0.5885380116959064,0.0,11.7,87,100,1.1,114,13.4,14.4,14.0,0.0,0.0,0.0,15.0,78.0,0.0,0.0,1.0,36.0,0.0,101070.0,12.1,92,100,4.5,151,10.7,12.7,13.3,0.0
2025-01-26 21:00:00,25.6933333333333,22.1933333333333,0.589078947368421,0.0,12.0,82,100,2.1,204,12.7,14.3,14.0,0.0,0.0,0.0,13.0,79.0,0.0,0.0,0.0,150.0,0.0,101130.0,11.2,95,100,2.2,171,9.2,12.1,13.2,0.0
2025-01-26 22:00:00,25.67,22.1866666666667,0.5896198830409356,0.0,11.7,77,94,4.7,225,12.2,14.2,14.0,0.0,0.0,0.0,14.0,75.0,0.0,0.0,2.0,136.0,0.0,101180.0,11.0,95,38,1.8,180,7.6,11.4,13.1,0.0
2025-01-26 23:00:00,25.65,22.1833333333333,0.5901608187134503,0.0,11.0,70,57,5.3,227,11.6,14.0,14.0,0.0,0.0,0.01,12.0,79.0,0.0,0.0,1.0,186.0,0.0,101180.0,11.1,87,8,1.3,146,6.6,10.6,12.9,0.0
2025-01-27 00:00:00,25.6333333333333,22.1833333333333,0.5907017543859648,0.0,10.9,65,95,6.5,220,11.1,13.8,14.0,0.0,0.0,0.01,10.0,85.0,0.0,0.0,0.0,288.0,0.0,101160.0,10.0,90,32,2.1,211,6.0,10.0,12.7,0.0
2025-01-27 01:00:00,25.6133333333333,22.18,0.5912426900584795,0.0,11.1,70,99,6.6,221,10.6,13.7,14.0,0.0,0.0,0.01,10.0,85.0,0.0,0.0,1.0,188.0,0.0,101140.0,9.5,87,40,1.4,180,5.6,9.5,12.5,0.0
2025-01-27 02:00:00,25.59,22.18,0.5917836257309941,0.0,12.9,64,84,9.8,218,10.6,13.6,14.0,0.0,0.0,0.03,10.0,79.0,0.0,0.0,1.0,168.0,0.0,101100.0,9.2,80,20,3.4,162,5.7,9.0,12.2,0.0
2025-01-27 03:00:00,25.5633333333333,22.1733333333333,0.5923245614035088,0.0,16.3,56,99,17.6,217,11.2,13.4,14.0,0.0,0.0,0.08,12.0,71.0,0.0,0.0,2.0,192.0,0.0,101040.0,8.9,77,25,3.9,214,6.4,9.1,12.0,0.0
2025-01-27 04:00:00,25.5433333333333,22.16,0.5928654970760233,0.0,17.7,52,94,23.6,219,12.1,13.3,14.0,0.0,0.0,0.12,14.0,62.0,0.0,0.0,3.0,258.0,0.0,101010.0,9.2,81,27,5.6,225,7.1,9.0,11.8,0.0
2025-01-27 05:00:00,25.5233333333333,22.16,0.593406432748538,0.0,18.0,49,97,23.8,220,12.9,13.3,14.0,0.0,0.0,0.13,14.0,63.0,0.0,0.0,3.0,264.0,0.0,100950.0,11.2,81,99,9.0,233,8.9,9.2,11.6,0.0
2025-01-27 06:00:00,25.5066666666667,22.1433333333333,0.5939473684210526,0.0,18.1,45,99,22.2,220,13.4,13.3,14.0,0.0,0.0,0.14,15.0,59.0,0.0,0.0,4.0,285.0,0.0,100910.0,13.1,74,96,10.7,237,10.3,9.9,11.5,0.0
2025-01-27 07:00:00,25.49,22.1233333333333,0.5944883040935672,0.0,18.1,42,99,20.9,221,13.7,13.3,14.0,0.0,0.0,0.14,15.0,60.0,0.0,0.0,4.0,276.0,0.0,100910.0,14.1,69,100,11.1,241,11.2,10.5,11.4,0.0
2025-01-27 08:00:00,25.48,22.12,0.5950292397660818,0.0,18.1,43,86,20.9,222,14.0,13.4,14.0,0.0,0.0,0.15,15.0,57.0,78.0,0.0,4.0,252.0,0.0,100940.0,15.0,67,100,12.4,244,13.0,11.0,11.4,0.0
2025-01-27 09:00:00,25.4733333333333,22.1033333333333,0.5955701754385965,0.0,19.7,40,98,20.4,225,14.6,13.4,14.0,0.0,0.0,0.21,16.0,54.0,5064.0,0.0,4.0,258.0,0.0,100990.0,17.5,62,100,12.4,244,16.8,12.2,11.4,0.0
2025-01-27 10:00:00,25.4666666666667,22.09,0.596111111111111,0.0,21.5,35,74,23.3,227,15.6,13.6,14.0,0.0,0.0,0.32,18.0,48.0,10974.0,0.0,3.0,264.0,0.0,101030.0,20.3,52,100,16.5,247,20.3,13.6,11.6,0.0
2025-01-27 11:00:00,25.47,22.0666666666667,0.5966520467836257,0.0,23.2,32,38,26.0,225,16.9,13.7,14.0,0.0,0.0,0.43,21.0,42.0,32289.0,2.0,4.0,263.0,0.0,101070.0,22.9,37,62,25.0,242,23.1,15.3,11.9,0.0
2025-01-27 12:00:00,25.4733333333333,22.0133333333333,0.5971929824561403,0.0,24.7,29,27,26.5,226,18.1,14.0,14.0,0.0,0.0,0.5,23.0,33.0,52599.0,3.0,6.0,277.0,0.0,100970.0,25.0,29,100,33.2,230,25.4,17.2,12.3,0.0
2025-01-27 13:00:00,25.51,21.99,0.597733918128655,0.0,25.9,26,67,25.9,231,19.9,14.4,14.1,0.0,0.0,0.54,25.0,26.0,57155.0,3.0,7.0,278.0,0.0,100850.0,25.6,27,100,35.2,233,25.6,18.3,12.7,0.0
2025-01-27 14:00:00,25.55,21.9966666666667,0.5982748538011695,0.0,27.0,22,87,29.7,228,20.5,14.8,14.1,0.0,0.0,0.57,26.0,24.0,49647.0,3.0,5.0,247.0,0.0,100740.0,26.3,27,94,35.9,232,25.8,19.1,13.2,0.0
2025-01-27 15:00:00,25.57,21.99,0.5988157894736842,0.0,26.5,24,88,21.6,246,20.7,15.1,14.1,0.0,0.0,0.46,27.0,23.0,40426.0,3.0,6.0,222.0,0.0,100660.0,26.6,28,25,28.9,274,25.4,19.8,13.6,0.0
2025-01-27 16:00:00,25.5866666666667,21.99,0.5993567251461988,0.0,24.4,30,67,10.3,262,20.4,15.4,14.1,0.0,0.0,0.26,27.0,24.0,29581.0,2.0,4.0,222.0,0.0,100680.0,23.6,44,35,14.0,316,21.5,19.5,14.1,0.0
2025-01-27 17:00:00,25.5966666666667,22.0066666666667,0.5998976608187134,0.0,20.9,44,17,6.6,264,19.3,15.6,14.1,0.0,0.0,0.11,22.0,49.0,14068.0,0.0,3.0,38.0,0.0,100690.0,22.1,45,65,12.1,293,18.1,18.7,14.4,0.0
2025-01-27 18:00:00,25.6,22.0166666666667,0.600438596491228,0.0,18.9,39,41,4.5,254,17.6,15.8,14.1,0.0,0.0,0.05,21.0,56.0,3184.0,0.0,4.0,102.0,0.0,100700.0,20.8,44,100,14.1,264,17.3,17.8,14.7,0.0
2025-01-27 19:00:00,25.6,22.02,0.6009795321637427,0.0,17.8,40,47,8.6,244,16.4,15.8,14.2,0.0,0.0,0.06,19.0,60.0,0.0,0.0,1.0,88.0,0.0,100790.0,19.4,52,16,15.7,261,16.4,16.9,14.8,0.0
2025-01-27 20:00:00,25.5966666666667,22.02,0.6015204678362572,0.0,19.6,42,19,15.1,225,16.1,15.8,14.2,0.0,0.0,0.11,17.0,62.0,0.0,0.0,0.0,152.0,0.0,100870.0,19.0,56,3,18.3,254,16.6,16.4,14.9,0.0
2025-01-27 21:00:00,25.5833333333333,22.02,0.6020614035087719,0.0,19.5,55,37,19.1,222,16.2,15.8,14.2,0.0,0.0,0.1,21.0,40.0,0.0,0.0,2.0,288.0,0.0,100880.0,19.8,54,36,24.6,238,17.7,16.5,14.9,0.0
2025-01-27 22:00:00,25.57,22.02,0.6026023391812865,0.0,19.6,59,28,18.5,228,16.3,15.8,14.2,0.0,0.0,0.09,21.0,41.0,0.0,0.0,4.0,264.0,0.0,100930.0,19.4,56,22,23.0,235,17.3,16.4,15.0,0.0
2025-01-27 23:00:00,25.5533333333333,22.0133333333333,0.6031432748538011,0.0,17.1,73,100,10.6,294,16.1,15.8,14.2,0.1,0.1,0.03,20.0,53.0,0.0,0.0,2.0,282.0,0.0,100990.0,17.5,67,78,14.4,307,15.3,16.1,15.0,0.0
2025-01-28 00:00:00,25.54,22.0033333333333,0.6036842105263157,0.0,16.3,82,100,9.0,289,15.8,15.8,14.2,0.3,0.3,0.01,18.0,66.0,0.0,0.0,3.0,2.0,0.0,101080.0,17.0,69,51,13.4,290,14.7,15.8,15.0,0.0
2025-01-28 01:00:00,25.5266666666667,22.0033333333333,0.6042251461988304,0.0,16.9,77,100,11.4,274,16.9,16.0,14.2,0.1,0.1,0.02,16.0,76.0,0.0,0.0,1.0,210.0,0.0,101130.0,16.6,78,93,14.4,274,15.5,15.4,15.0,0.0
2025-01-28 02:00:00,25.51,22.01,0.604766081871345,0.0,16.9,72,100,11.8,263,16.5,16.0,14.3,0.0,0.0,0.03,17.0,77.0,0.0,0.0,2.0,279.0,0.0,101140.0,16.8,67,100,16.7,276,15.9,15.4,15.0,0.0
2025-01-28 03:00:00,25.4966666666667,22.0033333333333,0.6053070175438596,0.0,16.4,73,100,10.2,257,16.2,16.0,14.3,0.1,0.1,0.02,17.0,75.0,0.0,0.0,0.0,244.0,0.0,101150.0,16.7,68,95,18.1,276,15.8,15.4,14.9,0.0
2025-01-28 04:00:00,25.4666666666667,21.9866666666667,0.6058479532163742,0.0,15.9,77,100,10.4,255,15.9,15.9,14.3,0.1,0.1,0.02,16.0,76.0,0.0,0.0,3.0,258.0,0.0,101140.0,16.3,66,97,18.1,277,15.4,15.4,14.9,0.0
2025-01-28 05:00:00,25.4333333333333,21.9633333333333,0.6063888888888889,0.0,15.6,78,100,10.7,257,15.6,15.9,14.3,0.2,0.2,0.02,14.0,90.0,0.0,0.0,2.0,186.0,0.0,101180.0,16.1,59,93,14.4,266,14.9,15.3,14.9,0.0
2025-01-28 06:00:00,25.4266666666667,21.9666666666667,0.6069298245614034,0.0,15.2,78,100,11.1,237,15.1,15.8,14.3,0.3,0.3,0.02,15.0,85.0,0.0,0.0,1.0,198.0,0.0,101190.0,15.5,62,87,13.5,254,14.3,15.0,14.8,0.0
2025-01-28 07:00:00,25.4133333333333,21.97,0.6074707602339181,0.0,14.8,76,83,12.4,220,14.7,15.7,14.3,0.1,0.1,0.02,15.0,84.0,0.0,0.0,0.0,258.0,0.0,101240.0,14.9,63,76,12.2,246,13.5,14.7,14.8,0.0
2025-01-28 08:00:00,25.4066666666667,21.9666666666667,0.6080116959064327,0.0,14.5,75,34,14.3,216,14.4,15.6,14.4,0.0,0.0,0.05,15.0,79.0,285.0,0.0,3.0,234.0,0.0,101280.0,14.3,70,70,11.5,224,13.5,14.3,14.8,0.0
2025-01-28 09:00:00,25.4,21.9666666666667,0.6085526315789473,0.0,15.6,65,59,11.4,227,14.7,15.5,14.4,0.0,0.0,0.11,15.0,75.0,5315.0,0.0,2.0,245.0,0.0,101330.0,15.8,67,75,15.6,230,16.7,14.6,14.7,0.0
2025-01-28 10:00:00,25.39,21.9533333333333,0.6090935672514619,0.0,16.9,61,36,8.1,261,15.6,15.5,14.4,0.0,0.0,0.16,16.0,62.0,20156.0,1.0,3.0,276.0,0.0,101390.0,16.9,60,62,17.1,255,19.2,15.3,14.7,0.0
2025-01-28 11:00:00,25.3833333333333,21.96,0.6096345029239766,0.0,18.1,59,1,8.6,274,16.8,15.5,14.4,0.1,0.1,0.25,17.0,58.0,40134.0,2.0,4.0,228.0,0.0,101430.0,18.2,58,46,18.4,268,21.1,16.4,14.7,0.0
2025-01-28 12:00:00,25.39,21.9466666666667,0.6101754385964911,0.0,19.8,52,2,11.8,259,18.1,15.6,14.4,0.0,0.0,0.35,19.0,57.0,52820.0,4.0,3.0,283.0,0.0,101400.0,19.0,57,59,13.7,267,22.8,17.3,14.9,0.0
2025-01-28 13:00:00,25.4066666666667,21.9266666666667,0.6107163742690058,0.0,21.4,41,4,13.0,281,19.6,15.7,14.4,0.0,0.0,0.4,20.0,52.0,58086.0,4.0,6.0,224.0,0.0,101290.0,20.3,41,72,22.3,291,21.9,18.2,15.1,0.0
2025-01-28 14:00:00,25.4266666666667,21.94,0.6112573099415204,0.0,20.9,39,48,22.7,312,19.9,15.9,14.4,0.0,0.0,0.39,21.0,38.0,18376.0,1.0,5.0,296.0,0.0,101270.0,19.1,51,74,27.0,315,20.0,18.5,15.3,0.0
2025-01-28 15:00:00,25.4466666666667,21.94,0.6117982456140351,0.0,16.9,66,61,26.4,304,19.2,16.1,14.4,0.0,0.0,0.2,19.0,45.0,61607.0,4.0,6.0,7.0,0.0,101340.0,17.7,60,71,36.9,302,17.2,18.2,15.4,0.0
2025-01-28 16:00:00,25.4533333333333,21.94,0.6123391812865496,0.0,16.8,66,9,20.2,299,18.6,16.2,14.5,0.0,0.0,0.16,18.0,53.0,12564.0,1.0,8.0,306.0,0.0,101450.0,17.2,57,64,29.3,296,16.8,17.4,15.6,0.0
2025-01-28 17:00:00,25.46,21.9433333333333,0.6128801169590643,0.0,16.1,62,15,15.6,292,17.8,16.3,14.5,0.0,0.0,0.11,16.0,59.0,7579.0,0.0,7.0,340.0,0.0,101540.0,16.6,54,84,18.8,282,15.5,16.8,15.7,0.0
2025-01-28 18:00:00,25.46,21.9366666666667,0.6134210526315789,0.0,15.1,63,9,11.5,266,16.8,16.3,14.5,0.0,0.0,0.06,17.0,56.0,1651.0,0.0,4.0,288.0,0.0,101590.0,15.5,61,55,11.8,247,13.6,16.1,15.7,0.0
2025-01-28 19:00:00,25.45,21.94,0.6139619883040935,0.0,14.6,64,5,13.0,248,16.0,16.3,14.5,0.0,0.0,0.04,16.0,51.0,0.0,0.0,6.0,294.0,0.0,101610.0,14.3,67,67,11.0,218,12.7,15.3,15.6,0.0
2025-01-28 20:00:00,25.4466666666667,21.9366666666667,0.6145029239766081,0.0,14.0,62,10,9.8,249,15.3,16.2,14.5,0.0,0.0,0.04,16.0,54.0,0.0,0.0,4.0,262.0,0.0,101650.0,13.6,75,58,9.5,233,11.9,14.6,15.5,0.0
2025-01-28 21:00:00,25.4266666666667,21.9366666666667,0.6150438596491228,0.0,13.0,64,23,7.9,259,14.5,16.1,14.5,0.0,0.0,0.02,14.0,61.0,0.0,0.0,2.0,264.0,0.0,101730.0,12.8,74,28,6.2,234,10.5,13.8,15.3,0.0
2025-01-28 22:00:00,25.4133333333333,21.9266666666667,0.6155847953216373,0.0,12.9,65,3,9.1,276,13.9,16.0,14.6,0.0,0.0,0.03,14.0,52.0,0.0,0.0,2.0,308.0,0.0,101760.0,12.2,76,31,5.6,225,10.1,13.2,15.1,0.0
2025-01-28 23:00:00,25.3966666666667,21.9233333333333,0.616125730994152,0.0,11.7,73,4,7.2,282,13.2,15.8,14.6,0.0,0.0,0.01,14.0,59.0,0.0,0.0,2.0,210.0,0.0,101790.0,11.5,81,42,5.2,205,9.7,12.7,14.8,0.0
2025-01-29 00:00:00,25.3833333333333,21.9266666666667,0.6166666666666666,0.0,11.3,76,19,4.0,263,12.5,15.6,14.6,0.0,0.0,0.0,13.0,65.0,0.0,0.0,3.0,186.0,0.0,101790.0,11.1,83,59,6.9,189,9.8,12.4,14.6,0.0
2025-01-29 01:00:00,25.3633333333333,21.9066666666667,0.6172076023391813,0.0,12.1,69,32,7.4,222,13.0,15.5,14.6,0.0,0.0,0.01,12.0,67.0,0.0,0.0,1.0,198.0,0.0,101790.0,11.4,83,54,7.5,197,10.3,12.2,14.4,0.0
2025-01-29 02:00:00,25.3466666666667,21.91,0.6177485380116958,0.0,11.9,71,28,9.4,224,12.8,15.3,14.6,0.0,0.0,0.02,12.0,70.0,0.0,0.0,1.0,252.0,0.0,101690.0,11.6,82,63,7.2,207,10.4,12.1,14.2,0.0
2025-01-29 03:00:00,25.3266666666667,21.91,0.6182894736842105,0.0,11.8,72,51,9.6,235,12.6,15.1,14.6,0.0,0.0,0.02,12.0,73.0,0.0,0.0,2.0,246.0,0.0,101660.0,11.4,82,60,7.8,202,10.2,12.0,14.0,0.0
2025-01-29 04:00:00,25.31,21.91,0.6188304093567251,0.0,11.9,74,38,10.8,229,12.5,15.0,14.6,0.0,0.0,0.02,11.0,75.0,0.0,0.0,2.0,270.0,0.0,101670.0,11.4,83,46,8.4,200,10.0,11.9,13.8,0.0
2025-01-29 05:00:00,25.2933333333333,21.91,0.6193713450292397,0.0,11.0,79,99,11.1,229,12.2,14.8,14.6,0.0,0.0,0.01,11.0,75.0,0.0,0.0,1.0,216.0,0.0,101610.0,11.1,83,59,8.0,207,9.6,11.7,13.6,0.0
2025-01-29 06:00:00,25.2766666666667,21.91,0.6199122807017543,0.0,10.6,81,67,10.4,227,12.0,14.7,14.6,0.0,0.0,0.01,10.0,77.0,0.0,0.0,1.0,240.0,0.0,101640.0,11.0,81,98,7.6,205,9.3,11.6,13.5,0.0
2025-01-29 07:00:00,25.26,21.9066666666667,0.620453216374269,0.0,9.7,85,99,7.4,215,11.6,14.5,14.6,0.0,0.0,0.0,11.0,75.0,0.0,0.0,1.0,198.0,0.0,101590.0,9.9,87,29,6.2,201,7.9,11.2,13.3,0.0
2025-01-29 08:00:00,25.24,21.8666666666667,0.6209941520467835,0.0,10.4,83,63,6.1,212,11.4,14.3,14.6,0.0,0.0,0.02,9.0,79.0,946.0,0.0,1.0,264.0,0.0,101570.0,9.1,90,92,5.2,214,9.1,10.7,13.1,0.0
2025-01-29 09:00:00,25.2,24.6766666666667,0.6215350877192982,0.0,13.6,72,69,4.9,225,12.4,14.2,14.6,0.0,0.0,0.08,10.0,79.0,8121.0,0.0,2.0,264.0,0.0,101530.0,11.6,83,100,4.5,241,14.2,11.4,13.0,0.0
2025-01-29 10:00:00,25.1733333333333,26.6333333333333,0.6220760233918128,0.0,15.6,62,78,7.2,241,13.8,14.1,14.7,0.0,0.0,0.18,13.0,70.0,30645.0,2.0,1.0,288.0,0.0,101540.0,14.8,69,5,10.2,262,19.2,12.9,12.9,0.0
2025-01-29 11:00:00,25.17,26.3266666666667,0.6226169590643275,0.0,17.6,53,3,10.2,237,15.4,14.2,14.7,0.0,0.0,0.29,16.0,62.0,40646.0,2.0,3.0,296.0,0.0,101500.0,16.5,63,63,11.9,256,19.8,14.8,13.1,0.0
2025-01-29 12:00:00,25.1866666666667,26.09,0.623157894736842,0.0,19.4,43,31,11.4,245,16.9,14.3,14.7,0.0,0.0,0.37,17.0,51.0,48221.0,4.0,4.0,294.0,0.0,101350.0,18.3,59,54,10.8,274,23.0,16.3,13.3,0.0
2025-01-29 13:00:00,25.2233333333333,25.9133333333333,0.6236988304093567,0.0,20.5,39,99,11.0,275,17.9,14.5,14.7,0.0,0.0,0.4,19.0,47.0,54672.0,5.0,5.0,298.0,0.0,101170.0,19.8,49,93,12.1,300,23.8,17.6,13.6,0.0
2025-01-29 14:00:00,25.2766666666667,25.74,0.6242397660818713,0.0,19.0,50,100,11.8,342,18.5,14.7,14.7,0.0,0.0,0.33,20.0,38.0,44723.0,3.0,4.0,270.0,0.0,101070.0,17.6,61,100,18.2,346,18.3,18.0,14.0,0.0
2025-01-29 15:00:00,25.3533333333333,25.5866666666667,0.6247807017543859,0.0,16.4,66,100,12.6,18,18.2,14.9,14.7,0.0,0.0,0.2,16.0,59.0,22120.0,1.0,5.0,59.0,0.0,101000.0,16.4,66,100,11.3,17,17.8,17.4,14.3,0.0
2025-01-29 16:00:00,25.4266666666667,25.4466666666667,0.6253216374269005,0.0,15.1,71,100,9.8,31,17.6,15.1,14.7,0.0,0.0,0.13,16.0,66.0,16184.0,1.0,4.0,42.0,0.0,101010.0,15.8,68,100,10.4,2,15.8,16.7,14.5,0.0
2025-01-29 17:00:00,25.5033333333333,25.33,0.6258625730994152,0.0,14.2,77,100,3.9,27,16.7,15.2,14.7,0.0,0.0,0.05,15.0,73.0,6096.0,0.0,3.0,48.0,0.0,100940.0,15.0,71,100,6.0,25,13.9,15.8,14.6,0.0
2025-01-29 18:00:00,25.57,25.2066666666667,0.6264035087719297,0.0,13.0,84,100,2.8,34,15.6,15.2,14.7,0.0,0.0,0.02,14.0,75.0,640.0,0.0,1.0,72.0,0.0,100940.0,13.6,77,100,3.4,58,11.9,14.7,14.6,0.0
2025-01-29 19:00:00,25.63,25.1233333333333,0.6269444444444444,0.0,12.2,87,100,3.1,52,14.6,15.2,14.7,0.0,0.0,0.0,13.0,80.0,0.0,0.0,1.0,140.0,0.0,100860.0,12.8,80,100,3.9,68,11.3,13.9,14.6,0.0
2025-01-29 20:00:00,25.69,25.0266666666667,0.627485380116959,0.0,11.8,90,100,4.9,130,14.1,15.2,14.7,0.0,0.0,0.0,12.0,81.0,0.0,0.0,0.0,178.0,0.0,100760.0,12.2,80,100,4.0,100,10.6,13.3,14.5,0.0
2025-01-29 21:00:00,25.7366666666667,24.9266666666667,0.6280263157894737,0.0,11.5,92,100,3.5,219,13.6,15.1,14.7,0.0,0.0,0.0,11.0,85.0,0.0,0.0,0.0,198.0,0.0,100690.0,11.6,81,100,2.1,59,9.8,12.7,14.3,0.0
2025-01-29 22:00:00,25.7866666666667,24.8666666666667,0.6285672514619882,0.0,13.8,68,100,14.1,232,13.4,15.0,14.7,0.0,0.0,0.04,11.0,87.0,0.0,0.0,0.0,114.0,0.0,100660.0,11.0,89,100,1.8,79,9.5,12.3,14.1,0.0
2025-01-29 23:00:00,25.82,24.8066666666667,0.6291081871345029,0.0,16.2,48,100,27.9,227,13.7,14.9,14.7,0.0,0.0,0.14,11.0,85.0,0.0,0.0,2.0,42.0,0.0,100680.0,11.6,84,100,0.5,45,8.5,11.9,14.0,0.0
2025-01-30 00:00:00,25.85,24.7366666666667,0.6296491228070175,0.0,14.6,62,99,28.1,224,14.0,14.8,14.7,0.4,0.4,0.09,14.0,65.0,0.0,0.0,0.0,342.0,0.0,100670.0,13.6,59,98,12.4,248,12.2,12.1,13.8,0.0
2025-01-30 01:00:00,25.8766666666667,24.7033333333333,0.6301900584795321,0.0,14.7,62,98,24.0,233,15.1,14.9,14.7,0.0,0.0,0.08,16.0,53.0,0.0,0.0,4.0,318.0,0.0,100630.0,14.6,63,81,19.5,236,13.3,12.6,13.7,0.0
2025-01-30 02:00:00,25.8933333333333,24.65,0.6307309941520467,0.0,13.3,76,96,13.3,261,14.5,14.9,14.8,0.5,0.5,0.02,14.0,70.0,0.0,0.0,2.0,328.0,0.0,100640.0,13.6,79,100,20.8,304,12.8,13.0,13.6,0.4
2025-01-30 03:00:00,25.9133333333333,24.6066666666667,0.6312719298245614,0.0,12.0,87,100,4.2,283,13.7,14.8,14.8,0.3,0.3,0.0,13.0,75.0,0.0,0.0,1.0,270.0,0.0,100650.0,12.4,85,99,11.1,241,11.7,13.0,13.6,1.1
2025-01-30 04:00:00,25.9333333333333,24.5666666666667,0.6318128654970759,0.0,12.0,91,100,6.3,223,13.2,14.7,14.8,1.0,1.0,0.0,13.0,78.0,0.0,0.0,2.0,252.0,0.0,100620.0,12.0,89,71,9.9,213,11.0,12.7,13.6,0.1
2025-01-30 05:00:00,25.9366666666667,24.5366666666667,0.6323538011695906,0.0,12.1,89,100,3.4,227,12.9,14.6,14.8,0.5,0.5,0.0,12.0,85.0,0.0,0.0,3.0,282.0,0.0,100670.0,11.5,85,79,10.0,229,10.6,12.3,13.5,0.0
2025-01-30 06:00:00,25.95,24.4966666666667,0.6328947368421052,0.0,10.9,92,62,5.2,230,12.4,14.5,14.8,6.5,6.5,0.0,11.0,90.0,0.0,0.0,2.0,234.0,0.0,100710.0,11.0,87,86,7.9,240,10.3,11.9,13.4,0.0
2025-01-30 07:00:00,25.96,24.4633333333333,0.6334356725146199,0.0,10.5,89,99,3.0,276,12.1,14.4,14.8,5.1,5.1,0.0,,,,,,,,,10.4,92,83,7.7,208,9.8,11.5,13.2,0.0
2025-01-30 08:00:00,25.9766666666667,24.44,0.6339766081871344,0.0,10.6,88,56,10.3,224,11.9,14.2,14.8,2.4,2.4,0.03,10.0,88.0,0.0,0.0,2.0,210.0,0.0,100660.0,10.5,93,85,6.4,218,10.6,11.4,13.1,0.0
2025-01-30 09:00:00,25.9766666666667,24.4266666666667,0.6345175438596491,0.0,11.7,82,56,11.1,233,12.1,14.1,14.8,0.1,0.1,0.07,9.0,90.0,1960.0,0.0,2.0,228.0,0.0,100730.0,11.2,88,91,10.2,252,12.3,11.7,13.0,0.0
2025-01-30 10:00:00,26.0,24.42,0.6350584795321637,0.0,11.3,76,84,19.6,252,12.5,14.0,14.8,1.6,1.6,0.13,11.0,84.0,5467.0,0.0,4.0,210.0,0.0,100840.0,11.8,83,81,15.2,248,13.2,12.3,12.9,0.0
2025-01-30 11:00:00,26.0133333333333,24.4166666666667,0.6355994152046783,0.0,13.2,64,21,19.9,253,13.1,13.9,14.8,0.0,0.0,0.19,13.0,71.0,30068.0,1.0,4.0,240.0,0.0,100900.0,12.6,76,97,20.2,248,14.3,13.0,12.9,0.0
2025-01-30 12:00:00,26.01,24.41,0.6361403508771929,0.0,13.8,62,25,22.7,264,14.0,13.9,14.8,0.1,0.1,0.24,14.0,60.0,56258.0,3.0,7.0,267.0,0.0,100920.0,13.1,72,95,22.7,259,13.9,13.3,13.0,0.0
2025-01-30 13:00:00,26.0366666666667,24.41,0.6366812865497076,0.0,14.2,54,55,21.5,263,13.9,13.8,14.8,1.2,1.2,0.23,12.0,80.0,31088.0,2.0,3.0,264.0,0.0,100880.0,13.8,65,76,23.5,276,15.3,13.9,13.1,0.0
2025-01-30 14:00:00,26.0366666666667,24.4066666666667,0.6372222222222221,0.0,14.4,52,54,22.7,283,14.4,13.8,14.8,0.0,0.0,0.24,13.0,73.0,37020.0,2.0,4.0,264.0,0.0,100830.0,13.6,69,71,23.6,289,15.3,14.2,13.2,0.0
2025-01-30 15:00:00,26.06,24.3966666666667,0.6377631578947368,0.0,13.7,58,56,22.3,293,14.6,13.9,14.8,0.2,0.2,0.2,12.0,75.0,16529.0,0.0,7.0,276.0,0.0,100820.0,14.0,66,80,24.3,297,14.8,14.3,13.3,0.0
2025-01-30 16:00:00,26.0866666666667,24.4033333333333,0.6383040935672514,0.0,13.5,64,32,17.7,289,14.1,13.9,14.8,0.2,0.2,0.14,14.0,67.0,12127.0,1.0,8.0,342.0,0.0,100820.0,14.2,61,54,22.6,301,13.8,14.1,13.4,0.0
2025-01-30 17:00:00,26.1033333333333,24.3866666666667,0.638845029239766,0.0,13.0,63,29,12.6,284,13.7,13.9,14.8,0.1,0.1,0.09,13.0,71.0,8418.0,0.0,7.0,340.0,0.0,100860.0,13.7,62,54,18.0,296,12.5,13.8,13.4,0.0
2025-01-30 18:00:00,26.12,24.3833333333333,0.6393859649122806,0.0,11.8,67,48,8.6,280,12.8,13.9,14.8,0.2,0.2,0.04,13.0,68.0,5770.0,0.0,5.0,285.0,0.0,100900.0,12.6,66,24,11.5,272,10.9,13.2,13.5,0.0
2025-01-30 19:00:00,26.13,24.36,0.6399269005847953,0.0,10.6,79,43,7.2,247,12.0,13.8,14.8,1.0,1.0,0.0,12.0,69.0,462.0,0.0,2.0,300.0,0.0,101000.0,11.3,75,69,7.3,200,9.7,12.4,13.4,0.0
2025-01-30 20:00:00,26.13,24.33,0.6404678362573099,0.0,9.9,86,25,9.1,208,11.3,13.7,14.8,1.0,1.0,0.0,12.0,69.0,0.0,0.0,3.0,270.0,0.0,101060.0,10.4,78,100,6.5,180,9.1,11.6,13.3,0.0
2025-01-30 21:00:00,26.1266666666667,24.3166666666667,0.6410087719298245,0.0,9.4,90,40,11.6,194,10.8,13.5,14.8,0.0,0.0,0.0,11.0,72.0,0.0,0.0,3.0,234.0,0.0,101160.0,9.9,76,29,9.2,191,8.4,11.0,13.1,0.0
2025-01-30 22:00:00,26.1266666666667,24.28,0.6415497076023391,0.0,9.4,84,22,12.3,216,10.5,13.3,14.8,0.0,0.0,0.01,11.0,70.0,0.0,0.0,2.0,240.0,0.0,101200.0,9.7,79,18,9.9,199,8.2,10.6,12.9,0.0
2025-01-30 23:00:00,26.1166666666667,24.2666666666667,0.6420906432748538,0.0,9.6,80,71,14.1,208,10.2,13.1,14.8,0.0,0.0,0.02,11.0,73.0,0.0,0.0,3.0,216.0,0.0,101240.0,9.6,83,62,9.9,199,8.1,10.3,12.7,0.0
2025-01-31 00:00:00,26.1166666666667,24.26,0.6426315789473683,0.0,9.3,78,83,7.2,211,10.1,13.0,14.7,0.0,0.0,0.0,11.0,72.0,0.0,0.0,2.0,222.0,0.0,101240.0,9.8,79,53,10.3,209,8.5,10.1,12.6,0.0
2025-01-31 01:00:00,26.11,24.23,0.643172514619883,0.0,9.3,89,93,4.5,189,11.5,13.3,14.8,3.0,3.0,0.0,11.0,72.0,0.0,0.0,2.0,228.0,0.0,101260.0,9.8,77,40,10.9,214,8.4,10.0,12.4,0.0
2025-01-31 02:00:00,26.1033333333333,24.2066666666667,0.6437134502923976,0.0,8.6,96,97,7.7,144,10.9,13.2,14.8,1.2,1.2,0.0,11.0,69.0,0.0,0.0,2.0,234.0,0.0,101250.0,9.6,75,41,8.9,207,7.9,9.9,12.2,0.0
2025-01-31 03:00:00,26.0966666666667,24.18,0.6442543859649122,0.0,8.4,88,11,13.9,200,10.3,13.0,14.8,0.1,0.1,0.0,11.0,69.0,0.0,0.0,2.0,228.0,0.0,101240.0,9.2,74,64,8.9,194,7.6,9.6,12.1,0.0
2025-01-31 04:00:00,26.09,24.1633333333333,0.6447953216374268,0.0,8.1,87,4,9.8,221,9.8,12.8,14.7,0.0,0.0,0.0,11.0,71.0,0.0,0.0,1.0,240.0,0.0,101210.0,9.3,73,91,9.8,204,8.1,9.5,11.9,0.0
2025-01-31 05:00:00,26.09,24.1366666666667,0.6453362573099415,0.0,7.8,82,22,12.2,220,9.3,12.6,14.7,0.0,0.0,0.01,10.0,72.0,0.0,0.0,1.0,198.0,0.0,101210.0,9.6,71,100,10.0,210,8.6,9.6,11.7,0.0
2025-01-31 06:00:00,26.0866666666667,24.1233333333333,0.645877192982456,0.0,7.6,81,58,12.4,215,9.0,12.4,14.7,0.0,0.0,0.01,11.0,68.0,0.0,0.0,2.0,252.0,0.0,101210.0,9.7,67,72,7.6,205,8.2,9.7,11.6,0.0
2025-01-31 07:00:00,26.0933333333333,24.1133333333333,0.6464181286549707,0.0,7.8,79,93,9.4,209,8.8,12.2,14.7,0.1,0.1,0.01,11.0,66.0,0.0,0.0,2.0,222.0,0.0,101230.0,9.2,75,100,5.4,82,8.3,9.6,11.5,0.0
2025-01-31 08:00:00,26.1,24.1,0.6469590643274853,0.0,7.7,91,100,10.6,101,8.9,12.0,14.7,4.8,4.8,0.02,11.0,64.0,0.0,0.0,3.0,252.0,0.0,101210.0,8.9,89,94,4.6,141,9.2,9.6,11.4,0.2
2025-01-31 09:00:00,26.0566666666667,24.0733333333333,0.6475,0.0,9.1,90,94,11.7,203,9.4,11.9,14.7,5.1,5.1,0.04,10.0,72.0,856.0,0.0,2.0,329.0,0.0,101310.0,10.2,84,77,6.6,189,11.2,10.1,11.4,0.1
2025-01-31 10:00:00,26.0,24.2133333333333,0.6480409356725145,0.0,10.9,79,21,14.1,223,10.3,11.8,14.7,0.1,0.1,0.1,8.0,86.0,660.0,0.0,4.0,116.0,7.0,101460.0,11.4,76,41,12.2,227,13.7,11.0,11.4,0.0
2025-01-31 11:00:00,26.0833333333333,26.73,0.6485818713450292,0.0,11.9,72,63,12.3,239,11.2,11.8,14.7,0.0,0.0,0.15,8.0,91.0,3972.0,0.0,3.0,216.0,38.0,101490.0,12.7,75,33,12.1,233,16.4,12.2,11.4,0.0
2025-01-31 12:00:00,26.7933333333333,27.3266666666667,0.6491228070175438,0.0,13.1,63,63,11.8,260,12.4,11.8,14.7,0.0,0.0,0.22,9.0,89.0,9928.0,1.0,4.0,258.0,5.0,101520.0,13.3,75,71,10.2,260,16.5,13.2,11.6,0.0
2025-01-31 13:00:00,27.5766666666667,27.27,0.6496637426900584,0.0,14.7,57,6,6.0,300,13.5,12.0,14.6,0.0,0.0,0.32,10.0,82.0,22831.0,2.0,0.0,114.0,1.0,101500.0,13.4,80,80,6.1,273,16.9,14.1,11.9,0.0
2025-01-31 14:00:00,27.9266666666667,27.1066666666667,0.650204678362573,0.0,15.0,55,5,6.8,340,14.7,12.2,14.6,0.0,0.0,0.3,12.0,76.0,52372.0,5.0,4.0,239.0,0.0,101400.0,13.2,78,78,4.0,270,16.2,14.5,12.2,0.0
2025-01-31 15:00:00,28.07,26.9366666666667,0.6507456140350877,0.0,14.7,56,10,10.0,349,15.1,12.5,14.6,0.0,0.0,0.24,12.0,75.0,29592.0,2.0,2.0,228.0,0.0,101390.0,13.5,78,84,5.5,337,16.1,14.9,12.5,0.0
2025-01-31 16:00:00,28.14,26.78,0.6512865497076022,0.0,13.7,62,25,11.3,357,14.7,12.7,14.6,0.0,0.0,0.15,13.0,70.0,20409.0,2.0,3.0,264.0,0.0,101380.0,12.9,78,81,6.8,360,14.0,14.6,12.7,0.0
2025-01-31 17:00:00,28.18,26.65,0.6518274853801169,0.0,12.4,71,29,5.8,24,14.0,12.9,14.6,0.0,0.0,0.07,13.0,72.0,15036.0,1.0,0.0,282.0,0.0,101410.0,12.7,78,53,2.6,16,12.2,13.9,12.9,0.0
2025-01-31 18:00:00,28.2066666666667,26.5433333333333,0.6523684210526315,0.0,10.2,79,28,2.5,34,12.7,12.9,14.6,0.1,0.1,0.01,13.0,71.0,5997.0,0.0,0.0,228.0,0.0,101420.0,11.8,83,57,2.6,164,10.3,13.0,13.0,0.0
2025-01-31 19:00:00,28.21,26.4633333333333,0.6529093567251462,0.0,9.2,84,43,2.5,225,11.6,12.9,14.6,0.0,0.0,0.0,12.0,77.0,176.0,0.0,0.0,204.0,0.0,101450.0,10.5,91,69,4.0,185,9.7,12.1,12.9,0.0
2025-01-31 20:00:00,28.2166666666667,26.39,0.6534502923976607,0.0,8.7,83,70,3.1,280,10.9,12.8,14.6,0.2,0.2,0.0,11.0,79.0,0.0,0.0,0.0,258.0,0.0,101510.0,9.9,95,82,3.6,180,9.7,11.5,12.9,0.0
2025-01-31 21:00:00,28.2266666666667,26.3933333333333,0.6539912280701754,0.0,9.0,88,59,6.2,235,10.6,12.7,14.6,0.1,0.1,0.0,10.0,88.0,0.0,0.0,1.0,188.0,0.0,101520.0,9.5,96,78,4.0,175,9.5,11.1,12.7,0.0
2025-01-31 22:00:00,28.24,26.3966666666667,0.65453216374269,0.0,8.9,92,63,8.5,205,10.4,12.6,14.6,0.1,0.1,0.0,11.0,86.0,0.0,0.0,0.0,240.0,0.0,101560.0,9.3,96,84,5.1,188,9.0,10.8,12.6,0.0
2025-01-31 23:00:00,28.35,26.6266666666667,0.6550730994152046,0.0,8.5,92,96,6.5,207,10.1,12.4,14.6,0.2,0.2,0.0,10.0,89.0,0.0,0.0,0.0,173.0,3.0,101590.0,9.3,96,87,5.0,201,8.9,10.6,12.5,0.0
2025-02-01 00:00:00,28.4133333333333,26.71,0.6556140350877192,0.0,8.8,92,28,7.9,218,9.9,12.3,14.6,0.2,0.2,0.0,10.0,90.0,0.0,0.0,0.0,240.0,1.0,101610.0,9.0,97,92,3.9,202,8.7,10.4,12.3,0.0
2025-02-01 01:00:00,28.4433333333333,26.7,0.6561549707602339,0.0,9.5,93,43,8.2,225,10.9,12.4,14.6,0.0,0.0,0.0,10.0,92.0,0.0,0.0,2.0,240.0,0.0,101590.0,9.1,95,79,4.7,203,9.0,10.3,12.1,0.0
2025-02-01 02:00:00,28.45,26.6733333333333,0.6566959064327484,0.0,9.0,92,42,8.4,231,10.3,12.4,14.6,0.0,0.0,0.0,10.0,93.0,0.0,0.0,1.0,252.0,0.0,101550.0,9.1,94,92,5.2,205,8.8,10.2,12.0,0.0
2025-02-01 03:00:00,28.51,26.7366666666667,0.6572368421052631,0.0,8.9,97,98,7.0,226,10.1,12.2,14.6,0.3,0.3,0.0,10.0,94.0,0.0,0.0,1.0,228.0,0.0,101530.0,8.9,96,84,5.6,207,8.5,10.0,11.9,0.0
2025-02-01 04:00:00,28.6766666666667,26.9833333333333,0.6577777777777777,0.0,9.2,93,97,8.9,218,10.0,12.1,14.5,0.1,0.1,0.0,10.0,95.0,0.0,0.0,0.0,228.0,1.0,101500.0,8.7,96,83,5.6,207,8.5,9.9,11.8,0.0
2025-02-01 05:00:00,28.8866666666667,27.1966666666667,0.6583187134502924,0.0,8.9,92,45,7.8,223,9.7,12.0,14.5,0.0,0.0,0.0,10.0,93.0,0.0,0.0,1.0,216.0,5.0,101450.0,8.7,95,72,5.0,201,8.0,9.8,11.7,0.0
2025-02-01 06:00:00,28.9866666666667,27.1966666666667,0.6588596491228069,0.0,8.5,92,39,8.7,217,9.4,11.9,14.5,0.1,0.1,0.0,10.0,93.0,0.0,0.0,1.0,210.0,1.0,101430.0,8.3,95,64,5.2,192,7.4,9.6,11.6,0.0
2025-02-01 07:00:00,29.0066666666667,27.1433333333333,0.6594005847953216,0.0,8.4,91,9,7.9,221,9.2,11.8,14.5,0.0,0.0,0.0,10.0,92.0,0.0,0.0,1.0,228.0,0.0,101420.0,7.8,94,57,4.8,207,6.8,9.1,11.4,0.0
2025-02-01 08:00:00,29.01,27.0766666666667,0.6599415204678362,0.0,9.2,89,12,10.0,224,9.2,11.6,14.5,0.0,0.0,0.02,9.0,94.0,0.0,0.0,0.0,258.0,0.0,101410.0,7.9,94,45,5.0,210,8.2,8.9,11.3,0.0
2025-02-01 09:00:00,28.9966666666667,27.01,0.6604824561403508,0.0,11.5,86,11,11.1,224,10.2,11.6,14.5,0.0,0.0,0.07,9.0,94.0,2703.0,0.0,2.0,264.0,0.0,101420.0,11.2,89,13,6.9,219,13.1,9.8,11.2,0.0
2025-02-01 10:00:00,28.9833333333333,26.9633333333333,0.6610233918128654,0.0,13.6,69,2,11.2,230,11.5,11.6,14.5,0.0,0.0,0.18,9.0,89.0,10816.0,1.0,2.0,252.0,0.0,101400.0,13.2,77,7,12.5,229,15.4,11.3,11.2,0.0
2025-02-01 11:00:00,28.9666666666667,26.9,0.6615643274853801,0.0,15.2,55,0,11.9,238,13.0,11.7,14.5,0.0,0.0,0.27,12.0,83.0,35376.0,2.0,2.0,240.0,0.0,101400.0,14.6,67,0,14.4,233,16.7,12.6,11.3,0.0
2025-02-01 12:00:00,28.9333333333333,26.8033333333333,0.6621052631578946,0.0,16.1,48,0,12.3,245,14.3,11.9,14.5,0.0,0.0,0.33,14.0,74.0,53692.0,3.0,3.0,289.0,0.0,101370.0,15.6,57,5,16.0,234,17.4,13.6,11.6,0.0
2025-02-01 13:00:00,28.89,26.7,0.6626461988304093,0.0,16.9,45,0,11.4,246,15.5,12.0,14.4,0.0,0.0,0.36,15.0,64.0,60201.0,3.0,4.0,270.0,0.0,101250.0,16.2,52,30,15.5,248,18.0,14.4,11.8,0.0
2025-02-01 14:00:00,28.86,26.59,0.6631871345029239,0.0,17.4,42,43,13.6,264,16.1,12.4,14.4,0.0,0.0,0.35,16.0,54.0,60920.0,5.0,3.0,328.0,0.0,101090.0,16.6,49,58,15.4,259,17.7,15.0,12.1,0.0
2025-02-01 15:00:00,28.8033333333333,26.4633333333333,0.6637280701754386,0.0,16.9,43,3,12.9,295,16.2,12.7,14.4,0.0,0.0,0.29,17.0,46.0,52723.0,6.0,5.0,287.0,0.0,100960.0,16.7,47,34,15.6,285,16.7,15.1,12.4,0.0
2025-02-01 16:00:00,28.7566666666667,26.3566666666667,0.6642690058479531,0.0,15.6,50,0,12.1,327,15.8,12.9,14.4,0.0,0.0,0.2,17.0,45.0,36103.0,2.0,3.0,296.0,0.0,100900.0,15.7,46,0,13.5,304,14.6,14.9,12.7,0.0
2025-02-01 17:00:00,28.6933333333333,26.2366666666667,0.6648099415204678,0.0,13.6,68,0,4.3,324,14.9,13.1,14.4,0.0,0.0,0.07,16.0,49.0,15515.0,1.0,5.0,327.0,0.0,100870.0,14.2,58,3,10.0,296,12.2,14.2,12.9,0.0
2025-02-01 18:00:00,28.6333333333333,26.1266666666667,0.6653508771929824,0.0,11.6,66,0,1.9,241,13.3,13.2,14.4,0.0,0.0,0.01,15.0,58.0,4051.0,0.0,3.0,342.0,0.0,100870.0,12.6,65,20,6.4,254,10.1,13.2,13.0,0.0
2025-02-01 19:00:00,28.5733333333333,26.0466666666667,0.665891812865497,0.0,10.4,70,1,6.4,213,12.2,13.2,14.4,0.0,0.0,0.01,12.0,71.0,0.0,0.0,0.0,343.0,0.0,100860.0,11.0,74,14,6.6,189,9.2,12.1,13.0,0.0
2025-02-01 20:00:00,28.51,25.9533333333333,0.6664327485380116,0.0,9.9,73,6,8.8,226,11.6,13.1,14.4,0.0,0.0,0.01,11.0,75.0,0.0,0.0,1.0,188.0,0.0,100910.0,10.5,77,37,6.4,196,8.7,11.4,12.9,0.0
2025-02-01 21:00:00,28.4533333333333,25.9066666666667,0.6669736842105263,0.0,10.1,77,36,10.3,224,11.2,13.0,14.4,0.0,0.0,0.01,11.0,74.0,0.0,0.0,1.0,204.0,0.0,100900.0,10.8,78,65,6.8,198,9.3,11.0,12.7,0.0
2025-02-01 22:00:00,28.4133333333333,25.84,0.6675146198830408,0.0,10.4,78,30,8.5,242,11.0,12.9,14.4,0.0,0.0,0.01,11.0,75.0,0.0,0.0,2.0,216.0,0.0,100950.0,10.7,82,73,6.4,207,9.6,10.8,12.6,0.0
2025-02-01 23:00:00,28.3666666666667,25.8,0.6680555555555555,0.0,10.3,78,10,9.2,237,10.8,12.8,14.4,0.0,0.0,0.01,11.0,74.0,0.0,0.0,0.0,234.0,0.0,100970.0,10.8,85,72,6.1,220,9.8,10.8,12.5,0.0
2025-02-02 00:00:00,28.3166666666667,25.7533333333333,0.6685964912280701,0.0,9.6,78,15,8.6,225,10.6,12.7,14.4,0.0,0.0,0.01,11.0,78.0,0.0,0.0,0.0,234.0,0.0,100940.0,10.9,83,72,6.8,205,9.6,10.9,12.4,0.0
2025-02-02 01:00:00,28.2866666666667,25.7366666666667,0.6691374269005848,0.0,10.2,76,31,9.7,230,11.4,12.7,14.4,0.3,0.3,0.01,11.0,83.0,0.0,0.0,2.0,228.0,0.0,100920.0,10.8,85,60,7.8,202,9.5,10.8,12.3,0.0
2025-02-02 02:00:00,28.3466666666667,25.8133333333333,0.6696783625730993,0.0,9.7,79,49,9.6,234,10.8,12.6,14.4,0.5,0.5,0.01,10.0,88.0,0.0,0.0,1.0,228.0,13.0,100880.0,10.8,81,63,9.3,216,9.6,10.7,12.2,0.0
2025-02-02 03:00:00,28.4066666666667,25.95,0.670219298245614,0.0,9.5,80,62,6.0,222,10.3,12.5,14.4,0.4,0.4,0.0,10.0,82.0,0.0,0.0,0.0,258.0,0.0,100810.0,10.7,77,74,7.8,214,9.2,10.5,12.1,0.0
2025-02-02 04:00:00,28.5433333333333,26.24,0.6707602339181286,0.0,8.9,82,77,5.8,228,9.9,12.4,14.4,0.0,0.0,0.0,10.0,83.0,0.0,0.0,4.0,258.0,6.0,100760.0,10.5,75,61,6.2,216,8.9,10.3,12.0,0.0
2025-02-02 05:00:00,28.8266666666667,26.7466666666667,0.6713011695906432,0.0,9.7,79,48,10.2,231,9.8,12.2,14.4,0.0,0.0,0.01,9.0,89.0,0.0,0.0,1.0,246.0,4.0,100780.0,10.2,74,43,7.9,223,8.6,10.2,11.9,0.0
2025-02-02 06:00:00,29.1766666666667,27.3366666666667,0.6718421052631578,0.0,9.2,82,72,8.3,233,9.5,12.1,14.4,0.0,0.0,0.0,10.0,87.0,0.0,0.0,2.0,192.0,11.0,100780.0,9.7,75,42,6.0,197,7.9,10.0,11.8,0.0
2025-02-02 07:00:00,29.3033333333333,27.3366666666667,0.6723830409356725,0.0,9.1,82,66,6.8,236,9.4,12.0,14.4,0.1,0.1,0.0,9.0,84.0,0.0,0.0,0.0,252.0,0.0,100790.0,9.2,78,71,4.7,157,7.8,9.6,11.6,0.0
2025-02-02 08:00:00,29.3433333333333,27.3266666666667,0.672923976608187,0.0,10.0,84,67,9.2,232,9.6,11.8,14.3,0.1,0.1,0.02,9.0,86.0,172.0,0.0,1.0,228.0,0.0,100840.0,9.4,83,85,3.6,135,9.0,9.6,11.5,0.0
2025-02-02 09:00:00,29.35,27.3033333333333,0.6734649122807017,0.0,11.3,84,52,8.4,222,10.4,11.8,14.3,0.0,0.0,0.06,10.0,87.0,5864.0,0.0,1.0,240.0,0.0,100890.0,11.4,82,80,3.9,158,12.1,10.3,11.4,0.0
2025-02-02 10:00:00,29.3333333333333,27.24,0.6740058479532163,0.0,13.0,70,47,11.2,232,11.4,11.8,14.3,0.0,0.0,0.14,12.0,79.0,21115.0,1.0,2.0,204.0,0.0,100930.0,13.1,77,79,3.0,194,15.5,11.4,11.4,0.0
2025-02-02 11:00:00,29.32,27.1666666666667,0.674546783625731,0.0,14.1,66,38,10.3,240,12.5,11.8,14.3,0.0,0.0,0.2,14.0,75.0,41918.0,2.0,3.0,238.0,0.0,100940.0,14.7,66,36,5.6,255,18.4,13.0,11.6,0.0
2025-02-02 12:00:00,29.3033333333333,27.0933333333333,0.6750877192982455,0.0,15.0,64,17,8.4,252,13.8,12.0,14.3,0.0,0.0,0.25,14.0,76.0,21452.0,2.0,3.0,258.0,0.0,100940.0,15.3,67,88,10.8,285,17.3,14.1,11.8,0.0
2025-02-02 13:00:00,29.27,27.01,0.6756286549707602,0.0,16.1,61,42,10.4,270,15.2,12.3,14.3,0.1,0.1,0.28,15.0,72.0,68043.0,3.0,3.0,299.0,0.0,100900.0,16.2,63,75,11.8,290,18.5,14.8,12.2,0.0
2025-02-02 14:00:00,29.23,26.9066666666667,0.6761695906432748,0.0,16.5,55,39,11.9,285,15.7,12.6,14.3,0.0,0.0,0.27,17.0,66.0,33924.0,3.0,3.0,252.0,0.0,100780.0,16.6,61,62,14.4,302,18.4,15.4,12.5,0.0
2025-02-02 15:00:00,29.1866666666667,26.7833333333333,0.6767105263157894,0.0,16.5,56,25,12.0,304,15.8,12.8,14.3,0.0,0.0,0.24,16.0,66.0,52816.0,5.0,3.0,349.0,0.0,100720.0,16.2,69,32,14.5,318,17.9,15.7,12.7,0.0
2025-02-02 16:00:00,29.1133333333333,26.6566666666667,0.677251461988304,0.0,16.0,60,9,7.8,306,15.7,13.1,14.3,0.0,0.0,0.17,17.0,62.0,32429.0,2.0,5.0,359.0,0.0,100770.0,15.6,70,32,10.8,323,15.9,15.6,12.9,0.0
2025-02-02 17:00:00,29.0533333333333,26.53,0.6777923976608187,0.0,14.9,69,4,0.8,293,15.1,13.3,14.3,0.0,0.0,0.06,16.0,68.0,13080.0,1.0,4.0,20.0,0.0,100810.0,14.7,75,32,5.7,325,13.4,14.9,13.2,0.0
2025-02-02 18:00:00,28.98,26.4266666666667,0.6783333333333332,0.0,12.3,73,11,1.1,243,13.5,13.3,14.3,0.0,0.0,0.01,15.0,70.0,3036.0,0.0,1.0,348.0,0.0,100810.0,13.5,81,21,3.1,69,10.9,14.0,13.3,0.0
2025-02-02 19:00:00,28.93,26.3433333333333,0.6788742690058479,0.0,10.7,76,0,4.5,221,12.3,13.3,14.3,0.0,0.0,0.0,12.0,84.0,0.0,0.0,0.0,318.0,0.0,100860.0,12.3,86,28,2.4,117,9.6,12.8,13.3,0.0
2025-02-02 20:00:00,28.8766666666667,26.2733333333333,0.6794152046783625,0.0,9.8,78,4,5.6,202,11.6,13.2,14.3,0.0,0.0,0.0,11.0,86.0,0.0,0.0,1.0,174.0,0.0,100920.0,11.0,90,25,2.9,180,8.7,11.8,13.3,0.0
2025-02-02 21:00:00,28.82,26.22,0.6799561403508771,0.0,8.6,83,13,4.3,200,10.9,13.1,14.3,0.0,0.0,0.0,11.0,86.0,0.0,0.0,1.0,167.0,0.0,100960.0,10.6,83,62,5.6,195,9.4,11.5,13.2,0.0
2025-02-02 22:00:00,28.78,26.1666666666667,0.6804970760233917,0.0,8.5,81,14,5.4,203,10.5,13.0,14.3,0.0,0.0,0.0,9.0,89.0,0.0,0.0,0.0,178.0,0.0,100990.0,10.3,82,45,5.4,200,8.8,11.0,13.0,0.0
2025-02-02 23:00:00,28.74,26.1233333333333,0.6810380116959064,0.0,8.9,78,46,8.9,228,10.2,12.8,14.3,0.0,0.0,0.01,10.0,82.0,0.0,0.0,1.0,192.0,0.0,100980.0,9.8,87,37,4.5,209,8.3,10.7,12.8,0.0
2025-02-03 00:00:00,28.6966666666667,26.0866666666667,0.681578947368421,0.0,9.9,83,42,12.1,228,10.3,12.7,14.3,0.0,0.0,0.01,10.0,83.0,0.0,0.0,1.0,188.0,0.0,100950.0,9.2,90,52,4.2,200,8.0,10.3,12.6,0.0
2025-02-03 01:00:00,28.6433333333333,26.0566666666667,0.6821198830409356,0.0,10.3,87,81,4.8,259,11.8,12.8,14.3,0.1,0.1,0.0,11.0,83.0,0.0,0.0,1.0,217.0,0.0,100920.0,9.2,91,52,4.2,200,7.9,10.0,12.5,0.0
2025-02-03 02:00:00,28.7233333333333,26.17,0.6826608187134502,0.0,10.0,89,100,2.4,256,11.4,12.8,14.3,0.3,0.3,0.0,10.0,93.0,0.0,0.0,1.0,177.0,6.0,100850.0,9.3,91,79,4.0,207,8.3,9.9,12.3,0.0
2025-02-03 03:00:00,28.9266666666667,26.6066666666667,0.6832017543859649,0.0,10.0,87,100,0.5,335,10.8,12.7,14.3,0.0,0.0,0.0,10.0,94.0,0.0,0.0,0.0,186.0,3.0,100830.0,9.7,93,95,3.9,202,9.1,9.9,12.1,0.0
2025-02-03 04:00:00,28.9966666666667,26.67,0.6837426900584794,0.0,9.6,90,100,1.0,58,10.5,12.6,14.3,0.6,0.6,0.0,10.0,94.0,0.0,0.0,1.0,308.0,0.0,100810.0,10.1,92,100,1.5,194,9.0,10.0,12.0,0.0
2025-02-03 05:00:00,29.01,26.67,0.6842836257309941,0.0,9.4,92,97,2.9,182,10.3,12.5,14.3,0.0,0.0,0.0,10.0,94.0,0.0,0.0,0.0,217.0,0.0,100800.0,10.0,93,100,1.6,207,8.6,10.0,11.9,0.0
2025-02-03 06:00:00,29.01,26.6633333333333,0.6848245614035087,0.0,9.0,95,94,3.3,162,10.2,12.3,14.3,0.0,0.0,0.0,10.0,93.0,0.0,0.0,0.0,108.0,0.0,100730.0,9.7,96,64,2.2,279,8.0,9.8,11.7,0.0
2025-02-03 07:00:00,29.01,26.6566666666667,0.6853654970760233,0.0,8.8,97,100,3.1,185,10.0,12.2,14.2,0.0,0.0,0.0,11.0,90.0,0.0,0.0,1.0,180.0,0.0,100700.0,9.1,98,96,0.7,90,7.1,9.5,11.6,0.0
2025-02-03 08:00:00,28.9966666666667,26.63,0.6859064327485379,0.0,9.8,95,100,0.2,28,10.2,12.1,14.2,0.4,0.4,0.01,11.0,89.0,314.0,0.0,0.0,228.0,0.0,100700.0,9.5,93,100,0.7,90,8.7,9.3,11.5,0.0
2025-02-03 09:00:00,28.98,26.5966666666667,0.6864473684210526,0.0,10.4,96,100,0.5,22,10.5,12.0,14.2,0.9,0.9,0.03,11.0,92.0,2212.0,0.0,0.0,156.0,0.0,100670.0,10.8,92,100,1.8,307,11.8,10.0,11.4,0.1
2025-02-03 10:00:00,28.97,26.5766666666667,0.6869883040935671,0.0,11.4,93,100,3.4,105,11.1,12.0,14.2,1.6,1.6,0.05,12.0,90.0,11105.0,0.0,0.0,330.0,0.0,100730.0,11.7,93,100,4.7,302,12.0,10.9,11.4,0.8
2025-02-03 11:00:00,28.9633333333333,26.5766666666667,0.6875292397660818,0.0,12.1,92,100,1.5,113,11.6,12.0,14.2,1.5,1.5,0.06,13.0,83.0,16928.0,1.0,0.0,6.0,0.0,100770.0,12.0,92,100,6.3,121,12.4,11.4,11.4,3.3
2025-02-03 12:00:00,29.0466666666667,26.6866666666667,0.6880701754385964,0.0,13.4,90,95,6.1,353,12.4,12.0,14.2,0.1,0.1,0.1,13.0,87.0,14970.0,1.0,2.0,88.0,3.0,100770.0,12.8,92,100,9.1,108,12.9,11.8,11.4,1.0
2025-02-03 13:00:00,29.1866666666667,26.9266666666667,0.6886111111111111,0.0,15.3,77,61,5.9,23,13.5,12.2,14.2,0.0,0.0,0.12,13.0,85.0,14974.0,1.0,3.0,60.0,3.0,100690.0,15.1,82,100,0.7,180,16.8,12.6,11.6,0.2
2025-02-03 14:00:00,29.2266666666667,26.9833333333333,0.6891520467836256,0.0,15.9,69,83,5.4,39,14.5,12.4,14.2,1.5,1.5,0.22,14.0,81.0,35418.0,2.0,2.0,36.0,0.0,100610.0,15.0,88,97,2.6,326,16.7,13.5,11.8,0.4
2025-02-03 15:00:00,29.2366666666667,26.9333333333333,0.6896929824561403,0.0,15.7,69,94,7.6,334,15.0,12.6,14.2,0.7,0.7,0.22,15.0,76.0,38525.0,2.0,2.0,328.0,0.0,100550.0,14.6,88,95,7.6,357,14.5,13.7,12.0,0.0
2025-02-03 16:00:00,29.2366666666667,26.8833333333333,0.6902339181286549,0.0,13.0,85,88,7.7,17,14.2,12.8,14.2,2.1,2.1,0.09,15.0,73.0,39923.0,2.0,2.0,300.0,0.0,100530.0,13.7,90,100,8.3,18,13.4,13.4,12.2,0.0
2025-02-03 17:00:00,29.23,26.8366666666667,0.6907748538011695,0.0,12.5,89,100,1.9,81,13.5,12.9,14.2,0.1,0.1,0.04,12.0,87.0,640.0,0.0,3.0,302.0,0.0,100680.0,13.3,91,100,5.2,34,12.7,13.1,12.3,0.0
2025-02-03 18:00:00,29.7333333333333,27.64,0.6913157894736841,0.0,11.2,95,99,2.7,39,12.6,12.9,14.2,0.9,0.9,0.01,11.0,91.0,1156.0,0.0,2.0,139.0,11.0,100730.0,12.5,93,99,4.8,48,11.5,12.8,12.4,0.0
2025-02-03 19:00:00,30.03,27.91,0.6918567251461988,0.0,11.2,95,100,1.4,97,12.2,12.9,14.2,0.0,0.0,0.0,11.0,92.0,0.0,0.0,0.0,228.0,0.0,100810.0,12.0,94,100,3.4,252,10.8,12.2,12.4,0.0
2025-02-03 20:00:00,30.0766666666667,27.8566666666667,0.6923976608187133,0.0,10.7,98,99,6.3,261,11.9,12.9,14.2,1.8,1.8,0.0,11.0,92.0,0.0,0.0,0.0,246.0,0.0,100900.0,11.2,96,100,6.0,253,10.7,11.8,12.4,0.0
2025-02-03 21:00:00,30.06,27.76,0.692938596491228,0.0,10.5,98,93,6.1,286,11.6,12.8,14.2,1.3,1.3,0.0,11.0,91.0,0.0,0.0,2.0,234.0,0.0,100970.0,10.8,94,100,6.0,237,10.1,11.5,12.4,0.0
2025-02-03 22:00:00,30.0266666666667,27.6633333333333,0.6934795321637426,0.0,10.3,97,78,8.3,237,11.3,12.7,14.2,0.1,0.1,0.0,10.0,89.0,0.0,0.0,0.0,270.0,0.0,101010.0,10.7,92,100,6.1,230,9.9,11.2,12.3,0.0
2025-02-03 23:00:00,29.96,27.55,0.6940204678362573,0.0,10.1,94,99,10.6,219,11.0,12.6,14.2,0.0,0.0,0.0,9.0,89.0,0.0,0.0,2.0,264.0,0.0,101070.0,10.4,90,100,6.1,220,9.6,10.9,12.2,0.0
2025-02-04 00:00:00,29.9033333333333,27.4433333333333,0.6945614035087718,0.0,9.9,93,100,11.2,234,10.8,12.5,14.2,0.0,0.0,0.0,9.0,91.0,0.0,0.0,0.0,168.0,0.0,101100.0,10.0,90,99,5.9,218,9.0,10.6,12.1,0.0
2025-02-04 01:00:00,29.8633333333333,27.35,0.6951023391812865,0.0,9.0,90,23,5.0,228,11.0,12.5,14.2,0.0,0.0,0.0,8.0,92.0,0.0,0.0,0.0,318.0,0.0,101110.0,9.9,88,100,5.4,222,9.0,10.5,12.0,0.0
2025-02-04 02:00:00,29.81,27.3066666666667,0.6956432748538011,0.0,9.1,90,35,11.4,231,10.3,12.4,14.2,0.0,0.0,0.0,7.0,91.0,0.0,0.0,0.0,186.0,0.0,101100.0,9.6,88,99,5.6,220,8.6,10.3,11.9,0.0
2025-02-04 03:00:00,29.7466666666667,27.2266666666667,0.6961842105263157,0.0,8.5,92,38,10.0,223,9.8,12.3,14.1,0.0,0.0,0.0,8.0,91.0,0.0,0.0,0.0,204.0,0.0,101140.0,9.2,88,89,5.4,217,8.2,9.9,11.8,0.0
2025-02-04 04:00:00,29.6966666666667,27.1666666666667,0.6967251461988303,0.0,7.9,92,67,7.3,224,9.5,12.1,14.1,0.0,0.0,0.0,7.0,91.0,0.0,0.0,1.0,180.0,0.0,101130.0,8.9,87,80,5.2,205,7.9,9.7,11.6,0.0
2025-02-04 05:00:00,29.6566666666667,27.1133333333333,0.697266081871345,0.0,7.7,92,68,6.5,229,9.2,11.9,14.1,0.0,0.0,0.0,7.0,89.0,0.0,0.0,0.0,192.0,0.0,101180.0,8.6,88,93,5.0,210,7.8,9.5,11.5,0.0
2025-02-04 06:00:00,29.6,27.05,0.6978070175438595,0.0,7.2,93,81,5.1,220,8.9,11.8,14.1,0.0,0.0,0.0,8.0,89.0,0.0,0.0,0.0,186.0,0.0,101220.0,8.5,88,93,5.5,212,7.8,9.3,11.4,0.0
2025-02-04 07:00:00,29.5433333333333,26.9966666666667,0.6983479532163742,0.0,7.1,95,87,5.2,216,8.8,11.6,14.1,0.0,0.0,0.0,8.0,88.0,0.0,0.0,1.0,186.0,0.0,101260.0,8.4,88,91,5.0,210,7.4,9.2,11.2,0.0
2025-02-04 08:00:00,29.5033333333333,26.96,0.6988888888888888,0.0,8.3,91,23,9.4,225,8.9,11.4,14.1,0.0,0.0,0.02,8.0,89.0,1936.0,0.0,0.0,198.0,0.0,101300.0,8.7,88,89,5.6,220,8.6,9.2,11.1,0.0
2025-02-04 09:00:00,29.4766666666667,26.92,0.6994298245614035,0.0,11.0,83,12,8.0,232,9.9,11.4,14.1,0.0,0.0,0.08,9.0,88.0,12364.0,1.0,1.0,240.0,0.0,101400.0,10.9,86,58,5.1,225,12.4,9.9,11.0,0.0
2025-02-04 10:00:00,29.4366666666667,26.8733333333333,0.699970760233918,0.0,13.0,71,11,9.4,253,11.4,11.4,14.1,0.0,0.0,0.18,11.0,80.0,29656.0,1.0,2.0,239.0,0.0,101430.0,12.6,77,53,9.4,247,14.8,11.1,11.1,0.0
2025-02-04 11:00:00,29.39,26.83,0.7005116959064327,0.0,14.3,63,37,11.7,265,12.8,11.5,14.1,0.0,0.0,0.25,13.0,75.0,48140.0,3.0,2.0,264.0,0.0,101480.0,13.8,72,50,12.4,248,15.9,12.3,11.2,0.0
2025-02-04 12:00:00,29.36,26.7566666666667,0.7010526315789473,0.0,14.9,61,73,9.9,270,14.0,11.7,14.1,0.0,0.0,0.29,15.0,63.0,60234.0,3.0,0.0,212.0,0.0,101470.0,14.7,66,75,12.4,260,16.8,13.3,11.4,0.0
2025-02-04 13:00:00,29.33,26.6866666666667,0.7015935672514619,0.0,15.9,54,55,4.7,273,15.1,12.1,14.1,0.0,0.0,0.3,15.0,59.0,54316.0,5.0,2.0,337.0,0.0,101430.0,15.1,63,76,12.2,256,16.6,14.0,11.6,0.0
2025-02-04 14:00:00,29.28,26.6133333333333,0.7021345029239765,0.0,15.9,53,51,4.1,312,15.5,12.3,14.1,0.0,0.0,0.22,16.0,57.0,74652.0,5.0,4.0,343.0,0.0,101380.0,15.3,60,79,10.2,247,15.5,14.3,11.9,0.0
2025-02-04 15:00:00,29.2466666666667,26.5233333333333,0.7026754385964912,0.0,15.5,56,90,6.3,360,15.5,12.6,14.0,0.0,0.0,0.19,15.0,61.0,32224.0,2.0,4.0,5.0,0.0,101380.0,15.7,60,76,5.9,256,16.4,14.4,12.1,0.0
2025-02-04 16:00:00,29.18,26.4366666666667,0.7032163742690057,0.0,14.7,65,18,9.2,26,15.3,12.8,14.0,0.0,0.0,0.15,14.0,68.0,14515.0,1.0,3.0,8.0,0.0,101420.0,15.6,61,90,4.3,312,15.4,14.4,12.4,0.0
2025-02-04 17:00:00,29.13,26.3533333333333,0.7037573099415204,0.0,13.3,73,15,9.0,45,14.6,13.0,14.0,0.0,0.0,0.08,14.0,69.0,10580.0,0.0,2.0,18.0,0.0,101480.0,14.0,81,65,10.0,13,13.0,14.1,12.5,0.0
2025-02-04 18:00:00,29.0633333333333,26.27,0.704298245614035,0.0,10.6,85,12,4.8,56,13.4,13.1,14.0,0.0,0.0,0.01,13.0,79.0,1478.0,0.0,1.0,42.0,0.0,101550.0,12.4,83,80,6.4,38,10.8,13.2,12.6,0.0
2025-02-04 19:00:00,29.0033333333333,26.21,0.7048391812865497,0.0,10.2,84,13,2.4,62,12.2,13.1,14.0,0.0,0.0,0.0,12.0,85.0,0.0,0.0,0.0,132.0,0.0,101640.0,11.7,86,74,3.3,77,10.2,12.3,12.7,0.0
2025-02-04 20:00:00,28.9566666666667,26.1333333333333,0.7053801169590642,0.0,9.3,87,14,3.1,108,11.3,13.0,14.0,0.0,0.0,0.0,12.0,83.0,0.0,0.0,0.0,155.0,0.0,101710.0,11.3,87,61,1.3,124,9.0,11.7,12.6,0.0
2025-02-04 21:00:00,28.9033333333333,26.09,0.7059210526315789,0.0,8.3,91,7,2.8,151,10.7,12.9,14.0,0.0,0.0,0.0,11.0,87.0,0.0,0.0,0.0,90.0,0.0,101750.0,10.4,90,13,2.6,196,8.2,11.0,12.5,0.0
2025-02-04 22:00:00,28.8533333333333,26.0533333333333,0.7064619883040935,0.0,7.6,92,3,4.0,275,10.2,12.7,14.0,0.0,0.0,0.0,9.0,91.0,0.0,0.0,0.0,124.0,0.0,101800.0,8.9,97,33,3.4,212,7.7,10.4,12.4,0.0
2025-02-04 23:00:00,28.8166666666667,26.0166666666667,0.7070029239766081,0.0,7.2,92,1,3.9,279,9.8,12.6,14.0,0.0,0.0,0.0,8.0,93.0,0.0,0.0,0.0,180.0,0.0,101820.0,8.1,98,45,3.1,201,7.2,9.9,12.2,0.0
2025-02-05 00:00:00,28.78,25.97,0.7075438596491227,0.0,7.0,91,2,4.2,239,9.4,12.4,14.0,0.0,0.0,0.0,7.0,93.0,0.0,0.0,0.0,174.0,0.0,101860.0,7.4,98,50,4.0,190,6.7,9.4,12.0,0.0
2025-02-05 01:00:00,28.74,25.94,0.7080847953216374,0.0,7.6,91,5,4.5,236,10.1,12.4,14.0,0.0,0.0,0.0,9.0,90.0,0.0,0.0,0.0,198.0,0.0,101860.0,6.9,99,72,4.3,185,6.5,9.1,11.8,0.0
2025-02-05 02:00:00,28.6966666666667,25.9066666666667,0.7086257309941519,0.0,7.2,91,14,4.8,224,9.7,12.2,14.0,0.0,0.0,0.0,7.0,93.0,0.0,0.0,0.0,180.0,0.0,101870.0,6.7,99,80,4.0,190,6.6,8.8,11.6,0.0
2025-02-05 03:00:00,28.65,25.89,0.7091666666666666,0.0,6.8,94,16,5.6,218,9.4,12.1,14.0,0.0,0.0,0.0,,,,,,,,,6.8,100,85,4.0,185,6.7,8.7,11.4,0.0
2025-02-05 04:00:00,28.62,25.8633333333333,0.7097076023391812,0.0,6.2,96,18,6.1,216,9.2,11.9,14.0,0.0,0.0,0.0,7.0,92.0,0.0,0.0,0.0,204.0,0.0,101850.0,6.7,99,85,3.7,191,6.6,8.5,11.2,0.0
2025-02-05 05:00:00,28.59,25.83,0.7102485380116959,0.0,5.7,99,9,6.4,219,9.0,11.8,14.0,0.0,0.0,0.0,5.0,93.0,0.0,0.0,0.0,176.0,0.0,101840.0,6.9,99,84,3.7,191,6.9,8.5,11.0,0.0
2025-02-05 06:00:00,28.5666666666667,25.8133333333333,0.7107894736842104,0.0,5.9,98,7,6.5,216,8.8,11.6,14.0,0.0,0.0,0.0,5.0,93.0,0.0,0.0,0.0,198.0,0.0,101860.0,6.9,99,84,4.7,203,6.8,8.4,10.9,0.0
2025-02-05 07:00:00,28.54,25.7833333333333,0.7113304093567251,0.0,6.3,95,4,5.6,213,8.7,11.4,14.0,0.0,0.0,0.0,4.0,94.0,0.0,0.0,0.0,6.0,0.0,101890.0,6.7,99,71,4.2,200,6.3,8.3,10.7,0.0
2025-02-05 08:00:00,28.5033333333333,25.7766666666667,0.7118713450292397,0.0,7.6,90,8,7.1,214,8.9,11.3,14.0,0.0,0.0,0.01,4.0,95.0,0.0,0.0,0.0,186.0,0.0,101930.0,7.0,98,54,3.9,202,7.9,8.2,10.6,0.0
2025-02-05 09:00:00,28.46,25.7433333333333,0.7124122807017543,0.0,10.2,85,22,5.7,225,9.9,11.2,14.0,0.0,0.0,0.07,5.0,95.0,2818.0,0.0,0.0,168.0,0.0,101960.0,9.9,96,47,3.4,212,12.8,9.1,10.5,0.0
2025-02-05 10:00:00,28.4333333333333,25.73,0.7129532163742689,0.0,12.8,76,1,5.0,279,11.4,11.2,14.0,0.0,0.0,0.16,10.0,83.0,10617.0,0.0,0.0,204.0,0.0,102000.0,12.1,90,42,3.1,234,15.9,10.8,10.5,0.0
2025-02-05 11:00:00,28.4166666666667,25.7166666666667,0.7134941520467836,0.0,14.4,70,14,3.6,7,13.1,11.4,14.0,0.0,0.0,0.27,12.0,85.0,28876.0,1.0,0.0,234.0,0.0,102030.0,14.0,81,49,2.4,27,17.2,12.3,10.7,0.0
2025-02-05 12:00:00,28.4166666666667,25.7066666666667,0.7140350877192981,0.0,15.4,66,16,8.2,35,14.5,11.6,13.9,0.0,0.0,0.31,14.0,74.0,49876.0,3.0,0.0,262.0,0.0,102050.0,15.0,73,30,7.9,47,17.9,13.6,10.9,0.0
2025-02-05 13:00:00,28.4266666666667,25.7033333333333,0.7145760233918128,0.0,15.6,64,28,12.1,36,15.3,11.8,13.9,0.0,0.0,0.29,15.0,71.0,46644.0,3.0,3.0,42.0,0.0,102000.0,15.4,71,66,12.3,40,17.9,14.4,11.2,0.0
2025-02-05 14:00:00,28.4433333333333,25.6833333333333,0.7151169590643274,0.0,15.4,65,15,14.2,39,15.7,12.2,13.9,0.0,0.0,0.27,14.0,73.0,15261.0,2.0,2.0,42.0,0.0,101930.0,14.9,74,42,14.4,37,16.3,14.7,11.6,0.0
2025-02-05 15:00:00,28.4433333333333,25.6566666666667,0.715657894736842,0.0,15.2,65,11,14.4,45,15.8,12.5,13.9,0.0,0.0,0.25,15.0,69.0,17956.0,1.0,4.0,36.0,0.0,101830.0,15.1,72,32,14.1,40,16.5,14.7,11.9,0.0
2025-02-05 16:00:00,28.4333333333333,25.6266666666667,0.7161988304093566,0.0,14.6,67,13,14.7,48,15.5,12.7,13.9,0.0,0.0,0.18,15.0,70.0,41546.0,3.0,5.0,72.0,0.0,101780.0,14.6,73,32,14.8,41,14.6,14.5,12.1,0.0
2025-02-05 17:00:00,28.41,25.5933333333333,0.7167397660818713,0.0,13.5,73,9,10.6,51,14.7,12.9,13.9,0.0,0.0,0.08,15.0,72.0,12794.0,1.0,4.0,37.0,0.0,101770.0,13.8,73,0,12.8,52,12.4,13.9,12.3,0.0
2025-02-05 18:00:00,28.3866666666667,25.5433333333333,0.7172807017543859,0.0,10.9,87,8,6.9,60,13.5,13.0,13.9,0.0,0.0,0.02,14.0,70.0,7014.0,0.0,4.0,72.0,0.0,101800.0,12.3,81,6,9.0,61,10.4,13.0,12.4,0.0
2025-02-05 19:00:00,28.3566666666667,25.4933333333333,0.7178216374269005,0.0,9.8,89,12,5.0,85,12.3,13.0,13.9,0.0,0.0,0.0,13.0,81.0,716.0,0.0,2.0,48.0,0.0,101830.0,11.3,87,42,6.4,74,9.6,12.0,12.4,0.0
2025-02-05 20:00:00,28.3166666666667,25.4533333333333,0.7183625730994151,0.0,9.3,89,13,4.0,110,11.4,12.9,13.9,0.0,0.0,0.0,11.0,84.0,0.0,0.0,2.0,72.0,0.0,101870.0,10.6,90,26,3.7,101,8.8,11.3,12.4,0.0
2025-02-05 21:00:00,28.2633333333333,25.4133333333333,0.7189035087719298,0.0,8.4,91,8,2.8,105,10.7,12.8,13.9,0.0,0.0,0.0,10.0,89.0,0.0,0.0,0.0,119.0,0.0,101900.0,10.0,90,16,2.3,108,7.9,10.7,12.3,0.0
2025-02-05 22:00:00,28.22,25.3633333333333,0.7194444444444443,0.0,8.0,93,6,2.6,103,10.3,12.7,13.9,0.0,0.0,0.0,9.0,91.0,0.0,0.0,0.0,180.0,0.0,101910.0,9.5,91,14,2.2,180,6.9,10.0,12.1,0.0
2025-02-05 23:00:00,28.1833333333333,25.3166666666667,0.719985380116959,0.0,7.3,95,4,3.3,315,10.0,12.5,13.9,0.0,0.0,0.0,9.0,92.0,0.0,0.0,0.0,180.0,0.0,101910.0,8.6,94,1,3.0,194,6.6,9.5,12.0,0.0
2025-02-06 00:00:00,28.15,25.2866666666667,0.7205263157894736,0.0,7.0,94,2,4.0,285,9.6,12.3,13.9,0.0,0.0,0.0,7.0,93.0,0.0,0.0,0.0,166.0,0.0,101900.0,6.7,98,49,4.6,198,6.2,9.1,11.8,0.0
2025-02-06 01:00:00,28.1166666666667,25.2566666666667,0.7210672514619882,0.0,8.0,92,1,3.7,292,10.3,12.3,13.9,0.0,0.0,0.0,7.0,94.0,0.0,0.0,0.0,155.0,0.0,101870.0,6.1,99,49,4.8,193,5.7,8.7,11.6,0.0
2025-02-06 02:00:00,28.0733333333333,25.22,0.7216081871345028,0.0,7.6,92,0,4.6,256,9.8,12.2,13.9,0.0,0.0,0.0,6.0,95.0,0.0,0.0,0.0,171.0,0.0,101860.0,5.8,98,49,4.3,185,5.3,8.3,11.4,0.0
2025-02-06 03:00:00,28.04,25.1833333333333,0.7221491228070175,0.0,6.8,93,0,5.2,244,9.3,12.1,13.9,0.0,0.0,0.0,6.0,95.0,0.0,0.0,0.0,192.0,0.0,101820.0,5.4,100,59,4.8,193,5.1,8.0,11.1,0.0
2025-02-06 04:00:00,28.01,25.16,0.722690058479532,0.0,6.4,93,3,5.1,242,8.9,11.9,13.9,0.0,0.0,0.0,6.0,95.0,0.0,0.0,0.0,180.0,0.0,101770.0,5.2,100,58,4.7,189,4.9,7.7,10.9,0.0
2025-02-06 05:00:00,27.9833333333333,25.1366666666667,0.7232309941520467,0.0,6.1,93,8,5.0,230,8.6,11.7,13.9,0.0,0.0,0.0,5.0,94.0,0.0,0.0,0.0,180.0,0.0,101730.0,4.9,100,62,4.0,190,4.5,7.4,10.7,0.0
2025-02-06 06:00:00,27.9633333333333,25.1166666666667,0.7237719298245613,0.0,6.2,93,11,4.9,221,8.5,11.5,13.9,0.0,0.0,0.0,5.0,94.0,0.0,0.0,0.0,168.0,0.0,101730.0,4.6,100,66,4.4,189,4.3,7.1,10.5,0.0
2025-02-06 07:00:00,27.9433333333333,25.1,0.724312865497076,0.0,6.1,93,12,5.3,220,8.3,11.3,13.9,0.0,0.0,0.0,5.0,95.0,0.0,0.0,0.0,204.0,0.0,101720.0,4.4,100,63,4.5,194,4.1,6.9,10.3,0.0
2025-02-06 08:00:00,27.92,25.0866666666667,0.7248538011695905,0.0,7.5,88,23,7.7,228,8.6,11.2,13.9,0.0,0.0,0.02,4.0,95.0,0.0,0.0,0.0,156.0,0.0,101750.0,5.0,99,54,3.9,202,6.2,6.8,10.1,0.0
2025-02-06 09:00:00,27.8766666666667,25.0633333333333,0.7253947368421052,0.0,9.8,84,30,7.0,226,9.6,11.1,13.8,0.0,0.0,0.07,4.0,96.0,4190.0,0.0,0.0,173.0,0.0,101770.0,8.9,95,0,3.3,229,12.1,8.1,9.9,0.0
2025-02-06 10:00:00,27.84,25.0166666666667,0.7259356725146198,0.0,12.3,80,10,6.3,260,11.1,11.1,13.8,0.0,0.0,0.15,8.0,88.0,9300.0,1.0,0.0,264.0,0.0,101770.0,11.9,88,0,3.6,264,16.0,9.9,9.9,0.0
2025-02-06 11:00:00,27.8066666666667,29.92,0.7264766081871344,0.0,14.1,70,0,5.1,322,12.8,11.2,13.8,0.0,0.0,0.27,12.0,82.0,33734.0,2.0,0.0,228.0,0.0,101770.0,14.1,81,35,1.6,333,17.6,11.9,10.1,0.0
2025-02-06 12:00:00,29.3833333333333,37.9533333333333,0.727017543859649,0.0,15.0,65,1,6.8,358,14.3,11.5,13.8,0.0,0.0,0.32,13.0,76.0,52676.0,5.0,1.0,246.0,0.0,101730.0,15.2,72,33,4.3,24,18.4,13.3,10.4,0.0
2025-02-06 13:00:00,30.41,35.11,0.7275584795321637,0.0,15.2,67,8,8.3,17,15.3,11.8,13.8,0.0,0.0,0.31,15.0,69.0,60668.0,3.0,0.0,54.0,0.0,101690.0,15.7,71,57,8.7,24,18.9,14.3,10.7,0.0
2025-02-06 14:00:00,30.495,33.695,0.7280994152046782,0.0,15.6,65,8,6.0,47,16.0,12.1,13.8,0.0,0.0,0.31,16.0,64.0,66631.0,6.0,1.0,58.0,0.0,101610.0,15.3,74,51,12.6,27,17.5,14.8,11.1,0.0
2025-02-06 15:00:00,30.41083333333335,32.457499999999996,0.7286403508771929,0.0,15.4,65,15,10.2,38,16.1,12.4,13.8,0.0,0.0,0.25,,,,,,,,,15.3,73,40,13.0,28,17.1,15.0,11.5,0.0
2025-02-06 16:00:00,30.3266666666667,31.22,0.7291812865497075,0.0,14.4,72,15,12.0,37,15.7,12.7,13.8,0.0,0.0,0.17,,,,,,,,,14.7,75,50,11.8,38,15.1,14.7,11.8,0.0
2025-02-06 17:00:00,30.2533333333333,30.73,0.7297222222222222,0.0,13.2,79,100,8.7,51,14.9,12.9,13.8,0.0,0.0,0.08,15.0,70.0,19840.0,1.0,4.0,42.0,0.0,101480.0,13.7,80,85,8.9,47,12.5,14.0,12.0,0.0
2025-02-06 18:00:00,30.16,30.2366666666667,0.7302631578947367,0.0,10.8,89,100,5.4,74,13.6,13.0,13.8,0.0,0.0,0.01,14.0,70.0,6792.0,0.0,2.0,38.0,0.0,101480.0,12.5,84,28,4.8,48,10.8,13.1,12.2,0.0
2025-02-06 19:00:00,30.0966666666667,29.8733333333333,0.7308040935672514,0.0,10.4,89,46,3.3,89,12.6,13.0,13.8,0.0,0.0,0.0,13.0,76.0,453.0,0.0,1.0,54.0,0.0,101470.0,11.3,89,38,2.4,63,8.8,12.1,12.2,0.0
2025-02-06 20:00:00,30.02,29.6,0.731345029239766,0.0,8.9,90,57,2.2,101,11.4,13.0,13.8,0.0,0.0,0.0,11.0,81.0,0.0,0.0,0.0,54.0,0.0,101470.0,10.7,90,1,1.1,108,7.1,11.0,12.2,0.0
2025-02-06 21:00:00,29.9533333333333,29.3633333333333,0.7318859649122806,0.0,8.3,89,3,0.2,63,10.6,12.8,13.8,0.0,0.0,0.0,9.0,89.0,0.0,0.0,0.0,177.0,0.0,101480.0,8.8,95,0,3.3,193,6.6,9.9,12.0,0.0
2025-02-06 22:00:00,29.8966666666667,29.1766666666667,0.7324269005847952,0.0,7.4,89,0,2.6,349,9.9,12.7,13.8,0.0,0.0,0.0,9.0,89.0,0.0,0.0,0.0,182.0,0.0,101450.0,7.0,100,60,3.4,198,6.3,9.4,11.9,0.0
2025-02-06 23:00:00,29.83,29.0033333333333,0.7329678362573099,0.0,6.9,92,0,5.5,249,9.5,12.5,13.8,0.0,0.0,0.0,7.0,92.0,0.0,0.0,0.0,186.0,0.0,101460.0,6.3,100,61,3.5,204,5.6,8.9,11.7,0.0
2025-02-07 00:00:00,29.77,28.86,0.7335087719298244,0.0,6.5,92,1,5.2,259,9.1,12.3,13.8,0.0,0.0,0.0,8.0,91.0,0.0,0.0,0.0,186.0,0.0,101410.0,5.8,98,50,4.1,195,5.2,8.5,11.5,0.0
2025-02-07 01:00:00,29.7266666666667,28.7166666666667,0.7340497076023391,0.0,6.9,92,5,5.3,244,9.6,12.3,13.8,0.0,0.0,0.0,6.0,91.0,0.0,0.0,0.0,156.0,0.0,101400.0,5.5,96,37,4.0,190,4.8,8.1,11.3,0.0
2025-02-07 02:00:00,29.6766666666667,28.59,0.7345906432748537,0.0,6.1,94,15,6.1,232,9.2,12.1,13.8,0.0,0.0,0.0,6.0,94.0,0.0,0.0,0.0,246.0,0.0,101350.0,5.2,96,37,4.0,180,4.5,7.7,11.0,0.0
2025-02-07 03:00:00,29.6166666666667,28.4866666666667,0.7351315789473684,0.0,5.3,98,19,8.0,227,8.9,11.9,13.8,0.0,0.0,0.0,7.0,93.0,0.0,0.0,1.0,204.0,0.0,101310.0,4.8,97,46,4.0,190,4.1,7.3,10.8,0.0
2025-02-07 04:00:00,29.5666666666667,28.3766666666667,0.7356725146198829,0.0,4.9,99,5,9.5,221,8.7,11.8,13.8,0.0,0.0,0.0,7.0,93.0,0.0,0.0,2.0,198.0,0.0,101270.0,4.2,98,51,3.7,191,3.7,7.0,10.6,0.0
2025-02-07 05:00:00,29.53,28.2866666666667,0.7362134502923976,0.0,5.1,100,4,9.1,219,8.5,11.6,13.8,0.0,0.0,0.0,6.0,93.0,0.0,0.0,1.0,204.0,0.0,101210.0,3.9,98,47,3.3,193,3.2,6.7,10.3,0.0
2025-02-07 06:00:00,29.4966666666667,28.1966666666667,0.7367543859649122,0.0,5.4,97,1,7.7,227,8.3,11.4,13.8,0.0,0.0,0.0,5.0,92.0,0.0,0.0,0.0,258.0,0.0,101180.0,3.8,96,39,4.1,195,3.1,6.4,10.1,0.0
2025-02-07 07:00:00,29.45,28.1233333333333,0.7372953216374268,0.0,5.2,95,7,8.4,238,8.1,11.2,13.8,0.0,0.0,0.0,5.0,95.0,0.0,0.0,0.0,186.0,0.0,101150.0,3.7,95,34,3.9,202,2.9,6.1,9.9,0.0
2025-02-07 08:00:00,29.3933333333333,28.0433333333333,0.7378362573099414,0.0,6.7,86,8,10.7,238,8.2,11.0,13.8,0.0,0.0,0.02,5.0,93.0,134.0,0.0,0.0,234.0,0.0,101170.0,4.4,94,27,3.7,209,5.3,6.0,9.6,0.0
2025-02-07 09:00:00,29.35,27.9666666666667,0.7383771929824561,0.0,10.6,76,6,8.2,237,9.3,10.9,13.7,0.0,0.0,0.09,7.0,91.0,5064.0,0.0,2.0,222.0,0.0,101190.0,8.8,89,0,3.1,225,12.0,7.4,9.5,0.0
2025-02-07 10:00:00,29.3233333333333,27.9233333333333,0.7389181286549706,0.0,13.5,66,4,7.4,259,11.0,10.9,13.7,0.0,0.0,0.19,9.0,85.0,15643.0,1.0,3.0,264.0,0.0,101200.0,12.5,77,0,6.8,252,16.3,9.5,9.5,0.0
2025-02-07 11:00:00,29.3033333333333,27.86,0.7394590643274853,0.0,15.5,60,1,7.6,269,12.8,11.1,13.7,0.0,0.0,0.29,11.0,76.0,39850.0,2.0,3.0,258.0,0.0,101190.0,14.8,70,0,9.0,254,18.4,11.6,9.7,0.0
2025-02-07 12:00:00,29.2733333333333,27.7966666666667,0.74,0.0,16.8,54,0,8.9,278,14.3,11.3,13.7,0.0,0.0,0.35,13.0,66.0,57218.0,2.0,4.0,256.0,0.0,101160.0,15.9,66,0,11.3,253,19.3,13.2,10.0,0.0
2025-02-07 13:00:00,29.24,27.745,0.7390277777777777,0.0,17.8,45,0,7.7,274,15.4,11.6,13.7,0.0,0.0,0.38,15.0,57.0,63868.0,4.0,2.0,232.0,0.0,101090.0,17.1,61,5,10.2,252,20.5,14.5,10.4,0.0
2025-02-07 14:00:00,29.2266666666667,27.615,0.7380555555555556,0.0,18.2,41,4,6.9,298,16.2,12.0,13.7,0.0,0.0,0.36,17.0,51.0,63221.0,3.0,1.0,249.0,0.0,100970.0,17.8,53,11,8.7,246,20.4,15.4,10.8,0.0
2025-02-07 15:00:00,29.2,27.5133333333333,0.7370833333333333,0.0,17.7,48,1,7.1,339,16.5,12.3,13.7,0.0,0.0,0.3,18.0,46.0,55050.0,2.0,4.0,355.0,0.0,100890.0,18.7,44,9,7.4,284,19.9,16.2,11.3,0.0
2025-02-07 16:00:00,29.16,27.38,0.736111111111111,0.0,16.2,68,4,8.6,24,16.3,12.6,13.7,0.0,0.0,0.19,17.0,56.0,37213.0,2.0,3.0,19.0,0.0,100880.0,17.1,65,0,10.6,350,16.8,16.1,11.7,0.0
2025-02-07 17:00:00,29.14,27.3,0.7351388888888889,0.0,14.1,79,0,5.9,44,15.4,12.9,13.7,0.0,0.0,0.08,17.0,57.0,17064.0,1.0,3.0,30.0,0.0,100870.0,14.9,75,0,8.2,23,13.5,15.2,12.0,0.0
2025-02-07 18:00:00,29.09,27.1866666666667,0.7341666666666666,0.0,11.5,85,0,1.4,101,13.8,13.0,13.7,0.0,0.0,0.01,16.0,62.0,4544.0,0.0,3.0,24.0,0.0,100890.0,13.1,82,1,2.9,90,10.1,13.9,12.2,0.0
2025-02-07 19:00:00,29.0433333333333,27.08,0.7331944444444445,0.0,10.6,86,9,2.4,158,12.4,13.0,13.7,0.0,0.0,0.0,13.0,73.0,67.0,0.0,1.0,66.0,0.0,100930.0,11.4,89,98,3.8,163,8.9,12.4,12.3,0.0
2025-02-07 20:00:00,28.9966666666667,27.0,0.7322222222222222,0.0,9.3,84,84,3.9,191,11.4,12.9,13.7,0.0,0.0,0.0,11.0,76.0,0.0,0.0,2.0,162.0,0.0,100960.0,9.7,96,100,4.0,190,8.3,11.4,12.3,0.0
2025-02-07 21:00:00,28.95,26.9066666666667,0.73125,0.0,8.8,78,54,4.5,220,10.7,12.8,13.7,0.0,0.0,0.0,11.0,78.0,0.0,0.0,2.0,165.0,0.0,100950.0,8.8,94,91,5.1,188,7.7,10.7,12.2,0.0
2025-02-07 22:00:00,28.8933333333333,26.8366666666667,0.7302777777777778,0.0,8.8,72,16,5.3,225,10.1,12.7,13.7,0.0,0.0,0.0,8.0,85.0,0.0,0.0,0.0,141.0,0.0,100990.0,8.1,92,100,4.4,189,6.8,10.0,12.1,0.0
2025-02-07 23:00:00,28.85,26.76,0.7293055555555555,0.0,8.5,70,0,6.1,232,9.7,12.5,13.7,0.0,0.0,0.01,8.0,86.0,0.0,0.0,1.0,186.0,0.0,101030.0,7.3,91,0,4.5,194,6.0,9.4,11.9,0.0
2025-02-08 00:00:00,28.81,26.6933333333333,0.7283333333333333,0.0,8.2,69,0,6.5,235,9.3,12.3,13.7,0.0,0.0,0.01,8.0,84.0,0.0,0.0,0.0,198.0,0.0,101050.0,7.1,87,0,4.7,203,5.7,9.0,11.7,0.0
2025-02-08 01:00:00,28.78,26.6633333333333,0.7273611111111111,0.0,8.0,68,2,7.8,207,9.6,12.3,13.7,0.0,0.0,0.01,8.0,77.0,0.0,0.0,1.0,184.0,0.0,101060.0,6.6,86,61,4.5,209,5.2,8.5,11.5,0.0
2025-02-08 02:00:00,28.7466666666667,26.6,0.7263888888888889,0.0,7.4,73,0,7.8,214,9.3,12.2,13.7,0.0,0.0,0.01,8.0,77.0,0.0,0.0,0.0,222.0,0.0,101050.0,6.3,87,0,4.3,222,4.9,8.0,11.3,0.0
2025-02-08 03:00:00,28.7066666666667,26.5466666666667,0.7254166666666667,0.0,7.4,76,0,8.0,221,9.0,12.0,13.7,0.0,0.0,0.01,7.0,77.0,0.0,0.0,1.0,234.0,0.0,101000.0,6.3,82,10,5.4,222,4.7,7.6,11.0,0.0
2025-02-08 04:00:00,28.6633333333333,26.5166666666667,0.7244444444444444,0.0,7.4,80,1,7.6,221,8.8,11.8,13.7,0.0,0.0,0.0,9.0,72.0,0.0,0.0,2.0,210.0,0.0,100990.0,6.4,76,73,5.6,225,4.9,7.4,10.8,0.0
2025-02-08 05:00:00,28.63,26.49,0.7234722222222222,0.0,7.5,84,2,8.0,214,8.6,11.6,13.7,0.0,0.0,0.0,8.0,71.0,0.0,0.0,2.0,228.0,0.0,101010.0,7.0,72,83,5.7,235,5.9,7.4,10.6,0.0
2025-02-08 06:00:00,28.6066666666667,26.4533333333333,0.7225,0.0,7.6,85,19,8.7,211,8.6,11.4,13.7,0.0,0.0,0.0,9.0,71.0,0.0,0.0,2.0,210.0,0.0,101040.0,7.9,75,71,7.4,227,6.8,7.5,10.4,0.0
2025-02-08 07:00:00,28.5833333333333,26.4133333333333,0.7215277777777778,0.0,8.1,83,9,9.4,215,8.6,11.3,13.7,0.0,0.0,0.0,9.0,72.0,0.0,0.0,3.0,234.0,0.0,101070.0,8.7,74,89,8.7,232,7.4,7.8,10.2,0.0
2025-02-08 08:00:00,28.56,26.38,0.7205555555555555,0.0,10.1,77,2,11.2,218,9.0,11.2,13.7,0.0,0.0,0.03,10.0,73.0,339.0,0.0,2.0,228.0,0.0,101120.0,10.2,72,73,9.8,234,9.2,8.3,10.1,0.0
2025-02-08 09:00:00,28.5366666666667,26.3533333333333,0.7195833333333334,0.0,13.9,70,1,11.7,215,10.3,11.1,13.7,0.0,0.0,0.11,11.0,73.0,7184.0,0.0,3.0,258.0,0.0,101160.0,13.3,73,39,9.7,231,13.6,9.6,10.1,0.0
2025-02-08 10:00:00,28.5033333333333,26.3266666666667,0.7186111111111111,0.0,16.7,60,0,12.2,234,12.0,11.2,13.6,0.0,0.0,0.22,13.0,68.0,18564.0,1.0,3.0,264.0,0.0,101200.0,15.9,63,52,14.3,236,16.7,11.1,10.2,0.0
2025-02-08 11:00:00,28.48,26.31,0.7176388888888888,0.0,18.4,50,15,14.1,241,13.7,11.4,13.6,0.0,0.0,0.32,15.0,64.0,25222.0,2.0,3.0,276.0,0.0,101230.0,17.2,61,55,16.6,246,18.4,12.6,10.4,0.0
2025-02-08 12:00:00,28.4733333333333,26.2733333333333,0.7166666666666667,0.0,19.6,42,1,13.3,241,15.1,11.6,13.6,0.0,0.0,0.38,18.0,54.0,61486.0,5.0,4.0,310.0,0.0,101220.0,19.0,50,48,17.6,242,19.9,14.0,10.7,0.0
2025-02-08 13:00:00,28.4833333333333,26.25,0.7156944444444444,0.0,20.5,38,0,12.8,247,16.5,12.1,13.6,0.0,0.0,0.42,19.0,43.0,43812.0,3.0,5.0,270.0,0.0,101170.0,19.8,46,39,17.1,248,20.4,15.0,11.1,0.0
2025-02-08 14:00:00,28.4866666666667,26.2133333333333,0.7147222222222223,0.0,20.9,37,0,14.3,251,17.2,12.5,13.6,0.0,0.0,0.41,20.0,36.0,67903.0,6.0,5.0,298.0,0.0,101100.0,20.3,44,55,14.1,257,20.6,15.8,11.4,0.0
2025-02-08 15:00:00,28.4966666666667,26.1733333333333,0.71375,0.0,20.8,39,1,11.4,279,17.5,12.8,13.6,0.0,0.0,0.34,21.0,40.0,53379.0,3.0,3.0,274.0,0.0,101040.0,20.0,50,59,11.8,301,18.7,16.0,11.8,0.0
2025-02-08 16:00:00,28.4866666666667,26.12,0.7127777777777777,0.0,18.6,63,3,11.9,331,17.3,13.2,13.6,0.0,0.0,0.22,21.0,41.0,34895.0,2.0,2.0,234.0,0.0,101020.0,18.2,70,59,12.3,339,17.3,15.9,12.2,0.0
2025-02-08 17:00:00,28.4666666666667,26.09,0.7118055555555556,0.0,16.6,80,14,4.0,334,16.6,13.4,13.6,0.0,0.0,0.09,18.0,68.0,14850.0,1.0,4.0,358.0,0.0,101060.0,17.3,79,53,7.3,351,15.7,15.5,12.5,0.0
2025-02-08 18:00:00,28.4466666666667,26.07,0.7108333333333333,0.0,14.4,83,25,1.1,337,15.1,13.6,13.6,0.0,0.0,0.01,17.0,73.0,3681.0,0.0,1.0,15.0,0.0,101100.0,15.7,85,48,3.8,73,13.0,14.8,12.7,0.0
2025-02-08 19:00:00,28.42,26.0333333333333,0.709861111111111,0.0,13.4,86,32,3.7,105,14.0,13.7,13.6,0.0,0.0,0.0,15.0,82.0,0.0,0.0,2.0,112.0,0.0,101180.0,13.7,94,45,4.2,121,11.8,13.8,12.8,0.0
2025-02-08 20:00:00,28.39,25.9733333333333,0.7088888888888889,0.0,12.6,88,29,4.2,101,13.3,13.7,13.7,0.0,0.0,0.0,14.0,87.0,0.0,0.0,2.0,124.0,0.0,101250.0,12.6,97,67,3.5,114,11.2,13.0,12.8,0.0
2025-02-08 21:00:00,28.3433333333333,25.9333333333333,0.7079166666666666,0.0,12.3,87,20,3.5,85,12.6,13.6,13.7,0.0,0.0,0.0,13.0,88.0,0.0,0.0,3.0,112.0,0.0,101320.0,12.3,96,70,3.3,131,11.0,12.5,12.8,0.0
2025-02-08 22:00:00,28.3033333333333,25.9033333333333,0.7069444444444445,0.0,11.5,88,17,4.6,99,12.0,13.5,13.7,0.0,0.0,0.0,13.0,90.0,0.0,0.0,1.0,91.0,0.0,101380.0,12.2,95,76,3.5,156,11.0,12.2,12.8,0.0
2025-02-08 23:00:00,28.26,25.8433333333333,0.7059722222222222,0.0,10.9,91,29,3.7,114,11.6,13.4,13.7,0.0,0.0,0.0,13.0,90.0,0.0,0.0,1.0,137.0,0.0,101390.0,11.8,97,85,2.4,153,10.5,11.9,12.7,0.0
2025-02-09 00:00:00,28.23,25.81,0.705,0.0,10.7,93,34,2.1,97,11.2,13.3,13.7,0.0,0.0,0.0,14.0,87.0,0.0,0.0,2.0,126.0,0.0,101370.0,12.2,94,85,1.9,158,10.1,11.7,12.7,0.0
2025-02-09 01:00:00,28.2066666666667,25.77,0.7040277777777778,0.0,12.1,92,92,3.6,89,12.9,13.4,13.7,0.0,0.0,0.0,14.0,87.0,0.0,0.0,2.0,144.0,0.0,101380.0,11.9,95,78,2.3,162,9.9,11.4,12.6,0.0
2025-02-09 02:00:00,28.18,25.75,0.7030555555555555,0.0,12.6,92,100,4.2,102,12.7,13.4,13.7,0.0,0.0,0.0,14.0,87.0,0.0,0.0,2.0,138.0,0.0,101370.0,11.5,96,76,2.5,188,9.9,11.2,12.5,0.0
2025-02-09 03:00:00,28.15,25.715,0.7020833333333333,0.0,13.1,90,100,3.6,101,12.6,13.3,13.7,0.0,0.0,0.0,14.0,88.0,0.0,0.0,0.0,130.0,0.0,101350.0,11.1,95,73,2.9,187,9.8,11.2,12.4,0.0
2025-02-09 04:00:00,28.13,25.69,0.7011111111111111,0.0,13.6,87,100,2.6,98,12.6,13.3,13.7,0.0,0.0,0.0,13.0,92.0,0.0,0.0,0.0,344.0,0.0,101350.0,10.3,97,63,3.0,194,9.3,11.0,12.3,0.0
2025-02-09 05:00:00,28.1066666666667,25.68,0.7001388888888889,0.0,13.6,86,97,2.0,100,12.6,13.2,13.7,0.0,0.0,0.0,13.0,93.0,0.0,0.0,0.0,114.0,0.0,101340.0,9.4,99,77,3.0,194,8.7,10.6,12.2,0.0
2025-02-09 06:00:00,28.0966666666667,25.6366666666667,0.6991666666666666,0.0,12.6,90,65,3.5,116,12.4,13.2,13.7,0.0,0.0,0.0,12.0,93.0,0.0,0.0,0.0,166.0,0.0,101340.0,8.9,99,76,3.4,198,8.1,10.4,12.0,0.0
2025-02-09 07:00:00,28.08,25.6166666666667,0.6981944444444445,0.0,11.6,94,27,3.4,133,12.1,13.1,13.7,0.0,0.0,0.0,10.0,91.0,0.0,0.0,0.0,184.0,0.0,101350.0,8.3,100,68,3.0,194,7.6,10.0,11.9,0.0
2025-02-09 08:00:00,28.0666666666667,25.59,0.6972222222222222,0.0,11.6,93,24,5.2,150,12.0,13.1,13.7,0.0,0.0,0.01,9.0,93.0,1107.0,0.0,0.0,210.0,0.0,101370.0,8.6,99,65,2.7,203,9.8,9.8,11.8,0.0
2025-02-09 09:00:00,28.0433333333333,25.5833333333333,0.69625,0.0,14.3,83,3,3.9,246,12.9,13.0,13.7,0.0,0.0,0.09,12.0,91.0,7937.0,0.0,1.0,270.0,0.0,101410.0,12.4,94,1,2.4,243,15.6,11.0,11.7,0.0
2025-02-09 10:00:00,28.02,25.55,0.6952777777777778,0.0,15.9,77,0,4.3,333,14.3,13.1,13.7,0.0,0.0,0.2,14.0,82.0,26735.0,2.0,0.0,210.0,0.0,101440.0,15.9,81,0,3.1,315,19.5,12.9,11.8,0.0
2025-02-09 11:00:00,27.9866666666667,25.495,0.6943055555555555,0.0,17.1,71,14,5.2,18,15.8,13.2,13.7,0.0,0.0,0.29,16.0,72.0,48670.0,4.0,1.0,228.0,0.0,101440.0,17.8,74,0,6.8,18,21.5,14.8,12.0,0.0
2025-02-09 12:00:00,27.98,25.48,0.6933333333333334,0.0,18.1,68,45,6.4,25,17.1,13.5,13.7,0.0,0.0,0.35,18.0,66.0,62488.0,3.0,2.0,42.0,0.0,101400.0,17.9,74,19,12.2,28,20.3,15.9,12.3,0.0
2025-02-09 13:00:00,27.99,25.4533333333333,0.6923611111111111,0.0,18.6,66,29,11.5,27,17.7,13.4,13.7,0.0,0.0,0.34,19.0,64.0,77085.0,6.0,3.0,13.0,0.0,101300.0,17.9,76,52,15.1,25,20.5,16.5,12.6,0.0
2025-02-09 14:00:00,28.0033333333333,25.45,0.6913888888888888,0.0,17.4,70,0,12.6,30,18.0,13.7,13.7,0.0,0.0,0.29,18.0,69.0,64300.0,6.0,4.0,16.0,0.0,101210.0,17.7,76,42,16.5,32,19.8,16.9,13.0,0.0
2025-02-09 15:00:00,28.02,25.4266666666667,0.6904166666666667,0.0,17.5,71,0,10.9,51,18.1,14.0,13.7,0.0,0.0,0.27,18.0,68.0,49960.0,2.0,3.0,60.0,0.0,101150.0,17.4,77,39,15.9,33,19.0,17.0,13.3,0.0
2025-02-09 16:00:00,28.03,25.4033333333333,0.6894444444444444,0.0,16.8,74,10,12.1,45,17.7,14.3,13.7,0.0,0.0,0.19,18.0,66.0,31826.0,2.0,4.0,39.0,0.0,101150.0,16.6,82,47,14.5,35,17.0,16.7,13.5,0.0
2025-02-09 17:00:00,28.03,25.3933333333333,0.6884722222222223,0.0,15.4,80,2,10.5,40,16.9,14.5,13.7,0.0,0.0,0.09,17.0,69.0,12200.0,0.0,3.0,59.0,0.0,101120.0,15.5,88,71,12.0,39,14.9,16.0,13.7,0.0
2025-02-09 18:00:00,28.0266666666667,25.38,0.6875,0.0,12.8,93,0,6.1,42,15.6,14.6,13.7,0.0,0.0,0.01,16.0,76.0,2916.0,0.0,2.0,52.0,0.0,101150.0,14.4,90,44,7.0,35,12.9,15.1,13.8,0.0
2025-02-09 19:00:00,28.0066666666667,25.345,0.6865277777777777,0.0,11.7,96,14,4.3,45,14.4,14.6,13.8,0.0,0.0,0.0,13.0,87.0,0.0,0.0,0.0,60.0,0.0,101190.0,13.5,93,42,3.9,22,11.9,14.2,13.9,0.0
2025-02-09 20:00:00,27.98,25.34,0.6855555555555556,0.0,11.5,97,23,1.8,51,13.3,14.5,13.8,0.0,0.0,0.0,12.0,88.0,0.0,0.0,0.0,162.0,0.0,101220.0,12.7,96,36,2.3,342,10.6,13.4,13.9,0.0
2025-02-09 21:00:00,27.9466666666667,25.33,0.6845833333333333,0.0,11.3,97,18,0.5,59,12.5,14.4,13.8,0.0,0.0,0.0,11.0,91.0,0.0,0.0,0.0,162.0,0.0,101250.0,12.1,97,16,1.3,236,8.8,12.3,13.7,0.0
2025-02-09 22:00:00,27.9066666666667,25.3,0.6836111111111111,0.0,10.3,100,30,1.2,42,12.0,14.2,13.8,0.0,0.0,0.0,10.0,92.0,0.0,0.0,0.0,176.0,0.0,101250.0,11.2,100,70,3.1,225,8.4,11.5,13.6,0.0
2025-02-09 23:00:00,27.87,25.25,0.6826388888888889,0.0,10.3,99,45,4.1,241,12.0,14.1,13.8,0.0,0.0,0.0,9.0,94.0,0.0,0.0,0.0,174.0,0.0,101220.0,10.5,100,69,3.3,221,9.1,11.1,13.3,0.0
2025-02-10 00:00:00,27.84,25.2,0.6816666666666666,0.0,10.3,97,52,5.0,227,11.9,13.9,13.8,0.0,0.0,0.0,9.0,95.0,0.0,0.0,0.0,178.0,0.0,101210.0,9.9,100,69,3.7,209,8.9,11.0,13.2,0.0
2025-02-10 01:00:00,27.81,25.19,0.6806944444444444,0.0,10.4,97,94,4.7,272,12.3,13.9,13.8,0.0,0.0,0.0,9.0,95.0,0.0,0.0,0.0,180.0,0.0,101150.0,9.5,100,66,3.5,204,8.5,10.7,13.0,0.0
2025-02-10 02:00:00,27.7833333333333,25.1633333333333,0.6797222222222222,0.0,10.4,95,92,5.7,243,12.1,13.8,13.8,0.0,0.0,0.0,8.0,96.0,0.0,0.0,0.0,180.0,0.0,101100.0,9.2,100,70,2.9,187,8.2,10.5,12.8,0.0
2025-02-10 03:00:00,27.7533333333333,25.135,0.67875,0.0,10.0,94,72,6.1,240,11.8,13.7,13.8,0.0,0.0,0.0,8.0,96.0,0.0,0.0,0.0,180.0,0.0,101060.0,8.6,100,74,3.3,186,7.9,10.1,12.6,0.0
2025-02-10 04:00:00,27.7233333333333,25.1166666666667,0.6777777777777778,0.0,9.9,94,95,5.9,240,11.6,13.5,13.8,0.0,0.0,0.0,8.0,96.0,0.0,0.0,0.0,204.0,0.0,101010.0,8.2,100,74,3.0,194,7.6,9.9,12.4,0.0
2025-02-10 05:00:00,27.6833333333333,25.08,0.6768055555555555,0.0,9.9,94,100,5.4,241,11.4,13.4,13.8,0.0,0.0,0.0,10.0,96.0,0.0,0.0,0.0,204.0,0.0,100960.0,7.8,100,73,2.6,196,7.3,9.6,12.2,0.0
2025-02-10 06:00:00,27.65,25.0633333333333,0.6758333333333333,0.0,9.8,93,100,5.9,240,11.2,13.3,13.8,0.0,0.0,0.0,10.0,97.0,0.0,0.0,0.0,192.0,0.0,101000.0,7.5,100,80,3.4,198,7.5,9.4,12.0,0.0
2025-02-10 07:00:00,27.63,25.045,0.6748611111111111,0.0,9.9,93,100,6.7,242,11.2,13.1,13.8,0.0,0.0,0.0,10.0,97.0,0.0,0.0,0.0,159.0,0.0,101010.0,7.3,100,88,3.4,198,6.8,9.2,11.8,0.0
2025-02-10 08:00:00,27.62,25.0166666666667,0.6738888888888889,0.0,10.8,91,100,7.9,258,11.5,13.0,13.8,0.0,0.0,0.02,10.0,97.0,2228.0,0.0,0.0,192.0,0.0,101030.0,7.7,99,89,3.4,212,8.7,9.1,11.6,0.0
2025-02-10 09:00:00,27.6033333333333,25.0,0.6729166666666666,0.0,11.9,92,100,7.6,272,12.0,13.0,13.8,0.0,0.0,0.05,10.0,97.0,9814.0,1.0,0.0,246.0,0.0,101060.0,11.9,93,72,4.1,225,15.2,10.3,11.5,0.0
2025-02-10 10:00:00,27.5933333333333,24.9833333333333,0.6719444444444445,0.0,13.3,87,71,7.5,286,13.0,12.9,13.8,0.0,0.0,0.1,12.0,91.0,29300.0,1.0,2.0,258.0,0.0,101080.0,14.3,86,47,5.6,230,18.3,12.2,11.5,0.0
2025-02-10 11:00:00,27.58,24.97,0.6709722222222222,0.0,15.2,77,55,6.1,297,14.4,13.0,13.8,0.0,0.0,0.23,14.0,83.0,50744.0,3.0,2.0,288.0,0.0,101060.0,16.3,80,81,3.2,243,20.1,14.0,11.7,0.0
2025-02-10 12:00:00,27.56,24.92,0.67,0.0,16.5,74,4,6.3,327,15.9,13.2,13.8,0.0,0.0,0.33,17.0,71.0,62990.0,5.0,2.0,338.0,0.0,101010.0,17.8,72,75,2.0,315,21.1,15.3,11.9,0.0
2025-02-10 13:00:00,28.8933333333333,34.47,0.6690277777777778,0.0,17.7,71,39,4.9,351,17.5,13.6,13.9,0.0,0.0,0.37,18.0,64.0,67380.0,5.0,0.0,209.0,0.0,100930.0,18.6,71,62,4.7,4,22.2,16.5,12.3,0.0
2025-02-10 14:00:00,30.41,33.0733333333333,0.6680555555555555,0.0,17.6,73,37,7.2,16,18.2,13.9,13.9,0.0,0.0,0.33,19.0,63.0,61796.0,5.0,1.0,320.0,0.0,100830.0,18.6,72,100,11.0,23,20.8,17.3,12.7,0.0
2025-02-10 15:00:00,30.45,31.5666666666667,0.6670833333333334,0.0,17.0,76,55,10.2,30,18.3,14.2,13.9,0.0,0.0,0.27,18.0,66.0,46685.0,1.0,3.0,26.0,0.0,100750.0,17.4,75,26,14.7,31,18.9,17.3,13.1,0.0
2025-02-10 16:00:00,30.3366666666667,30.5533333333333,0.6661111111111111,0.0,16.0,78,69,10.7,34,17.9,14.5,13.9,0.0,0.0,0.18,17.0,74.0,25408.0,1.0,4.0,38.0,0.0,100750.0,16.7,79,96,14.0,35,17.1,16.9,13.4,0.0
2025-02-10 17:00:00,30.2333333333333,29.79,0.6651388888888888,0.0,14.7,83,76,8.9,33,17.0,14.7,13.9,0.0,0.0,0.09,16.0,79.0,8205.0,1.0,4.0,58.0,0.0,100750.0,15.7,85,81,10.8,37,14.9,16.1,13.7,0.0
2025-02-10 18:00:00,30.1333333333333,29.5533333333333,0.6641666666666667,0.0,12.2,94,6,4.8,32,15.6,14.8,13.9,0.0,0.0,0.01,15.0,85.0,2683.0,0.0,3.0,26.0,0.0,100780.0,14.1,90,55,5.6,27,12.3,15.1,13.8,0.0
2025-02-10 19:00:00,30.0666666666667,29.27,0.6631944444444444,0.0,11.4,96,0,1.0,21,14.2,14.8,13.9,0.0,0.0,0.0,13.0,90.0,0.0,0.0,0.0,60.0,0.0,100830.0,13.1,93,22,2.5,352,10.9,13.9,13.8,0.0
2025-02-10 20:00:00,29.9933333333333,29.03,0.6622222222222222,0.0,10.5,99,2,1.7,319,13.1,14.7,13.9,0.0,0.0,0.0,11.0,92.0,0.0,0.0,0.0,122.0,0.0,100870.0,12.1,96,23,3.0,284,9.9,12.9,13.8,0.0
2025-02-10 21:00:00,29.93,28.85,0.66125,0.0,9.8,99,19,3.6,270,12.3,14.5,13.9,0.0,0.0,0.0,11.0,93.0,0.0,0.0,0.0,115.0,0.0,100890.0,11.1,98,25,2.9,210,9.1,12.2,13.6,0.0
2025-02-10 22:00:00,29.8633333333333,28.6866666666667,0.6602777777777777,0.0,9.1,100,95,3.3,257,11.9,14.3,13.9,0.0,0.0,0.0,11.0,92.0,0.0,0.0,0.0,174.0,0.0,100910.0,10.4,100,70,2.3,198,8.3,11.5,13.5,0.0
2025-02-10 23:00:00,29.8,28.5666666666667,0.6593055555555556,0.0,9.0,100,92,3.7,276,11.6,14.1,13.9,0.0,0.0,0.0,,,,,,,,,10.6,100,71,1.6,207,7.3,10.8,13.3,0.0
2025-02-11 00:00:00,29.7466666666667,28.4566666666667,0.6583333333333333,0.0,9.7,96,77,4.6,265,11.5,14.0,14.0,0.0,0.0,0.0,13.0,91.0,0.0,0.0,0.0,158.0,0.0,100890.0,10.5,100,96,3.1,225,8.4,10.5,13.0,0.0
2025-02-11 01:00:00,29.7066666666667,28.3533333333333,0.6573611111111111,0.0,9.3,98,94,4.9,255,12.6,14.1,14.0,0.0,0.0,0.0,13.0,90.0,0.0,0.0,0.0,184.0,0.0,100860.0,9.5,100,96,3.3,229,9.0,10.4,12.8,0.0
2025-02-11 02:00:00,29.6666666666667,28.2633333333333,0.6563888888888889,0.0,9.6,96,67,4.8,248,12.1,13.9,14.0,0.0,0.0,0.0,11.0,94.0,0.0,0.0,0.0,179.0,0.0,100840.0,9.6,100,90,2.2,189,9.0,10.5,12.6,0.0
2025-02-11 03:00:00,29.62,28.1666666666667,0.6554166666666666,0.0,9.6,96,73,4.8,247,11.8,13.8,14.0,0.0,0.0,0.0,9.0,95.0,0.0,0.0,0.0,158.0,0.0,100830.0,9.3,100,100,2.5,180,8.9,10.5,12.5,0.0
2025-02-11 04:00:00,29.56,28.0733333333333,0.6544444444444444,0.0,9.5,94,88,4.0,250,11.6,13.7,14.0,0.0,0.0,0.0,8.0,96.0,0.0,0.0,0.0,138.0,0.0,100810.0,9.4,100,100,2.0,225,9.3,10.4,12.3,0.0
2025-02-11 05:00:00,29.52,28.0166666666667,0.6534722222222222,0.0,9.3,94,92,2.4,234,11.4,13.5,14.0,0.0,0.0,0.0,11.0,96.0,0.0,0.0,0.0,173.0,0.0,100780.0,9.6,100,100,2.1,211,9.6,10.5,12.2,0.0
2025-02-11 06:00:00,29.49,27.93,0.6525,0.0,9.3,94,100,3.9,240,11.2,13.4,14.0,0.0,0.0,0.0,11.0,95.0,0.0,0.0,0.0,192.0,0.0,100750.0,9.5,100,100,2.6,236,9.6,10.4,12.0,0.0
2025-02-11 07:00:00,29.46,27.8733333333333,0.6515277777777778,0.0,9.2,96,100,4.8,253,11.0,13.2,14.0,0.0,0.0,0.0,11.0,95.0,0.0,0.0,0.0,72.0,0.0,100740.0,9.4,100,100,2.9,240,9.2,10.4,11.9,0.0
2025-02-11 08:00:00,29.4266666666667,27.8233333333333,0.6505555555555556,0.0,10.0,94,100,5.6,256,11.2,13.1,14.0,0.0,0.0,0.01,12.0,95.0,0.0,0.0,0.0,234.0,0.0,100760.0,10.2,99,100,2.4,243,10.9,10.5,11.8,0.0
2025-02-11 09:00:00,29.39,27.77,0.6495833333333333,0.0,11.5,92,100,5.8,275,11.9,13.0,14.0,0.0,0.0,0.07,12.0,94.0,3445.0,0.0,0.0,228.0,0.0,100790.0,12.4,99,100,2.9,263,14.7,11.5,11.8,0.0
2025-02-11 10:00:00,29.3633333333333,27.7133333333333,0.6486111111111111,0.0,14.3,77,91,5.6,308,13.2,13.0,14.0,0.0,0.0,0.17,12.0,92.0,10316.0,1.0,1.0,222.0,0.0,100830.0,14.6,85,100,4.4,235,17.6,12.8,11.9,0.0
2025-02-11 11:00:00,29.34,27.67,0.6476388888888889,0.0,16.7,65,98,5.2,327,14.8,13.1,14.0,0.0,0.0,0.27,12.0,88.0,9871.0,1.0,1.0,234.0,0.0,100850.0,16.1,81,100,1.9,248,19.4,14.3,12.1,0.0
2025-02-11 12:00:00,29.32,27.615,0.6466666666666666,0.0,18.3,61,92,5.6,352,16.3,13.3,14.0,0.0,0.0,0.33,14.0,76.0,62049.0,4.0,1.0,174.0,0.0,100840.0,17.1,75,100,1.5,346,20.3,15.6,12.4,0.0
2025-02-11 13:00:00,29.3,27.52,0.6456944444444445,0.0,17.5,69,81,9.7,11,16.3,13.3,14.0,0.0,0.0,0.31,16.0,72.0,78228.0,6.0,0.0,187.0,0.0,100780.0,18.0,74,100,4.7,32,21.5,16.5,12.7,0.0
2025-02-11 14:00:00,29.2633333333333,27.445,0.6447222222222222,0.0,17.1,72,78,9.9,26,17.1,13.6,14.0,0.0,0.0,0.3,18.0,66.0,46826.0,3.0,0.0,120.0,0.0,100700.0,18.3,74,100,9.2,39,21.6,17.3,13.1,0.0
2025-02-11 15:00:00,29.2433333333333,27.37,0.6437499999999999,0.0,17.0,72,64,9.1,44,17.5,13.9,14.0,0.0,0.0,0.26,19.0,61.0,69477.0,6.0,1.0,192.0,0.0,100610.0,17.3,75,99,11.6,36,19.1,17.4,13.5,0.0
2025-02-11 16:00:00,29.22,27.28,0.6427777777777778,0.0,16.7,72,7,8.9,37,17.3,14.1,14.0,0.0,0.0,0.19,19.0,66.0,58264.0,3.0,4.0,30.0,0.0,100540.0,16.5,78,28,11.3,37,17.2,17.0,13.8,0.0
2025-02-11 17:00:00,29.1766666666667,27.1766666666667,0.6418055555555555,0.0,15.5,76,0,5.6,42,16.6,14.3,14.0,0.0,0.0,0.09,18.0,71.0,25776.0,2.0,4.0,348.0,0.0,100510.0,15.4,86,38,8.7,30,14.9,16.2,14.0,0.0
2025-02-11 18:00:00,29.1366666666667,27.09,0.6408333333333334,0.0,12.7,84,0,2.2,52,15.2,14.4,14.0,0.0,0.0,0.01,16.0,75.0,8112.0,1.0,2.0,42.0,0.0,100540.0,13.8,90,0,4.3,5,11.9,15.1,14.1,0.0
2025-02-11 19:00:00,29.0833333333333,26.98,0.6398611111111111,0.0,12.0,85,0,1.8,74,13.8,14.4,14.0,0.0,0.0,0.0,15.0,79.0,1067.0,0.0,2.0,26.0,0.0,100570.0,12.6,93,0,1.8,11,10.1,13.8,14.1,0.0
2025-02-11 20:00:00,29.0333333333333,26.88,0.6388888888888888,0.0,11.8,84,0,0.5,72,12.7,14.3,14.0,0.0,0.0,0.0,13.0,85.0,0.0,0.0,0.0,125.0,0.0,100640.0,12.0,95,0,1.4,180,8.8,12.6,14.0,0.0
2025-02-11 21:00:00,28.9933333333333,26.83,0.6379166666666667,0.0,10.7,85,3,3.6,207,12.0,14.2,14.0,0.0,0.0,0.0,11.0,89.0,0.0,0.0,0.0,276.0,0.0,100660.0,10.6,99,51,3.7,209,9.0,11.8,13.8,0.0
2025-02-11 22:00:00,28.9533333333333,26.76,0.6369444444444444,0.0,10.4,77,3,6.1,202,11.4,14.0,14.0,0.0,0.0,0.0,10.0,92.0,0.0,0.0,0.0,306.0,0.0,100700.0,10.3,100,66,3.5,204,9.0,11.3,13.6,0.0
2025-02-11 23:00:00,28.91,26.72,0.6359722222222222,0.0,10.4,68,21,7.7,222,11.1,13.8,14.0,0.0,0.0,0.02,9.0,93.0,0.0,0.0,2.0,168.0,0.0,100750.0,9.5,100,65,3.9,214,8.6,11.0,13.4,0.0
2025-02-12 00:00:00,28.8733333333333,26.66,0.635,0.0,10.9,63,21,9.9,226,10.9,13.6,14.0,0.0,0.0,0.03,10.0,94.0,0.0,0.0,2.0,168.0,0.0,100740.0,9.1,98,51,4.1,232,8.2,10.8,13.2,0.0
2025-02-12 01:00:00,28.83,26.6,0.6340277777777777,0.0,10.6,65,35,8.2,225,10.0,13.6,14.1,0.0,0.0,0.02,9.0,94.0,0.0,0.0,0.0,192.0,0.0,100730.0,9.2,93,37,3.1,201,7.5,10.4,13.0,0.0
2025-02-12 02:00:00,28.7933333333333,26.5533333333333,0.6330555555555555,0.0,10.8,57,36,9.0,214,9.9,13.3,14.1,0.0,0.0,0.03,9.0,92.0,0.0,0.0,0.0,163.0,0.0,100700.0,9.3,85,99,2.6,196,6.7,9.9,12.7,0.0
2025-02-12 03:00:00,28.76,26.53,0.6320833333333333,0.0,11.0,52,86,11.2,214,10.0,13.1,14.1,0.0,0.0,0.05,9.0,92.0,0.0,0.0,1.0,198.0,0.0,100710.0,9.0,79,99,3.6,217,6.5,9.6,12.5,0.0
2025-02-12 04:00:00,28.73,26.49,0.6311111111111111,0.0,11.2,51,82,11.3,212,10.2,12.9,14.1,0.0,0.0,0.05,11.0,81.0,0.0,0.0,1.0,222.0,0.0,100670.0,8.7,80,85,2.8,220,6.0,9.2,12.2,0.0
2025-02-12 05:00:00,28.7066666666667,26.455,0.6301388888888889,0.0,9.6,59,100,7.2,222,10.0,12.8,14.1,0.0,0.0,0.02,11.0,73.0,0.0,0.0,3.0,216.0,0.0,100630.0,8.9,75,82,1.1,270,5.0,8.7,12.0,0.0
2025-02-12 06:00:00,28.6833333333333,26.4266666666667,0.6291666666666667,0.0,9.0,64,100,5.2,234,9.6,12.6,14.1,0.0,0.0,0.01,10.0,68.0,0.0,0.0,2.0,176.0,0.0,100680.0,8.7,70,100,2.6,214,5.0,8.5,11.8,0.0
2025-02-12 07:00:00,28.66,26.385,0.6281944444444444,0.0,8.1,69,66,6.4,249,9.1,12.4,14.0,0.0,0.0,0.01,10.0,62.0,0.0,0.0,2.0,210.0,0.0,100700.0,8.2,68,100,3.6,180,5.2,8.0,11.5,0.0
2025-02-12 08:00:00,28.6333333333333,26.36,0.6272222222222222,0.0,10.9,66,17,8.2,258,9.5,12.2,14.0,0.0,0.0,0.04,10.0,66.0,0.0,0.0,1.0,222.0,0.0,100760.0,8.3,72,22,4.0,185,8.1,8.1,11.3,0.0
2025-02-12 09:00:00,28.59,26.34,0.62625,0.0,14.4,65,23,10.3,239,11.0,12.1,14.0,0.0,0.0,0.13,9.0,66.0,4652.0,0.0,0.0,204.0,0.0,100820.0,12.0,76,0,4.2,211,14.5,9.6,11.1,0.0
2025-02-12 10:00:00,28.56,26.305,0.6252777777777777,0.0,16.8,56,1,11.1,232,12.7,12.1,14.0,0.0,0.0,0.23,15.0,58.0,19050.0,1.0,2.0,264.0,0.0,100910.0,16.4,58,2,7.2,252,19.1,12.0,11.1,0.0
2025-02-12 11:00:00,28.54,26.255,0.6243055555555556,0.0,18.2,57,3,8.8,255,14.4,12.3,14.0,0.0,0.0,0.31,16.0,53.0,32232.0,2.0,4.0,240.0,0.0,100930.0,18.1,54,28,10.1,253,20.4,14.1,11.4,0.0
2025-02-12 12:00:00,28.53,26.2166666666667,0.6233333333333333,0.0,19.2,53,5,8.8,265,16.0,12.5,14.0,0.0,0.0,0.38,18.0,51.0,50344.0,4.0,3.0,211.0,0.0,100920.0,19.3,52,0,10.2,260,22.4,15.8,11.8,0.0
2025-02-12 13:00:00,28.5366666666667,26.1666666666667,0.6223611111111111,0.0,20.4,50,14,9.7,290,17.6,13.1,14.0,0.0,0.0,0.41,19.0,51.0,66330.0,3.0,4.0,292.0,0.0,100870.0,20.1,52,3,10.0,285,23.2,17.0,12.2,0.0
2025-02-12 14:00:00,28.5333333333333,26.13,0.6213888888888889,0.0,19.8,59,14,11.5,328,18.2,13.4,14.0,0.0,0.0,0.36,21.0,45.0,66949.0,6.0,4.0,270.0,0.0,100740.0,19.8,62,29,15.4,327,21.9,17.8,12.7,0.0
2025-02-12 15:00:00,28.5166666666667,26.09,0.6204166666666666,0.0,18.1,69,9,15.2,337,18.3,13.8,14.0,0.0,0.0,0.28,19.0,58.0,68225.0,6.0,4.0,36.0,0.0,100620.0,18.2,68,36,17.9,335,19.5,17.8,13.2,0.0
2025-02-12 16:00:00,28.5,26.07,0.6194444444444445,0.0,17.5,70,11,9.4,319,17.9,14.1,14.0,0.0,0.0,0.19,18.0,67.0,41976.0,3.0,6.0,19.0,0.0,100600.0,17.4,68,58,17.8,313,17.3,17.2,13.5,0.0
2025-02-12 17:00:00,28.4833333333333,26.0466666666667,0.6184722222222222,0.0,16.4,74,41,5.0,322,17.1,14.3,14.0,0.0,0.0,0.09,17.0,69.0,23010.0,1.0,5.0,0.0,0.0,100600.0,16.6,69,89,14.7,298,15.7,16.4,13.8,0.0
2025-02-12 18:00:00,28.46,26.0066666666667,0.6174999999999999,0.0,14.7,77,36,2.8,291,15.9,14.4,14.1,0.0,0.0,0.02,16.0,71.0,6335.0,0.0,4.0,4.0,0.0,100640.0,15.6,68,86,8.0,278,13.8,15.5,14.0,0.0
2025-02-12 19:00:00,28.4233333333333,25.9666666666667,0.6165277777777778,0.0,13.6,75,47,6.0,254,14.7,14.5,14.1,0.0,0.0,0.01,16.0,74.0,407.0,0.0,2.0,330.0,0.0,100690.0,14.6,71,68,6.7,216,12.9,14.7,14.0,0.0
2025-02-12 20:00:00,28.38,25.94,0.6155555555555555,0.0,14.1,72,35,9.0,219,14.2,14.5,14.1,0.0,0.0,0.02,16.0,75.0,0.0,0.0,0.0,282.0,0.0,100770.0,13.9,71,35,8.5,208,12.3,14.0,14.0,0.0
2025-02-12 21:00:00,28.3466666666667,25.895,0.6145833333333333,0.0,13.3,70,39,9.2,212,13.8,14.4,14.1,0.0,0.0,0.02,16.0,69.0,0.0,0.0,1.0,276.0,0.0,100880.0,13.0,71,0,8.7,204,10.8,13.4,14.0,0.0
2025-02-12 22:00:00,28.32,25.8633333333333,0.6136111111111111,0.0,12.7,67,22,9.2,220,13.3,14.4,14.1,0.0,0.0,0.02,15.0,69.0,0.0,0.0,1.0,246.0,0.0,100950.0,12.2,71,1,7.8,202,10.0,12.6,13.9,0.0
2025-02-12 23:00:00,28.29,25.83,0.6126388888888888,0.0,12.2,66,0,9.9,221,12.9,14.3,14.1,0.0,0.0,0.03,14.0,73.0,0.0,0.0,1.0,246.0,0.0,100970.0,11.5,70,0,7.2,198,9.3,12.0,13.7,0.0
2025-02-13 00:00:00,28.2566666666667,25.8,0.6116666666666667,0.0,11.4,67,0,11.0,219,12.4,14.1,14.1,0.0,0.0,0.03,13.0,74.0,0.0,0.0,0.0,228.0,0.0,100980.0,11.3,68,0,9.0,196,9.2,11.6,13.5,0.0
2025-02-13 01:00:00,28.22,25.7766666666667,0.6106944444444444,0.0,11.5,67,0,9.9,212,13.1,14.1,14.1,0.0,0.0,0.03,12.0,73.0,0.0,0.0,1.0,210.0,0.0,100970.0,11.0,69,0,8.8,199,9.0,11.2,13.4,0.0
2025-02-13 02:00:00,28.19,25.735,0.6097222222222222,0.0,10.9,68,0,8.5,214,12.4,14.0,14.1,0.0,0.0,0.02,12.0,69.0,0.0,0.0,2.0,204.0,0.0,100940.0,10.5,70,0,7.6,205,8.4,10.9,13.2,0.0
2025-02-13 03:00:00,28.16,25.7,0.60875,0.0,10.1,70,0,7.0,215,11.8,13.9,14.1,0.0,0.0,0.01,12.0,68.0,0.0,0.0,2.0,270.0,0.0,100910.0,10.1,68,0,7.2,198,8.0,10.6,13.0,0.0
2025-02-13 04:00:00,28.1333333333333,25.6633333333333,0.6077777777777778,0.0,9.5,72,0,5.8,216,11.3,13.7,14.1,0.0,0.0,0.01,12.0,66.0,0.0,0.0,1.0,234.0,0.0,100880.0,9.2,72,0,6.0,197,7.3,10.2,12.7,0.0
2025-02-13 05:00:00,28.11,25.63,0.6068055555555555,0.0,9.1,72,0,4.4,203,10.7,13.6,14.1,0.0,0.0,0.0,10.0,77.0,0.0,0.0,0.0,192.0,0.0,100900.0,8.2,77,0,5.4,200,6.5,9.8,12.5,0.0
2025-02-13 06:00:00,28.0866666666667,25.6066666666667,0.6058333333333333,0.0,8.7,73,0,4.2,180,10.2,13.4,14.1,0.0,0.0,0.0,10.0,78.0,0.0,0.0,1.0,180.0,0.0,100900.0,7.7,79,0,5.6,195,6.2,9.4,12.3,0.0
2025-02-13 07:00:00,28.06,25.595,0.6048611111111111,0.0,8.3,74,0,4.1,166,9.8,13.1,14.1,0.0,0.0,0.0,9.0,79.0,0.0,0.0,0.0,240.0,0.0,100940.0,7.1,82,0,5.7,198,5.9,9.0,12.1,0.0
2025-02-13 08:00:00,28.03,25.555,0.6038888888888889,0.0,10.4,71,0,4.3,162,10.1,12.9,14.1,0.0,0.0,0.02,6.0,88.0,264.0,0.0,0.0,204.0,0.0,100960.0,7.6,84,0,5.2,205,8.5,8.9,11.8,0.0
2025-02-13 09:00:00,27.9866666666667,25.53,0.6029166666666667,0.0,14.1,66,0,5.4,181,11.5,12.8,14.1,0.0,0.0,0.12,9.0,82.0,5680.0,0.0,0.0,294.0,0.0,101010.0,12.2,78,0,4.2,211,15.4,10.3,11.7,0.0
2025-02-13 10:00:00,27.95,25.4866666666667,0.6019444444444444,0.0,16.3,52,0,1.9,208,13.3,12.8,14.1,0.0,0.0,0.22,14.0,67.0,22202.0,1.0,1.0,192.0,0.0,101040.0,15.3,61,0,4.8,228,19.5,12.5,11.7,0.0
2025-02-13 11:00:00,27.9766666666667,28.2966666666667,0.6009722222222222,0.0,17.2,49,0,0.5,323,15.1,12.9,14.1,0.0,0.0,0.31,16.0,59.0,45095.0,3.0,1.0,18.0,0.0,101080.0,17.4,56,0,3.7,259,21.3,14.6,11.9,0.0
2025-02-13 12:00:00,29.46,32.8033333333333,0.6,0.0,17.8,48,0,3.1,33,16.6,13.2,14.1,0.0,0.0,0.37,18.0,49.0,62772.0,4.0,1.0,292.0,0.0,101080.0,18.4,55,16,5.4,312,22.7,16.1,12.3,0.0
2025-02-13 13:00:00,30.06,31.48,0.6030952380952381,0.0,18.6,49,0,4.4,25,17.9,13.5,14.1,0.0,0.0,0.39,18.0,49.0,15976.0,2.0,2.0,153.0,0.0,101010.0,18.9,53,36,9.2,339,23.0,17.4,12.7,0.0
2025-02-13 14:00:00,30.0766666666667,30.6066666666667,0.6061904761904762,0.0,18.6,50,0,6.6,35,18.5,13.9,14.1,0.0,0.0,0.37,18.0,53.0,72072.0,5.0,2.0,20.0,0.0,100930.0,18.4,54,12,12.3,357,21.5,17.9,13.1,0.0
2025-02-13 15:00:00,30.0033333333333,29.9366666666667,0.6092857142857143,0.0,18.3,52,1,9.1,39,18.6,14.2,14.1,0.0,0.0,0.31,19.0,54.0,57895.0,5.0,4.0,4.0,0.0,100860.0,18.0,58,4,12.1,12,20.4,18.0,13.5,0.0
2025-02-13 16:00:00,29.9133333333333,29.43,0.6123809523809524,0.0,17.1,57,3,11.1,42,18.1,14.5,14.1,0.0,0.0,0.22,18.0,59.0,40754.0,2.0,4.0,358.0,0.0,100860.0,17.1,65,28,11.1,25,18.0,17.7,13.8,0.0
2025-02-13 17:00:00,29.8366666666667,29.07,0.6154761904761905,0.0,15.6,65,3,8.4,54,17.1,14.7,14.1,0.0,0.0,0.11,17.0,65.0,19648.0,1.0,4.0,54.0,0.0,100850.0,16.1,71,5,9.2,42,15.2,16.7,14.1,0.0
2025-02-13 18:00:00,29.77,28.7833333333333,0.6185714285714285,0.0,12.6,77,2,5.6,63,15.7,14.8,14.1,0.0,0.0,0.02,16.0,69.0,5845.0,0.0,2.0,54.0,0.0,100860.0,14.4,77,0,5.6,45,12.1,15.5,14.2,0.0
2025-02-13 19:00:00,29.71,28.59,0.6216666666666667,0.0,12.1,77,1,2.0,73,14.2,14.8,14.1,0.0,0.0,0.0,14.0,76.0,177.0,0.0,1.0,82.0,0.0,100880.0,12.9,84,0,2.8,50,10.3,14.1,14.2,0.0
2025-02-13 20:00:00,29.65,28.4166666666667,0.6247619047619047,0.0,11.7,76,0,0.9,78,13.1,14.7,14.2,0.0,0.0,0.0,12.0,79.0,0.0,0.0,0.0,54.0,0.0,100900.0,12.4,84,0,1.1,180,8.6,12.9,14.2,0.0
2025-02-13 21:00:00,29.5966666666667,28.295,0.6278571428571429,0.0,11.3,76,0,0.9,83,12.2,14.5,14.2,0.0,0.0,0.0,11.0,85.0,0.0,0.0,0.0,111.0,0.0,100970.0,10.6,89,0,3.3,193,8.2,11.8,14.0,0.0
2025-02-13 22:00:00,29.5566666666667,28.1666666666667,0.6309523809523809,0.0,10.5,79,0,3.3,189,11.6,14.3,14.2,0.0,0.0,0.0,9.0,83.0,0.0,0.0,0.0,175.0,0.0,100980.0,9.0,94,12,3.3,186,7.7,11.2,13.8,0.0
2025-02-13 23:00:00,29.5066666666667,28.0666666666667,0.6340476190476191,0.0,9.9,80,0,3.3,200,11.0,14.1,14.2,0.0,0.0,0.0,9.0,87.0,0.0,0.0,0.0,184.0,0.0,100950.0,8.8,92,5,2.9,180,6.9,10.6,13.5,0.0
2025-02-14 00:00:00,29.4533333333333,27.97,0.6371428571428571,0.0,9.5,80,0,2.3,190,10.6,13.9,14.2,0.0,0.0,0.0,8.0,88.0,0.0,0.0,0.0,149.0,0.0,100960.0,8.2,90,5,3.6,180,6.5,10.0,13.3,0.0
2025-02-14 01:00:00,29.4133333333333,27.8933333333333,0.6402380952380953,0.0,9.6,78,0,3.1,204,10.5,13.8,14.2,0.0,0.0,0.0,9.0,87.0,0.0,0.0,0.0,216.0,0.0,100940.0,7.6,89,4,3.6,180,6.1,9.6,13.0,0.0
2025-02-14 02:00:00,29.37,27.8233333333333,0.6433333333333333,0.0,9.1,78,0,3.9,225,10.1,13.6,14.2,0.0,0.0,0.0,8.0,90.0,0.0,0.0,0.0,222.0,0.0,100900.0,6.9,90,4,3.3,167,5.6,9.2,12.7,0.0
2025-02-14 03:00:00,29.34,27.715,0.6464285714285715,0.0,8.4,79,0,4.2,243,9.7,13.3,14.2,0.0,0.0,0.0,7.0,90.0,0.0,0.0,0.0,180.0,0.0,100840.0,6.1,91,6,3.6,174,5.0,8.7,12.4,0.0
2025-02-14 04:00:00,29.3033333333333,27.6866666666667,0.6495238095238095,0.0,7.8,80,0,3.8,239,9.4,13.1,14.2,0.0,0.0,0.0,7.0,88.0,0.0,0.0,0.0,180.0,0.0,100800.0,5.6,91,6,3.2,180,4.6,8.3,12.1,0.0
2025-02-14 05:00:00,29.2666666666667,27.6133333333333,0.6526190476190477,0.0,7.7,78,0,2.9,225,9.1,12.9,14.2,0.0,0.0,0.0,6.0,89.0,0.0,0.0,0.0,186.0,0.0,100780.0,5.3,90,6,3.3,174,4.3,7.9,11.8,0.0
2025-02-14 06:00:00,29.2233333333333,27.55,0.6557142857142857,0.0,7.8,75,0,3.4,228,8.8,12.6,14.2,0.0,0.0,0.0,6.0,89.0,0.0,0.0,0.0,186.0,0.0,100780.0,4.6,94,7,3.8,197,3.9,7.4,11.5,0.0
2025-02-14 07:00:00,29.19,27.48,0.6588095238095238,0.0,7.5,76,0,5.2,236,8.6,12.4,14.2,0.0,0.0,0.0,6.0,89.0,0.0,0.0,0.0,186.0,0.0,100790.0,4.7,93,7,3.4,198,3.7,7.2,11.2,0.0
2025-02-14 08:00:00,29.1566666666667,27.405,0.6619047619047619,0.0,10.3,71,0,5.1,238,9.0,12.2,14.2,0.0,0.0,0.03,6.0,89.0,784.0,0.0,1.0,192.0,0.0,100810.0,5.9,90,6,3.3,193,7.1,7.2,11.0,0.0
2025-02-14 09:00:00,29.13,27.37,0.665,0.0,13.9,67,0,5.1,247,10.6,12.1,14.2,0.0,0.0,0.12,9.0,79.0,7800.0,0.0,0.0,186.0,0.0,100790.0,10.8,84,0,2.4,207,14.4,8.8,10.8,0.0
2025-02-14 10:00:00,29.1,27.3133333333333,0.6680952380952381,0.0,16.5,60,0,5.3,292,12.6,12.1,14.1,0.0,0.0,0.23,13.0,68.0,26263.0,2.0,2.0,228.0,0.0,100800.0,15.0,69,0,2.9,240,19.0,11.3,10.8,0.0
2025-02-14 11:00:00,29.0566666666667,27.28,0.6711904761904762,0.0,18.0,53,0,5.2,333,14.5,12.2,14.1,0.0,0.0,0.33,16.0,54.0,49510.0,4.0,0.0,193.0,0.0,100780.0,17.8,60,0,0.0,270,21.6,13.6,11.0,0.0
2025-02-14 12:00:00,29.02,27.2066666666667,0.6742857142857143,0.0,19.0,52,0,6.3,1,16.2,12.5,14.1,0.0,0.0,0.39,19.0,45.0,66068.0,4.0,1.0,192.0,0.0,100740.0,18.8,59,0,4.9,36,22.6,15.2,11.4,0.0
2025-02-14 13:00:00,29.01,27.1333333333333,0.6773809523809524,0.0,19.8,52,0,7.5,18,17.1,12.8,14.1,0.0,0.0,0.41,21.0,38.0,70824.0,4.0,0.0,35.0,0.0,100670.0,19.8,54,0,9.3,36,23.2,16.7,11.8,0.0
2025-02-14 14:00:00,29.0,27.04,0.6804761904761905,0.0,19.6,53,0,9.4,30,17.9,13.1,14.1,0.0,0.0,0.39,22.0,34.0,67300.0,3.0,2.0,355.0,0.0,100550.0,19.4,54,0,12.1,37,21.7,17.5,12.3,0.0
2025-02-14 15:00:00,28.9566666666667,26.95,0.6835714285714286,0.0,19.0,53,0,10.1,37,18.2,13.5,14.1,0.0,0.0,0.32,22.0,40.0,56650.0,3.0,3.0,43.0,0.0,100480.0,19.0,60,0,13.1,37,20.4,17.6,12.8,0.0
2025-02-14 16:00:00,28.92,26.8433333333333,0.6866666666666666,0.0,18.3,56,0,9.1,37,17.9,13.8,14.1,0.0,0.0,0.23,21.0,36.0,38068.0,2.0,4.0,66.0,0.0,100480.0,18.3,60,0,11.3,37,18.2,17.2,13.2,0.0
2025-02-14 17:00:00,28.88,26.7633333333333,0.6897619047619048,0.0,16.6,69,0,5.3,35,17.1,14.0,14.1,0.0,0.0,0.11,20.0,38.0,17041.0,1.0,3.0,48.0,0.0,100470.0,17.0,63,0,7.6,19,15.2,16.5,13.5,0.0
2025-02-14 18:00:00,28.8333333333333,26.6866666666667,0.6928571428571428,0.0,13.6,77,0,1.7,32,15.4,14.2,14.1,0.0,0.0,0.01,19.0,48.0,4170.0,0.0,3.0,24.0,0.0,100450.0,14.4,69,0,4.4,351,11.4,15.2,13.7,0.0
2025-02-14 19:00:00,28.79,26.6133333333333,0.695952380952381,0.0,12.6,79,0,1.6,339,14.0,14.2,14.1,0.0,0.0,0.0,15.0,74.0,0.0,0.0,2.0,12.0,0.0,100490.0,12.6,79,0,2.5,315,9.3,13.6,13.7,0.0
2025-02-14 20:00:00,28.74,26.5633333333333,0.699047619047619,0.0,11.5,83,0,2.5,307,12.8,14.1,14.1,0.0,0.0,0.0,13.0,84.0,0.0,0.0,0.0,54.0,0.0,100530.0,11.6,81,0,1.8,281,7.9,12.2,13.6,0.0
2025-02-14 21:00:00,28.6933333333333,26.4933333333333,0.7021428571428572,0.0,10.7,86,0,1.9,286,12.0,14.0,14.1,0.0,0.0,0.0,11.0,84.0,0.0,0.0,0.0,175.0,0.0,100560.0,10.8,78,0,1.8,217,6.9,11.2,13.5,0.0
2025-02-14 22:00:00,28.65,26.4233333333333,0.7052380952380952,0.0,10.1,87,0,3.3,256,11.3,13.9,14.2,0.0,0.0,0.0,10.0,88.0,0.0,0.0,0.0,174.0,0.0,100590.0,10.7,77,0,2.5,180,6.3,10.3,13.2,0.0
2025-02-14 23:00:00,28.61,26.39,0.7083333333333334,0.0,9.5,89,0,3.8,263,10.8,13.7,14.2,0.0,0.0,0.0,10.0,89.0,0.0,0.0,2.0,180.0,0.0,100570.0,10.3,77,0,2.3,162,5.8,9.7,13.0,0.0
2025-02-15 00:00:00,28.58,26.3433333333333,0.7114285714285714,0.0,9.3,87,0,3.2,273,10.3,13.5,14.2,0.0,0.0,0.0,9.0,92.0,0.0,0.0,0.0,198.0,0.0,100550.0,9.5,79,0,3.0,166,5.6,9.2,12.7,0.0
2025-02-15 01:00:00,28.5433333333333,26.2933333333333,0.7145238095238096,0.0,8.5,84,0,3.8,263,9.6,13.4,14.2,0.0,0.0,0.0,7.0,92.0,0.0,0.0,0.0,186.0,0.0,100520.0,8.6,80,0,3.0,166,5.4,8.9,12.4,0.0
2025-02-15 02:00:00,28.5066666666667,26.24,0.7176190476190476,0.0,8.0,85,0,4.4,269,9.4,13.2,14.2,0.0,0.0,0.0,7.0,93.0,0.0,0.0,0.0,198.0,0.0,100500.0,7.9,79,0,2.9,180,4.9,8.5,12.1,0.0
2025-02-15 03:00:00,28.47,26.21,0.7207142857142858,0.0,8.3,79,0,2.7,264,9.1,12.9,14.2,0.0,0.0,0.0,7.0,92.0,0.0,0.0,1.0,192.0,0.0,100430.0,6.7,83,0,2.9,187,4.5,8.1,11.8,0.0
2025-02-15 04:00:00,28.44,26.18,0.7238095238095238,0.0,8.6,74,0,1.8,265,8.8,12.7,14.2,0.0,0.0,0.0,7.0,93.0,0.0,0.0,0.0,174.0,0.0,100370.0,5.9,85,1,2.9,187,4.1,7.7,11.6,0.0
2025-02-15 05:00:00,28.4133333333333,26.16,0.7269047619047619,0.0,8.6,71,0,1.4,279,8.6,12.4,14.2,0.0,0.0,0.0,6.0,87.0,0.0,0.0,1.0,172.0,0.0,100340.0,5.3,91,1,2.3,198,3.8,7.4,11.3,0.0
2025-02-15 06:00:00,28.39,26.1033333333333,0.73,0.0,8.6,69,0,1.7,264,8.4,12.2,14.1,0.0,0.0,0.0,6.0,90.0,0.0,0.0,0.0,216.0,0.0,100380.0,5.1,93,6,3.3,167,3.6,7.0,11.0,0.0
2025-02-15 07:00:00,28.37,26.0666666666667,0.7330952380952381,0.0,8.5,67,0,1.7,248,8.1,12.0,14.1,0.0,0.0,0.0,5.0,92.0,0.0,0.0,0.0,173.0,0.0,100370.0,5.6,88,5,3.1,159,3.4,6.8,10.8,0.0
2025-02-15 08:00:00,28.3466666666667,26.045,0.7361904761904762,0.0,10.8,69,0,1.8,188,8.7,11.8,14.1,0.0,0.0,0.02,6.0,87.0,1849.0,0.0,1.0,180.0,0.0,100400.0,6.1,89,1,3.0,194,7.1,6.9,10.5,0.0
2025-02-15 09:00:00,28.3166666666667,26.03,0.7392857142857143,0.0,14.1,62,99,4.2,225,10.4,11.7,14.1,0.0,0.0,0.12,11.0,75.0,10544.0,1.0,0.0,204.0,0.0,100410.0,10.2,86,9,1.8,217,13.7,8.5,10.4,0.0
2025-02-15 10:00:00,28.2633333333333,26.0,0.7423809523809524,0.0,16.7,56,100,4.7,274,12.4,11.7,14.1,0.0,0.0,0.23,15.0,58.0,28269.0,1.0,3.0,240.0,0.0,100420.0,14.4,72,6,1.3,236,18.2,10.8,10.4,0.0
2025-02-15 11:00:00,28.2333333333333,25.9533333333333,0.7454761904761905,0.0,18.9,50,99,3.3,307,14.5,11.9,14.1,0.0,0.0,0.33,17.0,53.0,50749.0,2.0,1.0,252.0,0.0,100380.0,17.5,63,14,0.5,225,21.1,13.1,10.6,0.0
2025-02-15 12:00:00,28.2233333333333,25.88,0.7485714285714286,0.0,20.3,48,80,4.2,358,16.3,12.2,14.1,0.0,0.0,0.4,20.0,39.0,66089.0,5.0,2.0,269.0,0.0,100310.0,19.4,56,7,2.9,30,22.8,14.9,11.0,0.0
2025-02-15 13:00:00,28.22,25.8233333333333,0.7516666666666667,0.0,21.0,51,100,6.1,14,17.2,12.5,14.1,0.0,0.0,0.43,23.0,34.0,71438.0,5.0,1.0,40.0,0.0,100200.0,21.1,52,16,6.3,24,24.4,16.6,11.4,0.0
2025-02-15 14:00:00,28.21,25.7666666666667,0.7547619047619047,0.0,20.7,52,100,9.0,26,18.2,12.9,14.1,0.0,0.0,0.4,23.0,33.0,71684.0,6.0,2.0,30.0,0.0,100080.0,21.0,55,81,9.8,28,23.3,17.7,11.9,0.0
2025-02-15 15:00:00,28.19,25.7166666666667,0.7578571428571429,0.0,19.5,53,100,10.2,36,18.2,13.2,14.1,0.0,0.0,0.3,23.0,47.0,49931.0,3.0,2.0,44.0,0.0,99970.0,19.3,60,58,11.6,26,20.2,17.6,12.4,0.0
2025-02-15 16:00:00,28.1866666666667,25.6633333333333,0.7609523809523809,0.0,17.8,61,100,8.4,26,17.6,13.6,14.1,0.0,0.0,0.16,21.0,40.0,20442.0,1.0,4.0,26.0,0.0,99920.0,18.1,65,100,11.2,33,17.4,17.1,12.9,0.0
2025-02-15 17:00:00,28.1733333333333,25.6366666666667,0.7640476190476191,0.0,16.2,73,100,6.3,26,16.8,13.8,14.1,0.0,0.0,0.09,19.0,55.0,16212.0,1.0,3.0,13.0,0.0,99950.0,16.6,76,100,8.4,20,15.3,16.2,13.2,0.0
2025-02-15 18:00:00,28.1566666666667,25.6266666666667,0.7671428571428571,0.0,12.8,88,100,4.4,26,15.4,14.0,14.1,0.0,0.0,0.01,16.0,58.0,3568.0,0.0,3.0,42.0,0.0,100030.0,14.8,87,100,5.0,360,12.9,15.2,13.4,0.0
2025-02-15 19:00:00,28.13,25.6133333333333,0.7702380952380953,0.0,12.4,91,100,2.5,350,14.3,14.0,14.1,0.0,0.0,0.0,15.0,70.0,0.0,0.0,0.0,90.0,0.0,100070.0,13.5,94,97,3.2,360,11.7,14.0,13.5,0.0
2025-02-15 20:00:00,28.0933333333333,25.5933333333333,0.7733333333333333,0.0,11.9,91,100,2.0,98,13.5,14.0,14.1,0.0,0.0,0.0,13.0,79.0,0.0,0.0,0.0,114.0,0.0,100060.0,12.9,95,100,2.1,59,10.9,13.2,13.5,0.0
2025-02-15 21:00:00,28.06,25.56,0.7764285714285715,0.0,12.2,89,100,1.5,108,13.0,13.9,14.1,0.0,0.0,0.0,13.0,78.0,0.0,0.0,2.0,127.0,0.0,100020.0,12.6,95,100,1.6,333,10.0,12.5,13.4,0.0
2025-02-15 22:00:00,28.0233333333333,25.5366666666667,0.7795238095238095,0.0,12.2,87,100,2.0,340,12.6,13.9,14.1,0.0,0.0,0.0,12.0,84.0,0.0,0.0,2.0,6.0,0.0,100050.0,12.2,97,100,2.5,270,9.8,11.9,13.3,0.0
2025-02-15 23:00:00,28.0,25.4966666666667,0.7826190476190477,0.0,11.3,91,100,4.1,297,12.3,13.8,14.1,0.0,0.0,0.0,12.0,86.0,0.0,0.0,0.0,169.0,0.0,100060.0,11.7,99,100,2.2,99,9.1,11.5,13.2,0.0
2025-02-16 00:00:00,27.97,25.47,0.7857142857142857,0.0,10.7,92,82,3.1,307,12.0,13.7,14.1,0.0,0.0,0.0,12.0,89.0,0.0,0.0,2.0,133.0,0.0,100000.0,12.0,100,100,0.5,225,8.8,11.1,13.0,0.0
2025-02-16 01:00:00,27.9333333333333,25.4633333333333,0.7888095238095238,0.0,9.8,99,73,3.0,302,11.8,13.7,14.1,0.0,0.0,0.0,12.0,92.0,0.0,0.0,0.0,228.0,0.0,100010.0,10.6,100,98,4.4,235,9.2,10.7,12.8,0.0
2025-02-16 02:00:00,27.9033333333333,25.4466666666667,0.7919047619047619,0.0,10.0,97,100,6.1,278,11.5,13.6,14.1,0.0,0.0,0.0,12.0,92.0,0.0,0.0,2.0,137.0,0.0,99950.0,9.9,100,94,3.3,174,9.0,10.7,12.7,0.0
2025-02-16 03:00:00,27.88,25.42,0.795,0.0,10.1,97,80,9.3,260,11.4,13.5,14.1,0.0,0.0,0.0,12.0,92.0,0.0,0.0,0.0,143.0,0.0,99880.0,9.9,100,97,2.3,162,8.9,10.7,12.5,0.0
2025-02-16 04:00:00,27.85,25.3966666666667,0.7980952380952382,0.0,10.5,94,100,8.2,267,11.4,13.4,14.1,0.0,0.0,0.0,12.0,93.0,0.0,0.0,0.0,300.0,0.0,99850.0,9.3,100,100,3.4,198,9.5,10.6,12.4,0.0
2025-02-16 05:00:00,27.83,25.3666666666667,0.8011904761904762,0.0,10.9,91,100,7.4,249,11.4,13.2,14.1,0.0,0.0,0.0,12.0,93.0,0.0,0.0,0.0,240.0,0.0,99860.0,9.9,100,100,4.0,207,9.9,10.7,12.3,0.0
2025-02-16 06:00:00,27.8166666666667,25.3533333333333,0.8042857142857144,0.0,10.7,88,100,5.3,236,11.3,13.1,14.1,0.0,0.0,0.0,13.0,90.0,0.0,0.0,0.0,180.0,0.0,99860.0,9.9,99,100,5.7,215,9.7,10.6,12.2,0.0
2025-02-16 07:00:00,27.8033333333333,25.3333333333333,0.8073809523809524,0.0,10.3,87,100,7.9,250,11.2,13.0,14.1,0.0,0.0,0.0,11.0,90.0,0.0,0.0,2.0,251.0,0.0,99980.0,10.3,94,100,8.5,216,9.7,10.7,12.1,0.0
2025-02-16 08:00:00,27.7866666666667,25.3133333333333,0.8104761904761906,0.0,11.1,89,100,12.0,259,11.5,12.9,14.1,0.0,0.0,0.03,11.0,92.0,1377.0,0.0,1.0,252.0,0.0,100100.0,11.5,94,100,9.7,219,12.0,10.9,12.0,0.0
2025-02-16 09:00:00,27.76,25.31,0.8135714285714286,0.0,14.2,75,100,11.1,252,12.3,12.9,14.1,0.0,0.0,0.1,12.0,87.0,12471.0,1.0,2.0,240.0,0.0,100210.0,13.8,87,100,12.0,224,14.3,11.7,12.0,0.0
2025-02-16 10:00:00,27.73,25.2933333333333,0.8166666666666668,0.0,16.6,63,100,16.8,245,13.6,12.9,14.1,0.1,0.1,0.21,15.0,80.0,23649.0,1.0,2.0,262.0,0.0,100280.0,15.5,82,100,12.9,234,16.4,12.7,12.0,0.0
2025-02-16 11:00:00,27.7166666666667,25.2733333333333,0.8197619047619048,0.0,17.3,68,100,17.7,261,14.6,13.0,14.1,0.1,0.1,0.21,16.0,76.0,23181.0,1.0,3.0,228.0,0.0,100320.0,16.7,78,100,13.7,247,17.7,13.6,12.2,0.0
2025-02-16 12:00:00,27.7066666666667,25.2333333333333,0.822857142857143,0.0,18.1,65,100,17.0,280,15.3,13.2,14.1,0.3,0.3,0.22,17.0,74.0,2175.0,0.0,3.0,346.0,0.0,100360.0,16.8,78,100,13.2,259,16.7,14.1,12.3,0.0
2025-02-16 13:00:00,27.7033333333333,25.2066666666667,0.825952380952381,0.0,17.5,73,98,16.8,308,15.4,13.2,14.1,0.9,0.9,0.26,16.0,80.0,13314.0,1.0,4.0,318.0,0.0,100330.0,17.1,77,100,12.6,290,17.8,14.8,12.5,0.0
2025-02-16 14:00:00,27.6933333333333,25.1833333333333,0.8290476190476191,0.0,17.3,75,100,14.2,320,15.7,13.4,14.1,1.5,1.5,0.22,16.0,81.0,11286.0,1.0,4.0,5.0,0.0,100310.0,16.3,85,100,10.9,316,16.9,15.1,12.8,0.0
2025-02-16 15:00:00,27.6866666666667,25.1666666666667,0.8321428571428572,0.0,17.6,67,100,10.5,331,16.0,13.6,14.1,0.1,0.1,0.23,16.0,84.0,12430.0,1.0,3.0,350.0,0.0,100280.0,16.5,83,96,11.5,328,16.8,15.6,13.0,0.0
2025-02-16 16:00:00,27.6633333333333,25.1533333333333,0.8352380952380953,0.0,17.3,67,100,8.5,318,16.3,13.8,14.1,0.0,0.0,0.19,17.0,72.0,40376.0,3.0,5.0,347.0,0.0,100260.0,16.1,84,100,10.8,334,16.3,15.3,13.2,0.0
2025-02-16 17:00:00,27.6533333333333,25.13,0.8383333333333334,0.0,16.6,72,28,3.9,309,16.1,14.0,14.1,0.0,0.0,0.09,17.0,67.0,8784.0,1.0,4.0,336.0,0.0,100300.0,15.7,85,94,4.1,322,14.9,15.0,13.4,0.0
2025-02-16 18:00:00,27.64,25.1,0.8414285714285715,0.0,14.3,78,4,0.2,288,14.9,14.1,14.1,0.0,0.0,0.01,17.0,66.0,2657.0,0.0,2.0,338.0,0.0,100380.0,14.7,84,36,4.4,145,12.1,14.5,13.5,0.0
2025-02-16 19:00:00,27.63,25.1033333333333,0.8445238095238096,0.0,13.0,82,0,2.0,178,13.7,14.1,14.1,0.0,0.0,0.0,13.0,82.0,0.0,0.0,1.0,109.0,0.0,100420.0,12.9,92,29,5.3,152,11.0,13.5,13.5,0.0
2025-02-16 20:00:00,27.6166666666667,25.0833333333333,0.8476190476190477,0.0,11.5,86,0,4.7,181,12.8,14.0,14.1,0.0,0.0,0.0,,,,,,,,,11.9,88,6,4.0,180,9.9,12.6,13.5,0.0
2025-02-16 21:00:00,27.6066666666667,25.07,0.8507142857142858,0.0,10.7,89,0,5.9,187,12.2,13.9,14.1,0.0,0.0,0.0,12.0,81.0,0.0,0.0,0.0,164.0,0.0,100470.0,10.6,82,0,5.1,176,8.9,11.8,13.3,0.0
2025-02-16 22:00:00,27.5866666666667,25.0533333333333,0.8538095238095239,0.0,10.1,89,0,7.2,198,11.7,13.8,14.1,0.0,0.0,0.0,10.0,87.0,0.0,0.0,0.0,176.0,0.0,100500.0,9.9,84,0,5.1,184,8.4,11.2,13.2,0.0
2025-02-16 23:00:00,27.5733333333333,25.03,0.856904761904762,0.0,9.8,86,0,6.8,196,11.4,13.6,14.1,0.0,0.0,0.0,9.0,87.0,0.0,0.0,0.0,176.0,0.0,100580.0,9.3,87,0,4.6,198,7.9,10.7,13.0,0.0
2025-02-17 00:00:00,27.5533333333333,25.0233333333333,0.8600000000000001,0.0,9.5,86,0,6.2,202,11.0,13.5,14.1,0.0,0.0,0.0,11.0,82.0,0.0,0.0,0.0,198.0,0.0,100580.0,9.2,85,0,5.2,192,7.7,10.4,12.8,0.0
2025-02-17 01:00:00,27.5366666666667,25.01,0.8630952380952381,0.0,9.5,83,0,5.2,201,11.3,13.4,14.1,0.0,0.0,0.0,10.0,83.0,0.0,0.0,1.0,168.0,0.0,100570.0,8.6,88,0,4.8,193,7.2,10.0,12.6,0.0
2025-02-17 02:00:00,27.5233333333333,24.9866666666667,0.8661904761904763,0.0,9.4,82,0,5.9,214,10.8,13.3,14.1,0.0,0.0,0.0,9.0,84.0,0.0,0.0,2.0,162.0,0.0,100560.0,8.2,89,0,4.4,189,6.8,9.6,12.4,0.0
2025-02-17 03:00:00,27.5066666666667,24.9766666666667,0.8692857142857143,0.0,9.5,80,0,6.6,227,10.4,13.1,14.1,0.0,0.0,0.0,9.0,86.0,0.0,0.0,0.0,188.0,0.0,100530.0,7.9,89,0,4.8,193,6.5,9.3,12.2,0.0
2025-02-17 04:00:00,27.49,24.9533333333333,0.8723809523809525,0.0,9.3,79,0,6.6,229,10.1,13.0,14.1,0.0,0.0,0.0,8.0,87.0,0.0,0.0,1.0,192.0,0.0,100490.0,7.6,91,0,4.8,193,6.3,9.0,12.0,0.0
2025-02-17 05:00:00,27.47,24.93,0.8754761904761905,0.0,9.1,79,0,7.3,231,9.9,12.8,14.1,0.0,0.0,0.0,9.0,84.0,0.0,0.0,1.0,192.0,0.0,100450.0,7.3,91,0,4.7,203,6.0,8.7,11.7,0.0
2025-02-17 06:00:00,27.4466666666667,24.92,0.8785714285714287,0.0,9.1,79,0,7.7,225,9.8,12.6,14.1,0.0,0.0,0.0,8.0,85.0,0.0,0.0,0.0,228.0,0.0,100440.0,7.4,90,0,4.9,197,6.0,8.6,11.5,0.0
2025-02-17 07:00:00,27.43,24.8933333333333,0.8816666666666667,0.0,8.9,80,0,6.8,227,9.6,12.5,14.1,0.0,0.0,0.0,8.0,87.0,0.0,0.0,2.0,204.0,0.0,100450.0,7.4,89,0,5.0,201,5.9,8.4,11.3,0.0
2025-02-17 08:00:00,27.4066666666667,24.88,0.8847619047619049,0.0,11.9,71,0,7.1,232,10.1,12.3,14.1,0.0,0.0,0.04,9.0,84.0,0.0,0.0,1.0,222.0,0.0,100470.0,8.5,88,0,4.7,212,9.3,8.5,11.1,0.0
2025-02-17 09:00:00,27.39,24.86,0.8878571428571429,0.0,15.1,66,0,7.1,236,11.5,12.3,14.1,0.0,0.0,0.13,10.0,80.0,4520.0,0.0,1.0,216.0,0.0,100520.0,13.1,82,0,4.1,225,15.8,10.2,11.1,0.0
2025-02-17 10:00:00,27.3633333333333,24.85,0.890952380952381,0.0,17.4,59,0,7.4,256,13.4,12.3,14.1,0.0,0.0,0.24,13.0,73.0,16981.0,1.0,2.0,223.0,0.0,100560.0,16.4,66,0,8.2,241,19.2,12.4,11.2,0.0
2025-02-17 11:00:00,27.35,24.8066666666667,0.8940476190476191,0.0,18.9,52,0,6.5,273,15.2,12.5,14.1,0.0,0.0,0.34,15.0,64.0,39236.0,2.0,3.0,270.0,0.0,100550.0,18.3,60,0,8.4,239,21.6,14.4,11.4,0.0
2025-02-17 12:00:00,27.3366666666667,24.74,0.8971428571428572,0.0,19.8,48,0,4.7,300,16.8,12.8,14.1,0.0,0.0,0.4,17.0,55.0,58476.0,4.0,3.0,289.0,0.0,100570.0,19.6,54,0,4.8,297,23.3,16.1,11.8,0.0
2025-02-17 13:00:00,27.3266666666667,24.6766666666667,0.9002380952380953,0.0,20.5,48,0,5.2,360,17.9,13.0,14.1,0.0,0.0,0.42,19.0,49.0,68404.0,5.0,4.0,251.0,0.0,100540.0,20.5,51,0,8.3,355,23.9,17.5,12.3,0.0
2025-02-17 14:00:00,27.2966666666667,24.5933333333333,0.9033333333333334,0.0,20.3,51,0,9.6,20,18.6,13.4,14.1,0.0,0.0,0.4,21.0,44.0,71568.0,7.0,1.0,288.0,0.0,100450.0,20.0,52,0,12.4,17,22.0,18.2,12.8,0.0
2025-02-17 15:00:00,27.2833333333333,24.5533333333333,0.9064285714285715,0.0,19.3,54,0,12.7,28,18.8,13.8,14.1,0.0,0.0,0.33,21.0,42.0,62720.0,4.0,3.0,90.0,0.0,100340.0,19.4,52,0,14.2,27,20.6,18.2,13.3,0.0
2025-02-17 16:00:00,27.28,24.4833333333333,0.9095238095238096,0.0,18.3,55,7,12.1,44,18.4,14.1,14.1,0.0,0.0,0.24,20.0,48.0,48637.0,2.0,4.0,37.0,0.0,100310.0,18.4,56,0,14.0,35,18.3,17.8,13.6,0.0
2025-02-17 17:00:00,27.28,24.4566666666667,0.9126190476190477,0.0,17.0,62,98,8.7,52,17.5,14.3,14.1,0.0,0.0,0.13,19.0,48.0,28145.0,2.0,4.0,73.0,0.0,100280.0,17.2,63,0,11.2,48,15.9,16.9,13.9,0.0
2025-02-17 18:00:00,27.27,24.4466666666667,0.9157142857142858,0.0,14.1,73,100,7.1,65,16.1,14.5,14.1,0.0,0.0,0.03,19.0,50.0,9477.0,1.0,3.0,72.0,0.0,100230.0,15.2,68,85,6.5,34,12.7,15.7,14.1,0.0
2025-02-17 19:00:00,27.2566666666667,24.45,0.9188095238095239,0.0,13.0,77,100,2.9,64,14.8,14.5,14.1,0.0,0.0,0.0,16.0,58.0,1734.0,0.0,1.0,42.0,0.0,100240.0,13.7,74,100,3.5,24,11.3,14.4,14.2,0.0
2025-02-17 20:00:00,27.24,24.45,0.921904761904762,0.0,12.7,78,100,0.8,50,13.7,14.5,14.1,0.0,0.0,0.0,14.0,64.0,0.0,0.0,0.0,101.0,0.0,100270.0,13.4,75,100,0.8,27,10.2,13.3,14.1,0.0
2025-02-17 21:00:00,27.2233333333333,24.4566666666667,0.925,0.0,11.8,82,100,0.4,53,12.9,14.4,14.1,0.0,0.0,0.0,12.0,68.0,0.0,0.0,0.0,150.0,0.0,100280.0,13.5,70,100,1.1,360,9.7,12.5,14.0,0.0
2025-02-17 22:00:00,27.2,24.45,0.9280952380952382,0.0,10.7,86,95,0.7,36,12.3,14.3,14.1,0.0,0.0,0.0,12.0,74.0,0.0,0.0,0.0,103.0,0.0,100280.0,13.4,70,86,0.4,270,8.8,11.9,13.8,0.0
2025-02-17 23:00:00,27.18,24.44,0.9311904761904762,0.0,9.6,90,91,1.7,11,11.7,14.1,14.1,0.0,0.0,0.0,11.0,77.0,0.0,0.0,0.0,258.0,0.0,100230.0,12.6,72,97,2.6,236,7.5,11.2,13.6,0.0
2025-02-18 00:00:00,27.1633333333333,24.4333333333333,0.9342857142857144,0.0,9.1,91,99,2.3,340,11.2,14.0,14.2,0.0,0.0,0.0,10.0,78.0,0.0,0.0,0.0,180.0,0.0,100210.0,11.8,74,100,2.2,261,7.7,10.8,13.4,0.0
2025-02-18 01:00:00,27.14,24.4266666666667,0.9373809523809524,0.0,9.0,87,93,3.1,321,11.1,13.9,14.2,0.0,0.0,0.0,10.0,79.0,0.0,0.0,1.0,143.0,0.0,100160.0,11.5,75,99,1.3,214,7.1,10.3,13.1,0.0
2025-02-18 02:00:00,27.1233333333333,24.4166666666667,0.9404761904761906,0.0,8.8,84,60,2.7,284,10.7,13.7,14.2,0.0,0.0,0.0,9.0,81.0,0.0,0.0,1.0,198.0,0.0,100110.0,11.1,75,76,2.3,162,6.3,9.8,12.9,0.0
2025-02-18 03:00:00,27.1066666666667,24.41,0.9435714285714286,0.0,8.9,80,60,3.5,188,10.2,13.5,14.2,0.0,0.0,0.0,8.0,83.0,0.0,0.0,0.0,174.0,0.0,100050.0,9.9,81,100,0.8,63,5.5,9.0,12.6,0.0
2025-02-18 04:00:00,27.0866666666667,24.39,0.9466666666666668,0.0,9.1,78,31,4.1,198,9.9,13.3,14.2,0.0,0.0,0.0,9.0,82.0,0.0,0.0,2.0,138.0,0.0,100050.0,9.3,84,100,1.1,288,5.3,8.7,12.3,0.0
2025-02-18 05:00:00,27.0633333333333,24.37,0.9497619047619048,0.0,9.4,78,45,4.6,188,9.6,13.1,14.2,0.0,0.0,0.0,8.0,84.0,0.0,0.0,1.0,6.0,0.0,99980.0,9.3,84,100,2.2,180,5.1,8.3,12.0,0.0
2025-02-18 06:00:00,27.04,24.3633333333333,0.952857142857143,0.0,9.2,80,0,4.9,192,9.5,12.9,14.2,0.0,0.0,0.0,7.0,85.0,0.0,0.0,1.0,258.0,0.0,99960.0,8.9,80,0,2.6,254,4.4,7.9,11.7,0.0
2025-02-18 07:00:00,27.01,24.3433333333333,0.955952380952381,0.0,9.0,80,0,5.6,188,9.3,12.7,14.2,0.0,0.0,0.0,8.0,82.0,0.0,0.0,1.0,132.0,0.0,99950.0,7.4,85,0,3.5,246,4.3,7.6,11.4,0.0
2025-02-18 08:00:00,26.99,24.3366666666667,0.9590476190476191,0.0,12.3,71,16,6.5,192,9.9,12.5,14.2,0.0,0.0,0.04,10.0,76.0,193.0,0.0,2.0,336.0,0.0,100000.0,7.6,85,0,4.1,232,8.5,7.8,11.2,0.0
2025-02-18 09:00:00,26.9533333333333,24.32,0.9621428571428572,0.0,17.0,63,0,7.3,209,11.6,12.4,14.1,0.0,0.0,0.15,12.0,67.0,5658.0,0.0,1.0,246.0,0.0,100050.0,13.6,74,0,5.4,250,16.1,9.8,11.1,0.0
2025-02-18 10:00:00,26.9366666666667,24.2766666666667,0.9652380952380953,0.0,20.8,52,19,5.0,230,13.8,12.5,14.1,0.0,0.0,0.27,17.0,51.0,21603.0,1.0,2.0,264.0,0.0,100050.0,18.3,57,11,6.5,273,21.1,12.5,11.1,0.0
2025-02-18 11:00:00,26.91,24.2,0.9683333333333334,0.0,23.5,34,94,12.6,200,15.9,12.7,14.1,0.0,0.0,0.42,19.0,44.0,45596.0,3.0,5.0,288.0,0.0,100080.0,20.7,52,14,6.9,276,23.8,15.0,11.4,0.0
2025-02-18 12:00:00,26.8766666666667,24.1,0.9714285714285715,0.0,25.2,30,100,12.1,216,17.6,13.0,14.1,0.0,0.0,0.5,21.0,40.0,62822.0,5.0,3.0,281.0,0.0,100080.0,21.6,53,63,9.7,329,24.7,16.8,11.8,0.0
2025-02-18 13:00:00,26.85,23.99,0.9745238095238096,0.0,25.0,32,100,11.3,265,18.7,13.4,14.1,0.0,0.0,0.48,24.0,34.0,56012.0,3.0,2.0,309.0,0.0,100020.0,22.3,55,100,9.7,356,25.2,18.3,12.3,0.0
2025-02-18 14:00:00,26.8266666666667,23.8833333333333,0.9776190476190477,0.0,23.4,44,100,12.1,335,19.4,13.8,14.1,0.0,0.0,0.42,26.0,28.0,56205.0,5.0,5.0,246.0,0.0,99920.0,21.6,61,100,11.8,20,24.1,19.0,12.9,0.0
2025-02-18 15:00:00,26.8066666666667,23.7966666666667,0.9807142857142858,0.0,20.6,63,100,9.3,15,19.4,14.1,14.1,0.0,0.0,0.28,21.0,58.0,66250.0,6.0,4.0,48.0,0.0,99900.0,20.3,63,100,12.5,39,21.2,18.7,13.4,0.0
2025-02-18 16:00:00,26.7933333333333,23.7366666666667,0.9838095238095239,0.0,19.3,65,100,12.1,69,19.0,14.5,14.1,0.0,0.0,0.21,20.0,60.0,52912.0,3.0,2.0,52.0,0.0,99890.0,19.4,64,100,11.7,43,18.6,18.3,13.8,0.0
2025-02-18 17:00:00,26.78,23.7033333333333,0.986904761904762,0.0,17.6,71,100,9.9,41,18.1,14.7,14.2,0.0,0.0,0.11,20.0,61.0,12604.0,1.0,4.0,30.0,0.0,99890.0,18.3,68,100,8.0,36,16.7,17.3,14.1,0.0
2025-02-18 18:00:00,26.7766666666667,23.7,0.9900000000000001,0.0,14.7,83,78,5.6,67,16.8,14.9,14.2,0.0,0.0,0.02,18.0,56.0,6308.0,0.0,3.0,30.0,0.0,99920.0,16.6,75,88,5.8,7,14.5,16.3,14.3,0.0
2025-02-18 19:00:00,26.7633333333333,23.6966666666667,0.9930952380952381,0.0,15.3,81,92,1.5,79,16.0,15.0,14.2,0.0,0.0,0.0,17.0,64.0,448.0,0.0,2.0,108.0,0.0,99980.0,15.5,79,100,3.7,349,13.8,15.3,14.4,0.0
2025-02-18 20:00:00,26.7433333333333,23.71,0.9961904761904763,0.0,15.4,80,93,0.5,77,15.4,15.0,14.2,0.0,0.0,0.0,17.0,61.0,0.0,0.0,1.0,137.0,0.0,100050.0,15.1,81,78,1.5,14,12.6,14.6,14.4,0.0
2025-02-18 21:00:00,26.7266666666667,23.7133333333333,0.9992857142857144,0.0,15.0,81,100,0.6,6,14.9,15.0,14.2,0.0,0.0,0.0,16.0,64.0,0.0,0.0,2.0,48.0,0.0,100100.0,14.8,79,95,1.3,326,12.2,13.8,14.4,0.0
2025-02-18 22:00:00,26.7133333333333,23.71,1.0023809523809526,0.0,15.2,80,71,0.7,351,14.6,15.0,14.2,0.0,0.0,0.0,13.0,77.0,0.0,0.0,2.0,186.0,0.0,100170.0,14.3,79,97,2.3,309,12.1,13.4,14.3,0.0
2025-02-18 23:00:00,26.6933333333333,23.7066666666667,1.0054761904761906,0.0,13.8,81,60,8.7,264,14.2,14.9,14.2,0.0,0.0,0.01,12.0,78.0,0.0,0.0,2.0,151.0,0.0,100190.0,13.6,80,80,4.3,5,12.0,13.2,14.2,0.0
2025-02-19 00:00:00,26.67,23.7133333333333,1.0085714285714287,0.0,13.1,81,58,1.1,288,13.7,14.8,14.2,0.0,0.0,0.0,14.0,86.0,0.0,0.0,3.0,113.0,0.0,100180.0,14.0,86,100,1.9,22,11.5,12.9,14.1,0.0
2025-02-19 01:00:00,26.6433333333333,23.7,1.0116666666666667,0.0,13.4,82,74,3.8,276,13.8,14.7,14.2,0.0,0.0,0.0,13.0,93.0,0.0,0.0,1.0,104.0,0.0,100220.0,13.5,95,100,3.6,96,12.2,12.8,13.9,0.0
2025-02-19 02:00:00,26.62,23.6866666666667,1.014761904761905,0.0,13.0,83,94,4.3,288,13.3,14.6,14.2,0.0,0.0,0.0,14.0,93.0,0.0,0.0,3.0,120.0,0.0,100280.0,13.5,100,100,3.7,101,12.8,12.9,13.8,0.0
2025-02-19 03:00:00,26.6,23.6866666666667,1.017857142857143,0.0,12.2,93,93,2.7,311,12.9,14.5,14.2,0.0,0.0,0.0,14.0,93.0,0.0,0.0,1.0,78.0,0.0,100310.0,14.0,100,100,0.8,63,12.9,13.1,13.7,0.0
2025-02-19 04:00:00,26.5866666666667,23.6866666666667,1.020952380952381,0.0,11.3,89,84,5.4,247,12.4,14.4,14.2,0.0,0.0,0.0,14.0,95.0,0.0,0.0,3.0,111.0,0.0,100330.0,13.6,100,100,4.3,246,13.0,13.1,13.7,0.0
2025-02-19 05:00:00,26.5733333333333,23.6766666666667,1.024047619047619,0.0,11.7,87,90,4.9,257,12.3,14.3,14.2,0.0,0.0,0.0,14.0,94.0,0.0,0.0,0.0,54.0,0.0,100370.0,13.2,99,100,2.6,236,12.3,13.1,13.6,0.0
2025-02-19 06:00:00,26.5633333333333,23.6733333333333,1.0271428571428574,0.0,11.9,84,100,4.6,251,12.3,14.1,14.3,0.0,0.0,0.0,13.0,94.0,0.0,0.0,0.0,228.0,0.0,100460.0,13.1,98,100,4.1,225,12.6,13.0,13.5,0.0
2025-02-19 07:00:00,26.55,23.6666666666667,1.0302380952380954,0.0,11.8,84,99,5.2,230,12.1,14.0,14.3,0.0,0.0,0.02,13.0,94.0,0.0,0.0,0.0,163.0,0.0,100520.0,13.0,99,98,3.1,216,12.4,13.0,13.5,0.0
2025-02-19 08:00:00,26.5366666666667,23.6666666666667,1.0333333333333334,0.0,13.5,83,91,8.1,241,12.5,13.9,14.3,0.0,0.0,0.04,12.0,95.0,751.0,0.0,0.0,216.0,0.0,100590.0,13.5,99,93,3.6,180,14.4,13.1,13.4,0.0
2025-02-19 09:00:00,26.5233333333333,23.66,1.0364285714285715,0.0,15.8,80,92,6.0,239,13.6,13.9,14.3,0.0,0.0,0.11,14.0,91.0,8251.0,0.0,2.0,270.0,0.0,100680.0,15.3,91,86,3.1,234,18.3,14.0,13.4,0.0
2025-02-19 10:00:00,26.4866666666667,23.64,1.0395238095238097,0.0,17.2,73,85,6.4,256,15.0,13.9,14.3,0.0,0.0,0.2,16.0,75.0,28302.0,1.0,2.0,264.0,0.0,100750.0,16.5,85,84,6.4,286,19.7,15.1,13.5,0.0
2025-02-19 11:00:00,26.4566666666667,23.57,1.0426190476190478,0.0,18.7,64,10,7.6,289,16.7,14.0,14.3,0.0,0.0,0.33,18.0,60.0,31427.0,2.0,3.0,279.0,0.0,100760.0,17.2,81,84,7.9,313,20.4,16.1,13.7,0.0
2025-02-19 12:00:00,26.4366666666667,23.48,1.0457142857142858,0.0,19.3,59,24,6.5,322,18.0,14.3,14.3,0.0,0.0,0.36,19.0,54.0,35451.0,3.0,4.0,293.0,0.0,100800.0,17.8,78,80,10.8,339,20.3,17.2,13.9,0.0
2025-02-19 13:00:00,26.4133333333333,23.3666666666667,1.0488095238095239,0.0,19.6,56,55,10.0,319,18.4,14.3,14.3,0.0,0.0,0.36,20.0,57.0,74729.0,4.0,1.0,90.0,0.0,100790.0,18.0,75,100,10.2,8,22.3,17.7,14.2,0.0
2025-02-19 14:00:00,26.3833333333333,23.28,1.0519047619047621,0.0,17.4,77,89,11.2,43,18.5,14.6,14.3,0.7,0.7,0.27,19.0,67.0,78523.0,6.0,4.0,17.0,0.0,100750.0,17.5,79,100,9.8,24,21.4,18.0,14.5,0.0
2025-02-19 15:00:00,26.3533333333333,23.1866666666667,1.0550000000000002,0.0,17.2,79,79,3.4,83,18.1,14.8,14.3,0.1,0.1,0.2,19.0,70.0,62384.0,3.0,3.0,20.0,0.0,100730.0,17.9,77,84,11.4,13,19.9,18.2,14.7,0.0
2025-02-19 16:00:00,26.33,23.1066666666667,1.0580952380952382,0.0,17.3,80,35,9.6,25,17.8,15.0,14.3,0.1,0.1,0.14,19.0,68.0,47144.0,3.0,3.0,73.0,0.0,100760.0,17.5,75,51,11.0,19,18.7,17.9,14.9,0.0
2025-02-19 17:00:00,26.3133333333333,23.0466666666667,1.0611904761904762,0.0,16.2,85,41,8.3,6,17.2,15.2,14.3,0.0,0.0,0.09,18.0,67.0,16834.0,1.0,3.0,18.0,0.0,100820.0,16.6,78,48,9.5,25,16.2,17.3,15.1,0.0
2025-02-19 18:00:00,26.3,23.03,1.0642857142857145,0.0,13.9,94,30,3.1,19,16.2,15.3,14.3,0.0,0.0,0.01,17.0,71.0,7617.0,0.0,3.0,48.0,0.0,100880.0,15.3,84,64,6.6,41,13.7,16.4,15.2,0.0
2025-02-19 19:00:00,26.2866666666667,23.0366666666667,1.0673809523809525,0.0,13.2,96,37,1.0,22,15.1,15.3,14.3,0.0,0.0,0.0,15.0,76.0,263.0,0.0,1.0,38.0,0.0,100960.0,14.2,91,45,3.1,36,12.6,15.3,15.2,0.0
2025-02-19 20:00:00,26.2766666666667,23.04,1.0704761904761906,0.0,13.1,97,29,1.7,58,14.4,15.2,14.3,0.0,0.0,0.0,14.0,81.0,0.0,0.0,0.0,54.0,0.0,101060.0,13.5,92,39,1.5,14,11.1,14.4,15.1,0.0
2025-02-19 21:00:00,26.2666666666667,23.05,1.0735714285714286,0.0,12.8,98,47,1.4,90,13.9,15.1,14.3,0.0,0.0,0.0,12.0,83.0,0.0,0.0,0.0,145.0,0.0,101100.0,13.2,91,41,1.1,198,10.2,13.6,15.0,0.0
2025-02-19 22:00:00,26.2566666666667,23.06,1.0766666666666669,0.0,12.3,99,34,0.2,66,13.3,15.0,14.3,0.0,0.0,0.0,11.0,89.0,0.0,0.0,0.0,166.0,0.0,101160.0,12.5,94,49,2.8,220,9.9,12.8,14.8,0.0
2025-02-19 23:00:00,26.2433333333333,23.0566666666667,1.079761904761905,0.0,11.3,100,99,2.4,225,13.0,14.9,14.3,0.0,0.0,0.0,11.0,85.0,0.0,0.0,0.0,168.0,0.0,101180.0,11.1,98,67,3.1,234,10.0,12.4,14.6,0.0
2025-02-20 00:00:00,26.2266666666667,23.0533333333333,1.082857142857143,0.0,11.3,100,95,6.2,214,13.0,14.7,14.3,0.0,0.0,0.0,10.0,89.0,0.0,0.0,0.0,163.0,0.0,101230.0,10.4,98,72,3.6,217,9.7,12.2,14.4,0.0
2025-02-20 01:00:00,26.2133333333333,23.0533333333333,1.085952380952381,0.0,11.0,98,72,4.7,244,12.6,14.6,14.4,0.0,0.0,0.0,10.0,90.0,0.0,0.0,0.0,174.0,0.0,101240.0,10.0,98,74,3.8,197,9.3,11.9,14.2,0.0
2025-02-20 02:00:00,26.1966666666667,23.0566666666667,1.0890476190476193,0.0,11.4,95,63,3.7,221,12.5,14.5,14.4,0.0,0.0,0.0,9.0,93.0,0.0,0.0,0.0,186.0,0.0,101290.0,9.5,99,78,3.3,186,9.0,11.5,14.0,0.0
2025-02-20 03:00:00,26.1833333333333,23.0466666666667,1.0921428571428573,0.0,11.4,92,67,3.5,210,12.4,14.3,14.4,0.0,0.0,0.0,9.0,91.0,0.0,0.0,0.0,174.0,0.0,101280.0,9.5,98,73,3.6,180,8.9,11.3,13.8,0.0
2025-02-20 04:00:00,26.1666666666667,23.05,1.0952380952380953,0.0,11.1,93,60,3.0,217,12.3,14.2,14.4,0.0,0.0,0.0,8.0,92.0,0.0,0.0,0.0,138.0,0.0,101260.0,9.0,100,81,3.2,180,8.6,11.1,13.6,0.0
2025-02-20 05:00:00,26.1533333333333,23.0433333333333,1.0983333333333334,0.0,10.8,95,62,3.1,219,12.0,14.1,14.4,0.0,0.0,0.0,8.0,94.0,0.0,0.0,0.0,175.0,0.0,101300.0,8.7,100,71,3.3,193,8.1,10.8,13.4,0.0
2025-02-20 06:00:00,26.1433333333333,23.0466666666667,1.1014285714285716,0.0,10.9,94,100,3.8,209,11.9,13.9,14.4,0.0,0.0,0.0,8.0,94.0,0.0,0.0,0.0,198.0,0.0,101330.0,8.3,100,66,4.1,195,7.9,10.6,13.2,0.0
2025-02-20 07:00:00,26.1266666666667,23.0433333333333,1.1045238095238097,0.0,10.6,93,100,4.2,215,11.7,13.8,14.4,0.0,0.0,0.01,7.0,94.0,0.0,0.0,1.0,174.0,0.0,101390.0,7.9,100,66,4.0,207,7.6,10.3,13.0,0.0
2025-02-20 08:00:00,26.1133333333333,23.05,1.1076190476190477,0.0,12.0,90,100,5.9,217,12.0,13.7,14.4,0.0,0.0,0.03,7.0,94.0,1502.0,0.0,0.0,174.0,0.0,101440.0,8.7,98,61,3.4,212,10.6,10.3,12.8,0.0
2025-02-20 09:00:00,26.09,23.0433333333333,1.1107142857142858,0.0,13.6,86,72,5.6,229,12.9,13.6,14.4,0.0,0.0,0.09,11.0,90.0,8508.0,1.0,0.0,184.0,0.0,101510.0,12.6,88,30,3.9,236,16.4,11.4,12.6,0.0
2025-02-20 10:00:00,26.05,23.03,1.113809523809524,0.0,15.6,80,10,4.7,256,14.3,13.6,14.4,0.0,0.0,0.19,14.0,82.0,27846.0,1.0,2.0,276.0,0.0,101550.0,15.6,81,7,1.8,270,19.7,13.5,12.7,0.0
2025-02-20 11:00:00,26.01,22.97,1.116904761904762,0.0,17.3,74,1,4.8,333,16.1,13.8,14.4,0.0,0.0,0.31,17.0,69.0,49991.0,3.0,0.0,119.0,0.0,101540.0,17.5,73,42,3.5,24,21.6,15.3,12.8,0.0
2025-02-20 12:00:00,25.98,22.8666666666667,1.12,0.0,18.4,69,0,6.9,5,17.6,14.0,14.4,0.0,0.0,0.38,19.0,63.0,63050.0,3.0,2.0,67.0,0.0,101540.0,18.4,69,43,7.7,28,23.0,16.7,13.1,0.0
2025-02-20 13:00:00,25.9366666666667,22.75,1.1232142857142857,0.0,18.8,66,26,7.7,27,18.5,14.3,14.4,0.0,0.0,0.39,20.0,63.0,79394.0,5.0,3.0,108.0,0.0,101480.0,18.7,67,72,11.4,28,22.7,17.9,13.5,0.0
2025-02-20 14:00:00,25.8933333333333,22.63,1.1264285714285716,0.0,18.9,66,31,8.4,34,19.2,14.6,14.4,0.0,0.0,0.36,19.0,65.0,69741.0,7.0,3.0,18.0,0.0,101430.0,18.0,73,53,13.9,31,21.4,18.3,13.9,0.0
2025-02-20 15:00:00,25.8566666666667,22.5166666666667,1.1296428571428572,0.0,18.1,70,14,12.5,37,19.3,14.9,14.4,0.0,0.0,0.29,19.0,62.0,56690.0,5.0,3.0,39.0,0.0,101380.0,17.9,73,39,14.1,32,20.6,18.4,14.3,0.0
2025-02-20 16:00:00,25.8166666666667,22.4466666666667,1.132857142857143,0.0,17.0,75,6,12.8,41,18.9,15.2,14.4,0.0,0.0,0.21,19.0,62.0,39050.0,2.0,4.0,54.0,0.0,101370.0,17.2,73,23,13.3,41,18.4,18.0,14.6,0.0
2025-02-20 17:00:00,25.7933333333333,22.37,1.1360714285714286,0.0,15.9,80,7,10.2,43,18.1,15.4,14.4,0.0,0.0,0.11,18.0,69.0,18480.0,1.0,3.0,24.0,0.0,101400.0,16.3,79,38,12.0,46,16.0,17.2,14.8,0.0
2025-02-20 18:00:00,25.78,22.35,1.1392857142857145,0.0,13.4,93,10,5.3,49,16.7,15.5,14.4,0.0,0.0,0.01,16.0,76.0,5515.0,0.0,3.0,33.0,0.0,101420.0,14.9,83,26,8.4,43,13.2,16.2,14.9,0.0
2025-02-20 19:00:00,25.7766666666667,22.35,1.1425,0.0,12.3,95,10,4.3,58,15.3,15.5,14.4,0.0,0.0,0.0,14.0,82.0,44.0,0.0,2.0,48.0,0.0,101440.0,13.7,90,27,4.4,35,11.9,15.0,14.9,0.0
2025-02-20 20:00:00,25.7733333333333,22.3533333333333,1.145714285714286,0.0,11.9,96,2,1.9,60,14.2,15.4,14.4,0.0,0.0,0.0,13.0,87.0,0.0,0.0,0.0,156.0,0.0,101470.0,12.8,92,3,2.4,27,10.5,13.9,14.9,0.0
2025-02-20 21:00:00,25.77,22.36,1.1489285714285715,0.0,11.6,96,0,1.0,51,13.3,15.3,14.4,0.0,0.0,0.0,11.0,89.0,0.0,0.0,0.0,174.0,0.0,101500.0,12.7,90,0,1.1,270,9.2,13.0,14.7,0.0
2025-02-20 22:00:00,25.7633333333333,22.3666666666667,1.1521428571428571,0.0,11.2,97,0,0.8,40,12.4,15.1,14.5,0.0,0.0,0.0,10.0,85.0,0.0,0.0,0.0,169.0,0.0,101500.0,11.8,95,0,3.1,234,8.5,12.1,14.5,0.0
2025-02-20 23:00:00,25.7566666666667,22.37,1.155357142857143,0.0,10.6,99,20,1.3,5,12.0,14.9,14.5,0.0,0.0,0.0,9.0,91.0,0.0,0.0,0.0,174.0,0.0,101490.0,10.0,100,52,3.4,212,8.6,11.5,14.2,0.0
2025-02-21 00:00:00,25.7466666666667,22.3733333333333,1.1585714285714286,0.0,11.0,98,100,6.0,259,12.0,14.7,14.5,0.0,0.0,0.0,10.0,93.0,0.0,0.0,0.0,180.0,0.0,101490.0,9.1,100,63,3.7,191,8.3,11.3,14.0,0.0
2025-02-21 01:00:00,25.7333333333333,22.3766666666667,1.1617857142857144,0.0,11.1,99,100,5.9,247,12.5,14.7,14.5,0.0,0.0,0.0,10.0,95.0,0.0,0.0,1.0,198.0,0.0,101460.0,8.7,100,66,3.3,193,8.0,10.9,13.7,0.0
2025-02-21 02:00:00,25.7233333333333,22.3766666666667,1.165,0.0,10.5,98,96,3.5,241,12.4,14.5,14.5,0.0,0.0,0.0,9.0,95.0,0.0,0.0,0.0,204.0,0.0,101430.0,8.2,100,65,2.9,173,7.4,10.5,13.5,0.0
2025-02-21 03:00:00,25.7066666666667,22.3766666666667,1.1682142857142859,0.0,10.6,97,98,3.2,250,12.3,14.4,14.5,0.0,0.0,0.0,8.0,95.0,0.0,0.0,0.0,177.0,0.0,101370.0,7.9,99,43,3.2,180,7.3,10.3,13.2,0.0
2025-02-21 04:00:00,25.6933333333333,22.3833333333333,1.1714285714285715,0.0,10.7,98,100,3.1,259,12.2,14.3,14.5,0.0,0.0,0.0,7.0,95.0,0.0,0.0,0.0,186.0,0.0,101310.0,7.5,100,58,2.9,180,6.9,9.9,13.0,0.0
2025-02-21 05:00:00,25.68,22.3833333333333,1.1746428571428573,0.0,10.3,97,100,1.9,228,11.9,14.1,14.5,0.0,0.0,0.0,6.0,95.0,0.0,0.0,0.0,142.0,0.0,101290.0,8.0,100,69,3.3,186,7.1,9.6,12.7,0.0
2025-02-21 06:00:00,25.6666666666667,22.38,1.177857142857143,0.0,10.5,95,96,1.9,233,11.8,14.0,14.5,0.0,0.0,0.0,9.0,96.0,0.0,0.0,0.0,246.0,0.0,101310.0,8.6,100,68,3.1,201,7.1,9.4,12.5,0.0
2025-02-21 07:00:00,25.6466666666667,22.38,1.1810714285714285,0.0,10.5,94,90,2.5,273,11.7,13.8,14.5,0.0,0.0,0.01,8.0,96.0,0.0,0.0,0.0,204.0,0.0,101300.0,8.6,100,67,2.6,196,6.9,9.3,12.3,0.0
2025-02-21 08:00:00,25.6233333333333,22.38,1.1842857142857144,0.0,11.6,92,86,4.0,313,12.1,13.7,14.5,0.0,0.0,0.02,10.0,97.0,2423.0,0.0,0.0,204.0,0.0,101290.0,9.1,99,66,3.0,194,10.5,9.5,12.1,0.0
2025-02-21 09:00:00,25.6066666666667,22.38,1.1875,0.0,14.1,86,59,6.1,324,13.2,13.7,14.5,0.0,0.0,0.1,11.0,97.0,9287.0,0.0,0.0,318.0,0.0,101320.0,12.7,96,52,1.3,236,16.3,11.0,11.9,0.0
2025-02-21 10:00:00,25.5933333333333,22.38,1.1907142857142858,0.0,16.1,79,57,5.4,352,14.5,13.7,14.5,0.0,0.0,0.18,11.0,97.0,21683.0,1.0,1.0,234.0,0.0,101350.0,16.4,79,2,1.5,14,20.2,13.3,12.0,0.0
2025-02-21 11:00:00,25.5733333333333,22.38,1.1939285714285715,0.0,18.2,74,25,6.7,14,16.1,13.8,14.5,0.0,0.0,0.29,13.0,97.0,55336.0,4.0,0.0,212.0,0.0,101340.0,18.5,69,2,4.3,48,22.6,15.4,12.3,0.0
2025-02-21 12:00:00,25.5233333333333,22.2866666666667,1.1971428571428573,0.0,20.3,71,97,5.4,20,17.8,14.1,14.5,0.0,0.0,0.38,19.0,62.0,70096.0,5.0,1.0,48.0,0.0,101220.0,19.5,64,5,10.9,34,23.4,17.1,12.7,0.0
2025-02-21 13:00:00,25.4766666666667,22.1466666666667,1.200357142857143,0.0,20.5,70,100,13.2,21,18.9,14.3,14.5,0.0,0.0,0.38,22.0,48.0,69568.0,5.0,4.0,8.0,0.0,101070.0,20.1,64,12,14.2,30,23.5,18.3,13.2,0.0
2025-02-21 14:00:00,25.4233333333333,22.0166666666667,1.2035714285714287,0.0,19.8,68,100,14.9,27,19.5,14.6,14.5,0.0,0.0,0.36,21.0,58.0,47649.0,3.0,3.0,350.0,0.0,100970.0,19.6,62,100,14.3,28,21.7,18.7,13.7,0.0
2025-02-21 15:00:00,25.3666666666667,21.8766666666667,1.2067857142857144,0.0,18.6,67,100,12.6,25,19.3,14.9,14.5,0.0,0.0,0.26,21.0,55.0,50888.0,4.0,4.0,353.0,0.0,100900.0,18.0,64,100,10.3,25,18.4,17.5,14.0,0.0
2025-02-21 16:00:00,25.3333333333333,21.78,1.2100000000000002,0.0,17.9,70,100,8.1,70,18.8,15.2,14.5,0.0,0.0,0.17,20.0,57.0,23232.0,2.0,3.0,14.0,0.0,100880.0,17.7,68,78,8.9,21,18.1,17.2,14.3,0.0
2025-02-21 17:00:00,25.3133333333333,21.7066666666667,1.2132142857142858,0.0,17.7,74,100,5.6,61,18.2,15.4,14.5,0.0,0.0,0.1,19.0,64.0,14855.0,1.0,4.0,26.0,0.0,100860.0,16.8,75,100,7.4,29,15.8,16.6,14.6,0.0
2025-02-21 18:00:00,25.2966666666667,21.6766666666667,1.2164285714285714,0.0,15.2,84,88,3.4,55,17.0,15.5,14.5,0.0,0.0,0.02,17.0,72.0,6221.0,0.0,4.0,358.0,0.0,100850.0,15.6,82,100,4.7,23,13.8,15.7,14.7,0.0
2025-02-21 19:00:00,25.29,21.67,1.2196428571428573,0.0,15.0,84,38,0.5,94,15.8,15.5,14.5,0.0,0.0,0.0,15.0,85.0,0.0,0.0,3.0,352.0,0.0,100890.0,14.3,89,0,3.5,336,12.1,14.7,14.7,0.0
2025-02-21 20:00:00,25.28,21.6733333333333,1.2228571428571429,0.0,13.4,90,14,3.3,309,14.7,15.5,14.5,0.0,0.0,0.0,14.0,88.0,0.0,0.0,0.0,130.0,0.0,100960.0,13.0,90,0,3.6,307,11.1,13.7,14.6,0.0
2025-02-21 21:00:00,25.2766666666667,21.68,1.2260714285714287,0.0,12.5,93,4,1.0,290,13.8,15.4,14.6,0.0,0.0,0.0,13.0,91.0,0.0,0.0,3.0,150.0,0.0,101030.0,13.3,83,0,1.8,270,9.8,13.0,14.5,0.0
2025-02-21 22:00:00,25.27,21.68,1.2292857142857143,0.0,11.6,91,3,3.1,273,13.1,15.2,14.6,0.0,0.0,0.0,13.0,92.0,0.0,0.0,2.0,124.0,0.0,101100.0,12.9,84,0,1.0,135,9.0,12.2,14.3,0.0
2025-02-21 23:00:00,25.26,21.6866666666667,1.2325000000000002,0.0,11.4,89,25,2.3,295,12.5,15.1,14.6,0.0,0.0,0.0,13.0,92.0,0.0,0.0,2.0,116.0,0.0,101110.0,12.5,85,53,1.5,135,9.0,11.5,14.0,0.0
2025-02-22 00:00:00,25.2566666666667,21.6833333333333,1.2357142857142858,0.0,11.7,86,4,1.5,236,12.2,14.9,14.6,0.0,0.0,0.0,11.0,94.0,0.0,0.0,0.0,180.0,0.0,101140.0,10.0,98,31,2.9,173,8.7,11.0,13.8,0.0
2025-02-22 01:00:00,25.25,21.6933333333333,1.2389285714285716,0.0,11.3,91,24,2.4,324,11.8,14.9,14.6,0.0,0.0,0.0,10.0,94.0,0.0,0.0,0.0,180.0,0.0,101100.0,9.2,100,49,3.3,186,8.5,10.8,13.5,0.0
2025-02-22 02:00:00,25.2466666666667,21.6966666666667,1.2421428571428572,0.0,10.7,91,42,4.0,274,11.6,14.7,14.6,0.0,0.0,0.0,10.0,95.0,0.0,0.0,0.0,246.0,0.0,101030.0,9.1,97,7,1.8,180,7.9,10.5,13.3,0.0
2025-02-22 03:00:00,25.2366666666667,21.6966666666667,1.2453571428571428,0.0,10.5,88,100,5.3,253,11.5,14.5,14.6,0.0,0.0,0.0,10.0,96.0,0.0,0.0,1.0,180.0,0.0,100990.0,8.8,95,96,3.1,225,7.8,10.4,13.0,0.0
2025-02-22 04:00:00,25.2266666666667,21.7033333333333,1.2485714285714287,0.0,10.4,80,100,5.2,230,11.4,14.3,14.6,0.0,0.0,0.0,9.0,95.0,0.0,0.0,0.0,173.0,0.0,100970.0,9.4,92,100,0.7,180,8.3,10.2,12.8,0.0
2025-02-22 05:00:00,25.22,21.7033333333333,1.2517857142857143,0.0,10.6,73,100,4.7,202,11.4,14.1,14.6,0.0,0.0,0.0,9.0,95.0,0.0,0.0,0.0,147.0,0.0,100980.0,10.3,87,100,0.7,360,8.2,10.1,12.6,0.0
2025-02-22 06:00:00,25.21,21.7033333333333,1.2550000000000001,0.0,11.0,76,100,3.8,220,11.3,13.9,14.6,0.0,0.0,0.0,10.0,93.0,0.0,0.0,0.0,89.0,0.0,100950.0,10.2,89,100,1.8,37,8.1,9.9,12.4,0.0
2025-02-22 07:00:00,25.2033333333333,21.7066666666667,1.2582142857142857,0.0,11.6,75,100,0.7,241,11.2,13.8,14.6,0.0,0.0,0.01,9.0,95.0,0.0,0.0,0.0,26.0,0.0,101070.0,10.8,88,100,5.1,94,9.0,10.0,12.2,0.0
2025-02-22 08:00:00,25.19,21.6633333333333,1.2614285714285716,0.0,13.5,72,100,1.5,270,11.7,13.6,14.6,0.0,0.0,0.03,11.0,91.0,2955.0,0.0,2.0,133.0,0.0,101110.0,11.2,92,100,4.2,110,11.3,10.4,12.1,0.0
2025-02-22 09:00:00,25.1366666666667,28.7366666666667,1.2646428571428572,0.0,15.5,66,100,2.8,9,12.9,13.6,14.6,0.0,0.0,0.1,14.0,89.0,15344.0,1.0,1.0,144.0,0.0,101060.0,13.5,91,100,2.5,135,15.0,11.6,12.1,0.0
2025-02-22 10:00:00,25.1533333333333,28.34,1.267857142857143,0.0,16.9,70,100,6.0,354,14.2,13.6,14.6,0.0,0.0,0.16,15.0,87.0,24912.0,1.0,0.0,24.0,0.0,101150.0,15.9,86,100,3.7,29,18.5,13.3,12.1,0.0
2025-02-22 11:00:00,25.2666666666667,27.7133333333333,1.2710714285714286,0.0,17.8,74,100,7.8,360,15.6,13.7,14.6,0.0,0.0,0.23,17.0,79.0,47820.0,3.0,1.0,174.0,0.0,101170.0,17.2,85,100,7.0,12,20.6,14.8,12.4,0.0
2025-02-22 12:00:00,25.4733333333333,27.2533333333333,1.2742857142857142,18.5,18.4,69,100,3.9,13,16.7,13.9,14.6,0.0,0.0,0.26,18.0,67.0,33574.0,3.0,1.0,150.0,0.0,101100.0,17.7,82,100,8.2,23,20.4,16.1,12.7,0.0
2025-02-22 13:00:00,25.6933333333333,26.92,1.2775,0.0,18.7,74,100,10.0,16,16.9,14.2,14.6,0.0,0.0,0.16,19.0,65.0,24619.0,2.0,2.0,139.0,0.0,101020.0,17.9,77,100,8.1,32,19.4,16.6,13.1,0.0
2025-02-22 14:00:00,25.88,26.6366666666667,1.2807142857142857,0.0,17.6,75,100,11.5,35,17.1,14.4,14.6,0.0,0.0,0.16,19.0,62.0,31301.0,2.0,2.0,266.0,0.0,100970.0,17.6,77,100,11.7,18,18.4,16.6,13.4,0.0
2025-02-22 15:00:00,26.0333333333333,26.3866666666667,1.2839285714285715,0.0,18.0,71,100,10.1,46,17.5,14.6,14.6,0.0,0.0,0.22,19.0,60.0,21604.0,1.0,3.0,5.0,0.0,100940.0,17.4,74,100,11.6,30,17.4,16.9,13.8,0.0
2025-02-22 16:00:00,26.14,26.1466666666667,1.2871428571428571,0.0,16.1,81,100,9.9,338,17.1,14.7,14.6,0.8,0.8,0.12,18.0,65.0,11426.0,1.0,2.0,32.0,0.0,100930.0,16.4,83,100,10.8,26,15.9,16.4,14.0,0.2
2025-02-22 17:00:00,26.22,25.9633333333333,1.290357142857143,0.0,15.1,93,98,4.5,89,16.0,14.8,14.6,0.6,0.6,0.03,,,,,,,,,15.6,90,100,9.8,54,15.0,15.7,14.2,0.3
2025-02-22 18:00:00,26.28,25.8266666666667,1.2935714285714286,0.0,14.4,96,97,7.9,39,15.3,14.9,14.6,0.6,0.6,0.02,17.0,68.0,10832.0,0.0,3.0,21.0,0.0,100980.0,15.0,93,100,10.5,16,14.6,15.2,14.2,1.4
2025-02-22 19:00:00,26.2933333333333,25.72,1.2967857142857144,0.0,13.9,92,100,2.4,159,14.7,14.9,14.6,1.4,1.4,0.0,15.0,91.0,739.0,0.0,4.0,24.0,0.0,101070.0,14.3,96,100,4.1,105,14.1,14.8,14.3,4.0
2025-02-22 20:00:00,26.3433333333333,26.0266666666667,1.3,0.0,13.6,92,91,3.4,213,14.2,14.8,14.6,0.4,0.4,0.0,14.0,93.0,0.0,0.0,0.0,53.0,15.0,101110.0,13.9,96,79,5.0,210,13.1,14.4,14.3,0.0
2025-02-22 21:00:00,26.5233333333333,26.86,1.3032142857142857,0.0,12.8,92,2,9.9,212,13.5,14.8,14.6,0.0,0.0,0.0,14.0,95.0,0.0,0.0,0.0,54.0,8.0,101140.0,13.4,96,53,6.6,209,12.3,13.9,14.3,0.0
2025-02-22 22:00:00,26.8,26.9066666666667,1.3064285714285715,0.0,11.9,87,10,10.1,213,12.8,14.7,14.6,0.0,0.0,0.0,14.0,95.0,0.0,0.0,1.0,170.0,0.0,101200.0,12.7,82,27,9.4,198,11.0,13.3,14.2,0.0
2025-02-22 23:00:00,27.0766666666667,26.8133333333333,1.309642857142857,0.0,11.5,83,17,10.1,223,12.2,14.5,14.6,0.2,0.2,0.01,13.0,87.0,0.0,0.0,2.0,258.0,0.0,101300.0,12.0,84,49,9.5,205,10.5,12.7,14.1,0.0
2025-02-23 00:00:00,27.2933333333333,26.71,1.312857142857143,0.0,11.1,85,21,9.7,225,11.7,14.3,14.6,0.1,0.1,0.0,12.0,87.0,0.0,0.0,1.0,222.0,0.0,101340.0,11.9,82,12,11.1,205,10.3,12.4,13.9,0.0
2025-02-23 01:00:00,27.4433333333333,26.6066666666667,1.3160714285714286,0.0,11.8,79,24,9.7,238,12.1,14.3,14.6,0.0,0.0,0.01,11.0,87.0,0.0,0.0,2.0,204.0,0.0,101350.0,11.6,81,32,11.9,209,10.1,12.0,13.8,0.0
2025-02-23 02:00:00,27.54,26.5333333333333,1.3192857142857144,0.0,11.4,80,23,9.4,243,11.7,14.1,14.6,0.0,0.0,0.01,12.0,80.0,0.0,0.0,2.0,245.0,0.0,101350.0,11.4,82,11,11.9,209,9.9,11.7,13.6,0.0
2025-02-23 03:00:00,27.6066666666667,26.4466666666667,1.3225,0.0,10.8,84,36,9.7,238,11.4,14.0,14.6,0.0,0.0,0.0,12.0,79.0,0.0,0.0,1.0,210.0,0.0,101340.0,11.0,82,15,10.9,207,9.3,11.4,13.5,0.0
2025-02-23 04:00:00,27.65,26.3866666666667,1.3257142857142858,0.0,10.9,85,25,11.0,237,11.2,13.8,14.6,0.0,0.0,0.01,12.0,79.0,0.0,0.0,1.0,210.0,0.0,101350.0,10.6,83,47,7.6,205,9.0,11.1,13.3,0.0
2025-02-23 05:00:00,27.68,26.32,1.3289285714285715,0.0,10.8,85,23,10.4,234,11.2,13.6,14.6,0.0,0.0,0.0,12.0,80.0,0.0,0.0,0.0,264.0,0.0,101370.0,10.1,85,49,5.8,202,8.7,10.8,13.1,0.0
2025-02-23 06:00:00,27.7033333333333,26.2566666666667,1.3321428571428573,0.0,10.1,92,80,6.8,185,11.0,13.5,14.6,2.5,2.5,0.0,12.0,80.0,0.0,0.0,2.0,246.0,0.0,101390.0,9.9,84,77,6.2,190,9.0,10.7,12.9,0.0
2025-02-23 07:00:00,27.71,26.21,1.335357142857143,0.0,9.9,95,72,5.9,204,10.9,13.3,14.6,0.8,0.8,0.01,12.0,79.0,0.0,0.0,2.0,251.0,0.0,101430.0,10.2,84,73,7.9,183,9.2,10.6,12.8,0.0
2025-02-23 08:00:00,27.7166666666667,26.1466666666667,1.3385714285714285,0.0,11.0,88,64,12.4,237,11.0,13.2,14.6,0.0,0.0,0.03,12.0,79.0,78.0,0.0,2.0,246.0,0.0,101450.0,11.3,82,56,6.4,196,11.5,10.8,12.6,0.0
2025-02-23 09:00:00,27.7133333333333,26.0933333333333,1.3417857142857144,0.0,12.3,83,92,2.7,191,11.8,13.1,14.6,0.5,0.5,0.07,11.0,84.0,2089.0,0.0,0.0,276.0,0.0,101540.0,13.1,82,100,5.6,140,13.7,12.0,12.6,0.0
2025-02-23 10:00:00,27.7,26.0566666666667,1.345,0.0,13.5,78,12,6.0,191,12.8,13.1,14.6,0.9,0.9,0.15,11.0,87.0,8026.0,1.0,0.0,270.0,0.0,101640.0,13.9,81,70,5.5,203,16.3,12.8,12.6,0.0
2025-02-23 11:00:00,27.6666666666667,26.02,1.3482142857142858,0.0,15.5,69,14,6.3,274,14.5,13.1,14.6,0.0,0.0,0.3,15.0,71.0,45087.0,3.0,4.0,258.0,0.0,101660.0,15.7,76,24,8.6,237,20.9,14.3,12.7,0.0
2025-02-23 12:00:00,27.63,25.91,1.3514285714285714,0.0,16.4,65,5,5.7,311,15.9,13.3,14.6,0.0,0.0,0.33,16.0,69.0,89620.0,7.0,2.0,240.0,0.0,101690.0,16.4,75,64,4.1,322,20.0,15.9,12.9,0.0
2025-02-23 13:00:00,27.6166666666667,25.8466666666667,1.3546428571428573,0.0,17.3,61,18,10.6,352,17.5,13.7,14.6,0.0,0.0,0.38,16.0,70.0,3812.0,0.0,2.0,345.0,0.0,101660.0,16.2,79,75,8.4,353,20.6,16.7,13.2,0.0
2025-02-23 14:00:00,27.5966666666667,25.7633333333333,1.3578571428571429,0.0,17.0,63,32,10.6,6,17.8,14.0,14.6,0.5,0.5,0.34,16.0,68.0,78913.0,7.0,4.0,36.0,3.0,101650.0,15.6,82,83,9.8,8,18.8,17.0,13.5,0.0
2025-02-23 15:00:00,27.57,25.6966666666667,1.3610714285714287,0.0,16.6,64,19,9.7,19,17.6,14.2,14.6,0.2,0.2,0.29,17.0,69.0,27090.0,2.0,2.0,307.0,0.0,101590.0,16.7,72,77,7.9,16,20.3,17.3,13.8,0.0
2025-02-23 16:00:00,27.5466666666667,25.6166666666667,1.3642857142857143,0.0,16.3,65,1,8.2,24,17.4,14.5,14.6,0.0,0.0,0.21,17.0,66.0,59174.0,4.0,3.0,48.0,0.0,101550.0,16.3,72,54,8.5,28,17.7,17.1,14.1,0.0
2025-02-23 17:00:00,27.53,25.5633333333333,1.3675,0.0,15.5,68,0,6.4,46,16.7,14.6,14.6,0.0,0.0,0.12,17.0,65.0,31948.0,2.0,3.0,48.0,0.0,101550.0,15.8,73,43,8.2,38,15.4,16.6,14.3,0.0
2025-02-23 18:00:00,27.52,25.5033333333333,1.3707142857142858,0.0,12.6,83,0,5.2,46,15.4,14.7,14.6,0.0,0.0,0.02,17.0,64.0,10898.0,1.0,2.0,65.0,0.0,101580.0,14.5,81,1,6.5,56,12.7,15.6,14.4,0.0
2025-02-23 19:00:00,27.52,25.48,1.3739285714285714,0.0,11.5,88,0,3.9,61,14.1,14.7,14.6,0.0,0.0,0.0,15.0,73.0,1959.0,0.0,2.0,38.0,0.0,101680.0,12.9,88,0,4.3,85,11.2,14.5,14.5,0.0
2025-02-23 20:00:00,27.52,25.46,1.3771428571428572,0.0,11.0,87,0,1.5,81,13.0,14.6,14.6,0.0,0.0,0.0,13.0,82.0,0.0,0.0,1.0,152.0,0.0,101750.0,12.2,90,11,2.3,39,10.1,13.5,14.4,0.0
2025-02-23 21:00:00,27.52,25.42,1.3803571428571428,0.0,10.5,88,8,1.1,8,12.2,14.5,14.6,0.0,0.0,0.0,12.0,89.0,0.0,0.0,0.0,102.0,0.0,101800.0,11.7,91,23,1.8,281,8.9,12.5,14.3,0.0
2025-02-23 22:00:00,27.51,25.3833333333333,1.3835714285714287,0.0,10.1,90,1,1.4,3,11.7,14.3,14.6,0.0,0.0,0.0,11.0,91.0,0.0,0.0,1.0,20.0,0.0,101860.0,10.4,96,24,2.9,277,8.8,11.8,14.1,0.0
2025-02-23 23:00:00,27.5033333333333,25.34,1.3867857142857143,0.0,9.6,90,10,2.7,315,11.2,14.1,14.6,0.0,0.0,0.0,9.0,93.0,0.0,0.0,0.0,186.0,0.0,101900.0,10.0,96,56,2.9,187,8.5,11.3,13.9,0.0
2025-02-24 00:00:00,27.4933333333333,25.3133333333333,1.3900000000000001,0.0,9.3,91,21,3.4,238,11.0,13.9,14.6,0.0,0.0,0.0,9.0,95.0,0.0,0.0,0.0,198.0,0.0,101960.0,9.2,98,57,5.1,172,8.7,11.0,13.7,0.0
2025-02-24 01:00:00,27.4766666666667,25.2866666666667,1.3932142857142857,0.0,10.0,92,18,3.5,167,11.9,13.9,14.6,0.0,0.0,0.0,10.0,95.0,0.0,0.0,0.0,210.0,0.0,102000.0,8.7,97,42,4.4,171,8.1,10.8,13.5,0.0
2025-02-24 02:00:00,27.4666666666667,25.2333333333333,1.3964285714285714,0.0,9.0,92,1,2.1,126,11.4,13.8,14.6,0.0,0.0,0.0,10.0,92.0,0.0,0.0,0.0,173.0,0.0,101950.0,8.1,98,47,2.9,210,7.4,10.4,13.3,0.0
2025-02-24 03:00:00,27.46,25.2166666666667,1.3996428571428572,0.0,8.4,92,0,1.4,79,10.9,13.6,14.6,0.0,0.0,0.0,9.0,93.0,0.0,0.0,0.0,174.0,0.0,101890.0,7.3,100,65,4.2,211,7.1,10.1,13.0,0.0
2025-02-24 04:00:00,27.45,25.17,1.4028571428571428,0.0,8.1,92,0,2.1,345,10.4,13.4,14.6,0.0,0.0,0.0,7.0,95.0,0.0,0.0,0.0,178.0,0.0,101880.0,6.9,100,59,4.3,204,6.7,9.7,12.8,0.0
2025-02-24 05:00:00,27.44,25.1566666666667,1.4060714285714286,0.0,8.2,92,9,5.1,254,10.1,13.2,14.6,0.0,0.0,0.0,8.0,95.0,0.0,0.0,0.0,204.0,0.0,101840.0,6.9,98,45,4.0,185,6.5,9.4,12.6,0.0
2025-02-24 06:00:00,27.4233333333333,25.14,1.4092857142857143,0.0,7.6,95,12,5.9,222,10.0,13.1,14.6,0.0,0.0,0.0,8.0,94.0,0.0,0.0,2.0,171.0,0.0,101820.0,6.9,97,37,4.0,185,6.3,9.2,12.4,0.0
2025-02-24 07:00:00,27.4133333333333,25.12,1.4125,0.0,6.9,97,1,4.1,226,9.7,12.9,14.6,0.0,0.0,0.01,8.0,92.0,0.0,0.0,0.0,222.0,0.0,101820.0,6.4,98,47,3.7,191,6.1,8.9,12.2,0.0
2025-02-24 08:00:00,27.4,25.0733333333333,1.4157142857142857,0.0,9.6,90,2,5.5,255,10.2,12.7,14.6,0.0,0.0,0.03,7.0,94.0,457.0,0.0,0.0,110.0,0.0,101840.0,7.5,97,23,3.1,216,9.7,9.0,11.9,0.0
2025-02-24 09:00:00,27.38,25.0533333333333,1.4189285714285715,0.0,14.0,78,2,5.8,261,11.7,12.6,14.6,0.0,0.0,0.13,9.0,93.0,5425.0,0.0,1.0,204.0,0.0,101900.0,12.3,84,4,4.5,241,16.1,10.6,11.8,0.0
2025-02-24 10:00:00,27.33,25.0333333333333,1.4221428571428572,0.0,15.9,69,15,4.2,278,13.6,12.7,14.6,0.0,0.0,0.24,12.0,85.0,26377.0,1.0,2.0,262.0,0.0,101940.0,15.2,78,4,3.5,246,19.2,12.6,11.9,0.0
2025-02-24 11:00:00,27.2866666666667,24.98,1.4253571428571428,0.0,17.3,64,10,5.0,335,15.4,12.8,14.6,0.0,0.0,0.33,15.0,79.0,49410.0,4.0,2.0,312.0,0.0,101950.0,17.1,68,4,1.3,304,20.7,14.4,12.1,0.0
2025-02-24 12:00:00,27.24,24.89,1.4285714285714286,0.0,18.0,63,78,9.3,343,16.8,13.1,14.6,0.0,0.0,0.36,16.0,71.0,69188.0,3.0,1.0,27.0,0.0,101930.0,18.2,64,35,3.6,354,22.1,15.9,12.4,0.0
2025-02-24 13:00:00,27.18,24.7633333333333,1.4317857142857142,0.0,17.4,65,90,10.9,5,17.3,13.3,14.5,0.0,0.0,0.29,19.0,57.0,76679.0,4.0,1.0,269.0,0.0,101880.0,18.6,65,55,9.0,23,22.7,17.0,12.7,0.0
2025-02-24 14:00:00,27.1433333333333,24.66,1.435,0.0,17.4,67,100,10.4,50,17.9,13.6,14.5,0.0,0.0,0.32,20.0,53.0,77574.0,7.0,1.0,186.0,0.0,101780.0,18.5,65,93,12.6,37,22.6,17.8,13.1,0.0
2025-02-24 15:00:00,27.0733333333333,24.5533333333333,1.4382142857142857,0.0,17.5,66,100,9.6,40,18.1,14.0,14.5,0.0,0.0,0.28,19.0,61.0,63050.0,5.0,2.0,78.0,0.0,101680.0,18.1,67,100,14.4,32,19.5,17.9,13.5,0.0
2025-02-24 16:00:00,27.0233333333333,24.4466666666667,1.4414285714285715,0.0,17.1,68,100,10.7,40,17.9,14.2,14.5,0.0,0.0,0.21,19.0,63.0,48336.0,3.0,3.0,78.0,0.0,101630.0,17.2,71,100,13.5,44,17.0,17.3,13.9,0.0
2025-02-24 17:00:00,26.9966666666667,24.39,1.4446428571428571,0.0,15.7,72,100,9.1,42,17.0,14.5,14.5,0.0,0.0,0.1,18.0,63.0,19002.0,1.0,4.0,7.0,0.0,101590.0,16.3,77,100,10.7,45,15.5,16.4,14.1,0.0
2025-02-24 18:00:00,26.9766666666667,24.3566666666667,1.447857142857143,0.0,13.5,84,100,4.4,44,15.9,14.6,14.6,0.0,0.0,0.02,17.0,67.0,8480.0,0.0,2.0,53.0,0.0,101530.0,15.2,81,100,6.0,17,13.5,15.7,14.2,0.0
2025-02-24 19:00:00,26.96,24.3433333333333,1.4510714285714286,0.0,12.7,87,46,1.9,55,14.5,14.6,14.6,0.0,0.0,0.0,16.0,75.0,1285.0,0.0,1.0,60.0,0.0,101530.0,13.9,87,29,2.4,27,11.7,14.6,14.3,0.0
2025-02-24 20:00:00,26.9566666666667,24.3333333333333,1.4542857142857144,0.0,12.2,88,0,1.5,80,13.4,14.6,14.6,0.0,0.0,0.0,14.0,82.0,0.0,0.0,0.0,123.0,0.0,101630.0,13.4,87,0,0.8,117,10.1,13.6,14.3,0.0
2025-02-24 21:00:00,26.95,24.3233333333333,1.4575,0.0,11.7,89,4,1.0,22,12.6,14.5,14.6,0.0,0.0,0.0,12.0,88.0,0.0,0.0,0.0,42.0,0.0,101610.0,12.8,85,0,2.0,225,9.0,12.6,14.1,0.0
2025-02-24 22:00:00,26.9433333333333,24.31,1.4607142857142856,0.0,10.9,90,0,2.2,328,11.9,14.3,14.6,0.0,0.0,0.0,11.0,89.0,0.0,0.0,0.0,144.0,0.0,101670.0,10.9,94,0,4.0,207,9.3,11.9,14.0,0.0
2025-02-24 23:00:00,26.9333333333333,24.3,1.4639285714285715,0.0,9.9,86,0,2.9,200,11.4,14.1,14.6,0.0,0.0,0.0,10.0,92.0,0.0,0.0,1.0,186.0,0.0,101710.0,9.5,96,28,4.4,189,8.7,11.5,13.8,0.0
2025-02-25 00:00:00,26.92,24.3,1.467142857142857,0.0,9.0,86,0,4.4,242,11.0,14.0,14.6,0.0,0.0,0.0,10.0,92.0,0.0,0.0,1.0,175.0,0.0,101680.0,8.8,96,34,4.5,194,8.1,11.1,13.6,0.0
2025-02-25 01:00:00,26.9066666666667,24.2866666666667,1.470357142857143,0.0,9.2,88,2,4.9,236,11.2,13.9,14.6,0.0,0.0,0.0,10.0,90.0,0.0,0.0,1.0,210.0,0.0,101660.0,8.4,95,33,4.7,203,7.6,10.6,13.4,0.0
2025-02-25 02:00:00,26.8966666666667,24.2666666666667,1.4735714285714285,0.0,8.9,87,19,6.0,251,10.9,13.7,14.6,0.0,0.0,0.0,9.0,92.0,0.0,0.0,1.0,182.0,0.0,101640.0,8.3,93,4,4.7,203,7.3,10.3,13.2,0.0
2025-02-25 03:00:00,26.8833333333333,24.2433333333333,1.4767857142857144,0.0,9.2,84,21,8.1,246,10.7,13.5,14.6,0.0,0.0,0.0,9.0,93.0,0.0,0.0,1.0,186.0,0.0,101550.0,8.1,91,4,4.7,203,7.0,9.9,13.0,0.0
2025-02-25 04:00:00,26.8666666666667,24.23,1.48,0.0,9.6,81,37,9.0,236,10.6,13.4,14.6,0.0,0.0,0.0,10.0,90.0,0.0,0.0,0.0,198.0,0.0,101510.0,8.0,91,5,4.6,198,6.8,9.6,12.7,0.0
2025-02-25 05:00:00,26.86,24.2033333333333,1.4832142857142858,0.0,9.5,80,77,8.2,232,10.4,13.2,14.6,0.0,0.0,0.0,9.0,90.0,0.0,0.0,1.0,180.0,0.0,101490.0,7.8,91,8,3.9,202,6.6,9.4,12.5,0.0
2025-02-25 06:00:00,26.8433333333333,24.19,1.4864285714285714,0.0,9.3,81,99,8.3,237,10.3,13.0,14.6,0.0,0.0,0.0,9.0,88.0,0.0,0.0,0.0,198.0,0.0,101450.0,7.7,91,5,5.2,205,6.5,9.1,12.3,0.0
2025-02-25 07:00:00,26.83,24.1733333333333,1.489642857142857,0.0,9.0,85,96,9.0,240,10.1,12.9,14.5,0.0,0.0,0.02,10.0,87.0,0.0,0.0,2.0,246.0,0.0,101450.0,7.8,91,86,4.7,212,6.6,8.9,12.1,0.0
2025-02-25 08:00:00,26.8133333333333,24.1566666666667,1.4928571428571429,0.0,11.7,78,100,10.9,234,10.7,12.7,14.5,0.0,0.0,0.05,9.0,87.0,1328.0,0.0,1.0,210.0,0.0,101490.0,9.4,88,31,4.6,219,10.4,9.2,11.9,0.0
2025-02-25 09:00:00,26.79,24.1466666666667,1.4960714285714285,0.0,15.5,70,100,9.1,239,12.2,12.7,14.5,0.0,0.0,0.15,12.0,84.0,9244.0,0.0,2.0,246.0,0.0,101500.0,14.3,81,40,6.3,239,16.7,10.9,11.8,0.0
2025-02-25 10:00:00,26.7533333333333,24.13,1.4992857142857143,0.0,18.4,57,100,13.7,247,14.0,12.8,14.5,0.0,0.0,0.28,14.0,76.0,28404.0,2.0,4.0,246.0,0.0,101500.0,17.0,71,85,11.9,245,19.5,13.0,11.9,0.0
2025-02-25 11:00:00,26.7033333333333,24.0466666666667,1.5025,0.0,19.9,49,100,14.5,252,15.7,12.9,14.5,0.0,0.0,0.38,16.0,63.0,53630.0,3.0,4.0,282.0,0.0,101510.0,18.8,63,65,14.2,249,21.2,14.8,12.1,0.0
2025-02-25 12:00:00,26.65,23.91,1.5057142857142858,0.0,20.5,47,100,12.3,262,17.1,13.2,14.5,0.0,0.0,0.43,19.0,51.0,70560.0,5.0,5.0,300.0,0.0,101480.0,20.5,53,93,14.1,251,23.5,16.3,12.4,0.0
2025-02-25 13:00:00,26.5766666666667,23.7566666666667,1.5089285714285714,0.0,21.6,44,100,10.1,260,18.3,13.5,14.5,0.0,0.0,0.43,21.0,43.0,69244.0,4.0,4.0,274.0,0.0,101400.0,21.4,46,87,13.0,268,24.0,17.6,12.8,0.0
2025-02-25 14:00:00,26.4966666666667,23.5833333333333,1.5121428571428572,0.0,21.6,47,100,11.3,286,18.8,13.9,14.5,0.0,0.0,0.36,22.0,39.0,68420.0,7.0,3.0,318.0,0.0,101280.0,21.8,44,89,15.0,287,23.4,18.5,13.2,0.0
2025-02-25 15:00:00,26.4166666666667,23.4366666666667,1.5153571428571428,0.0,20.9,49,94,10.0,326,19.1,14.2,14.5,0.0,0.0,0.34,22.0,34.0,62108.0,5.0,4.0,348.0,0.0,101200.0,21.3,43,96,16.1,312,21.3,18.8,13.7,0.0
2025-02-25 16:00:00,26.34,23.3033333333333,1.5185714285714285,0.0,20.0,47,91,9.5,338,18.9,14.5,14.5,0.0,0.0,0.26,21.0,42.0,42975.0,3.0,4.0,25.0,0.0,101180.0,20.5,38,100,13.8,313,19.5,18.7,14.1,0.0
2025-02-25 17:00:00,26.29,23.1966666666667,1.5217857142857143,0.0,18.6,64,98,1.9,328,18.2,14.8,14.5,0.0,0.0,0.12,21.0,40.0,26826.0,1.0,7.0,354.0,0.0,101190.0,19.2,44,100,7.5,305,17.0,17.9,14.4,0.0
2025-02-25 18:00:00,26.2566666666667,23.15,1.525,0.0,16.3,57,98,0.8,311,16.7,15.0,14.5,0.0,0.0,0.02,20.0,43.0,6920.0,0.0,2.0,358.0,0.0,101190.0,17.3,45,100,5.6,225,13.4,16.8,14.6,0.0
2025-02-25 19:00:00,26.2366666666667,23.1266666666667,1.5282142857142857,0.0,15.3,57,100,2.7,264,15.2,15.0,14.5,0.0,0.0,0.0,17.0,51.0,341.0,0.0,0.0,42.0,0.0,101240.0,14.8,48,100,7.9,196,12.5,15.3,14.7,0.0
2025-02-25 20:00:00,26.2266666666667,23.1366666666667,1.5314285714285714,0.0,14.6,60,100,8.2,229,14.3,15.0,14.5,0.0,0.0,0.03,15.0,63.0,0.0,0.0,0.0,186.0,0.0,101310.0,14.7,50,99,7.6,199,12.5,14.5,14.7,0.0
2025-02-25 21:00:00,26.2166666666667,23.1433333333333,1.5346428571428572,0.0,14.1,61,21,11.4,203,13.9,14.9,14.5,0.0,0.0,0.04,15.0,54.0,0.0,0.0,0.0,312.0,0.0,101340.0,14.6,51,55,7.5,197,12.3,14.2,14.6,0.0
2025-02-25 22:00:00,26.2033333333333,23.13,1.5378571428571428,0.0,13.5,65,19,9.9,211,13.6,14.8,14.5,0.0,0.0,0.03,16.0,51.0,0.0,0.0,1.0,216.0,0.0,101380.0,14.0,57,93,7.1,195,12.0,13.7,14.6,0.0
2025-02-25 23:00:00,26.1933333333333,23.1333333333333,1.5410714285714286,0.0,12.8,71,27,6.0,237,13.2,14.7,14.5,0.0,0.0,0.01,15.0,57.0,0.0,0.0,0.0,270.0,0.0,101360.0,14.0,64,95,6.9,186,12.7,13.5,14.5,0.0
2025-02-26 00:00:00,26.1833333333333,23.1233333333333,1.5442857142857143,0.0,12.8,71,84,1.8,262,12.7,14.6,14.5,0.0,0.0,0.0,14.0,65.0,0.0,0.0,0.0,48.0,0.0,101380.0,14.2,70,78,6.7,196,12.7,13.4,14.4,0.0
2025-02-26 01:00:00,26.17,23.11,1.5474999999999999,0.0,14.2,71,95,1.2,272,14.6,14.7,14.6,0.0,0.0,0.0,14.0,69.0,0.0,0.0,0.0,204.0,0.0,101390.0,13.6,77,50,6.5,186,11.7,13.2,14.3,0.0
2025-02-26 02:00:00,26.16,23.1033333333333,1.5507142857142857,0.0,13.6,76,99,4.0,236,14.1,14.6,14.6,0.2,0.2,0.0,15.0,66.0,0.0,0.0,0.0,288.0,0.0,101370.0,13.3,82,74,6.2,190,11.8,13.0,14.2,0.0
2025-02-26 03:00:00,26.1533333333333,23.1,1.5539285714285713,0.0,13.2,81,100,6.6,193,13.6,14.6,14.6,0.2,0.2,0.0,15.0,70.0,0.0,0.0,0.0,156.0,0.0,101370.0,12.9,86,100,5.8,187,11.1,12.7,14.1,0.0
2025-02-26 04:00:00,26.1333333333333,23.08,1.5571428571428572,0.0,12.8,87,100,5.6,197,13.3,14.5,14.6,0.0,0.0,0.0,16.0,72.0,0.0,0.0,2.0,285.0,0.0,101340.0,12.4,90,100,4.7,189,10.7,12.4,14.0,0.0
2025-02-26 05:00:00,26.1233333333333,23.0766666666667,1.5603571428571428,0.0,12.3,94,92,6.3,191,13.0,14.4,14.6,0.1,0.1,0.0,15.0,77.0,0.0,0.0,0.0,240.0,0.0,101350.0,12.2,90,99,2.2,180,10.7,12.2,13.8,0.0
2025-02-26 06:00:00,26.1133333333333,23.0633333333333,1.5635714285714286,0.0,11.5,96,100,5.9,173,12.7,14.3,14.6,0.1,0.1,0.0,13.0,83.0,0.0,0.0,1.0,60.0,0.0,101370.0,12.3,92,96,2.6,146,10.4,12.2,13.7,0.0
2025-02-26 07:00:00,26.1033333333333,23.0633333333333,1.5667857142857142,0.0,11.0,98,100,6.6,152,12.3,14.2,14.6,0.1,0.1,0.01,13.0,84.0,0.0,0.0,1.0,144.0,0.0,101400.0,11.7,94,64,3.5,156,10.5,12.0,13.5,0.0
2025-02-26 08:00:00,26.0866666666667,23.0566666666667,1.57,0.0,12.9,93,22,6.9,179,12.6,14.1,14.6,0.0,0.0,0.03,14.0,82.0,1345.0,0.0,2.0,164.0,0.0,101450.0,12.5,94,64,2.5,180,13.8,12.1,13.4,0.0
2025-02-26 09:00:00,26.0666666666667,23.0466666666667,1.5732142857142857,0.0,15.1,81,37,3.7,199,13.7,14.0,14.6,0.0,0.0,0.12,16.0,77.0,19808.0,1.0,0.0,118.0,0.0,101470.0,16.2,81,36,3.9,236,19.4,13.6,13.4,0.0
2025-02-26 10:00:00,26.04,23.0166666666667,1.5764285714285715,0.0,16.8,73,13,1.5,229,15.2,14.1,14.6,0.0,0.0,0.24,17.0,66.0,37915.0,2.0,0.0,258.0,0.0,101500.0,17.7,71,62,3.5,294,20.7,15.4,13.5,0.0
2025-02-26 11:00:00,26.01,22.9166666666667,1.5796428571428571,0.0,17.7,67,42,4.8,9,16.7,14.2,14.6,0.1,0.1,0.31,17.0,67.0,13810.0,2.0,2.0,42.0,0.0,101500.0,18.4,67,78,5.4,352,22.3,16.6,13.7,0.0
2025-02-26 12:00:00,25.95,22.81,1.5828571428571427,0.0,18.4,65,47,6.3,4,17.9,14.4,14.6,0.1,0.1,0.35,18.0,70.0,78849.0,5.0,3.0,65.0,0.0,101470.0,18.6,66,78,7.2,18,21.9,17.6,14.0,0.0
2025-02-26 13:00:00,25.89,22.6566666666667,1.5860714285714286,0.0,19.0,59,21,7.0,360,18.4,14.5,14.6,0.0,0.0,0.32,18.0,70.0,24466.0,3.0,2.0,42.0,0.0,101380.0,18.8,65,82,10.2,18,21.7,18.3,14.3,0.0
2025-02-26 14:00:00,25.81,22.5033333333333,1.5892857142857142,0.0,19.2,57,12,8.7,13,19.1,14.8,14.6,0.0,0.0,0.36,20.0,65.0,87669.0,6.0,3.0,44.0,0.0,101260.0,18.7,67,45,12.2,28,22.6,18.5,14.6,0.0
2025-02-26 15:00:00,25.7433333333333,22.3566666666667,1.5925,0.0,18.5,59,30,10.8,29,19.3,15.1,14.6,0.0,0.0,0.31,19.0,64.0,20850.0,2.0,4.0,39.0,0.0,101200.0,18.5,67,42,15.5,36,20.9,18.8,14.9,0.0
2025-02-26 16:00:00,25.68,22.2333333333333,1.5957142857142856,0.0,17.7,59,2,11.1,48,19.0,15.3,14.6,0.0,0.0,0.24,19.0,62.0,43338.0,2.0,5.0,38.0,0.0,101150.0,17.8,69,46,16.3,45,18.7,18.4,15.2,0.0
2025-02-26 17:00:00,25.6333333333333,22.1266666666667,1.5989285714285715,0.0,16.8,64,0,11.0,63,18.2,15.5,14.6,0.0,0.0,0.14,18.0,56.0,21459.0,1.0,3.0,36.0,0.0,101110.0,16.8,77,30,15.3,51,16.5,17.7,15.3,0.0
2025-02-26 18:00:00,25.6066666666667,22.0666666666667,1.602142857142857,0.0,14.2,77,0,6.6,61,17.0,15.6,14.6,0.0,0.0,0.03,18.0,64.0,5137.0,0.0,4.0,59.0,0.0,101120.0,15.2,81,7,9.2,42,13.6,16.6,15.4,0.0
2025-02-26 19:00:00,25.5866666666667,22.04,1.605357142857143,0.0,12.2,85,0,5.4,87,15.5,15.6,14.6,0.0,0.0,0.0,15.0,77.0,113.0,0.0,2.0,66.0,0.0,101150.0,13.7,85,20,4.4,35,12.0,15.4,15.4,0.0
2025-02-26 20:00:00,25.5733333333333,22.03,1.6085714285714285,0.0,12.1,81,2,1.9,90,14.3,15.6,14.6,0.0,0.0,0.0,14.0,85.0,0.0,0.0,2.0,84.0,0.0,101150.0,13.1,86,0,1.5,14,10.4,14.2,15.4,0.0
2025-02-26 21:00:00,25.5666666666667,22.0533333333333,1.6117857142857142,0.0,11.6,80,89,0.3,76,13.3,15.4,14.6,0.0,0.0,0.0,12.0,89.0,0.0,0.0,0.0,118.0,0.0,101160.0,12.3,87,0,3.2,270,9.3,13.2,15.2,0.0
2025-02-26 22:00:00,25.5566666666667,22.05,1.615,0.0,10.6,84,80,1.9,345,12.6,15.3,14.6,0.0,0.0,0.0,11.0,92.0,0.0,0.0,0.0,270.0,0.0,101140.0,10.1,97,25,3.5,246,9.3,12.5,15.0,0.0
2025-02-26 23:00:00,25.5433333333333,22.0466666666667,1.6182142857142856,0.0,9.8,88,98,4.8,261,12.1,15.1,14.6,0.0,0.0,0.0,10.0,92.0,0.0,0.0,0.0,252.0,0.0,101130.0,9.5,97,43,3.3,221,8.7,11.9,14.7,0.0
2025-02-27 00:00:00,25.5333333333333,22.0466666666667,1.6214285714285714,0.0,9.6,88,99,5.3,259,11.7,14.8,14.6,0.0,0.0,0.0,11.0,92.0,0.0,0.0,0.0,198.0,0.0,101080.0,9.6,94,35,3.6,186,8.5,11.6,14.5,0.0
2025-02-27 01:00:00,25.5266666666667,22.05,1.624642857142857,0.0,10.1,87,100,5.2,262,12.4,14.8,14.6,0.0,0.0,0.0,10.0,91.0,0.0,0.0,1.0,192.0,0.0,101070.0,9.6,94,70,2.7,157,9.0,11.3,14.2,0.0
2025-02-27 02:00:00,25.5133333333333,22.0333333333333,1.627857142857143,0.0,10.0,86,100,3.8,256,12.0,14.6,14.6,0.0,0.0,0.0,9.0,90.0,0.0,0.0,0.0,188.0,0.0,100990.0,9.7,94,91,2.6,164,9.4,11.2,14.0,0.0
2025-02-27 03:00:00,25.5066666666667,22.03,1.6310714285714285,0.0,9.9,86,98,4.4,281,11.5,14.4,14.6,0.0,0.0,0.0,10.0,88.0,0.0,0.0,0.0,175.0,0.0,100890.0,9.6,94,69,2.9,187,8.9,11.0,13.8,0.0
2025-02-27 04:00:00,25.4933333333333,22.0266666666667,1.6342857142857143,0.0,9.6,88,78,4.8,283,11.2,14.2,14.7,0.0,0.0,0.0,10.0,90.0,0.0,0.0,1.0,216.0,0.0,100830.0,9.3,94,70,2.2,189,8.7,10.9,13.5,0.0
2025-02-27 05:00:00,25.4833333333333,22.0333333333333,1.6375,0.0,9.8,85,100,6.6,265,11.1,14.1,14.7,0.0,0.0,0.0,9.0,91.0,0.0,0.0,1.0,151.0,0.0,100800.0,8.9,94,94,2.6,196,8.1,10.7,13.3,0.0
2025-02-27 06:00:00,25.47,22.0266666666667,1.6407142857142856,0.0,9.8,83,100,6.0,263,11.0,13.9,14.7,0.0,0.0,0.0,8.0,93.0,0.0,0.0,2.0,165.0,0.0,100840.0,8.7,96,100,3.1,201,8.4,10.4,13.1,0.0
2025-02-27 07:00:00,25.4666666666667,22.0333333333333,1.6439285714285714,0.0,9.9,82,100,5.7,260,10.8,13.7,14.6,0.0,0.0,0.02,8.0,92.0,0.0,0.0,0.0,192.0,0.0,100830.0,9.2,94,100,2.9,180,8.3,10.3,12.9,0.0
2025-02-27 08:00:00,25.4533333333333,22.0166666666667,1.647142857142857,0.0,12.2,76,99,7.1,262,11.3,13.6,14.6,0.0,0.0,0.05,9.0,92.0,4152.0,0.0,0.0,168.0,0.0,100860.0,10.5,91,89,2.2,171,11.8,10.5,12.8,0.0
2025-02-27 09:00:00,25.4433333333333,22.01,1.6503571428571429,0.0,14.9,70,98,5.2,265,12.8,13.5,14.6,0.0,0.0,0.14,12.0,87.0,12132.0,1.0,1.0,246.0,0.0,100910.0,13.9,85,83,0.7,270,17.1,12.1,12.7,0.0
2025-02-27 10:00:00,25.42,22.0033333333333,1.6535714285714285,0.0,16.9,62,100,5.9,291,14.5,13.5,14.6,0.0,0.0,0.24,15.0,70.0,45175.0,3.0,2.0,288.0,0.0,100930.0,16.3,77,89,1.1,342,19.7,13.9,12.8,0.0
2025-02-27 11:00:00,25.3733333333333,21.9566666666667,1.6567857142857143,0.0,18.6,59,100,7.4,274,16.2,13.7,14.6,0.0,0.0,0.33,17.0,63.0,50676.0,3.0,3.0,330.0,0.0,100880.0,18.0,71,41,2.3,342,21.9,15.6,13.0,0.0
2025-02-27 12:00:00,25.3333333333333,21.86,1.66,0.0,20.0,54,100,8.0,288,17.6,13.9,14.6,0.0,0.0,0.38,18.0,59.0,69284.0,6.0,1.0,347.0,0.0,100860.0,19.0,69,100,5.0,330,22.3,17.0,13.3,0.0
2025-02-27 13:00:00,25.27,21.73,1.6637499999999998,0.0,20.4,57,100,8.3,343,18.7,14.2,14.6,0.0,0.0,0.4,20.0,52.0,70283.0,6.0,1.0,54.0,0.0,100760.0,19.7,69,100,9.4,2,23.4,18.2,13.7,0.0
2025-02-27 14:00:00,25.19,21.5833333333333,1.6675,0.0,19.0,68,100,13.2,15,19.0,14.5,14.6,0.0,0.0,0.29,20.0,64.0,62173.0,5.0,4.0,42.0,0.0,100650.0,18.8,72,100,13.2,17,21.6,18.7,14.1,0.0
2025-02-27 15:00:00,25.1133333333333,21.44,1.67125,0.0,17.4,72,100,12.2,32,18.9,14.8,14.6,0.0,0.0,0.23,19.0,68.0,46341.0,2.0,5.0,21.0,0.0,100600.0,17.9,73,100,14.6,20,19.7,18.3,14.4,0.0
2025-02-27 16:00:00,25.0633333333333,21.3266666666667,1.6749999999999998,0.0,16.8,75,100,10.3,32,18.4,15.0,14.6,0.0,0.0,0.17,17.0,71.0,24127.0,1.0,3.0,18.0,0.0,100560.0,17.1,75,100,13.6,22,17.7,18.0,14.7,0.0
2025-02-27 17:00:00,25.0266666666667,21.27,1.67875,0.0,15.6,79,100,10.9,31,17.7,15.2,14.6,0.0,0.0,0.1,17.0,74.0,17007.0,1.0,3.0,54.0,0.0,100540.0,16.2,79,100,10.6,24,15.9,17.1,14.9,0.0
2025-02-27 18:00:00,25.0033333333333,21.2033333333333,1.6824999999999999,0.0,13.8,89,100,3.3,43,16.5,15.3,14.6,0.0,0.0,0.02,16.0,70.0,5256.0,0.0,3.0,48.0,0.0,100560.0,15.2,85,100,7.8,22,13.9,16.3,15.1,0.0
2025-02-27 19:00:00,24.99,21.1733333333333,1.68625,0.0,12.8,92,100,3.2,44,15.3,15.3,14.7,0.0,0.0,0.0,14.0,84.0,0.0,0.0,2.0,48.0,0.0,100600.0,13.9,93,100,4.0,27,12.5,15.2,15.1,0.0
2025-02-27 20:00:00,24.98,21.1733333333333,1.69,0.0,12.5,94,100,1.0,46,14.2,15.3,14.7,0.0,0.0,0.0,13.0,87.0,0.0,0.0,0.0,175.0,0.0,100650.0,13.3,93,87,1.3,34,11.1,14.3,15.0,0.0
2025-02-27 21:00:00,24.9766666666667,21.1733333333333,1.6937499999999999,0.0,12.2,94,100,1.1,46,13.4,15.2,14.7,0.0,0.0,0.0,12.0,89.0,0.0,0.0,0.0,170.0,0.0,100650.0,12.9,93,100,0.5,135,10.0,13.4,14.9,0.0
2025-02-27 22:00:00,24.97,21.1733333333333,1.6975,0.0,11.8,95,100,1.1,4,12.8,15.0,14.7,0.0,0.0,0.0,11.0,91.0,0.0,0.0,0.0,184.0,0.0,100650.0,12.4,95,98,1.3,124,9.6,12.7,14.7,0.0
2025-02-27 23:00:00,24.96,21.17,1.70125,0.0,11.0,97,100,1.8,342,12.3,14.9,14.7,0.0,0.0,0.0,10.0,93.0,0.0,0.0,0.0,176.0,0.0,100650.0,11.8,97,100,1.9,248,9.7,12.3,14.5,0.0
2025-02-28 00:00:00,24.9533333333333,21.17,1.7049999999999998,0.0,10.5,96,100,2.9,243,11.9,14.7,14.7,0.0,0.0,0.0,10.0,93.0,0.0,0.0,0.0,168.0,0.0,100580.0,10.7,100,100,1.8,217,8.2,11.6,14.3,0.0
2025-02-28 01:00:00,24.9466666666667,21.17,1.70875,0.0,10.0,96,100,3.1,325,12.0,14.6,14.7,0.0,0.0,0.0,10.0,95.0,0.0,0.0,0.0,228.0,0.0,100520.0,10.6,100,100,3.1,216,8.7,11.2,14.1,0.0
2025-02-28 02:00:00,24.9366666666667,21.1766666666667,1.7125,0.0,9.8,96,100,2.6,257,11.7,14.5,14.7,0.0,0.0,0.0,10.0,96.0,0.0,0.0,0.0,204.0,0.0,100450.0,10.3,99,100,3.7,259,10.0,11.2,13.8,0.0
2025-02-28 03:00:00,24.93,21.1766666666667,1.7162499999999998,0.0,10.4,94,100,3.8,280,11.7,14.3,14.7,0.0,0.0,0.0,10.0,96.0,0.0,0.0,0.0,270.0,0.0,100340.0,10.3,100,100,4.3,175,9.9,11.4,13.7,0.0
2025-02-28 04:00:00,24.9266666666667,21.18,1.72,0.0,10.0,97,99,3.2,287,11.7,14.2,14.7,0.0,0.0,0.0,11.0,96.0,0.0,0.0,2.0,161.0,0.0,100330.0,10.2,100,100,3.4,162,9.8,11.4,13.5,0.0
2025-02-28 05:00:00,24.9166666666667,21.18,1.72375,0.0,9.0,98,14,2.0,68,11.5,14.0,14.7,0.0,0.0,0.0,11.0,97.0,0.0,0.0,0.0,222.0,0.0,100230.0,10.5,99,100,3.1,144,10.3,11.4,13.3,0.0
2025-02-28 06:00:00,24.91,21.1766666666667,1.7275,0.0,8.6,99,13,2.8,70,11.0,13.8,14.7,0.0,0.0,0.0,10.0,96.0,0.0,0.0,0.0,307.0,0.0,100170.0,10.6,100,99,1.8,143,9.8,11.3,13.2,0.0
2025-02-28 07:00:00,24.91,21.18,1.73125,0.0,9.2,96,68,5.5,64,10.7,13.7,14.7,0.0,0.0,0.01,10.0,97.0,0.0,0.0,0.0,186.0,0.0,100190.0,10.2,100,82,2.5,225,9.4,11.1,13.1,0.0
2025-02-28 08:00:00,24.9033333333333,21.18,1.7349999999999999,0.0,11.9,91,100,7.7,45,11.4,13.5,14.7,0.0,0.0,0.04,11.0,97.0,5722.0,0.0,0.0,204.0,0.0,100210.0,10.8,100,100,3.6,270,13.3,11.3,12.9,0.0
2025-02-28 09:00:00,24.8933333333333,21.1833333333333,1.73875,0.0,14.1,85,94,6.8,22,12.8,13.5,14.7,0.0,0.0,0.13,13.0,92.0,14181.0,1.0,2.0,264.0,0.0,100210.0,13.1,97,100,3.2,270,16.5,12.4,12.9,0.0
2025-02-28 10:00:00,24.88,21.1733333333333,1.7425,0.0,16.1,76,89,9.5,19,14.5,13.5,14.7,0.0,0.0,0.24,14.0,86.0,43919.0,2.0,0.0,222.0,0.0,100170.0,15.6,83,100,7.9,51,17.0,13.8,13.0,0.0
2025-02-28 11:00:00,24.8433333333333,21.15,1.7462499999999999,0.0,17.9,64,31,11.1,17,16.1,13.6,14.7,0.0,0.0,0.33,16.0,77.0,71615.0,5.0,2.0,48.0,0.0,100130.0,17.4,75,100,8.4,40,21.2,15.0,13.1,0.0
2025-02-28 12:00:00,24.7866666666667,21.0633333333333,1.75,0.0,19.1,55,56,12.8,22,17.6,13.9,14.7,0.0,0.0,0.41,19.0,65.0,80835.0,5.0,0.0,180.0,0.0,100040.0,18.6,70,100,9.0,355,22.6,16.7,13.4,0.0
2025-02-28 13:00:00,24.71,20.9333333333333,1.75375,0.0,18.1,69,100,8.9,16,18.3,14.2,14.7,0.0,0.0,0.34,18.0,67.0,42621.0,3.0,3.0,356.0,0.0,99940.0,18.6,66,100,14.5,19,21.7,17.5,13.7,0.0
2025-02-28 14:00:00,24.6566666666667,20.8166666666667,1.7574999999999998,0.0,17.8,71,100,8.1,341,18.5,14.5,14.7,0.0,0.0,0.25,,,,,,,,,18.2,69,100,13.4,36,20.5,17.8,14.0,0.0
2025-02-28 15:00:00,24.6133333333333,20.7033333333333,1.76125,0.0,18.1,69,100,8.8,288,18.2,14.7,14.7,0.0,0.0,0.17,17.0,71.0,35227.0,2.0,4.0,18.0,0.0,99840.0,17.2,76,100,13.8,20,18.4,17.3,14.3,0.0
2025-02-28 16:00:00,24.58,20.6233333333333,1.765,0.0,18.1,70,99,7.7,303,17.8,14.9,14.7,0.0,0.0,0.12,17.0,74.0,32132.0,2.0,3.0,27.0,0.0,99790.0,16.6,80,100,14.7,25,17.1,17.0,14.5,0.0
2025-02-28 17:00:00,24.56,20.54,1.76875,0.0,17.0,77,99,10.6,304,17.4,15.1,14.7,0.0,0.0,0.09,17.0,75.0,33681.0,2.0,4.0,42.0,0.0,99820.0,15.7,86,100,3.8,287,15.6,16.4,14.6,0.1
2025-02-28 18:00:00,24.5466666666667,20.5033333333333,1.7725,0.0,14.7,88,100,7.7,261,16.4,15.2,14.7,0.5,0.5,0.03,16.0,81.0,5634.0,0.0,2.0,0.0,0.0,99870.0,14.9,92,100,4.0,333,14.2,15.7,14.7,0.4
2025-02-28 19:00:00,24.54,20.5,1.7762499999999999,0.0,14.4,87,100,8.0,223,15.4,15.2,14.7,0.2,0.2,0.0,16.0,80.0,1972.0,0.0,3.0,24.0,0.0,99880.0,14.1,94,100,6.6,229,13.9,15.1,14.8,0.0
2025-02-28 20:00:00,24.5,20.4766666666667,1.78,0.0,13.6,89,100,7.0,230,14.6,15.2,14.7,0.1,0.1,0.0,16.0,83.0,0.0,0.0,3.0,341.0,0.0,99980.0,13.8,95,100,5.2,245,13.5,14.6,14.8,0.0
2025-02-28 21:00:00,24.5,20.46,1.78375,0.0,13.4,88,98,8.5,229,14.0,15.1,14.7,0.0,0.0,0.0,13.0,92.0,0.0,0.0,0.0,228.0,38.0,100010.0,13.4,96,100,3.6,225,13.1,14.2,14.7,0.0
2025-02-28 22:00:00,24.4933333333333,20.4366666666667,1.7874999999999999,0.0,11.8,90,84,4.5,230,13.3,15.0,14.7,0.0,0.0,0.0,14.0,91.0,0.0,0.0,4.0,264.0,0.0,99990.0,13.1,97,100,3.6,180,12.7,13.9,14.6,0.0
2025-02-28 23:00:00,24.49,20.43,1.79125,0.0,10.8,91,90,4.0,233,12.5,14.9,14.7,0.0,0.0,0.0,13.0,88.0,0.0,0.0,2.0,246.0,0.0,100050.0,13.0,96,100,2.9,187,12.4,13.6,14.5,0.0
2025-03-01 00:00:00,24.48,20.42,1.795,0.0,10.2,93,98,3.9,252,11.8,14.7,14.7,0.0,0.0,0.0,13.0,85.0,0.0,0.0,2.0,239.0,0.0,100030.0,12.9,96,100,4.3,246,12.3,13.4,14.4,0.0
2025-03-01 01:00:00,24.4766666666667,20.41,1.7987499999999998,0.0,11.7,89,98,4.1,212,13.0,14.9,14.7,0.0,0.0,0.0,13.0,86.0,0.0,0.0,3.0,282.0,0.0,100030.0,12.7,96,100,5.6,220,12.1,13.2,14.3,0.0
2025-03-01 02:00:00,24.47,20.3933333333333,1.8025,0.0,11.8,90,97,3.5,235,12.8,14.8,14.7,0.0,0.0,0.0,12.0,87.0,0.0,0.0,1.0,186.0,1.0,99980.0,12.6,95,88,3.9,202,12.0,13.1,14.2,0.0
2025-03-01 03:00:00,24.47,20.38,1.80625,0.0,10.5,93,71,6.4,249,12.1,14.6,14.7,0.0,0.0,0.0,11.0,91.0,0.0,0.0,0.0,246.0,0.0,99950.0,11.5,96,28,3.6,217,10.1,12.6,14.1,0.0
2025-03-01 04:00:00,24.4633333333333,20.38,1.81,0.0,9.4,94,36,6.2,249,11.5,14.4,14.7,0.0,0.0,0.0,10.0,91.0,0.0,0.0,0.0,198.0,0.0,99850.0,10.8,94,43,3.8,221,9.3,12.1,14.0,0.0
2025-03-01 05:00:00,24.46,20.3733333333333,1.81375,0.0,8.7,93,14,7.2,242,10.9,14.2,14.7,0.0,0.0,0.0,10.0,92.0,0.0,0.0,1.0,180.0,0.0,99790.0,10.1,92,5,3.7,209,8.5,11.5,13.8,0.0
2025-03-01 06:00:00,24.4566666666667,20.38,1.8175,0.0,9.0,86,9,9.5,229,10.5,14.0,14.7,0.0,0.0,0.0,10.0,91.0,0.0,0.0,0.0,180.0,0.0,99810.0,9.3,90,1,4.8,207,8.1,11.0,13.6,0.0
2025-03-01 07:00:00,24.4433333333333,20.38,1.82125,0.0,9.2,81,0,11.9,232,10.1,13.8,14.7,0.0,0.0,0.03,10.0,90.0,0.0,0.0,2.0,240.0,0.0,99800.0,9.0,88,2,4.2,200,7.9,10.6,13.4,0.0
2025-03-01 08:00:00,24.4366666666667,20.3766666666667,1.825,0.0,11.6,74,86,21.2,236,10.5,13.6,14.7,0.0,0.0,0.07,9.0,91.0,301.0,0.0,1.0,222.0,0.0,99830.0,10.6,87,43,4.9,197,11.7,10.6,13.2,0.0
2025-03-01 09:00:00,24.43,20.3766666666667,1.8287499999999999,0.0,13.0,79,96,16.8,244,11.6,13.4,14.7,0.2,0.2,0.1,10.0,90.0,6044.0,0.0,2.0,240.0,0.0,99900.0,13.5,86,46,6.4,223,15.9,11.8,13.0,0.0
2025-03-01 10:00:00,24.41,20.3533333333333,1.8325,0.0,13.3,79,100,15.4,245,12.4,13.4,14.7,0.5,0.5,0.12,12.0,85.0,9727.0,1.0,3.0,258.0,0.0,99990.0,15.1,79,51,12.7,245,16.9,13.2,13.0,0.0
2025-03-01 11:00:00,24.3866666666667,20.32,1.83625,0.0,13.2,78,100,14.4,236,12.7,13.3,14.7,0.2,0.2,0.1,14.0,75.0,24828.0,1.0,3.0,244.0,0.0,100020.0,15.9,73,72,16.1,260,16.9,14.2,13.1,0.0
2025-03-01 12:00:00,24.3466666666667,20.2533333333333,1.8399999999999999,0.0,14.8,64,100,15.1,254,13.6,13.4,14.7,0.0,0.0,0.2,15.0,72.0,69162.0,4.0,4.0,258.0,0.0,100020.0,16.4,68,69,18.1,264,17.9,15.1,13.3,0.0
2025-03-01 13:00:00,24.3266666666667,20.23,1.84375,0.0,15.3,69,93,6.6,262,15.7,14.0,14.7,0.2,0.2,0.17,13.0,90.0,7102.0,0.0,3.0,343.0,0.0,100040.0,16.7,64,72,17.7,275,18.0,15.6,13.5,0.0
2025-03-01 14:00:00,24.3133333333333,20.1766666666667,1.8475,0.0,15.9,60,66,10.6,289,16.0,14.1,14.7,0.0,0.0,0.21,15.0,83.0,42868.0,3.0,3.0,330.0,2.0,100000.0,16.2,67,71,15.7,286,17.0,15.8,13.7,0.0
2025-03-01 15:00:00,24.3033333333333,20.1466666666667,1.85125,0.0,16.3,60,50,13.2,297,16.5,14.2,14.7,0.0,0.0,0.25,14.0,84.0,18796.0,1.0,0.0,264.0,2.0,99990.0,15.4,72,98,13.7,305,15.2,15.8,13.9,0.0
2025-03-01 16:00:00,24.29,20.1366666666667,1.855,0.0,15.2,67,34,12.1,305,16.4,14.4,14.7,0.2,0.2,0.19,14.0,81.0,8925.0,0.0,1.0,326.0,1.0,99960.0,15.0,77,91,9.4,317,15.3,15.6,14.0,0.0
2025-03-01 17:00:00,24.28,20.1133333333333,1.85875,0.0,14.5,70,32,6.4,330,16.0,14.5,14.7,0.0,0.0,0.11,14.0,87.0,5115.0,0.0,2.0,89.0,0.0,99980.0,14.4,83,100,8.5,324,14.4,15.1,14.2,0.0
2025-03-01 18:00:00,24.28,20.0933333333333,1.8625,0.0,12.6,81,37,1.0,2,15.0,14.6,14.7,0.0,0.0,0.02,13.0,92.0,6172.0,0.0,0.0,103.0,8.0,100040.0,13.6,87,98,6.2,324,13.2,14.7,14.3,0.0
2025-03-01 19:00:00,24.28,20.0866666666667,1.86625,0.0,11.8,85,84,2.6,140,14.1,14.6,14.7,0.0,0.0,0.0,13.0,87.0,2242.0,0.0,0.0,355.0,0.0,100130.0,13.4,88,97,1.3,214,12.9,14.1,14.3,0.0
2025-03-01 20:00:00,24.28,20.0833333333333,1.8699999999999999,0.0,11.6,86,100,3.8,165,13.6,14.5,14.7,0.0,0.0,0.0,13.0,90.0,0.0,0.0,0.0,162.0,0.0,100210.0,13.2,89,94,1.0,135,12.6,13.8,14.2,0.0
2025-03-01 21:00:00,24.28,20.08,1.87375,0.0,10.9,89,100,4.5,202,13.1,14.5,14.7,0.0,0.0,0.0,12.0,93.0,0.0,0.0,0.0,139.0,0.0,100280.0,12.5,92,84,2.6,164,11.9,13.3,14.2,0.0
2025-03-01 22:00:00,24.28,20.0733333333333,1.8775,0.0,10.9,87,97,3.6,230,12.8,14.4,14.7,0.0,0.0,0.0,12.0,94.0,0.0,0.0,0.0,186.0,0.0,100280.0,12.0,91,61,3.8,221,10.9,13.0,14.1,0.0
2025-03-01 23:00:00,24.28,20.0633333333333,1.8812499999999999,0.0,10.7,86,49,3.6,252,12.4,14.3,14.7,0.0,0.0,0.0,11.0,95.0,0.0,0.0,0.0,174.0,0.0,100330.0,11.2,92,47,4.2,239,9.9,12.5,14.0,0.0
2025-03-02 00:00:00,24.28,20.0566666666667,1.885,0.0,10.0,87,43,4.5,231,11.9,14.1,14.7,0.0,0.0,0.0,11.0,95.0,0.0,0.0,0.0,166.0,0.0,100310.0,10.1,92,27,4.1,195,8.8,11.7,13.7,0.0
2025-03-02 01:00:00,24.28,20.05,1.88875,0.0,10.5,79,3,0.9,261,11.9,14.2,14.7,0.0,0.0,0.0,9.0,96.0,0.0,0.0,0.0,172.0,0.0,100290.0,9.5,92,13,4.2,200,8.4,11.2,13.6,0.0
2025-03-02 02:00:00,24.2766666666667,20.04,1.8925,0.0,10.2,79,6,1.0,308,11.3,14.0,14.7,0.0,0.0,0.0,8.0,96.0,0.0,0.0,0.0,173.0,0.0,100280.0,9.0,92,18,4.5,209,8.0,10.8,13.4,0.0
2025-03-02 03:00:00,24.27,20.0366666666667,1.89625,0.0,9.4,83,5,3.1,256,10.8,13.8,14.7,0.0,0.0,0.0,8.0,96.0,0.0,0.0,0.0,171.0,0.0,100230.0,8.6,92,4,4.5,209,7.6,10.4,13.2,0.0
2025-03-02 04:00:00,24.27,20.0433333333333,1.9,0.0,8.6,85,1,2.9,252,10.3,13.6,14.7,0.0,0.0,0.0,7.0,95.0,0.0,0.0,0.0,179.0,0.0,100230.0,8.2,92,3,3.8,197,7.1,10.0,13.0,0.0
2025-03-02 05:00:00,24.26,20.0266666666667,1.90375,0.0,7.8,87,0,2.2,270,9.9,13.4,14.7,0.0,0.0,0.0,7.0,95.0,0.0,0.0,0.0,210.0,0.0,100210.0,7.5,94,35,3.4,198,6.6,9.7,12.8,0.0
2025-03-02 06:00:00,24.27,20.0333333333333,1.9075,0.0,7.1,90,52,2.2,293,9.6,13.2,14.7,0.0,0.0,0.0,7.0,96.0,0.0,0.0,0.0,180.0,0.0,100190.0,6.9,96,90,3.3,193,6.2,9.2,12.5,0.0
2025-03-02 07:00:00,24.26,20.0266666666667,1.91125,0.0,7.3,90,100,1.7,53,9.3,13.0,14.7,0.0,0.0,0.01,6.0,94.0,0.0,0.0,0.0,84.0,0.0,100200.0,6.8,95,100,2.9,187,6.4,8.9,12.3,0.0
2025-03-02 08:00:00,24.2566666666667,20.0166666666667,1.915,0.0,11.1,80,100,1.5,59,10.1,12.8,14.7,0.0,0.0,0.04,5.0,96.0,986.0,0.0,0.0,176.0,0.0,100200.0,8.1,94,100,2.5,180,9.9,9.1,12.1,0.0
2025-03-02 09:00:00,24.25,20.02,1.91875,0.0,14.1,74,100,4.1,355,11.7,12.8,14.7,0.0,0.0,0.13,8.0,96.0,10472.0,1.0,0.0,186.0,0.0,100280.0,11.6,92,100,0.8,207,14.1,10.3,11.9,0.0
2025-03-02 10:00:00,24.2433333333333,20.02,1.9224999999999999,0.0,16.2,65,100,5.9,354,13.5,12.8,14.7,0.0,0.0,0.23,11.0,92.0,34069.0,2.0,0.0,228.0,0.0,100320.0,14.0,77,100,1.5,14,16.9,11.9,11.9,0.0
2025-03-02 11:00:00,24.23,20.01,1.92625,0.0,17.8,56,99,8.1,5,15.1,12.9,14.7,0.0,0.0,0.3,13.0,82.0,46053.0,4.0,0.0,170.0,0.0,100310.0,15.9,72,100,5.9,47,18.9,13.5,12.1,0.0
2025-03-02 12:00:00,24.2,19.9966666666667,1.93,0.0,19.3,52,100,7.0,5,16.5,13.1,14.7,0.0,0.0,0.36,17.0,63.0,37552.0,4.0,0.0,107.0,0.0,100260.0,16.9,69,100,10.6,35,20.0,14.9,12.3,0.0
2025-03-02 13:00:00,24.165,19.94,1.93375,0.0,18.9,55,100,13.9,25,17.2,13.5,14.7,0.0,0.0,0.34,17.0,65.0,45812.0,4.0,2.0,30.0,0.0,100220.0,17.8,67,100,14.1,32,19.9,16.0,12.6,0.0
2025-03-02 14:00:00,24.1366666666667,19.8566666666667,1.9375,0.0,17.9,56,99,19.1,34,17.6,13.8,14.7,0.0,0.0,0.32,17.0,69.0,50049.0,4.0,5.0,13.0,0.0,100100.0,17.7,64,61,18.3,32,19.6,16.5,13.0,0.0
2025-03-02 15:00:00,24.0933333333333,19.7966666666667,1.94125,0.0,17.8,59,87,18.1,45,17.9,14.1,14.7,0.0,0.0,0.3,18.0,63.0,66672.0,6.0,2.0,90.0,0.0,100020.0,17.4,67,39,21.8,39,18.5,16.5,13.3,0.0
2025-03-02 16:00:00,24.05,19.7266666666667,1.945,0.0,17.0,63,57,17.3,58,17.5,14.3,14.7,0.0,0.0,0.21,18.0,64.0,55123.0,4.0,4.0,32.0,0.0,99980.0,17.2,69,21,21.4,48,17.2,16.4,13.6,0.0
2025-03-02 17:00:00,24.02,19.6966666666667,1.94875,0.0,16.3,68,2,15.9,67,17.0,14.5,14.7,0.0,0.0,0.13,18.0,65.0,23680.0,1.0,4.0,42.0,0.0,99960.0,16.6,79,34,15.5,54,15.9,16.0,13.8,0.0
2025-03-02 18:00:00,24.02,19.69,1.9525,0.0,14.7,79,23,8.1,69,16.1,14.6,14.7,0.0,0.0,0.04,17.0,67.0,6572.0,0.0,5.0,66.0,0.0,99950.0,15.7,83,66,11.5,39,14.0,15.5,14.0,0.0
2025-03-02 19:00:00,24.02,19.69,1.95625,0.0,13.0,89,83,5.3,40,14.9,14.7,14.7,0.0,0.0,0.0,15.0,79.0,1202.0,0.0,2.0,66.0,0.0,100020.0,14.4,93,45,7.4,23,12.8,14.6,14.1,0.0
2025-03-02 20:00:00,24.02,19.7033333333333,1.96,0.0,13.0,95,100,3.2,24,14.0,14.7,14.7,0.0,0.0,0.0,14.0,88.0,0.0,0.0,2.0,18.0,0.0,100080.0,14.0,95,100,5.4,8,12.7,14.0,14.1,0.0
2025-03-02 21:00:00,24.02,19.6966666666667,1.9637499999999999,0.0,12.6,98,100,2.2,35,13.3,14.6,14.7,0.0,0.0,0.0,13.0,92.0,0.0,0.0,0.0,181.0,0.0,100110.0,13.9,95,96,2.9,300,12.7,13.6,14.0,0.0
2025-03-02 22:00:00,24.02,19.6966666666667,1.9675,0.0,13.0,97,97,0.8,17,13.0,14.5,14.7,0.0,0.0,0.0,13.0,93.0,0.0,0.0,0.0,240.0,0.0,100130.0,13.5,95,99,3.2,270,11.9,13.3,14.0,0.0
2025-03-02 23:00:00,24.02,19.71,1.97125,0.0,12.5,97,100,5.0,290,12.8,14.4,14.7,0.0,0.0,0.0,14.0,92.0,0.0,0.0,2.0,228.0,0.0,100130.0,12.9,97,100,5.8,240,12.3,13.1,13.9,0.0
2025-03-03 00:00:00,24.02,19.72,1.975,0.0,12.6,96,100,10.5,266,12.9,14.3,14.7,0.0,0.0,0.0,14.0,91.0,0.0,0.0,0.0,264.0,0.0,100100.0,13.2,99,100,4.2,239,13.0,13.0,13.8,0.0
2025-03-03 01:00:00,24.02,19.71,1.97875,0.0,13.2,98,100,9.6,259,14.0,14.4,14.7,0.0,0.0,0.0,14.0,88.0,0.0,0.0,3.0,252.0,0.0,100080.0,13.1,99,100,4.2,239,12.4,13.0,13.8,0.0
2025-03-03 02:00:00,24.0266666666667,19.71,1.9825,0.0,13.0,96,100,10.2,257,13.7,14.4,14.7,0.0,0.0,0.0,14.0,92.0,0.0,0.0,2.0,246.0,0.0,100040.0,13.0,99,100,4.4,215,12.3,13.0,13.7,0.0
2025-03-03 03:00:00,24.03,19.7266666666667,1.98625,0.0,13.1,96,100,8.7,252,13.6,14.4,14.7,0.0,0.0,0.0,13.0,95.0,0.0,0.0,0.0,258.0,0.0,100020.0,12.4,99,100,4.5,209,11.7,12.9,13.7,0.0
2025-03-03 04:00:00,24.03,19.74,1.99,0.0,12.6,92,100,6.3,244,13.4,14.3,14.7,0.0,0.0,0.0,12.0,96.0,0.0,0.0,0.0,204.0,0.0,100010.0,12.4,99,100,4.3,204,11.8,12.7,13.6,0.0
2025-03-03 05:00:00,24.0333333333333,19.7333333333333,1.99375,0.0,11.9,85,100,5.9,242,13.1,14.3,14.7,0.0,0.0,0.0,11.0,96.0,0.0,0.0,0.0,252.0,0.0,100020.0,12.1,98,100,4.5,194,11.2,12.5,13.5,0.0
2025-03-03 06:00:00,24.04,19.7433333333333,1.9975,0.0,11.4,82,99,5.4,256,12.8,14.2,14.7,0.0,0.0,0.0,12.0,96.0,0.0,0.0,0.0,186.0,0.0,100030.0,12.1,100,100,4.0,180,11.8,12.5,13.5,0.0
2025-03-03 07:00:00,24.0333333333333,19.74,2.00125,0.0,11.6,82,95,5.2,261,12.6,14.1,14.7,0.0,0.0,0.02,11.0,96.0,0.0,0.0,0.0,186.0,0.0,100080.0,11.6,98,97,4.3,175,11.1,12.3,13.4,0.0
2025-03-03 08:00:00,24.03,19.7333333333333,2.005,0.0,13.3,84,79,6.5,264,13.0,14.0,14.7,0.0,0.0,0.04,11.0,97.0,1931.0,0.0,0.0,282.0,0.0,100110.0,12.9,96,63,3.6,180,14.2,12.5,13.3,0.0
2025-03-03 09:00:00,24.0266666666667,19.73,2.00875,0.0,15.1,88,69,5.7,302,14.0,14.0,14.7,0.0,0.0,0.11,13.0,97.0,11311.0,1.0,0.0,353.0,0.0,100180.0,15.9,90,52,3.1,216,18.7,13.8,13.3,0.0
2025-03-03 10:00:00,24.01,19.7233333333333,2.0125,0.0,17.4,77,37,7.1,333,15.7,14.1,14.7,0.0,0.0,0.26,16.0,85.0,33592.0,2.0,3.0,317.0,0.0,100220.0,17.9,83,52,5.5,259,21.0,15.4,13.5,0.0
2025-03-03 11:00:00,23.9833333333333,19.6966666666667,2.01625,0.0,19.6,66,22,8.0,345,17.3,14.2,14.7,0.0,0.0,0.36,18.0,76.0,57456.0,3.0,3.0,287.0,0.0,100210.0,19.5,72,36,6.5,251,22.7,16.8,13.7,0.0
2025-03-03 12:00:00,23.9166666666667,19.6366666666667,2.02,0.0,20.4,64,20,12.1,352,18.8,14.5,14.7,0.0,0.0,0.42,19.0,65.0,73988.0,4.0,1.0,333.0,0.0,100160.0,20.4,64,33,7.5,287,23.5,18.1,14.0,0.0
2025-03-03 13:00:00,23.8466666666667,19.5566666666667,2.02375,0.0,20.5,65,30,9.3,7,19.9,14.7,14.7,0.0,0.0,0.44,21.0,55.0,80560.0,6.0,2.0,345.0,0.0,100080.0,21.1,62,16,6.6,319,24.5,19.0,14.4,0.0
2025-03-03 14:00:00,23.78,19.4666666666667,2.0275,0.0,20.5,65,34,10.1,25,20.5,15.1,14.7,0.0,0.0,0.41,21.0,63.0,77118.0,6.0,3.0,56.0,0.0,99970.0,19.7,76,98,13.7,357,22.1,19.6,14.8,0.0
2025-03-03 15:00:00,23.72,19.3866666666667,2.03125,0.0,19.6,67,5,12.3,40,20.6,15.4,14.7,0.0,0.0,0.32,20.0,68.0,74604.0,5.0,4.0,19.0,0.0,99890.0,19.2,75,100,15.0,17,20.9,19.5,15.1,0.0
2025-03-03 16:00:00,23.68,19.3366666666667,2.035,0.0,18.6,68,13,12.1,31,20.2,15.7,14.7,0.0,0.0,0.25,19.0,72.0,48329.0,3.0,4.0,48.0,0.0,99890.0,18.1,79,100,13.8,28,18.4,18.8,15.4,0.0
2025-03-03 17:00:00,23.67,19.28,2.03875,0.0,17.4,71,39,8.1,27,19.3,16.0,14.7,0.0,0.0,0.13,18.0,73.0,22521.0,1.0,4.0,30.0,0.0,99870.0,17.3,82,100,10.7,42,17.1,18.0,15.6,0.0
2025-03-03 18:00:00,23.66,19.26,2.0425,0.0,15.5,81,51,1.9,43,18.0,16.1,14.7,0.0,0.0,0.03,18.0,75.0,9728.0,0.0,3.0,54.0,0.0,99900.0,16.3,89,100,7.5,35,15.2,17.2,15.7,0.0
2025-03-03 19:00:00,23.6666666666667,19.23,2.04625,0.0,14.4,85,100,3.1,63,16.6,16.1,14.7,0.0,0.0,0.0,16.0,79.0,614.0,0.0,1.0,42.0,0.0,99950.0,15.3,92,74,2.5,360,13.9,16.3,15.7,0.0
2025-03-03 20:00:00,23.67,19.2366666666667,2.05,0.0,14.3,86,99,5.2,58,15.9,16.1,14.7,0.0,0.0,0.0,15.0,82.0,0.0,0.0,1.0,36.0,0.0,99960.0,14.3,95,73,3.7,11,13.1,15.4,15.7,0.0
2025-03-03 21:00:00,23.6733333333333,19.2533333333333,2.05375,0.0,14.8,75,90,5.8,66,15.4,16.1,14.8,0.0,0.0,0.0,15.0,89.0,0.0,0.0,1.0,352.0,0.0,100020.0,14.2,94,91,3.2,360,12.4,14.8,15.7,0.0
2025-03-03 22:00:00,23.6766666666667,19.2466666666667,2.0575,0.0,14.0,76,99,5.2,60,14.8,16.0,14.8,0.0,0.0,0.0,15.0,93.0,0.0,0.0,0.0,18.0,0.0,100060.0,13.7,97,100,1.1,288,12.5,14.3,15.5,0.0
2025-03-03 23:00:00,23.68,19.25,2.06125,0.0,13.8,78,51,5.4,48,14.5,15.9,14.8,0.0,0.0,0.0,15.0,95.0,0.0,0.0,1.0,60.0,0.0,100110.0,13.8,98,100,4.6,18,13.5,14.1,15.4,0.0
2025-03-04 00:00:00,23.68,19.24,2.065,0.0,13.0,87,22,4.0,42,14.0,15.7,14.8,0.0,0.0,0.0,15.0,95.0,0.0,0.0,3.0,48.0,0.0,99960.0,14.5,97,100,5.1,39,14.3,14.3,15.2,0.0
2025-03-04 01:00:00,23.68,19.2466666666667,2.06875,0.0,13.4,91,100,5.2,56,15.1,15.8,14.8,0.0,0.0,0.0,15.0,95.0,0.0,0.0,0.0,318.0,0.0,100030.0,14.6,97,100,6.4,47,14.3,14.4,15.1,0.0
2025-03-04 02:00:00,23.68,19.2433333333333,2.0725,0.0,13.3,90,100,3.6,48,14.3,15.7,14.8,0.0,0.0,0.0,15.0,94.0,0.0,0.0,0.0,96.0,0.0,100050.0,14.4,97,100,6.1,28,13.9,14.4,15.0,0.0
2025-03-04 03:00:00,23.68,19.25,2.07625,0.0,14.4,94,100,8.3,46,14.3,15.6,14.8,0.0,0.0,0.0,15.0,94.0,0.0,0.0,0.0,156.0,0.0,99980.0,14.4,99,100,11.6,26,14.3,14.4,14.9,0.0
2025-03-04 04:00:00,23.68,19.25,2.08,0.0,14.3,94,100,5.6,45,14.4,15.5,14.8,0.0,0.0,0.0,14.0,95.0,0.0,0.0,1.0,353.0,0.0,99850.0,14.5,97,100,9.7,45,14.2,14.4,14.9,0.0
2025-03-04 05:00:00,23.68,19.25,2.08375,0.0,13.9,97,100,4.3,34,14.2,15.4,14.8,0.0,0.0,0.0,14.0,95.0,0.0,0.0,1.0,36.0,0.0,99800.0,14.6,95,100,13.3,38,14.3,14.5,14.8,0.0
2025-03-04 06:00:00,23.68,19.26,2.0875,0.0,13.5,99,100,0.6,57,14.0,15.3,14.8,0.0,0.0,0.0,15.0,94.0,0.0,0.0,2.0,120.0,0.0,99790.0,14.7,97,100,6.4,38,14.4,14.5,14.8,0.0
2025-03-04 07:00:00,23.68,19.255,2.09125,0.0,13.9,96,100,0.4,32,14.0,15.2,14.8,0.1,0.1,0.01,14.0,94.0,0.0,0.0,0.0,64.0,0.0,99830.0,14.6,97,100,3.6,360,14.4,14.5,14.7,0.0
2025-03-04 08:00:00,23.68,19.2633333333333,2.095,0.0,14.5,94,100,4.0,261,14.3,15.1,14.8,0.3,0.3,0.03,15.0,94.0,708.0,0.0,2.0,10.0,0.0,99870.0,15.1,96,100,5.1,8,15.5,14.6,14.7,0.0
2025-03-04 09:00:00,23.6766666666667,19.2533333333333,2.09875,0.0,15.1,97,100,7.4,272,14.8,15.1,14.8,0.5,0.5,0.06,15.0,94.0,6128.0,0.0,0.0,252.0,0.0,99960.0,15.7,94,100,5.2,25,16.7,14.9,14.7,0.0
2025-03-04 10:00:00,23.665,19.2466666666667,2.1025,0.0,15.8,92,99,5.6,265,15.4,15.1,14.8,0.8,0.8,0.12,16.0,93.0,16375.0,1.0,0.0,43.0,0.0,99960.0,16.4,89,100,8.0,5,18.0,15.6,14.7,0.1
2025-03-04 11:00:00,23.6633333333333,19.2466666666667,2.10625,0.0,17.5,75,72,4.0,266,16.7,15.2,14.8,0.4,0.4,0.29,16.0,92.0,12984.0,1.0,2.0,240.0,0.0,99940.0,17.0,88,98,6.9,351,19.4,16.5,14.8,0.0
2025-03-04 12:00:00,23.6533333333333,19.2366666666667,2.11,0.0,19.2,59,100,7.1,274,18.3,15.3,14.9,0.1,0.1,0.41,17.0,86.0,23452.0,1.0,2.0,278.0,0.0,99910.0,16.8,87,94,5.2,326,19.2,17.2,15.0,0.0
2025-03-04 13:00:00,23.6333333333333,19.2166666666667,2.11375,0.0,17.1,79,100,6.0,345,18.2,15.4,14.8,0.4,0.4,0.2,17.0,78.0,29784.0,2.0,0.0,249.0,0.0,99890.0,17.0,85,96,6.2,306,19.2,17.4,15.2,0.0
2025-03-04 14:00:00,23.6166666666667,19.2066666666667,2.1175,0.0,17.9,73,99,6.1,346,18.2,15.6,14.9,0.5,0.5,0.26,18.0,72.0,27316.0,2.0,2.0,240.0,0.0,99830.0,17.0,84,98,4.3,246,19.1,17.5,15.4,0.0
2025-03-04 15:00:00,23.5766666666667,19.15,2.12125,0.0,17.6,71,63,6.2,337,17.9,15.7,14.9,0.2,0.2,0.17,19.0,64.0,40945.0,3.0,1.0,191.0,0.0,99760.0,16.7,87,98,1.3,146,18.3,17.4,15.5,0.0
2025-03-04 16:00:00,23.5466666666667,19.0966666666667,2.125,0.0,17.8,66,42,2.3,322,18.0,15.8,14.9,0.1,0.1,0.18,18.0,76.0,14547.0,1.0,2.0,48.0,0.0,99740.0,16.8,84,93,2.9,360,17.9,17.2,15.6,0.0
2025-03-04 17:00:00,23.54,19.065,2.12875,0.0,17.6,68,14,4.5,170,17.8,16.0,14.9,0.1,0.1,0.12,17.0,80.0,14981.0,1.0,2.0,117.0,0.0,99760.0,16.5,85,85,5.2,335,16.2,16.9,15.7,0.0
2025-03-04 18:00:00,23.53,19.0533333333333,2.1325,0.0,15.5,82,10,2.7,171,16.9,16.0,14.9,0.0,0.0,0.03,17.0,75.0,5654.0,0.0,0.0,125.0,0.0,99790.0,15.7,90,72,4.7,351,14.7,16.4,15.8,0.0
2025-03-04 19:00:00,23.53,19.06,2.13625,0.0,14.0,87,3,0.7,270,15.7,16.0,14.9,0.0,0.0,0.0,16.0,81.0,181.0,0.0,1.0,12.0,0.0,99820.0,14.7,95,79,2.9,330,13.6,15.6,15.8,0.0
2025-03-04 20:00:00,23.53,19.0533333333333,2.14,0.0,13.2,88,12,0.4,330,14.6,15.9,14.9,0.0,0.0,0.0,16.0,88.0,0.0,0.0,2.0,12.0,0.0,99870.0,14.1,96,77,3.1,324,13.1,14.9,15.7,0.0
2025-03-04 21:00:00,23.53,19.05,2.14375,0.0,12.8,88,6,1.2,304,13.9,15.8,14.9,0.0,0.0,0.0,15.0,89.0,0.0,0.0,0.0,355.0,0.0,99890.0,13.7,95,72,1.5,284,12.3,14.3,15.5,0.0
2025-03-04 22:00:00,23.53,19.05,2.1475,0.0,12.1,89,13,3.1,243,13.3,15.6,14.9,0.0,0.0,0.0,14.0,90.0,0.0,0.0,2.0,187.0,0.0,99890.0,13.5,95,47,2.1,211,11.8,13.9,15.4,0.0
2025-03-04 23:00:00,23.53,19.06,2.15125,0.0,11.5,90,14,5.5,244,12.8,15.5,14.9,0.0,0.0,0.0,13.0,93.0,0.0,0.0,0.0,192.0,0.0,99910.0,13.0,97,66,3.1,201,12.1,13.5,15.2,0.0
2025-03-05 00:00:00,23.53,19.06,2.155,0.0,11.2,93,19,5.9,248,12.5,15.3,14.9,0.0,0.0,0.0,13.0,93.0,0.0,0.0,0.0,182.0,0.0,99910.0,12.8,99,74,3.8,229,12.4,13.6,15.1,0.0
2025-03-05 01:00:00,23.53,19.06,2.15875,0.0,12.7,88,4,1.0,340,13.8,15.8,15.0,0.0,0.0,0.0,12.0,94.0,0.0,0.0,0.0,174.0,0.0,99890.0,12.3,98,64,4.1,218,11.4,13.3,14.9,0.0
2025-03-05 02:00:00,23.53,19.065,2.1625,0.0,12.0,91,1,1.8,279,13.1,15.6,15.0,0.0,0.0,0.0,10.0,94.0,0.0,0.0,0.0,192.0,0.0,99850.0,11.9,97,56,3.9,158,11.1,13.0,14.7,0.0
2025-03-05 03:00:00,23.5266666666667,19.07,2.1662500000000002,0.0,11.7,90,7,1.1,90,12.5,15.4,15.0,0.0,0.0,0.0,11.0,94.0,0.0,0.0,1.0,156.0,0.0,99770.0,11.7,100,83,3.1,144,11.1,12.9,14.6,0.0
2025-03-05 04:00:00,23.5233333333333,19.07,2.17,0.0,11.4,91,26,0.4,54,12.0,15.2,15.0,0.0,0.0,0.0,10.0,93.0,0.0,0.0,1.0,102.0,0.0,99780.0,11.2,100,97,2.3,162,10.6,12.5,14.4,0.0
2025-03-05 05:00:00,23.52,19.0766666666667,2.17375,0.0,11.1,93,35,1.3,77,11.6,15.0,15.0,0.0,0.0,0.0,11.0,91.0,0.0,0.0,0.0,173.0,0.0,99750.0,11.2,100,91,2.9,150,10.6,12.3,14.2,0.0
2025-03-05 06:00:00,23.52,19.08,2.1775,0.0,10.9,94,11,1.8,18,11.4,14.8,15.0,0.0,0.0,0.0,12.0,92.0,0.0,0.0,0.0,186.0,0.0,99770.0,11.3,100,89,1.1,180,10.9,12.2,14.1,0.0
2025-03-05 07:00:00,23.52,19.0766666666667,2.18125,0.0,11.0,94,30,1.3,13,11.2,14.6,15.0,0.0,0.0,0.01,12.0,90.0,0.0,0.0,0.0,162.0,0.0,99800.0,11.7,100,85,2.3,198,10.7,12.0,13.9,0.0
2025-03-05 08:00:00,23.5133333333333,19.07,2.185,0.0,13.2,89,36,3.3,346,12.1,14.4,15.0,0.0,0.0,0.05,12.0,93.0,6177.0,0.0,0.0,216.0,0.0,99830.0,12.3,100,71,2.5,172,14.3,12.4,13.8,0.0
2025-03-05 09:00:00,23.6666666666667,19.0333333333333,2.18875,0.0,15.3,81,5,4.3,318,13.6,14.3,15.0,0.0,0.0,0.15,14.0,88.0,14594.0,1.0,0.0,252.0,0.0,99860.0,14.9,97,56,0.8,27,18.1,13.8,13.7,0.0
2025-03-05 10:00:00,23.68,18.9933333333333,2.1925,0.0,17.5,75,3,5.1,356,15.5,14.4,15.0,0.0,0.0,0.27,16.0,82.0,24351.0,1.0,0.0,246.0,0.0,99910.0,17.1,85,32,4.4,35,21.0,15.6,13.8,0.0
2025-03-05 11:00:00,23.6666666666667,18.9733333333333,2.19625,0.0,19.6,67,13,8.3,357,17.4,14.5,15.0,0.0,0.0,0.37,17.0,74.0,40938.0,3.0,2.0,240.0,0.0,99920.0,18.3,79,43,3.3,41,21.4,17.0,14.1,0.0
2025-03-05 12:00:00,23.64,19.05,2.2,20.0,19.6,67,32,9.5,2,18.8,14.8,15.0,0.0,0.0,0.39,18.0,69.0,31077.0,2.0,1.0,84.0,0.0,99880.0,19.3,77,78,7.9,30,22.1,17.9,14.4,0.0
2025-03-05 13:00:00,23.6166666666667,25.97,2.20375,0.0,22.4,50,41,2.1,196,19.5,15.2,15.0,0.0,0.0,0.4,19.0,70.0,42477.0,3.0,3.0,48.0,0.0,99810.0,19.4,77,45,11.7,47,22.5,18.7,14.8,0.0
2025-03-05 14:00:00,23.62,26.8033333333333,2.2075,0.0,20.6,63,65,15.4,71,20.1,15.5,15.0,0.9,0.9,0.36,18.0,75.0,24602.0,1.0,4.0,21.0,0.0,99790.0,19.5,74,44,14.6,50,21.8,19.0,15.1,0.0
2025-03-05 15:00:00,23.63,26.4666666666667,2.21125,0.0,19.5,67,74,5.7,352,20.0,15.7,15.0,0.2,0.2,0.3,18.0,82.0,13728.0,1.0,3.0,96.0,0.0,99760.0,19.5,78,100,12.5,39,21.8,18.9,15.4,0.0
2025-03-05 16:00:00,23.65,26.245,2.215,0.0,19.0,70,78,11.4,30,19.4,16.0,15.0,0.0,0.0,0.18,17.0,78.0,17676.0,1.0,4.0,137.0,2.0,99670.0,19.0,79,79,11.3,27,19.5,18.9,15.7,0.0
2025-03-05 17:00:00,23.67,26.135,2.21875,0.0,18.4,73,88,1.1,108,19.0,16.2,15.0,0.3,0.3,0.1,17.0,82.0,5711.0,0.0,3.0,82.0,0.0,99680.0,18.0,84,83,9.5,11,17.6,18.2,16.0,0.0
2025-03-05 18:00:00,23.7,25.975,2.2225,0.0,16.8,82,69,8.8,83,17.8,16.3,15.0,0.2,0.2,0.04,17.0,82.0,5627.0,0.0,0.0,200.0,0.0,99680.0,16.7,90,48,6.2,339,15.5,17.3,16.1,0.0
2025-03-05 19:00:00,23.7333333333333,25.8166666666667,2.22625,0.0,15.3,89,45,2.6,67,16.7,16.3,15.0,0.0,0.0,0.01,17.0,68.0,0.0,0.0,6.0,120.0,0.0,99660.0,15.6,94,100,3.7,331,14.3,16.3,16.1,0.0
2025-03-05 20:00:00,23.7766666666667,25.6933333333333,2.23,0.0,14.6,91,79,9.9,275,15.7,16.3,15.0,0.0,0.0,0.0,17.0,71.0,0.0,0.0,2.0,91.0,0.0,99760.0,14.9,95,100,3.1,306,13.8,15.5,16.0,0.0
2025-03-05 21:00:00,23.8233333333333,25.64,2.23375,0.0,14.3,94,69,4.3,271,15.3,16.2,15.0,0.1,0.1,0.0,16.0,77.0,0.0,0.0,1.0,282.0,0.0,99860.0,14.6,94,61,5.2,295,13.5,15.0,15.9,0.0
2025-03-05 22:00:00,23.8633333333333,25.4866666666667,2.2375,0.0,13.2,94,94,5.8,250,14.6,16.1,15.1,0.0,0.0,0.0,16.0,84.0,0.0,0.0,3.0,258.0,0.0,99940.0,14.3,96,100,6.2,249,14.2,14.8,15.8,0.0
2025-03-05 23:00:00,23.92,25.4066666666667,2.24125,0.0,13.0,93,3,8.4,259,14.1,16.0,15.1,0.0,0.0,0.0,15.0,89.0,0.0,0.0,0.0,314.0,0.0,99980.0,14.3,93,100,3.6,276,13.8,14.8,15.6,0.0
2025-03-06 00:00:00,23.97,25.3233333333333,2.245,0.0,12.6,94,5,6.9,254,13.7,15.8,15.1,0.0,0.0,0.0,15.0,90.0,0.0,0.0,1.0,182.0,0.0,99930.0,14.2,93,84,3.1,54,13.5,14.5,15.5,0.0
2025-03-06 01:00:00,24.0366666666667,25.25,2.2487500000000002,0.0,12.0,95,19,3.3,177,14.4,15.6,15.1,0.0,0.0,0.0,14.0,93.0,0.0,0.0,0.0,167.0,0.0,99890.0,13.9,94,100,2.0,135,13.4,14.4,15.4,0.0
2025-03-06 02:00:00,24.0933333333333,25.18,2.2525,0.0,11.3,96,23,3.9,260,13.7,15.5,15.1,0.0,0.0,0.0,13.0,94.0,0.0,0.0,0.0,198.0,0.0,99890.0,13.6,97,93,2.6,196,13.4,14.2,15.2,0.0
2025-03-06 03:00:00,24.15,25.125,2.25625,0.0,10.9,95,3,3.9,262,13.2,15.3,15.1,0.0,0.0,0.0,14.0,94.0,0.0,0.0,0.0,210.0,0.0,99850.0,13.5,98,100,4.8,207,13.4,14.1,15.1,0.0
2025-03-06 04:00:00,24.2033333333333,25.0666666666667,2.2600000000000002,0.0,11.1,94,9,5.6,253,12.8,15.2,15.1,0.0,0.0,0.0,13.0,94.0,0.0,0.0,0.0,6.0,0.0,99790.0,13.6,97,73,3.3,193,12.8,14.0,15.0,0.0
2025-03-06 05:00:00,24.25,25.0166666666667,2.26375,0.0,10.8,93,14,4.1,255,12.5,15.0,15.1,0.0,0.0,0.0,12.0,95.0,0.0,0.0,0.0,171.0,0.0,99790.0,13.4,96,84,1.3,146,12.2,13.7,14.9,0.0
2025-03-06 06:00:00,24.3033333333333,24.9666666666667,2.2675,0.0,10.8,91,10,2.0,277,12.0,14.8,15.1,0.0,0.0,0.0,12.0,96.0,0.0,0.0,0.0,186.0,0.0,99800.0,13.0,97,88,3.1,111,12.4,13.4,14.8,0.0
2025-03-06 07:00:00,24.35,24.9133333333333,2.27125,0.0,11.1,90,6,2.5,282,11.8,14.7,15.1,0.0,0.0,0.01,12.0,96.0,184.0,0.0,0.0,78.0,0.0,99800.0,12.4,99,92,2.4,153,12.3,13.3,14.6,0.0
2025-03-06 08:00:00,24.3933333333333,24.88,2.275,0.0,13.7,85,0,4.4,268,12.6,14.5,15.1,0.0,0.0,0.05,13.0,96.0,5003.0,0.0,0.0,144.0,0.0,99850.0,13.3,98,97,2.3,141,14.9,13.5,14.5,0.0
2025-03-06 09:00:00,24.44,24.8533333333333,2.27875,0.0,16.2,78,11,4.7,293,14.2,14.5,15.1,0.0,0.0,0.16,14.0,92.0,11439.0,0.0,0.0,181.0,0.0,99900.0,15.1,94,100,0.4,180,17.0,14.5,14.5,0.0
2025-03-06 10:00:00,24.4766666666667,24.7933333333333,2.2825,0.0,18.0,72,25,7.9,312,15.9,14.5,15.1,0.0,0.0,0.27,16.0,87.0,17457.0,1.0,0.0,252.0,0.0,99910.0,16.8,86,99,3.2,297,20.0,15.7,14.5,0.0
2025-03-06 11:00:00,24.5166666666667,24.7566666666667,2.28625,0.0,19.4,64,71,6.6,314,17.7,14.7,15.1,0.0,0.0,0.37,,,,,,,,,17.9,81,95,3.5,294,20.5,16.9,14.7,0.0
2025-03-06 12:00:00,24.54,24.7233333333333,2.29,0.0,19.0,68,95,8.2,307,18.7,14.9,15.1,0.2,0.2,0.33,17.0,82.0,37798.0,3.0,2.0,64.0,0.0,99910.0,18.4,77,96,7.0,348,19.9,17.6,14.9,0.0
2025-03-06 13:00:00,24.5366666666667,24.6833333333333,2.291904761904762,0.0,19.4,68,72,7.0,10,19.3,15.2,15.1,0.3,0.3,0.3,19.0,73.0,82807.0,6.0,1.0,120.0,0.0,99890.0,17.7,86,100,10.4,2,20.5,17.9,15.2,0.0
2025-03-06 14:00:00,24.5333333333333,24.64,2.2938095238095237,0.0,17.5,76,92,4.9,282,18.8,15.4,15.1,3.0,3.0,0.28,19.0,75.0,44557.0,3.0,3.0,36.0,0.0,99810.0,17.1,87,100,6.3,13,18.3,17.9,15.4,0.0
2025-03-06 15:00:00,24.5233333333333,24.5966666666667,2.295714285714286,0.0,18.0,70,99,2.5,180,18.8,15.6,15.1,0.0,0.0,0.24,19.0,73.0,39380.0,3.0,3.0,358.0,0.0,99740.0,17.3,85,100,6.3,329,19.0,18.0,15.6,0.0
2025-03-06 16:00:00,24.55,24.5866666666667,2.2976190476190474,0.0,16.6,79,100,7.9,312,18.2,15.8,15.1,0.2,0.2,0.12,19.0,70.0,29092.0,3.0,4.0,358.0,0.0,99730.0,16.6,89,100,5.6,297,17.5,17.6,15.8,0.0
2025-03-06 17:00:00,24.58,24.5666666666667,2.2995238095238095,0.0,15.3,84,100,8.7,246,17.2,15.9,15.1,3.1,3.1,0.08,18.0,78.0,11139.0,0.0,3.0,11.0,0.0,99770.0,16.1,88,100,5.4,290,16.2,17.1,15.9,0.0
2025-03-06 18:00:00,24.5933333333333,24.5166666666667,2.3014285714285716,0.0,14.7,92,100,6.4,245,16.1,15.9,15.1,2.4,2.4,0.02,17.0,82.0,1284.0,0.0,3.0,330.0,0.0,99890.0,15.5,91,100,6.3,246,15.0,16.4,15.9,0.0
2025-03-06 19:00:00,24.6,24.5066666666667,2.3033333333333332,0.0,14.3,93,100,8.0,265,15.4,15.9,15.1,0.3,0.3,0.02,14.0,83.0,113.0,0.0,4.0,173.0,13.0,100000.0,15.1,92,100,6.4,232,14.7,15.9,15.9,0.0
2025-03-06 20:00:00,25.9333333333333,27.66,2.3052380952380953,0.0,13.7,92,98,9.7,253,14.7,15.8,15.1,0.3,0.3,0.0,13.0,93.0,0.0,0.0,2.0,264.0,15.0,100120.0,14.7,92,86,7.1,229,14.1,15.4,15.8,0.0
2025-03-06 21:00:00,30.5833333333333,30.2733333333333,2.3071428571428574,0.0,13.7,89,100,11.0,247,14.3,15.7,15.1,0.2,0.2,0.0,12.0,95.0,0.0,0.0,2.0,258.0,38.0,100200.0,14.2,92,100,6.5,214,13.6,14.9,15.7,0.0
2025-03-06 22:00:00,30.8866666666667,29.8866666666667,2.309047619047619,0.0,13.4,93,100,11.5,250,14.1,15.6,15.1,0.5,0.5,0.0,13.0,96.0,0.0,0.0,2.0,173.0,5.0,100290.0,14.0,91,79,6.4,207,13.4,14.7,15.6,0.0
2025-03-06 23:00:00,30.8533333333333,29.5766666666667,2.310952380952381,0.0,13.5,93,100,9.9,250,14.0,15.5,15.1,0.5,0.5,0.0,13.0,95.0,0.0,0.0,0.0,204.0,3.0,100320.0,13.9,90,83,7.3,213,13.5,14.5,15.5,0.0
2025-03-07 00:00:00,30.75,29.2133333333333,2.3128571428571427,0.0,13.4,94,100,9.6,244,13.9,15.4,15.1,0.5,0.5,0.0,13.0,94.0,0.0,0.0,0.0,216.0,1.0,100300.0,13.8,89,91,8.9,207,13.4,14.2,15.4,0.0
2025-03-07 01:00:00,30.6366666666667,28.9266666666667,2.314761904761905,0.0,13.8,87,100,9.1,242,14.0,15.1,15.1,0.2,0.2,0.0,13.0,93.0,0.0,0.0,0.0,216.0,0.0,100280.0,13.8,89,93,9.3,216,13.3,14.2,15.3,0.0
2025-03-07 02:00:00,30.54,28.6966666666667,2.316666666666667,0.0,13.6,91,99,7.5,240,13.9,15.0,15.1,0.5,0.5,0.0,13.0,91.0,0.0,0.0,2.0,246.0,0.0,100250.0,13.7,90,98,9.7,225,13.4,14.1,15.2,0.0
2025-03-07 03:00:00,30.4566666666667,28.5233333333333,2.3185714285714285,0.0,13.3,91,93,6.4,241,13.6,14.9,15.1,0.4,0.4,0.0,13.0,93.0,0.0,0.0,0.0,228.0,0.0,100220.0,13.7,90,92,8.8,235,13.3,14.0,15.1,0.0
2025-03-07 04:00:00,30.4433333333333,28.4433333333333,2.3204761904761906,0.0,13.3,84,100,6.4,232,13.4,14.8,15.1,0.1,0.1,0.0,13.0,93.0,0.0,0.0,2.0,282.0,0.0,100190.0,13.7,89,92,8.6,237,13.3,14.0,15.0,0.0
2025-03-07 05:00:00,30.4133333333333,28.4233333333333,2.322380952380952,0.0,13.0,85,62,4.6,235,13.2,14.7,15.1,0.0,0.0,0.0,13.0,95.0,0.0,0.0,2.0,240.0,0.0,100180.0,13.8,87,95,7.7,233,13.2,13.9,14.9,0.0
2025-03-07 06:00:00,30.34,28.3,2.3242857142857143,0.0,12.5,84,32,2.0,243,12.8,14.6,15.1,0.0,0.0,0.0,13.0,95.0,0.0,0.0,0.0,246.0,0.0,100180.0,13.7,87,88,5.4,233,13.1,13.9,14.8,0.0
2025-03-07 07:00:00,30.2833333333333,28.1933333333333,2.3261904761904764,0.0,12.3,85,42,1.3,264,12.4,14.5,15.1,0.0,0.0,0.01,13.0,94.0,0.0,0.0,0.0,198.0,0.0,100190.0,13.6,88,95,4.0,243,13.1,13.8,14.7,0.0
2025-03-07 08:00:00,30.23,28.0866666666667,2.328095238095238,0.0,14.0,84,62,3.5,252,13.1,14.4,15.1,0.0,0.0,0.05,13.0,93.0,356.0,0.0,0.0,205.0,0.0,100190.0,14.0,88,86,3.0,256,14.5,13.9,14.7,0.0
2025-03-07 09:00:00,30.16,27.9866666666667,2.33,0.0,15.8,77,100,2.7,247,14.3,14.4,15.1,0.0,0.0,0.14,13.0,92.0,6265.0,0.0,0.0,258.0,0.0,100230.0,15.4,86,77,4.8,283,17.6,14.5,14.6,0.0
2025-03-07 10:00:00,30.0911111111111,27.9066666666667,2.3319047619047617,0.0,17.4,68,99,2.2,298,15.9,14.4,15.1,0.0,0.0,0.27,14.0,86.0,20128.0,1.0,1.0,270.0,0.0,100260.0,17.1,77,100,7.1,285,20.5,16.0,14.7,0.0
2025-03-07 11:00:00,30.0222222222222,27.8066666666667,2.333809523809524,0.0,18.8,61,100,3.5,284,17.6,14.6,15.1,0.0,0.0,0.38,16.0,81.0,30990.0,2.0,1.0,276.0,0.0,100230.0,18.3,72,95,8.6,272,22.2,17.1,14.8,0.0
2025-03-07 12:00:00,29.9533333333333,27.7066666666667,2.335714285714286,0.0,20.2,54,100,4.5,287,19.0,14.9,15.1,0.0,0.0,0.43,18.0,66.0,71728.0,4.0,3.0,266.0,0.0,100200.0,19.1,68,100,5.8,263,22.7,18.0,15.0,0.0
2025-03-07 13:00:00,29.89,27.5666666666667,2.3376190476190475,0.0,20.4,51,100,6.1,267,19.2,15.3,15.1,0.0,0.0,0.32,19.0,62.0,48856.0,4.0,1.0,270.0,0.0,100140.0,19.4,68,100,5.8,292,21.9,18.6,15.3,0.0
2025-03-07 14:00:00,29.82,27.4433333333333,2.3395238095238096,0.0,20.5,50,100,6.0,295,19.6,15.5,15.1,0.0,0.0,0.32,19.0,62.0,50036.0,4.0,1.0,21.0,0.0,100040.0,19.3,68,100,6.5,357,20.2,18.8,15.6,0.0
2025-03-07 15:00:00,29.745,27.3466666666667,2.3414285714285716,0.0,19.5,63,97,8.8,20,19.6,15.8,15.1,0.0,0.0,0.26,19.0,64.0,28092.0,2.0,2.0,324.0,0.0,99980.0,19.2,76,85,8.6,15,21.9,18.9,15.8,0.0
2025-03-07 16:00:00,29.67,27.24,2.3433333333333333,0.0,18.4,72,7,10.6,42,19.4,16.0,15.1,0.0,0.0,0.21,18.0,80.0,66115.0,4.0,3.0,355.0,0.0,99910.0,18.1,78,80,10.4,44,19.2,18.6,16.0,0.0
2025-03-07 17:00:00,29.61,27.1266666666667,2.3452380952380953,0.0,17.6,73,0,10.1,54,18.8,16.2,15.1,0.0,0.0,0.15,19.0,77.0,51220.0,2.0,2.0,36.0,0.0,99840.0,17.9,81,54,8.4,50,17.8,18.2,16.2,0.0
2025-03-07 18:00:00,29.55,27.0333333333333,2.347142857142857,0.0,15.4,82,3,7.5,63,17.7,16.4,15.1,0.0,0.0,0.04,19.0,76.0,14009.0,1.0,2.0,38.0,0.0,99810.0,16.5,85,0,7.0,55,15.0,17.4,16.3,0.0
2025-03-07 19:00:00,29.509999999999998,26.9466666666667,2.349047619047619,0.0,13.4,90,0,4.7,81,16.4,16.4,15.2,0.0,0.0,0.02,18.0,80.0,2771.0,0.0,1.0,84.0,0.0,99830.0,14.9,92,0,4.2,20,13.4,16.3,16.3,0.0
2025-03-07 20:00:00,29.47,26.85,2.350952380952381,0.0,12.6,92,2,0.6,35,15.2,16.3,15.2,0.0,0.0,0.0,15.0,92.0,0.0,0.0,2.0,36.0,0.0,99830.0,13.9,96,0,3.0,346,12.4,15.4,16.2,0.0
2025-03-07 21:00:00,29.43,26.78,2.3528571428571428,0.0,11.5,94,2,2.7,310,14.3,16.2,15.2,0.0,0.0,0.0,14.0,95.0,0.0,0.0,0.0,38.0,0.0,99850.0,13.4,98,30,1.5,315,11.2,14.5,16.1,0.0
2025-03-07 22:00:00,29.39,26.7066666666667,2.354761904761905,0.0,11.1,89,0,2.7,218,13.6,16.0,15.2,0.0,0.0,0.0,13.0,96.0,0.0,0.0,0.0,182.0,0.0,99840.0,12.6,100,100,2.1,239,10.6,13.7,15.9,0.0
2025-03-07 23:00:00,29.35,26.6366666666667,2.3566666666666665,0.0,10.6,86,4,4.1,227,13.0,15.8,15.2,0.0,0.0,0.0,12.0,96.0,0.0,0.0,0.0,240.0,0.0,99840.0,12.1,100,100,2.5,172,10.4,13.2,15.7,0.0
2025-03-08 00:00:00,29.31,26.5933333333333,2.3585714285714285,0.0,10.1,85,11,4.4,211,12.6,15.6,15.2,0.0,0.0,0.0,12.0,97.0,0.0,0.0,0.0,198.0,0.0,99860.0,10.8,98,100,2.9,173,10.2,12.9,15.4,0.0
2025-03-08 01:00:00,29.26,26.53,2.3604761904761906,0.0,10.3,87,7,5.4,186,13.7,15.5,15.2,0.0,0.0,0.0,12.0,97.0,0.0,0.0,0.0,186.0,0.0,99830.0,10.0,96,100,2.9,180,9.5,12.5,15.2,0.0
2025-03-08 02:00:00,29.23,26.4833333333333,2.3623809523809522,0.0,9.4,90,2,5.8,165,13.2,15.3,15.2,0.0,0.0,0.0,11.0,97.0,0.0,0.0,0.0,165.0,0.0,99760.0,9.7,95,39,3.2,180,9.1,12.1,15.0,0.0
2025-03-08 03:00:00,29.200000000000003,26.44,2.3642857142857143,0.0,8.7,94,0,7.0,191,12.8,15.2,15.2,0.0,0.0,0.0,12.0,98.0,0.0,0.0,0.0,204.0,0.0,99690.0,9.0,98,51,3.6,180,8.4,11.4,14.7,0.0
2025-03-08 04:00:00,29.17,26.4133333333333,2.3661904761904764,0.0,9.5,89,88,7.4,204,12.5,15.0,15.2,0.0,0.0,0.0,10.0,98.0,0.0,0.0,0.0,174.0,0.0,99600.0,8.7,97,49,3.6,180,8.3,11.1,14.4,0.0
2025-03-08 05:00:00,29.14,26.3766666666667,2.368095238095238,0.0,9.7,87,68,7.6,181,12.3,14.8,15.2,0.0,0.0,0.0,10.0,98.0,0.0,0.0,0.0,176.0,0.0,99520.0,8.3,98,90,4.3,185,8.1,10.9,14.2,0.0
2025-03-08 06:00:00,29.11,26.3266666666667,2.37,0.0,9.4,86,87,8.3,188,12.0,14.6,15.2,0.0,0.0,0.0,9.0,98.0,0.0,0.0,0.0,328.0,0.0,99480.0,8.1,99,100,4.5,194,8.0,10.6,13.9,0.0
2025-03-08 07:00:00,29.075,26.2933333333333,2.3719047619047617,0.0,10.1,78,36,8.6,195,11.8,14.5,15.2,0.0,0.0,0.03,8.0,98.0,0.0,0.0,0.0,174.0,0.0,99450.0,8.5,95,100,4.3,204,8.4,10.4,13.7,0.0
2025-03-08 08:00:00,29.04,26.2566666666667,2.373809523809524,0.0,14.6,65,47,9.5,195,12.5,14.3,15.2,0.0,0.0,0.08,8.0,98.0,1879.0,0.0,0.0,169.0,0.0,99400.0,11.1,90,100,3.9,202,12.6,10.8,13.5,0.0
2025-03-08 09:00:00,29.015,26.2266666666667,2.375714285714286,0.0,19.9,54,62,13.8,190,14.2,14.3,15.2,0.0,0.0,0.23,12.0,98.0,10266.0,1.0,0.0,101.0,0.0,99350.0,16.0,82,100,4.8,257,18.1,12.6,13.4,0.0
2025-03-08 10:00:00,28.99,26.1933333333333,2.3776190476190475,0.0,22.1,40,0,19.7,189,15.9,14.4,15.2,0.0,0.0,0.38,15.0,84.0,37296.0,2.0,3.0,284.0,0.0,99320.0,19.0,68,100,8.9,243,20.6,14.5,13.5,0.0
2025-03-08 11:00:00,28.92,26.1466666666667,2.3795238095238096,0.0,23.9,36,14,22.2,194,17.6,14.5,15.2,0.0,0.0,0.5,19.0,55.0,60857.0,5.0,2.0,252.0,0.0,99240.0,21.3,61,77,12.5,231,21.8,16.2,13.6,0.0
2025-03-08 12:00:00,28.85,26.1,2.3814285714285712,0.0,25.3,34,0,17.5,204,19.2,14.8,15.2,0.0,0.0,0.55,21.0,55.0,76653.0,6.0,4.0,282.0,0.0,99200.0,23.5,50,64,11.0,229,24.9,18.0,13.9,0.0
2025-03-08 13:00:00,28.78,26.0766666666667,2.3833333333333333,0.0,25.5,33,4,15.1,231,20.5,15.0,15.2,0.0,0.0,0.56,23.0,49.0,83868.0,6.0,4.0,300.0,0.0,99090.0,24.2,45,25,11.9,272,25.4,19.2,14.3,0.0
2025-03-08 14:00:00,28.71,26.0266666666667,2.3852380952380954,0.0,25.6,33,7,15.1,241,21.2,15.4,15.2,0.0,0.0,0.54,24.0,43.0,83721.0,6.0,1.0,294.0,0.0,98930.0,24.5,40,92,17.7,250,24.1,19.9,14.7,0.0
2025-03-08 15:00:00,28.59,25.97,2.387142857142857,0.0,24.0,40,54,17.7,277,21.3,15.7,15.2,0.0,0.0,0.44,25.0,35.0,77264.0,7.0,5.0,275.0,0.0,98810.0,24.1,45,83,18.0,307,22.8,20.3,15.2,0.0
2025-03-08 16:00:00,28.58,25.9366666666667,2.389047619047619,0.0,18.2,68,88,16.5,295,20.4,16.1,15.2,0.0,0.0,0.2,23.0,40.0,11008.0,0.0,4.0,255.0,0.0,98770.0,20.9,58,97,27.0,304,19.2,19.8,15.5,0.0
2025-03-08 17:00:00,28.55,25.8833333333333,2.390952380952381,0.0,16.2,79,99,10.5,320,19.0,16.3,15.2,0.9,0.9,0.1,17.0,73.0,14756.0,1.0,6.0,330.0,0.0,98980.0,14.4,81,99,21.9,327,14.2,18.1,15.8,0.0
2025-03-08 18:00:00,28.54,25.8266666666667,2.392857142857143,0.0,15.1,85,100,3.5,308,17.5,16.4,15.2,0.2,0.2,0.03,17.0,76.0,7875.0,0.0,3.0,330.0,0.0,99110.0,14.3,87,100,4.0,350,14.7,16.9,15.9,0.1
2025-03-08 19:00:00,28.515,25.8,2.394761904761905,0.0,14.5,93,86,6.9,48,16.5,16.4,15.2,0.2,0.2,0.02,15.0,81.0,751.0,0.0,2.0,12.0,0.0,99140.0,14.1,90,100,5.2,78,14.4,16.1,15.9,0.0
2025-03-08 20:00:00,28.49,25.7633333333333,2.3966666666666665,0.0,14.1,96,100,1.5,209,15.7,16.3,15.2,0.9,0.9,0.0,15.0,87.0,0.0,0.0,2.0,335.0,0.0,99280.0,14.1,92,100,0.8,63,14.3,15.6,15.8,0.0
2025-03-08 21:00:00,28.935,25.7366666666667,2.3985714285714286,0.0,13.9,95,100,3.9,210,15.2,16.3,15.2,0.8,0.8,0.0,13.0,87.0,0.0,0.0,2.0,246.0,5.0,99370.0,13.9,91,100,1.8,127,13.9,15.1,15.8,0.5
2025-03-08 22:00:00,29.38,27.19,2.4004761904761907,0.0,13.6,91,96,4.2,180,14.7,16.1,15.2,0.5,0.5,0.0,12.0,93.0,0.0,0.0,0.0,228.0,10.0,99390.0,13.7,93,100,4.8,193,13.5,14.9,15.7,0.1
2025-03-08 23:00:00,30.215,28.9733333333333,2.4023809523809523,0.0,13.5,83,100,10.0,192,14.3,16.0,15.2,0.1,0.1,0.01,12.0,95.0,0.0,0.0,0.0,246.0,13.0,99420.0,13.6,89,99,7.5,197,13.1,14.6,15.6,0.1
2025-03-09 00:00:00,31.05,29.2333333333333,2.4042857142857144,0.0,13.1,79,100,11.1,206,13.7,15.9,15.2,0.1,0.1,0.01,12.0,89.0,0.0,0.0,2.0,198.0,3.0,99400.0,13.1,80,100,7.9,196,12.3,14.2,15.5,0.1
2025-03-09 01:00:00,31.02,29.1166666666667,2.406190476190476,0.0,13.1,86,100,2.4,200,13.7,15.8,15.2,0.0,0.0,0.0,12.0,93.0,0.0,0.0,0.0,186.0,2.0,99410.0,12.6,77,100,8.4,205,11.8,13.8,15.4,0.1
2025-03-09 02:00:00,30.99,28.9266666666667,2.408095238095238,0.0,12.5,91,99,4.3,198,13.5,15.6,15.2,0.4,0.4,0.0,12.0,94.0,0.0,0.0,2.0,192.0,0.0,99360.0,12.3,79,100,7.1,204,11.7,13.5,15.2,0.2
2025-03-09 03:00:00,30.96,28.85,2.41,0.0,12.4,82,12,8.1,203,13.1,15.5,15.3,0.0,0.0,0.0,12.0,94.0,0.0,0.0,1.0,204.0,0.0,99350.0,12.4,77,100,8.2,209,11.4,13.2,15.1,0.1
2025-03-09 04:00:00,30.93,28.7933333333333,2.4119047619047618,0.0,11.7,79,61,11.9,218,12.5,15.3,15.3,0.0,0.0,0.01,11.0,92.0,0.0,0.0,1.0,270.0,0.0,99350.0,12.2,75,93,8.7,210,11.2,13.0,14.9,0.0
2025-03-09 05:00:00,30.855,28.65,2.413809523809524,0.0,11.6,77,95,12.0,224,12.1,15.1,15.3,0.0,0.0,0.02,10.0,94.0,0.0,0.0,0.0,204.0,0.0,99320.0,11.9,73,57,11.4,215,10.3,12.7,14.8,0.0
2025-03-09 06:00:00,30.78,28.51,2.4157142857142855,0.0,11.8,72,83,17.0,223,11.9,14.9,15.3,0.0,0.0,0.04,10.0,94.0,0.0,0.0,0.0,344.0,0.0,99340.0,11.2,74,15,11.2,213,9.5,12.2,14.6,0.0
2025-03-09 07:00:00,30.705,28.4133333333333,2.4176190476190476,0.0,12.5,65,44,23.1,223,12.0,14.7,15.3,0.0,0.0,0.09,10.0,90.0,0.0,0.0,0.0,192.0,0.0,99380.0,11.1,75,0,12.0,213,9.7,11.8,14.4,0.0
2025-03-09 08:00:00,30.63,28.2933333333333,2.4195238095238096,0.0,13.6,60,17,26.9,221,12.5,14.6,15.3,0.0,0.0,0.13,11.0,83.0,5880.0,0.0,1.0,252.0,0.0,99400.0,12.7,73,0,13.4,216,12.9,12.0,14.3,0.0
2025-03-09 09:00:00,30.555,28.2066666666667,2.4214285714285713,0.0,15.4,55,7,27.9,215,13.6,14.5,15.3,0.0,0.0,0.22,14.0,73.0,22875.0,1.0,4.0,270.0,0.0,99430.0,14.8,68,0,19.9,225,15.7,12.9,14.1,0.0
2025-03-09 10:00:00,30.48,28.09,2.4233333333333333,0.0,16.6,50,15,29.2,218,14.8,14.5,15.2,0.0,0.0,0.31,15.0,62.0,49676.0,4.0,5.0,246.0,0.0,99460.0,16.0,60,0,25.7,227,17.0,14.0,14.1,0.0
2025-03-09 11:00:00,30.384999999999998,27.9733333333333,2.4252380952380954,0.0,17.5,47,30,28.6,225,16.1,14.6,15.2,0.0,0.0,0.38,16.0,56.0,67522.0,5.0,7.0,276.0,0.0,99430.0,16.9,55,0,30.7,230,18.4,14.9,14.2,0.0
2025-03-09 12:00:00,30.29,27.8466666666667,2.427142857142857,0.0,17.9,46,18,30.0,228,16.9,14.7,15.2,0.3,0.3,0.41,17.0,52.0,80722.0,7.0,4.0,252.0,0.0,99390.0,17.9,52,9,31.8,232,19.2,15.7,14.3,0.0
2025-03-09 13:00:00,30.11,27.7033333333333,2.429047619047619,0.0,18.4,43,16,31.6,232,17.5,14.9,15.2,0.0,0.0,0.42,18.0,45.0,85473.0,7.0,8.0,270.0,0.0,99340.0,18.6,47,6,29.8,242,19.7,16.5,14.4,0.0
2025-03-09 14:00:00,30.08,27.56,2.4309523809523808,0.0,19.1,41,15,29.6,236,18.1,15.1,15.2,0.0,0.0,0.43,19.0,45.0,81084.0,7.0,8.0,250.0,0.0,99270.0,19.0,45,20,28.0,250,19.7,17.0,14.6,0.0
2025-03-09 15:00:00,29.975,27.4133333333333,2.432857142857143,0.0,18.8,41,36,18.5,261,18.5,15.3,15.2,0.0,0.0,0.38,19.0,37.0,68211.0,5.0,9.0,240.0,0.0,99230.0,19.3,44,77,23.1,259,19.6,17.3,14.8,0.0
2025-03-09 16:00:00,29.87,27.2966666666667,2.434761904761905,0.0,18.6,42,22,11.6,256,18.4,15.5,15.2,0.0,0.0,0.28,18.0,51.0,45683.0,2.0,10.0,355.0,0.0,99260.0,19.0,45,9,16.0,256,18.4,17.3,15.0,0.0
2025-03-09 17:00:00,29.8,27.1733333333333,2.4366666666666665,0.0,17.6,49,100,6.5,237,17.9,15.7,15.2,0.0,0.0,0.15,17.0,62.0,25827.0,1.0,3.0,27.0,0.0,99260.0,18.2,53,4,10.4,284,16.8,17.1,15.2,0.0
2025-03-09 18:00:00,29.73,27.08,2.4385714285714286,0.0,15.3,57,98,4.8,233,16.8,15.8,15.3,0.0,0.0,0.05,15.0,66.0,5261.0,0.0,2.0,86.0,0.0,99300.0,15.7,71,37,7.1,24,13.7,16.4,15.3,0.0
2025-03-09 19:00:00,29.685000000000002,26.99,2.4404761904761902,0.0,14.5,57,98,7.4,240,15.8,15.8,15.3,0.0,0.0,0.06,13.0,78.0,404.0,0.0,2.0,81.0,0.0,99320.0,13.4,85,29,5.6,63,11.9,15.3,15.3,0.0
2025-03-09 20:00:00,29.64,26.91,2.4423809523809523,0.0,13.2,64,99,6.2,231,15.1,15.8,15.3,0.0,0.0,0.02,12.0,81.0,0.0,0.0,0.0,166.0,0.0,99300.0,12.4,88,60,1.3,124,10.7,14.3,15.3,0.0
2025-03-09 21:00:00,29.595,26.8433333333333,2.4442857142857144,0.0,12.7,70,92,3.3,225,14.5,15.7,15.3,0.0,0.0,0.0,11.0,88.0,0.0,0.0,0.0,258.0,0.0,99330.0,12.1,78,82,3.7,169,10.2,13.3,15.1,0.0
2025-03-09 22:00:00,29.55,26.76,2.446190476190476,0.0,11.6,72,99,5.3,190,13.9,15.6,15.3,0.0,0.0,0.0,11.0,91.0,0.0,0.0,0.0,186.0,0.0,99320.0,12.4,70,100,4.7,189,10.7,12.9,15.0,0.0
2025-03-09 23:00:00,29.515,26.7266666666667,2.448095238095238,0.0,11.9,70,98,6.6,213,13.6,15.4,15.3,0.0,0.0,0.01,11.0,89.0,0.0,0.0,1.0,339.0,0.0,99290.0,12.8,69,100,5.6,225,10.8,12.6,14.8,0.0
2025-03-10 00:00:00,29.48,26.6766666666667,2.45,0.0,12.2,68,90,7.3,247,13.4,15.3,15.3,0.0,0.0,0.02,12.0,83.0,0.0,0.0,0.0,258.0,0.0,99270.0,12.5,71,100,2.0,225,10.0,12.1,14.6,0.0
2025-03-10 01:00:00,29.445,26.6166666666667,2.451904761904762,0.0,12.5,77,60,5.3,208,13.7,15.2,15.3,1.4,1.4,0.0,12.0,81.0,0.0,0.0,1.0,210.0,0.0,99290.0,12.7,71,100,2.7,247,10.7,12.1,14.5,0.0
2025-03-10 02:00:00,29.41,26.5733333333333,2.453809523809524,0.0,12.3,77,82,8.9,219,13.1,15.0,15.3,1.0,1.0,0.01,13.0,81.0,0.0,0.0,1.0,158.0,0.0,99250.0,12.6,74,100,4.6,225,11.0,12.2,14.3,0.1
2025-03-10 03:00:00,29.385,26.5466666666667,2.4557142857142855,0.0,12.6,77,99,14.6,195,12.7,14.9,15.3,1.8,1.8,0.02,12.0,87.0,0.0,0.0,0.0,186.0,0.0,99190.0,13.8,69,100,9.2,206,12.1,12.5,14.2,0.5
2025-03-10 04:00:00,29.36,26.5033333333333,2.4576190476190476,0.0,13.5,69,100,17.1,212,12.6,14.8,15.3,0.0,0.0,0.05,13.0,76.0,0.0,0.0,1.0,252.0,0.0,99160.0,14.6,67,100,18.8,227,13.2,12.8,14.1,0.1
2025-03-10 05:00:00,29.335,26.4766666666667,2.4595238095238097,0.0,14.0,63,100,23.2,216,12.6,14.6,15.3,0.0,0.0,0.08,14.0,69.0,0.0,0.0,4.0,222.0,0.0,99140.0,14.5,69,77,13.8,227,12.9,13.1,14.0,0.0
2025-03-10 06:00:00,29.310000000000002,26.43,2.4614285714285713,0.0,14.2,64,85,23.0,215,12.9,14.5,15.3,0.0,0.0,0.07,14.0,69.0,0.0,0.0,3.0,264.0,0.0,99230.0,13.8,72,1,10.3,216,11.5,13.1,14.0,0.0
2025-03-10 07:00:00,29.285,26.4,2.4633333333333334,0.0,14.4,63,19,21.3,217,13.1,14.4,15.3,0.0,0.0,0.09,14.0,73.0,74.0,0.0,2.0,276.0,0.0,99280.0,13.1,74,5,9.4,220,11.3,12.8,14.0,0.0
2025-03-10 08:00:00,29.26,26.3833333333333,2.465238095238095,0.0,15.2,61,10,21.8,219,13.6,14.4,15.3,0.0,0.0,0.13,13.0,75.0,3914.0,0.0,4.0,264.0,0.0,99330.0,14.8,71,6,13.5,224,14.6,12.9,13.9,0.0
2025-03-10 09:00:00,29.2233333333333,26.3566666666667,2.467142857142857,0.0,16.9,57,9,24.5,222,14.6,14.4,15.3,0.0,0.0,0.22,17.0,63.0,31695.0,1.0,4.0,252.0,0.0,99380.0,16.8,63,5,21.7,222,17.2,13.9,13.9,0.0
2025-03-10 10:00:00,29.1766666666667,26.3066666666667,2.469047619047619,0.0,17.9,53,5,27.7,222,15.7,14.4,15.3,0.0,0.0,0.31,18.0,56.0,51152.0,4.0,2.0,246.0,0.0,99420.0,17.9,55,3,26.5,225,18.8,14.9,13.9,0.0
2025-03-10 11:00:00,29.1333333333333,26.28,2.470952380952381,0.0,18.8,49,7,27.9,225,16.8,14.6,15.3,0.0,0.0,0.39,18.0,51.0,77136.0,6.0,4.0,240.0,0.0,99460.0,18.7,50,66,26.3,240,19.8,15.9,14.1,0.0
2025-03-10 12:00:00,29.0866666666667,26.2366666666667,2.472857142857143,19.1,19.8,46,6,26.8,228,17.9,14.8,15.3,0.0,0.0,0.45,20.0,45.0,84449.0,7.0,8.0,240.0,0.0,99470.0,20.0,46,46,25.1,235,21.9,17.0,14.3,0.0
2025-03-10 13:00:00,29.0233333333333,26.1966666666667,2.4747619047619045,0.0,20.5,42,4,26.8,237,18.7,14.9,15.2,0.0,0.0,0.48,21.0,43.0,86316.0,8.0,7.0,252.0,0.0,99480.0,20.4,44,35,25.8,234,21.5,17.7,14.5,0.0
2025-03-10 14:00:00,28.97,26.1433333333333,2.4766666666666666,0.0,21.0,41,14,23.6,236,19.4,15.2,15.2,0.0,0.0,0.47,21.0,41.0,81454.0,5.0,7.0,269.0,0.0,99440.0,21.1,41,8,24.6,235,22.2,18.2,14.8,0.0
2025-03-10 15:00:00,28.9066666666667,26.1,2.4785714285714286,0.0,20.9,40,42,22.5,237,19.5,15.5,15.2,0.0,0.0,0.41,21.0,36.0,68958.0,3.0,6.0,276.0,0.0,99390.0,21.6,39,11,22.6,239,21.9,18.8,15.1,0.0
2025-03-10 16:00:00,28.87,26.07,2.4804761904761903,0.0,20.6,42,54,14.4,239,19.3,15.8,15.3,0.0,0.0,0.29,22.0,34.0,43769.0,2.0,5.0,258.0,0.0,99390.0,21.4,39,5,17.6,247,20.7,18.9,15.3,0.0
2025-03-10 17:00:00,28.83,26.0066666666667,2.4823809523809524,0.0,19.7,44,71,12.7,232,18.8,16.0,15.3,0.0,0.0,0.21,18.0,60.0,23968.0,1.0,4.0,36.0,0.0,99400.0,20.2,49,22,10.5,322,18.9,18.6,15.5,0.0
2025-03-10 18:00:00,28.8,25.9633333333333,2.4842857142857144,0.0,18.1,46,99,13.6,214,17.8,16.1,15.3,0.0,0.0,0.12,17.0,64.0,3288.0,0.0,2.0,72.0,0.0,99500.0,17.2,62,64,8.1,32,15.3,17.9,15.7,0.0
2025-03-10 19:00:00,28.77,25.9466666666667,2.486190476190476,0.0,18.3,46,46,21.6,220,17.3,16.2,15.3,0.0,0.0,0.15,15.0,74.0,132.0,0.0,2.0,54.0,0.0,99530.0,14.9,75,38,6.1,50,13.5,16.7,15.8,0.0
2025-03-10 20:00:00,28.74,25.9,2.488095238095238,0.0,16.8,55,83,21.9,216,16.7,16.2,15.3,0.0,0.0,0.1,15.0,67.0,0.0,0.0,0.0,216.0,0.0,99580.0,13.7,84,100,1.3,56,12.0,15.5,15.8,0.0
2025-03-10 21:00:00,28.71,25.85,2.4899999999999998,0.0,16.2,58,98,21.2,218,16.2,16.2,15.3,0.0,0.0,0.09,15.0,66.0,0.0,0.0,2.0,270.0,0.0,99680.0,14.7,69,96,6.0,213,13.0,14.8,15.7,0.0
2025-03-10 22:00:00,28.68,25.81,2.491904761904762,0.0,16.2,59,83,21.5,213,15.9,16.2,15.3,0.0,0.0,0.09,16.0,66.0,0.0,0.0,0.0,262.0,0.0,99680.0,15.2,62,100,9.2,219,13.3,14.5,15.6,0.0
2025-03-10 23:00:00,28.6433333333333,25.79,2.493809523809524,0.0,15.8,62,89,20.2,215,15.6,16.1,15.3,0.0,0.0,0.08,15.0,73.0,0.0,0.0,0.0,282.0,0.0,99700.0,15.1,64,89,10.3,216,13.0,14.3,15.5,0.0
2025-03-11 00:00:00,28.62,25.7566666666667,2.4957142857142856,0.0,15.9,63,90,21.6,216,15.5,16.1,15.3,0.0,0.0,0.08,17.0,59.0,0.0,0.0,4.0,258.0,0.0,99680.0,14.6,65,3,10.8,217,12.6,14.1,15.4,0.0
2025-03-11 01:00:00,28.59,25.7066666666667,2.4976190476190476,0.0,15.5,66,44,19.4,216,15.8,16.1,15.3,0.0,0.0,0.06,14.0,72.0,0.0,0.0,3.0,288.0,0.0,99670.0,14.3,68,1,10.2,219,12.3,13.9,15.3,0.0
2025-03-11 02:00:00,28.56,25.6766666666667,2.4995238095238093,0.0,15.5,65,80,22.2,217,15.5,16.1,15.3,0.0,0.0,0.07,14.0,76.0,0.0,0.0,1.0,258.0,0.0,99690.0,14.0,71,100,10.4,226,12.1,13.7,15.2,0.0
2025-03-11 03:00:00,28.54,25.6433333333333,2.5014285714285713,0.0,15.8,65,89,24.5,219,15.4,16.0,15.3,0.0,0.0,0.08,14.0,77.0,0.0,0.0,2.0,245.0,0.0,99640.0,14.6,70,100,14.3,223,13.0,13.4,15.1,0.0
2025-03-11 04:00:00,28.52,25.6266666666667,2.5033333333333334,0.0,15.8,63,65,25.2,224,15.2,15.9,15.3,0.0,0.0,0.09,14.0,81.0,0.0,0.0,3.0,282.0,0.0,99580.0,15.6,64,100,18.1,227,14.2,13.8,15.0,0.0
2025-03-11 05:00:00,28.49,25.6033333333333,2.505238095238095,0.0,15.6,63,67,24.5,224,15.1,15.9,15.3,0.0,0.0,0.08,15.0,76.0,0.0,0.0,2.0,270.0,0.0,99570.0,15.4,65,33,17.7,231,13.7,14.0,14.9,0.0
2025-03-11 06:00:00,28.4666666666667,25.56,2.507142857142857,0.0,15.9,62,72,24.1,224,15.1,15.8,15.3,0.0,0.0,0.09,16.0,58.0,0.0,0.0,4.0,240.0,0.0,99570.0,15.5,64,46,19.1,224,13.8,14.2,14.8,0.0
2025-03-11 07:00:00,28.4433333333333,25.5366666666667,2.509047619047619,0.0,16.7,59,27,27.8,224,15.2,15.8,15.3,0.0,0.0,0.13,15.0,67.0,376.0,0.0,3.0,318.0,0.0,99610.0,15.6,64,81,18.6,224,14.0,14.2,14.8,0.0
2025-03-11 08:00:00,28.42,25.4966666666667,2.510952380952381,0.0,17.5,58,43,28.5,228,15.6,15.7,15.3,0.0,0.0,0.16,17.0,57.0,7092.0,0.0,7.0,239.0,0.0,99640.0,16.7,64,79,22.7,229,16.3,14.4,14.8,0.0
2025-03-11 09:00:00,28.39,25.4666666666667,2.512857142857143,0.0,18.4,57,25,27.4,225,16.3,15.7,15.3,0.0,0.0,0.23,17.0,59.0,14318.0,1.0,4.0,258.0,0.0,99690.0,18.3,58,56,27.8,230,18.7,15.3,14.8,0.0
2025-03-11 10:00:00,28.3566666666667,25.4533333333333,2.5147619047619045,0.0,19.4,55,100,24.3,226,17.2,15.8,15.3,0.0,0.0,0.29,20.0,48.0,53335.0,2.0,8.0,264.0,0.0,99670.0,19.7,52,22,31.2,231,20.9,16.3,14.9,0.0
2025-03-11 11:00:00,28.3066666666667,25.3966666666667,2.5166666666666666,0.0,18.9,57,100,20.9,225,17.3,15.9,15.4,0.0,0.0,0.2,21.0,48.0,75688.0,5.0,5.0,212.0,0.0,99650.0,20.9,48,43,32.4,233,22.8,17.4,15.0,0.0
2025-03-11 12:00:00,28.2533333333333,25.3633333333333,2.5185714285714287,0.0,18.9,59,100,17.1,225,17.4,16.0,15.4,0.0,0.0,0.17,21.0,46.0,22259.0,2.0,5.0,228.0,0.0,99590.0,21.4,48,98,29.1,229,22.7,18.3,15.2,0.0
2025-03-11 13:00:00,28.2066666666667,25.33,2.5204761904761903,0.0,20.2,49,100,18.7,223,17.9,16.1,15.4,0.0,0.0,0.21,21.0,49.0,32398.0,2.0,6.0,218.0,0.0,99560.0,20.7,50,100,29.1,229,20.0,18.7,15.4,0.0
2025-03-11 14:00:00,28.15,25.3033333333333,2.5223809523809524,0.0,18.7,61,98,15.9,234,17.7,16.2,15.4,0.4,0.4,0.18,22.0,48.0,70051.0,5.0,7.0,258.0,0.0,99490.0,20.7,52,97,30.6,221,21.9,18.6,15.6,0.0
2025-03-11 15:00:00,28.1266666666667,25.2733333333333,2.524285714285714,0.0,18.2,66,100,25.5,226,17.5,16.3,15.4,1.4,1.4,0.2,20.0,59.0,13080.0,1.0,4.0,245.0,0.0,99460.0,19.8,55,100,28.5,225,19.0,18.3,15.8,0.0
2025-03-11 16:00:00,28.1133333333333,25.26,2.526190476190476,0.0,16.7,75,100,17.9,221,16.5,16.3,15.4,2.7,2.7,0.09,,,,,,,,,19.4,60,100,31.3,224,18.4,18.2,16.0,0.0
2025-03-11 17:00:00,28.1033333333333,25.2366666666667,2.528095238095238,0.0,17.0,72,100,18.1,228,16.1,16.3,15.4,1.9,1.9,0.1,17.0,78.0,12494.0,1.0,3.0,250.0,1.0,99450.0,18.0,71,100,25.5,226,16.8,17.7,16.1,0.4
2025-03-11 18:00:00,28.0866666666667,25.2133333333333,2.53,0.0,15.6,85,100,24.4,237,15.5,16.3,15.4,1.5,1.5,0.05,17.0,78.0,5542.0,0.0,4.0,258.0,0.0,99480.0,16.6,80,100,17.6,227,15.4,16.9,16.2,0.7
2025-03-11 19:00:00,28.0633333333333,25.1966666666667,2.531904761904762,0.0,15.1,86,100,19.0,230,15.1,16.2,15.4,2.3,2.3,0.04,14.0,89.0,1883.0,0.0,2.0,335.0,0.0,99570.0,16.4,81,100,11.6,240,15.2,16.3,16.2,0.6
2025-03-11 20:00:00,28.0466666666667,25.19,2.5338095238095235,0.0,15.8,78,99,20.9,217,14.9,16.1,15.4,0.2,0.2,0.04,15.0,92.0,0.0,0.0,0.0,198.0,1.0,99600.0,15.8,86,100,6.6,283,15.0,16.0,16.1,0.2
2025-03-11 21:00:00,28.04,25.1833333333333,2.5357142857142856,0.0,15.7,78,100,16.7,225,14.8,16.0,15.4,0.0,0.0,0.03,15.0,93.0,0.0,0.0,1.0,6.0,1.0,99600.0,15.0,91,100,6.3,294,14.7,15.6,16.1,0.3
2025-03-11 22:00:00,28.0366666666667,25.1666666666667,2.5376190476190477,0.0,15.6,76,0,16.4,227,14.7,15.9,15.4,0.0,0.0,0.03,14.0,93.0,0.0,0.0,0.0,222.0,0.0,99680.0,15.0,90,90,3.6,264,14.2,15.4,16.0,0.4
2025-03-11 23:00:00,28.04,25.1566666666667,2.5395238095238093,0.0,14.0,84,17,10.3,230,14.3,15.8,15.4,0.0,0.0,0.01,14.0,93.0,0.0,0.0,2.0,292.0,0.0,99680.0,14.6,91,86,6.7,324,14.1,15.1,15.9,0.0
2025-03-12 00:00:00,28.0433333333333,25.14,2.5414285714285714,0.0,13.5,85,15,11.3,230,14.0,15.6,15.4,0.0,0.0,0.01,15.0,92.0,0.0,0.0,2.0,312.0,0.0,99700.0,14.5,90,90,4.7,261,13.8,15.1,15.9,0.0
2025-03-12 01:00:00,28.0566666666667,25.14,2.5433333333333334,0.0,12.9,90,18,6.5,249,14.2,15.9,15.4,0.0,0.0,0.0,14.0,94.0,0.0,0.0,1.0,276.0,0.0,99700.0,14.4,89,88,3.1,249,13.4,14.8,15.8,0.0
2025-03-12 02:00:00,28.0633333333333,25.1333333333333,2.545238095238095,0.0,12.7,89,26,8.0,226,13.7,15.8,15.4,0.0,0.0,0.0,14.0,94.0,0.0,0.0,0.0,205.0,0.0,99700.0,14.4,85,77,4.0,265,13.0,14.5,15.7,0.0
2025-03-12 03:00:00,28.08,25.1333333333333,2.547142857142857,0.0,12.4,86,25,9.3,227,13.3,15.6,15.4,0.0,0.0,0.0,13.0,94.0,0.0,0.0,0.0,210.0,0.0,99700.0,14.0,84,81,2.1,239,12.5,14.2,15.6,0.0
2025-03-12 04:00:00,28.08,25.1366666666667,2.549047619047619,0.0,12.1,84,34,8.7,225,13.0,15.4,15.5,0.0,0.0,0.0,13.0,95.0,0.0,0.0,0.0,252.0,0.0,99690.0,13.8,84,78,1.4,180,12.1,13.9,15.4,0.0
2025-03-12 05:00:00,28.08,25.1366666666667,2.550952380952381,0.0,11.3,88,31,6.6,236,12.6,15.3,15.5,0.0,0.0,0.0,14.0,93.0,0.0,0.0,0.0,198.0,0.0,99690.0,13.5,84,69,1.9,158,11.5,13.6,15.3,0.0
2025-03-12 06:00:00,28.08,25.14,2.552857142857143,0.0,11.1,89,40,5.8,232,12.3,15.1,15.5,0.0,0.0,0.0,13.0,89.0,0.0,0.0,0.0,216.0,0.0,99700.0,12.3,95,76,3.7,151,11.8,13.5,15.1,0.0
2025-03-12 07:00:00,28.0766666666667,25.14,2.5547619047619046,0.0,11.6,88,59,6.1,226,12.2,14.9,15.4,0.0,0.0,0.02,12.0,90.0,0.0,0.0,1.0,169.0,0.0,99740.0,12.0,97,75,1.9,158,12.1,13.3,15.0,0.0
2025-03-12 08:00:00,28.07,25.1266666666667,2.5566666666666666,0.0,14.0,83,78,6.7,226,13.0,14.8,15.4,0.1,0.1,0.06,12.0,86.0,1284.0,0.0,0.0,228.0,0.0,99770.0,13.6,95,48,1.3,214,15.7,13.6,14.9,0.0
2025-03-12 09:00:00,28.0666666666667,25.13,2.5585714285714283,0.0,16.1,73,98,6.7,222,14.3,14.7,15.4,0.0,0.0,0.16,14.0,84.0,10374.0,0.0,2.0,276.0,0.0,99840.0,16.2,82,100,3.6,264,19.3,15.0,14.9,0.0
2025-03-12 10:00:00,28.045,25.0966666666667,2.5604761904761904,0.0,17.8,64,100,11.0,219,15.8,14.7,15.4,0.0,0.0,0.27,16.0,77.0,39897.0,2.0,3.0,258.0,0.0,99880.0,17.6,72,99,8.6,248,20.8,16.3,14.9,0.0
2025-03-12 11:00:00,28.0266666666667,25.08,2.5623809523809524,0.0,18.9,55,100,16.0,238,16.8,14.9,15.4,0.0,0.0,0.3,17.0,70.0,81003.0,7.0,3.0,312.0,0.0,99880.0,18.3,67,100,10.6,252,20.1,17.2,15.1,0.0
2025-03-12 12:00:00,28.005,25.0633333333333,2.564285714285714,0.0,19.9,53,99,14.0,237,17.6,15.0,15.4,0.0,0.0,0.32,18.0,65.0,54543.0,4.0,3.0,284.0,0.0,99880.0,19.9,54,75,15.8,243,21.0,17.7,15.3,0.0
2025-03-12 13:00:00,27.975,25.0366666666667,2.566190476190476,0.0,21.3,46,100,11.5,268,18.6,15.3,15.4,0.0,0.0,0.28,19.0,62.0,75806.0,6.0,4.0,292.0,0.0,99800.0,21.2,53,76,11.9,267,24.5,18.5,15.5,0.0
2025-03-12 14:00:00,27.9666666666667,25.04,2.568095238095238,0.0,20.1,50,99,9.3,249,18.7,15.5,15.4,0.0,0.0,0.23,20.0,60.0,65355.0,5.0,2.0,270.0,0.0,99680.0,19.5,63,100,12.2,332,20.4,19.1,15.7,0.0
2025-03-12 15:00:00,27.9466666666667,25.0266666666667,2.57,0.0,20.5,54,100,9.9,239,19.2,15.7,15.4,0.0,0.0,0.29,20.0,61.0,55956.0,4.0,4.0,294.0,0.0,99580.0,17.6,70,100,11.7,9,18.5,18.8,15.9,0.0
2025-03-12 16:00:00,27.9333333333333,25.0333333333333,2.571904761904762,0.0,20.2,57,100,9.6,263,19.0,15.9,15.4,0.0,0.0,0.19,20.0,57.0,11013.0,1.0,3.0,274.0,0.0,99520.0,16.4,76,100,7.1,24,16.8,18.0,16.1,0.0
2025-03-12 17:00:00,27.92,25.0233333333333,2.5738095238095235,0.0,17.9,76,99,3.2,288,18.2,16.1,15.4,0.4,0.4,0.08,17.0,68.0,17012.0,1.0,3.0,30.0,0.0,99510.0,15.7,84,100,7.9,39,15.9,17.2,16.2,0.2
2025-03-12 18:00:00,27.9066666666667,25.02,2.5757142857142856,0.0,16.0,87,79,2.7,280,17.4,16.2,15.4,0.0,0.0,0.03,16.0,76.0,7647.0,0.0,2.0,48.0,0.0,99510.0,15.5,83,100,6.6,29,15.2,16.7,16.2,0.0
2025-03-12 19:00:00,27.8933333333333,25.02,2.5776190476190477,0.0,14.8,89,57,1.3,234,16.2,16.2,15.5,0.0,0.0,0.02,16.0,79.0,3420.0,0.0,2.0,132.0,0.0,99500.0,14.6,88,100,2.9,360,13.6,16.0,16.2,0.0
2025-03-12 20:00:00,27.88,25.0066666666667,2.5795238095238093,0.0,14.2,88,29,3.6,232,15.3,16.2,15.5,0.0,0.0,0.0,15.0,86.0,0.0,0.0,0.0,349.0,0.0,99610.0,13.6,91,30,2.2,99,12.3,15.3,16.1,0.0
2025-03-12 21:00:00,27.8666666666667,24.99,2.5814285714285714,0.0,13.7,86,41,3.5,241,14.6,16.1,15.5,0.0,0.0,0.0,15.0,81.0,0.0,0.0,2.0,228.0,0.0,99480.0,12.3,96,32,3.6,53,11.4,14.4,16.0,0.0
2025-03-12 22:00:00,27.85,24.9733333333333,2.583333333333333,0.0,13.4,87,63,0.5,226,14.0,15.9,15.5,0.0,0.0,0.0,16.0,80.0,0.0,0.0,2.0,290.0,0.0,99560.0,11.8,97,100,4.2,20,11.5,13.9,15.9,0.0
2025-03-12 23:00:00,27.8366666666667,24.95,2.585238095238095,0.0,13.6,83,31,8.1,217,13.5,15.8,15.5,0.0,0.0,0.0,15.0,81.0,0.0,0.0,2.0,252.0,0.0,99550.0,11.4,98,100,1.5,14,11.3,13.5,15.7,0.0
2025-03-13 00:00:00,27.8233333333333,24.9433333333333,2.587142857142857,0.0,15.3,72,37,13.5,228,13.6,15.6,15.5,0.0,0.0,0.03,15.0,84.0,0.0,0.0,0.0,222.0,0.0,99530.0,12.7,92,86,2.0,225,11.6,13.5,15.5,0.0
2025-03-13 01:00:00,27.8066666666667,24.92,2.589047619047619,0.0,16.2,67,99,20.4,224,15.2,15.7,15.5,0.0,0.0,0.07,17.0,66.0,0.0,0.0,4.0,216.0,0.0,99430.0,13.8,84,100,4.1,232,11.6,13.2,15.3,0.0
2025-03-13 02:00:00,27.79,24.91,2.590952380952381,0.0,16.5,67,51,19.7,224,15.2,15.7,15.5,0.0,0.0,0.07,15.0,83.0,0.0,0.0,2.0,314.0,0.0,99400.0,14.8,81,100,9.2,239,12.9,13.3,15.2,0.0
2025-03-13 03:00:00,27.7866666666667,24.8966666666667,2.592857142857143,0.0,16.5,66,93,22.8,220,15.1,15.7,15.5,0.0,0.0,0.08,14.0,85.0,0.0,0.0,1.0,192.0,0.0,99330.0,15.0,81,100,9.3,234,13.1,13.4,15.0,0.0
2025-03-13 04:00:00,27.77,24.89,2.5947619047619046,0.0,16.1,67,91,14.7,205,15.1,15.6,15.5,0.0,0.0,0.05,14.0,85.0,0.0,0.0,2.0,222.0,0.0,99190.0,15.1,80,100,8.6,237,13.0,13.6,14.9,0.0
2025-03-13 05:00:00,27.76,24.8866666666667,2.5966666666666667,0.0,16.1,66,60,13.2,210,15.1,15.6,15.5,0.0,0.0,0.05,14.0,86.0,0.0,0.0,3.0,245.0,0.0,99130.0,15.2,76,100,7.7,233,13.0,13.6,14.8,0.0
2025-03-13 06:00:00,27.75,24.8766666666667,2.5985714285714283,0.0,15.4,71,26,11.2,227,14.9,15.5,15.5,0.0,0.0,0.03,13.0,90.0,0.0,0.0,2.0,303.0,3.0,99030.0,14.8,79,100,6.0,237,12.6,13.5,14.7,0.0
2025-03-13 07:00:00,27.74,24.8666666666667,2.6004761904761904,0.0,14.3,78,30,8.7,222,14.5,15.5,15.5,0.0,0.0,0.03,13.0,91.0,0.0,0.0,2.0,185.0,0.0,99010.0,14.5,82,83,5.1,225,12.7,13.4,14.6,0.0
2025-03-13 08:00:00,27.73,24.8533333333333,2.6023809523809525,0.0,16.8,71,17,12.3,221,15.0,15.4,15.5,0.0,0.0,0.09,14.0,87.0,474.0,0.0,2.0,270.0,0.0,99000.0,16.0,83,10,4.9,253,16.8,13.8,14.6,0.0
2025-03-13 09:00:00,27.72,24.8366666666667,2.604285714285714,0.0,19.5,58,37,17.0,225,16.1,15.5,15.5,0.0,0.0,0.23,14.0,86.0,7456.0,0.0,1.0,206.0,0.0,99080.0,18.8,74,3,10.5,232,20.1,15.1,14.6,0.0
2025-03-13 10:00:00,27.71,24.8133333333333,2.606190476190476,0.0,20.8,53,18,21.2,220,17.4,15.5,15.5,0.0,0.0,0.33,16.0,81.0,25972.0,1.0,2.0,279.0,0.0,99070.0,20.8,56,0,26.6,232,21.0,16.6,14.7,0.0
2025-03-13 11:00:00,27.69,24.7833333333333,2.608095238095238,0.0,21.5,48,27,25.7,227,18.6,15.7,15.5,0.0,0.0,0.42,18.0,72.0,19183.0,1.0,1.0,240.0,0.0,99020.0,20.9,53,70,33.2,243,21.2,17.5,14.9,0.0
2025-03-13 12:00:00,27.68,24.7433333333333,2.61,0.0,21.3,44,43,35.6,237,19.3,15.9,15.5,0.1,0.1,0.46,21.0,54.0,64659.0,5.0,7.0,282.0,0.0,98960.0,21.3,53,3,35.1,231,23.0,18.3,15.1,0.0
2025-03-13 13:00:00,27.6566666666667,24.73,2.610535714285714,0.0,21.2,50,13,33.7,230,19.4,16.0,15.5,0.1,0.1,0.43,20.0,59.0,47113.0,3.0,4.0,246.0,0.0,98900.0,22.3,42,31,34.7,241,23.2,19.1,15.4,0.0
2025-03-13 14:00:00,27.63,24.72,2.6110714285714285,0.0,22.3,41,26,34.2,236,20.0,16.3,15.5,0.0,0.0,0.49,21.0,50.0,34946.0,2.0,6.0,252.0,0.0,98850.0,22.6,40,8,34.1,248,23.5,19.6,15.8,0.0
2025-03-13 15:00:00,27.59,24.7,2.611607142857143,0.0,22.0,42,43,28.8,243,20.2,16.5,15.5,0.1,0.1,0.43,21.0,52.0,64382.0,5.0,6.0,258.0,0.0,98820.0,22.5,41,13,33.6,249,22.6,20.0,16.0,0.0
2025-03-13 16:00:00,27.57,24.6733333333333,2.612142857142857,0.0,20.5,45,1,19.1,244,19.9,16.7,15.5,0.2,0.2,0.31,21.0,46.0,22859.0,1.0,8.0,250.0,0.0,98830.0,21.7,41,1,29.3,254,21.0,19.8,16.3,0.0
2025-03-13 17:00:00,27.56,24.67,2.6126785714285714,0.0,19.9,48,6,12.5,250,19.3,16.9,15.5,0.0,0.0,0.2,20.0,55.0,15344.0,1.0,2.0,256.0,0.0,98820.0,20.7,43,1,22.4,266,19.4,19.4,16.6,0.0
2025-03-13 18:00:00,27.55,24.65,2.6132142857142857,0.0,16.8,62,5,5.8,239,18.2,17.0,15.5,0.0,0.0,0.06,21.0,47.0,14245.0,1.0,7.0,260.0,0.0,98890.0,19.1,46,0,15.0,260,16.7,18.6,16.7,0.0
2025-03-13 19:00:00,27.55,24.65,2.61375,0.0,15.4,63,7,1.4,235,16.8,17.0,15.5,0.0,0.0,0.02,19.0,49.0,2397.0,0.0,2.0,291.0,0.0,98880.0,16.8,58,0,6.8,252,14.2,17.4,16.8,0.0
2025-03-13 20:00:00,27.54,24.6466666666667,2.6142857142857143,0.0,14.2,67,4,0.6,232,15.6,16.9,15.5,0.0,0.0,0.0,16.0,61.0,0.0,0.0,0.0,173.0,0.0,98950.0,15.4,65,0,4.0,185,12.8,16.2,16.8,0.0
2025-03-13 21:00:00,27.53,24.6466666666667,2.6148214285714286,0.0,12.8,72,7,3.4,167,14.7,16.7,15.6,0.0,0.0,0.0,17.0,55.0,0.0,0.0,1.0,211.0,0.0,99000.0,14.4,65,0,4.7,189,12.0,15.2,16.6,0.0
2025-03-13 22:00:00,27.5233333333333,24.6366666666667,2.615357142857143,0.0,11.6,77,5,3.1,180,14.0,16.6,15.6,0.0,0.0,0.0,15.0,64.0,0.0,0.0,0.0,151.0,0.0,98990.0,13.7,67,0,4.2,200,11.2,14.4,16.4,0.0
2025-03-13 23:00:00,27.5133333333333,24.6166666666667,2.6158928571428572,0.0,11.3,78,10,5.3,193,13.4,16.4,15.6,0.0,0.0,0.0,13.0,70.0,0.0,0.0,0.0,163.0,0.0,98980.0,12.9,69,0,4.7,203,10.7,13.8,16.2,0.0
2025-03-14 00:00:00,27.4966666666667,24.6133333333333,2.616428571428571,0.0,10.8,81,13,7.9,202,13.1,16.1,15.6,0.0,0.0,0.0,11.0,80.0,0.0,0.0,2.0,162.0,0.0,98940.0,12.3,70,16,5.0,180,10.3,13.2,15.9,0.0
2025-03-14 01:00:00,27.48,24.6033333333333,2.6169642857142854,0.0,11.4,84,42,6.4,187,13.7,16.1,15.6,0.0,0.0,0.0,11.0,81.0,0.0,0.0,0.0,169.0,0.0,98890.0,12.0,72,19,4.3,180,9.9,12.8,15.7,0.0
2025-03-14 02:00:00,27.4666666666667,24.5933333333333,2.6174999999999997,0.0,10.6,89,94,8.3,212,13.3,16.0,15.6,0.0,0.0,0.0,11.0,82.0,0.0,0.0,0.0,192.0,0.0,98880.0,11.5,76,28,4.2,200,9.6,12.4,15.4,0.0
2025-03-14 03:00:00,27.4466666666667,24.59,2.618035714285714,0.0,10.9,87,66,6.2,205,13.2,15.8,15.6,0.0,0.0,0.0,11.0,81.0,0.0,0.0,1.0,258.0,0.0,98850.0,11.2,79,86,4.0,207,9.6,12.1,15.2,0.0
2025-03-14 04:00:00,27.435,24.5833333333333,2.6185714285714283,0.0,11.3,85,97,3.6,255,13.0,15.6,15.6,0.0,0.0,0.0,11.0,83.0,0.0,0.0,0.0,228.0,0.0,98800.0,11.6,80,94,4.8,222,10.5,12.1,14.9,0.0
2025-03-14 05:00:00,27.41,24.5766666666667,2.6191071428571426,0.0,11.4,86,100,4.2,228,12.9,15.4,15.6,0.0,0.0,0.0,12.0,81.0,0.0,0.0,1.0,258.0,0.0,98850.0,12.2,78,96,7.9,227,11.0,12.2,14.7,0.0
2025-03-14 06:00:00,27.39,24.5733333333333,2.619642857142857,0.0,13.0,74,50,10.4,204,12.9,15.3,15.6,0.0,0.0,0.02,11.0,89.0,0.0,0.0,0.0,54.0,3.0,98810.0,13.7,70,50,21.6,224,12.3,12.2,14.5,0.0
2025-03-14 07:00:00,27.3766666666667,24.55,2.6201785714285712,0.0,13.7,67,39,27.4,225,12.9,15.1,15.6,0.5,0.5,0.09,14.0,70.0,0.0,0.0,4.0,246.0,0.0,98830.0,14.0,68,0,26.2,224,12.8,12.7,14.4,0.0
2025-03-14 08:00:00,27.36,24.52,2.6207142857142856,0.0,15.0,60,19,33.8,223,13.3,15.0,15.6,0.0,0.0,0.15,14.0,58.0,2808.0,0.0,6.0,240.0,0.0,98860.0,14.7,63,0,32.1,224,14.3,13.2,14.3,0.0
2025-03-14 09:00:00,27.34,24.4833333333333,2.62125,0.0,16.6,54,10,30.7,223,14.4,14.9,15.6,0.0,0.0,0.24,16.0,53.0,17808.0,1.0,8.0,252.0,0.0,98880.0,16.0,58,0,35.4,225,16.6,14.0,14.3,0.0
2025-03-14 10:00:00,27.3033333333333,24.4466666666667,2.621785714285714,0.0,17.9,48,46,33.2,229,15.6,15.0,15.6,0.0,0.0,0.34,17.0,52.0,44542.0,4.0,7.0,216.0,0.0,98960.0,17.3,52,0,35.4,227,18.7,15.0,14.3,0.0
2025-03-14 11:00:00,27.25,24.4133333333333,2.6223214285714285,0.0,18.8,44,21,35.8,230,16.9,15.1,15.6,0.0,0.0,0.42,18.0,43.0,68628.0,5.0,9.0,249.0,0.0,98950.0,18.7,48,0,37.0,229,20.4,16.1,14.5,0.0
2025-03-14 12:00:00,27.2033333333333,24.3633333333333,2.6228571428571428,0.0,19.1,44,29,36.5,227,17.7,15.2,15.6,0.0,0.0,0.42,19.0,42.0,85757.0,7.0,10.0,256.0,0.0,98930.0,19.8,43,35,35.1,238,20.8,17.1,14.6,0.0
2025-03-14 13:00:00,27.1433333333333,24.3333333333333,2.623392857142857,0.0,20.0,39,50,36.7,241,18.8,15.6,15.6,0.0,0.0,0.46,20.0,40.0,96149.0,6.0,8.0,259.0,0.0,98930.0,20.3,43,62,35.9,243,21.5,17.9,14.9,0.0
2025-03-14 14:00:00,27.09,24.31,2.6239285714285714,0.0,20.3,41,80,33.6,245,19.2,15.8,15.6,0.1,0.1,0.45,20.0,42.0,44391.0,3.0,10.0,250.0,0.0,98920.0,20.1,43,61,35.3,245,20.4,18.2,15.2,0.0
2025-03-14 15:00:00,27.0533333333333,24.2933333333333,2.6244642857142857,0.0,19.6,42,91,28.3,248,19.2,16.0,15.6,0.1,0.1,0.37,20.0,45.0,29102.0,2.0,5.0,232.0,0.0,98900.0,19.9,44,80,31.2,259,19.9,18.3,15.4,0.0
2025-03-14 16:00:00,27.04,24.2833333333333,2.625,0.0,18.5,47,70,19.2,258,18.8,16.2,15.6,0.0,0.0,0.25,19.0,44.0,32820.0,1.0,8.0,293.0,0.0,98990.0,18.5,56,96,22.7,273,18.2,18.1,15.7,0.0
2025-03-14 17:00:00,27.03,24.2666666666667,2.6255357142857143,0.0,17.7,50,87,15.7,249,18.3,16.3,15.6,0.0,0.0,0.19,19.0,45.0,42871.0,2.0,6.0,238.0,0.0,99060.0,17.7,65,100,14.2,286,17.5,17.7,15.8,0.0
2025-03-14 18:00:00,27.03,24.26,2.6260714285714286,0.0,16.2,55,99,10.1,245,17.4,16.4,15.6,0.0,0.0,0.09,16.0,64.0,9409.0,1.0,4.0,288.0,0.0,99190.0,16.5,70,57,7.1,294,14.9,17.2,15.9,0.0
2025-03-14 19:00:00,27.04,24.26,2.626607142857143,0.0,15.1,58,100,13.5,237,16.5,16.4,15.6,0.0,0.0,0.08,17.0,53.0,863.0,0.0,3.0,258.0,0.0,99290.0,14.9,77,100,3.3,283,13.1,16.0,16.0,0.0
2025-03-14 20:00:00,27.0366666666667,24.2466666666667,2.6271428571428572,0.0,14.4,60,93,16.6,233,15.8,16.4,15.6,0.0,0.0,0.06,15.0,59.0,0.0,0.0,2.0,264.0,0.0,99370.0,13.8,80,48,4.1,308,11.9,15.0,15.9,0.0
2025-03-14 21:00:00,27.03,24.24,2.6276785714285715,0.0,13.8,64,54,17.1,233,15.3,16.3,15.6,0.0,0.0,0.06,15.0,62.0,0.0,0.0,3.0,246.0,0.0,99500.0,12.6,91,69,4.3,5,12.2,14.3,15.8,0.0
2025-03-14 22:00:00,27.0233333333333,24.23,2.628214285714286,0.0,12.7,69,5,11.3,243,14.7,16.2,15.6,0.0,0.0,0.03,14.0,79.0,0.0,0.0,0.0,324.0,0.0,99600.0,12.6,87,63,1.8,217,10.7,13.8,15.6,0.0
2025-03-14 23:00:00,27.0166666666667,24.22,2.62875,0.0,12.3,72,2,14.2,231,14.1,16.1,15.6,0.0,0.0,0.03,13.0,84.0,0.0,0.0,0.0,152.0,0.0,99650.0,11.9,82,54,4.4,279,10.8,13.2,15.4,0.0
2025-03-15 00:00:00,27.0066666666667,24.2033333333333,2.629285714285714,0.0,12.6,68,3,20.6,220,13.8,15.9,15.6,0.0,0.0,0.05,12.0,83.0,0.0,0.0,2.0,329.0,0.0,99720.0,11.3,83,39,2.8,220,9.5,12.6,15.2,0.0
2025-03-15 01:00:00,26.9933333333333,24.1933333333333,2.6298214285714283,0.0,12.3,77,22,14.3,224,13.9,15.7,15.6,0.2,0.2,0.02,14.0,71.0,0.0,0.0,2.0,282.0,0.0,99750.0,10.9,83,51,3.6,217,9.0,12.1,15.0,0.0
2025-03-15 02:00:00,26.9833333333333,24.1766666666667,2.6303571428571426,0.0,12.4,68,17,16.9,223,13.3,15.6,15.6,0.0,0.0,0.05,12.0,81.0,0.0,0.0,0.0,276.0,0.0,99820.0,10.8,78,13,6.9,231,9.1,11.7,14.7,0.0
2025-03-15 03:00:00,26.9733333333333,24.17,2.630892857142857,0.0,12.1,68,7,15.2,222,13.0,15.4,15.6,0.0,0.0,0.04,11.0,81.0,0.0,0.0,1.0,252.0,0.0,99840.0,10.9,75,41,7.1,240,9.1,11.4,14.5,0.0
2025-03-15 04:00:00,26.96,24.16,2.6314285714285712,0.0,11.3,72,8,12.4,224,12.6,15.2,15.6,0.0,0.0,0.03,12.0,78.0,0.0,0.0,2.0,276.0,0.0,99890.0,10.4,75,31,4.7,261,8.4,11.3,14.3,0.0
2025-03-15 05:00:00,26.9466666666667,24.15,2.6319642857142855,0.0,11.2,74,8,11.7,223,12.3,15.1,15.6,0.0,0.0,0.02,12.0,79.0,0.0,0.0,2.0,288.0,0.0,99920.0,10.0,77,64,4.3,246,8.5,11.0,14.1,0.0
2025-03-15 06:00:00,26.9366666666667,24.15,2.6325,0.0,11.2,74,3,13.8,220,12.2,14.9,15.6,0.0,0.0,0.03,12.0,77.0,0.0,0.0,2.0,285.0,0.0,100000.0,10.4,74,66,4.4,235,8.8,11.1,13.9,0.0
2025-03-15 07:00:00,26.9266666666667,24.1333333333333,2.633035714285714,0.0,11.7,73,4,13.8,220,12.1,14.8,15.6,0.0,0.0,0.05,12.0,76.0,0.0,0.0,2.0,270.0,0.0,100100.0,10.5,77,66,3.6,233,9.7,11.0,13.7,0.0
2025-03-15 08:00:00,26.9166666666667,24.1133333333333,2.6335714285714285,0.0,13.8,68,19,13.6,227,12.8,14.6,15.6,0.0,0.0,0.1,11.0,80.0,5357.0,0.0,0.0,264.0,0.0,100180.0,12.1,78,82,2.4,243,13.9,11.5,13.5,0.0
2025-03-15 09:00:00,26.9,24.0866666666667,2.6341071428571428,0.0,15.4,62,26,15.5,245,14.0,14.6,15.6,0.0,0.0,0.19,14.0,71.0,27427.0,1.0,4.0,312.0,0.0,100280.0,14.8,64,81,6.4,297,17.2,13.1,13.5,0.0
2025-03-15 10:00:00,26.8766666666667,24.0433333333333,2.634642857142857,0.0,16.7,56,34,16.0,254,15.4,14.6,15.6,0.2,0.2,0.29,15.0,59.0,63777.0,4.0,6.0,276.0,0.0,100370.0,16.2,58,68,9.0,286,19.4,14.6,13.6,0.0
2025-03-15 11:00:00,26.8533333333333,24.0166666666667,2.6351785714285714,0.0,17.4,56,35,15.4,258,16.5,14.7,15.6,0.0,0.0,0.33,16.0,58.0,20804.0,1.0,2.0,288.0,0.0,100440.0,16.8,63,68,10.1,268,20.7,16.1,13.8,0.0
2025-03-15 12:00:00,26.8366666666667,24.0033333333333,2.6357142857142857,0.0,18.5,52,89,12.2,266,17.9,14.9,15.6,0.1,0.1,0.42,17.0,54.0,22640.0,1.0,2.0,258.0,0.0,100450.0,18.0,57,79,12.4,300,21.0,17.3,14.0,0.0
2025-03-15 13:00:00,26.8233333333333,23.9966666666667,2.63625,0.0,16.5,66,60,10.6,327,18.4,15.3,15.6,1.8,1.8,0.37,15.0,68.0,15908.0,1.0,3.0,343.0,0.0,100460.0,16.4,69,58,16.1,340,20.7,17.4,14.3,0.0
2025-03-15 14:00:00,26.8,23.9833333333333,2.6367857142857143,0.0,16.1,65,94,10.0,336,17.9,15.4,15.6,4.7,4.7,0.31,16.0,64.0,76790.0,6.0,3.0,10.0,0.0,100410.0,16.9,65,68,13.5,318,21.4,17.9,14.6,0.0
2025-03-15 15:00:00,26.7733333333333,23.95,2.6373214285714286,0.0,15.5,68,35,9.9,18,17.5,15.6,15.6,0.1,0.1,0.22,16.0,65.0,65710.0,4.0,5.0,6.0,0.0,100400.0,16.2,66,81,12.0,319,18.6,17.8,14.8,0.0
2025-03-15 16:00:00,26.7666666666667,23.9166666666667,2.637857142857143,0.0,15.9,66,49,5.4,349,17.7,15.7,15.6,0.0,0.0,0.22,16.0,68.0,20723.0,1.0,4.0,10.0,0.0,100450.0,16.0,63,85,11.6,324,16.9,17.4,15.0,0.0
2025-03-15 17:00:00,26.7666666666667,23.9033333333333,2.638392857142857,0.0,15.5,67,86,6.8,318,17.3,15.8,15.6,0.0,0.0,0.13,15.0,70.0,23595.0,1.0,3.0,1.0,0.0,100500.0,15.5,64,94,10.0,319,15.6,16.7,15.2,0.0
2025-03-15 18:00:00,26.7533333333333,23.9033333333333,2.6389285714285715,0.0,14.3,77,86,1.2,320,16.5,15.9,15.6,0.0,0.0,0.03,15.0,68.0,6939.0,0.0,4.0,324.0,0.0,100540.0,15.1,67,69,3.6,323,14.1,16.0,15.3,0.0
2025-03-15 19:00:00,26.75,23.8966666666667,2.639464285714286,0.0,13.1,80,73,3.4,184,15.5,15.9,15.6,0.0,0.0,0.02,15.0,71.0,584.0,0.0,0.0,324.0,0.0,100600.0,14.3,69,73,2.5,172,12.6,15.2,15.3,0.0
2025-03-15 20:00:00,26.7433333333333,23.8866666666667,2.64,0.0,12.8,86,43,5.8,191,14.9,15.8,15.6,0.0,0.0,0.0,13.0,77.0,0.0,0.0,0.0,172.0,0.0,100680.0,13.3,77,74,2.9,187,11.8,14.4,15.3,0.0
2025-03-15 21:00:00,26.7333333333333,23.88,2.6405357142857144,0.0,11.8,87,38,6.0,203,14.2,15.8,15.6,0.0,0.0,0.0,12.0,81.0,0.0,0.0,0.0,204.0,0.0,100740.0,12.2,82,64,4.7,180,11.0,13.6,15.1,0.0
2025-03-15 22:00:00,26.72,23.8766666666667,2.6410714285714287,0.0,11.2,80,22,7.3,212,13.6,15.6,15.6,0.0,0.0,0.0,10.0,84.0,0.0,0.0,0.0,174.0,0.0,100760.0,11.7,78,55,4.8,193,10.2,13.1,15.0,0.0
2025-03-15 23:00:00,26.7066666666667,23.87,2.641607142857143,0.0,10.7,77,14,7.4,217,13.0,15.5,15.6,0.0,0.0,0.01,10.0,85.0,0.0,0.0,0.0,228.0,0.0,100840.0,11.0,77,39,4.2,200,9.3,12.5,14.8,0.0
2025-03-16 00:00:00,26.6933333333333,23.87,2.642142857142857,0.0,10.0,79,7,5.8,226,12.5,15.3,15.6,0.0,0.0,0.0,9.0,86.0,0.0,0.0,0.0,192.0,0.0,100830.0,10.2,81,59,4.0,190,8.9,12.0,14.7,0.0
2025-03-16 01:00:00,26.68,23.8633333333333,2.642678571428571,0.0,9.5,86,27,3.1,244,12.4,15.1,15.6,0.0,0.0,0.0,8.0,88.0,0.0,0.0,1.0,186.0,0.0,100810.0,9.5,85,45,3.0,194,8.2,11.5,14.5,0.0
2025-03-16 02:00:00,26.6666666666667,23.8466666666667,2.6432142857142855,0.0,9.0,89,94,4.0,200,11.9,14.9,15.6,0.0,0.0,0.0,8.0,86.0,0.0,0.0,0.0,198.0,0.0,100830.0,8.6,90,22,2.5,172,7.3,11.0,14.3,0.0
2025-03-16 03:00:00,26.65,23.8366666666667,2.64375,0.0,8.3,92,7,4.5,183,11.5,14.7,15.6,0.0,0.0,0.0,7.0,91.0,0.0,0.0,0.0,198.0,0.0,100810.0,7.8,93,22,2.5,188,6.8,10.5,14.0,0.0
2025-03-16 04:00:00,26.6366666666667,23.82,2.644285714285714,0.0,8.0,93,87,6.5,201,11.1,14.5,15.6,0.0,0.0,0.0,6.0,90.0,0.0,0.0,1.0,174.0,0.0,100740.0,7.3,93,4,2.3,198,6.0,10.0,13.8,0.0
2025-03-16 05:00:00,26.6233333333333,23.81,2.6448214285714284,0.0,8.2,89,54,7.3,216,10.8,14.3,15.6,0.0,0.0,0.0,7.0,93.0,0.0,0.0,0.0,186.0,0.0,100730.0,7.0,93,4,2.9,210,5.5,9.5,13.5,0.0
2025-03-16 06:00:00,26.6066666666667,23.7933333333333,2.6453571428571427,0.0,8.6,85,72,7.8,210,10.6,14.1,15.6,0.0,0.0,0.0,7.0,91.0,0.0,0.0,1.0,210.0,0.0,100750.0,6.7,94,24,3.7,209,5.5,9.0,13.2,0.0
2025-03-16 07:00:00,26.5966666666667,23.7733333333333,2.645892857142857,0.0,10.4,78,29,11.6,213,10.6,13.9,15.6,0.0,0.0,0.03,9.0,84.0,331.0,0.0,1.0,210.0,0.0,100770.0,7.2,90,1,3.9,214,6.8,8.8,13.0,0.0
2025-03-16 08:00:00,26.5833333333333,23.76,2.6464285714285714,0.0,14.1,66,0,14.6,220,11.7,13.7,15.6,0.0,0.0,0.11,10.0,85.0,7197.0,0.0,1.0,216.0,0.0,100780.0,10.5,83,1,4.6,231,12.7,9.5,12.7,0.0
2025-03-16 09:00:00,26.5766666666667,23.7466666666667,2.6469642857142857,0.0,16.7,58,16,19.4,230,13.3,13.7,15.5,0.0,0.0,0.23,12.0,81.0,26018.0,1.0,3.0,270.0,0.0,100840.0,15.7,68,3,12.1,233,18.1,11.8,12.6,0.0
2025-03-16 10:00:00,26.5266666666667,23.7266666666667,2.6475,0.0,17.9,53,13,20.5,237,14.9,13.8,15.5,0.0,0.0,0.33,15.0,70.0,49975.0,4.0,4.0,294.0,0.0,100870.0,17.9,56,38,21.2,238,19.4,13.7,12.7,0.0
2025-03-16 11:00:00,26.48,23.7,2.6480357142857143,0.0,18.8,48,13,20.2,240,16.4,13.9,15.5,0.0,0.0,0.42,17.0,59.0,74541.0,7.0,3.0,278.0,0.0,100840.0,19.0,49,31,24.7,241,21.1,15.3,12.9,0.0
2025-03-16 12:00:00,26.45,23.67,2.6485714285714286,0.0,19.7,45,58,20.2,244,17.6,14.2,15.5,0.0,0.0,0.46,19.0,44.0,88248.0,8.0,5.0,267.0,0.0,100790.0,19.7,45,45,22.0,238,21.7,16.5,13.2,0.0
2025-03-16 13:00:00,26.3933333333333,23.64,2.649107142857143,0.0,20.5,43,44,18.2,250,18.5,14.3,15.5,0.0,0.0,0.43,20.0,40.0,92540.0,7.0,7.0,253.0,0.0,100730.0,20.5,43,78,20.4,238,22.9,17.4,13.5,0.0
2025-03-16 14:00:00,26.3333333333333,23.59,2.649642857142857,0.0,20.7,41,74,12.6,270,19.1,14.6,15.5,0.0,0.0,0.42,20.0,40.0,90068.0,5.0,5.0,272.0,0.0,100670.0,21.1,40,48,14.8,274,21.8,18.3,13.9,0.0
2025-03-16 15:00:00,26.3,23.58,2.6501785714285715,0.0,19.5,48,53,11.4,339,19.4,14.9,15.5,0.0,0.0,0.36,19.0,45.0,16604.0,2.0,5.0,24.0,0.0,100630.0,19.0,46,33,16.3,352,20.5,18.3,14.2,0.0
2025-03-16 16:00:00,26.26,23.55,2.650714285714286,0.0,17.8,52,4,14.8,13,19.0,15.2,15.5,0.0,0.0,0.27,18.0,49.0,49171.0,4.0,3.0,33.0,0.0,100630.0,18.2,48,0,14.7,17,18.9,18.1,14.6,0.0
2025-03-16 17:00:00,26.2433333333333,23.5333333333333,2.65125,0.0,16.0,54,28,10.3,38,18.2,15.5,15.5,0.0,0.0,0.18,18.0,51.0,25561.0,1.0,4.0,43.0,0.0,100660.0,17.1,52,1,10.2,23,16.7,17.5,14.8,0.0
2025-03-16 18:00:00,26.24,23.5133333333333,2.6517857142857144,0.0,14.2,68,1,4.6,75,16.9,15.6,15.5,0.0,0.0,0.05,17.0,54.0,5994.0,0.0,3.0,72.0,0.0,100730.0,15.9,57,4,6.0,33,13.9,16.7,15.0,0.0
2025-03-16 19:00:00,26.2433333333333,23.51,2.6523214285714287,0.0,12.5,71,3,4.8,87,15.4,15.6,15.5,0.0,0.0,0.03,14.0,65.0,279.0,0.0,1.0,78.0,0.0,100720.0,14.0,68,1,4.1,75,11.5,15.3,15.1,0.0
2025-03-16 20:00:00,26.25,23.51,2.652857142857143,0.0,12.1,73,2,2.3,65,14.2,15.6,15.5,0.0,0.0,0.0,13.0,69.0,0.0,0.0,1.0,148.0,0.0,100730.0,12.4,75,0,3.4,122,10.2,14.1,15.0,0.0
2025-03-16 21:00:00,26.2433333333333,23.5033333333333,2.6533928571428573,0.0,12.1,72,3,1.0,52,13.3,15.4,15.5,0.0,0.0,0.0,12.0,71.0,0.0,0.0,2.0,104.0,0.0,100760.0,10.8,77,39,3.6,135,9.2,13.1,14.9,0.0
2025-03-16 22:00:00,26.24,23.4933333333333,2.6539285714285716,0.0,11.8,73,30,1.1,45,12.5,15.3,15.5,0.0,0.0,0.0,10.0,76.0,0.0,0.0,0.0,175.0,0.0,100740.0,9.9,80,0,2.8,140,8.3,12.2,14.8,0.0
2025-03-16 23:00:00,26.2366666666667,23.4866666666667,2.654464285714286,0.0,11.1,75,32,1.9,81,11.9,15.1,15.5,0.0,0.0,0.0,9.0,78.0,0.0,0.0,1.0,174.0,0.0,100700.0,9.6,78,21,2.1,149,7.4,11.5,14.5,0.0
2025-03-17 00:00:00,26.2266666666667,23.47,2.655,0.0,10.6,76,9,0.2,59,11.4,14.9,15.5,0.0,0.0,0.0,8.0,83.0,0.0,0.0,0.0,165.0,0.0,100670.0,10.1,74,38,2.7,203,7.3,11.0,14.3,0.0
2025-03-17 01:00:00,26.2133333333333,23.4633333333333,2.655535714285714,0.0,9.8,80,20,3.5,205,12.2,14.7,15.5,0.0,0.0,0.0,9.0,83.0,0.0,0.0,0.0,192.0,0.0,100620.0,9.3,79,44,3.0,194,7.5,10.5,14.0,0.0
2025-03-17 02:00:00,26.2033333333333,23.46,2.6560714285714284,0.0,9.0,85,83,4.3,224,11.7,14.6,15.5,0.0,0.0,0.0,10.0,83.0,0.0,0.0,1.0,246.0,0.0,100610.0,9.1,80,67,2.3,162,7.7,10.3,13.8,0.0
2025-03-17 03:00:00,26.1966666666667,23.45,2.6566071428571427,0.0,9.7,82,31,4.5,232,11.6,14.4,15.5,0.0,0.0,0.0,9.0,84.0,0.0,0.0,0.0,234.0,0.0,100520.0,8.9,82,66,2.3,198,7.6,10.2,13.5,0.0
2025-03-17 04:00:00,26.19,23.4466666666667,2.657142857142857,0.0,9.1,85,70,3.2,207,11.3,14.2,15.5,0.0,0.0,0.0,10.0,81.0,0.0,0.0,0.0,192.0,0.0,100430.0,9.0,82,69,2.4,207,7.5,10.1,13.3,0.0
2025-03-17 05:00:00,26.1766666666667,23.4433333333333,2.6576785714285713,0.0,9.5,83,83,3.2,228,11.2,14.1,15.5,0.0,0.0,0.0,11.0,78.0,0.0,0.0,2.0,179.0,0.0,100390.0,9.1,81,74,2.9,187,7.9,10.0,13.1,0.0
2025-03-17 06:00:00,26.17,23.4333333333333,2.6582142857142856,0.0,9.4,84,12,1.5,297,11.0,13.9,15.5,0.0,0.0,0.0,11.0,76.0,0.0,0.0,1.0,192.0,0.0,100330.0,9.4,79,79,3.1,201,8.5,10.0,12.9,0.0
2025-03-17 07:00:00,26.1633333333333,23.42,2.65875,0.0,9.7,83,1,3.2,192,10.9,13.7,15.5,0.0,0.0,0.01,11.0,74.0,841.0,0.0,0.0,186.0,0.0,100290.0,9.9,80,71,3.1,201,9.1,10.0,12.7,0.0
2025-03-17 08:00:00,26.1566666666667,23.3966666666667,2.6592857142857143,0.0,13.7,78,0,4.9,220,11.9,13.6,15.4,0.0,0.0,0.08,13.0,70.0,8267.0,0.0,2.0,216.0,0.0,100300.0,11.9,80,73,3.7,191,13.2,10.7,12.6,0.0
2025-03-17 09:00:00,26.12,23.3666666666667,2.6598214285714286,0.0,17.9,61,0,4.0,248,13.8,13.6,15.4,0.0,0.0,0.21,17.0,60.0,35272.0,2.0,4.0,329.0,0.0,100270.0,17.0,61,69,5.6,243,19.7,12.8,12.6,0.0
2025-03-17 10:00:00,26.0666666666667,23.32,2.660357142857143,0.0,20.2,51,6,4.9,258,15.9,13.7,15.4,0.0,0.0,0.34,18.0,56.0,24048.0,2.0,3.0,273.0,0.0,100300.0,19.5,54,68,8.6,255,21.5,14.9,12.8,0.0
2025-03-17 11:00:00,26.0433333333333,23.3066666666667,2.660892857142857,0.0,22.0,47,11,7.0,266,17.9,14.0,15.4,0.0,0.0,0.44,20.0,52.0,48258.0,4.0,2.0,264.0,0.0,100280.0,21.4,48,56,10.0,244,25.0,16.8,13.1,0.0
2025-03-17 12:00:00,25.96,23.26,2.6614285714285715,0.0,23.4,39,86,12.6,266,19.4,14.3,15.4,0.0,0.0,0.53,24.0,41.0,44606.0,4.0,3.0,271.0,0.0,100220.0,22.2,48,43,6.1,273,26.4,18.5,13.5,0.0
2025-03-17 13:00:00,25.8733333333333,23.2133333333333,2.661964285714286,0.0,24.7,35,9,11.1,260,20.7,14.7,15.4,0.0,0.0,0.56,23.0,33.0,39964.0,4.0,4.0,306.0,0.0,100140.0,24.2,40,9,7.9,231,28.5,19.9,14.0,0.0
2025-03-17 14:00:00,25.7933333333333,23.1733333333333,2.6625,0.0,23.2,45,43,9.4,1,21.4,15.1,15.4,0.0,0.0,0.47,24.0,34.0,29140.0,3.0,3.0,289.0,0.0,100020.0,24.7,35,79,13.5,261,26.3,21.1,14.5,0.0
2025-03-17 15:00:00,25.7333333333333,23.1466666666667,2.6630357142857144,0.0,21.3,54,46,16.0,40,21.3,15.5,15.4,0.0,0.0,0.37,,,,,,,,,23.8,43,19,13.4,355,25.9,21.7,15.0,0.0
2025-03-17 16:00:00,25.7,23.1166666666667,2.6635714285714287,0.0,19.8,55,41,12.6,31,20.7,15.8,15.4,0.0,0.0,0.26,24.0,34.0,14747.0,2.0,3.0,271.0,0.0,99930.0,21.7,46,100,16.5,36,21.0,21.2,15.5,0.0
2025-03-17 17:00:00,25.67,23.09,2.664107142857143,0.0,18.1,59,73,12.0,36,19.8,16.1,15.4,0.0,0.0,0.18,22.0,44.0,46853.0,3.0,5.0,30.0,0.0,99940.0,18.7,60,100,13.4,14,18.3,19.9,15.8,0.0
2025-03-17 18:00:00,25.67,23.06,2.6646428571428573,0.0,16.5,67,75,7.3,70,18.5,16.3,15.4,0.0,0.0,0.06,20.0,46.0,14740.0,1.0,5.0,13.0,0.0,99980.0,17.0,68,100,10.0,13,15.9,18.6,16.1,0.0
2025-03-17 19:00:00,25.6766666666667,23.0533333333333,2.6651785714285716,0.0,14.8,77,10,4.0,44,17.1,16.4,15.4,0.0,0.0,0.03,19.0,49.0,7678.0,0.0,2.0,96.0,0.0,100030.0,15.5,77,61,7.2,357,14.3,17.2,16.2,0.0
2025-03-17 20:00:00,25.6866666666667,23.0466666666667,2.665714285714286,0.0,13.9,80,29,1.0,48,15.8,16.3,15.4,0.0,0.0,0.0,16.0,57.0,57.0,0.0,1.0,90.0,0.0,100080.0,14.9,82,83,4.1,345,13.9,16.2,16.2,0.0
2025-03-17 21:00:00,25.6933333333333,23.0566666666667,2.6662500000000002,0.0,13.2,81,1,1.5,53,14.8,16.2,15.4,0.0,0.0,0.0,15.0,65.0,0.0,0.0,0.0,42.0,0.0,100110.0,14.0,85,47,2.6,286,12.6,15.5,16.1,0.0
2025-03-17 22:00:00,25.6933333333333,23.0466666666667,2.6667857142857145,0.0,12.6,82,5,3.6,229,14.0,16.1,15.4,0.0,0.0,0.0,13.0,74.0,0.0,0.0,0.0,86.0,0.0,100150.0,13.0,89,31,3.1,234,11.5,14.7,16.0,0.0
2025-03-17 23:00:00,25.6933333333333,23.0433333333333,2.667321428571429,0.0,11.8,86,29,6.0,254,13.5,16.0,15.4,0.0,0.0,0.0,12.0,82.0,0.0,0.0,0.0,176.0,0.0,100150.0,12.5,90,40,1.8,233,10.8,14.0,15.9,0.0
2025-03-18 00:00:00,25.69,23.0366666666667,2.6678571428571427,0.0,11.3,87,29,5.0,259,13.1,15.8,15.4,0.0,0.0,0.0,11.0,86.0,0.0,0.0,0.0,188.0,0.0,100120.0,12.1,87,42,2.1,211,9.8,13.2,15.6,0.0
2025-03-18 01:00:00,25.69,23.0366666666667,2.668392857142857,0.0,12.1,80,93,5.2,207,13.6,15.5,15.4,0.0,0.0,0.0,11.0,87.0,0.0,0.0,0.0,186.0,0.0,100110.0,11.4,87,0,2.9,180,9.2,12.6,15.4,0.0
2025-03-18 02:00:00,25.68,23.03,2.6689285714285713,0.0,11.4,83,94,5.8,216,13.1,15.4,15.4,0.0,0.0,0.0,11.0,88.0,0.0,0.0,1.0,177.0,0.0,100080.0,10.9,87,0,4.0,170,9.2,12.1,15.2,0.0
2025-03-18 03:00:00,25.67,23.03,2.6694642857142856,0.0,11.7,80,54,9.6,226,12.8,15.3,15.4,0.0,0.0,0.01,12.0,85.0,0.0,0.0,2.0,204.0,0.0,100020.0,12.6,73,16,6.9,208,10.4,12.2,14.9,0.0
2025-03-18 04:00:00,25.6633333333333,23.0333333333333,2.67,0.0,14.5,67,53,16.0,222,13.0,15.1,15.4,0.0,0.0,0.05,11.0,90.0,0.0,0.0,1.0,167.0,0.0,100040.0,13.9,68,1,10.2,222,11.5,12.3,14.7,0.0
2025-03-18 05:00:00,25.66,23.03,2.6705357142857142,0.0,16.2,54,30,23.4,221,13.4,15.0,15.4,0.0,0.0,0.11,10.0,92.0,0.0,0.0,2.0,174.0,0.0,100050.0,14.3,67,0,13.9,217,12.2,12.6,14.5,0.0
2025-03-18 06:00:00,25.65,23.0266666666667,2.6710714285714285,0.0,16.0,54,53,25.6,221,13.8,14.9,15.4,0.0,0.0,0.11,14.0,70.0,0.0,0.0,3.0,270.0,0.0,100000.0,14.9,65,9,17.9,214,12.8,13.0,14.4,0.0
2025-03-18 07:00:00,25.64,23.0033333333333,2.671607142857143,0.0,15.9,57,92,30.4,218,14.1,14.9,15.4,0.0,0.0,0.13,16.0,57.0,0.0,0.0,4.0,264.0,0.0,100090.0,15.5,62,50,21.1,224,14.3,13.3,14.3,0.0
2025-03-18 08:00:00,25.63,22.9633333333333,2.672142857142857,0.0,16.8,57,88,28.2,218,14.6,14.9,15.4,0.0,0.0,0.16,17.0,50.0,2876.0,0.0,5.0,232.0,0.0,100140.0,16.8,60,91,21.1,227,16.3,14.1,14.3,0.0
2025-03-18 09:00:00,25.5933333333333,22.92,2.6726785714285715,0.0,18.0,55,39,30.4,219,15.6,14.9,15.4,0.0,0.0,0.26,18.0,53.0,13548.0,0.0,4.0,245.0,0.0,100220.0,19.0,52,66,24.0,230,19.5,15.4,14.4,0.0
2025-03-18 10:00:00,25.5233333333333,22.89,2.6732142857142858,0.0,19.3,49,2,26.9,225,16.8,15.0,15.4,0.0,0.0,0.36,19.0,50.0,19644.0,2.0,6.0,219.0,0.0,100310.0,20.3,48,32,20.6,243,22.8,16.7,14.5,0.0
2025-03-18 11:00:00,25.4533333333333,22.84,2.67375,0.0,20.3,47,13,23.8,237,18.1,15.1,15.4,0.0,0.0,0.44,20.0,48.0,65397.0,5.0,5.0,282.0,0.0,100380.0,21.3,44,43,18.9,239,24.1,18.1,14.8,0.0
2025-03-18 12:00:00,25.3666666666667,22.7833333333333,2.6742857142857144,0.0,21.5,44,27,23.3,245,19.2,15.4,15.4,0.0,0.0,0.48,21.0,44.0,80718.0,8.0,3.0,246.0,0.0,100400.0,22.4,39,90,20.9,246,24.0,19.5,15.1,0.0
2025-03-18 13:00:00,25.28,22.75,2.6748214285714287,0.0,22.2,42,27,14.6,263,20.3,15.7,15.4,0.0,0.0,0.47,22.0,39.0,87432.0,8.0,3.0,246.0,0.0,100350.0,22.2,47,84,16.0,301,24.5,20.2,15.5,0.0
2025-03-18 14:00:00,25.2433333333333,22.7066666666667,2.675357142857143,0.0,21.6,44,39,10.3,308,20.7,16.0,15.4,0.0,0.0,0.4,23.0,37.0,104221.0,9.0,3.0,253.0,0.0,100340.0,20.5,61,57,15.8,348,23.2,20.4,15.8,0.0
2025-03-18 15:00:00,25.2,22.6633333333333,2.6758928571428573,0.0,20.0,60,37,14.2,354,20.8,16.3,15.4,0.0,0.0,0.31,19.0,67.0,81734.0,6.0,3.0,74.0,0.0,100310.0,20.1,61,46,17.7,20,23.9,20.4,16.1,0.0
2025-03-18 16:00:00,25.1633333333333,22.6266666666667,2.6764285714285716,0.0,18.9,63,5,13.5,44,20.5,16.5,15.4,0.0,0.0,0.26,20.0,61.0,64496.0,7.0,4.0,19.0,0.0,100300.0,19.4,63,45,13.1,32,21.8,20.5,16.4,0.0
2025-03-18 17:00:00,25.1433333333333,22.6066666666667,2.676964285714286,0.0,18.2,65,1,11.0,63,19.8,16.7,15.4,0.0,0.0,0.17,20.0,61.0,42547.0,2.0,5.0,4.0,0.0,100300.0,18.6,64,0,12.2,43,19.0,19.8,16.7,0.0
2025-03-18 18:00:00,25.1366666666667,22.6,2.6775,0.0,16.4,75,1,8.5,33,18.7,16.8,15.5,0.0,0.0,0.06,19.0,61.0,18028.0,1.0,4.0,54.0,0.0,100390.0,17.3,69,3,10.1,27,15.9,18.7,16.8,0.0
2025-03-18 19:00:00,25.1466666666667,22.5966666666667,2.6780357142857145,0.0,14.2,86,5,4.0,40,17.3,16.9,15.5,0.0,0.0,0.02,18.0,57.0,4240.0,0.0,3.0,30.0,0.0,100400.0,15.4,79,2,5.9,47,13.7,17.3,16.9,0.0
2025-03-18 20:00:00,25.16,22.5966666666667,2.678571428571429,0.0,13.3,88,2,5.2,76,16.1,16.8,15.5,0.0,0.0,0.0,15.0,71.0,0.0,0.0,1.0,66.0,0.0,100530.0,14.1,85,0,6.2,111,12.7,16.1,16.8,0.0
2025-03-18 21:00:00,25.16,22.6,2.679107142857143,0.0,12.7,89,0,5.3,82,15.2,16.7,15.5,0.0,0.0,0.0,14.0,76.0,0.0,0.0,0.0,130.0,0.0,100620.0,13.4,80,0,5.1,135,11.9,15.1,16.6,0.0
2025-03-18 22:00:00,25.16,22.6,2.6796428571428574,0.0,12.7,86,0,2.3,63,14.4,16.6,15.5,0.0,0.0,0.0,14.0,77.0,0.0,0.0,1.0,132.0,0.0,100610.0,12.8,79,0,3.8,131,11.1,14.4,16.4,0.0
2025-03-18 23:00:00,25.16,22.5966666666667,2.6801785714285717,0.0,12.7,84,2,1.5,58,13.7,16.4,15.5,0.0,0.0,0.0,12.0,82.0,0.0,0.0,1.0,108.0,0.0,100680.0,12.0,80,1,2.8,130,10.2,13.7,16.2,0.0
2025-03-19 00:00:00,25.1533333333333,22.5966666666667,2.6807142857142856,0.0,12.7,82,0,1.0,46,13.1,16.2,15.5,0.0,0.0,0.0,13.0,76.0,0.0,0.0,2.0,149.0,0.0,100670.0,11.3,81,0,2.4,117,9.5,13.1,16.0,0.0
2025-03-19 01:00:00,25.15,22.58,2.68125,0.0,11.8,81,0,1.4,59,13.1,16.0,15.5,0.0,0.0,0.0,12.0,79.0,0.0,0.0,0.0,124.0,0.0,100650.0,10.8,82,2,2.4,117,9.0,12.5,15.7,0.0
2025-03-19 02:00:00,25.15,22.5666666666667,2.681785714285714,0.0,10.3,87,5,1.1,65,12.5,15.8,15.5,0.0,0.0,0.0,10.0,83.0,0.0,0.0,0.0,109.0,0.0,100620.0,10.5,82,0,2.2,171,8.3,12.0,15.4,0.0
2025-03-19 03:00:00,25.14,22.5766666666667,2.6823214285714285,0.0,9.4,92,0,1.9,360,12.1,15.6,15.5,0.0,0.0,0.0,10.0,84.0,0.0,0.0,1.0,125.0,0.0,100600.0,9.5,86,0,3.8,221,7.9,11.3,15.1,0.0
2025-03-19 04:00:00,25.1366666666667,22.5666666666667,2.682857142857143,0.0,9.3,93,0,3.2,315,11.9,15.4,15.5,0.0,0.0,0.0,9.0,87.0,0.0,0.0,1.0,178.0,0.0,100550.0,8.8,89,7,3.9,202,7.6,11.0,14.8,0.0
2025-03-19 05:00:00,25.13,22.5566666666667,2.683392857142857,0.0,9.0,94,0,4.8,283,11.6,15.2,15.5,0.0,0.0,0.0,8.0,89.0,0.0,0.0,1.0,186.0,0.0,100530.0,8.7,90,35,2.9,187,7.4,10.7,14.5,0.0
2025-03-19 06:00:00,25.12,22.5433333333333,2.6839285714285714,0.0,8.9,92,4,4.0,283,11.4,14.9,15.5,0.0,0.0,0.0,8.0,90.0,0.0,0.0,0.0,162.0,0.0,100500.0,8.5,88,2,2.5,188,6.7,10.2,14.2,0.0
2025-03-19 07:00:00,25.1166666666667,22.54,2.6844642857142857,0.0,9.9,88,8,4.8,283,11.4,14.7,15.5,0.0,0.0,0.01,8.0,91.0,0.0,0.0,0.0,198.0,0.0,100500.0,8.9,87,17,2.2,180,8.3,10.0,13.9,0.0
2025-03-19 08:00:00,25.1033333333333,22.5366666666667,2.685,0.0,14.3,77,1,4.2,305,12.5,14.6,15.5,0.0,0.0,0.08,9.0,90.0,3429.0,0.0,2.0,234.0,0.0,100540.0,11.2,84,19,2.5,180,14.5,10.9,13.7,0.0
2025-03-19 09:00:00,25.0833333333333,22.51,2.6855357142857144,0.0,17.7,64,96,5.0,351,14.4,14.5,15.5,0.0,0.0,0.21,13.0,82.0,15953.0,1.0,0.0,270.0,0.0,100540.0,16.2,68,9,1.8,360,20.2,13.1,13.6,0.0
2025-03-19 10:00:00,25.02,22.48,2.6860714285714287,0.0,20.0,57,83,8.3,356,16.5,14.6,15.5,0.0,0.0,0.34,16.0,67.0,43084.0,3.0,0.0,251.0,0.0,100530.0,18.9,58,88,7.4,23,23.4,15.6,13.7,0.0
2025-03-19 11:00:00,24.95,22.4233333333333,2.686607142857143,0.0,21.5,52,93,11.9,3,18.3,14.8,15.5,0.0,0.0,0.44,19.0,58.0,66260.0,5.0,0.0,72.0,0.0,100470.0,20.0,59,100,12.2,34,23.7,17.5,14.0,0.0
2025-03-19 12:00:00,24.8833333333333,22.3666666666667,2.6871428571428573,0.0,22.1,53,100,14.6,11,19.7,15.1,15.5,0.0,0.0,0.48,21.0,51.0,63679.0,5.0,3.0,30.0,0.0,100390.0,20.3,59,100,15.5,25,24.4,18.5,14.3,0.0
2025-03-19 13:00:00,24.82,22.3333333333333,2.6876785714285716,0.0,20.7,53,100,19.2,18,20.1,15.3,15.5,0.0,0.0,0.45,21.0,56.0,71416.0,5.0,4.0,358.0,0.0,100350.0,21.1,53,91,18.2,30,25.5,19.6,14.7,0.0
2025-03-19 14:00:00,24.7533333333333,22.2733333333333,2.688214285714286,0.0,19.7,58,100,17.6,32,20.3,15.6,15.5,0.0,0.0,0.37,21.0,53.0,79456.0,7.0,4.0,53.0,0.0,100240.0,21.2,55,100,19.2,34,24.6,20.3,15.1,0.0
2025-03-19 15:00:00,24.7133333333333,22.2266666666667,2.68875,0.0,19.5,62,100,17.6,40,20.3,15.8,15.5,0.0,0.0,0.3,21.0,59.0,38936.0,2.0,3.0,2.0,0.0,100130.0,20.2,64,100,19.9,35,22.3,20.0,15.5,0.0
2025-03-19 16:00:00,24.68,22.2,2.6892857142857145,0.0,19.1,66,100,14.0,39,20.0,16.1,15.5,0.0,0.0,0.22,20.0,58.0,28632.0,2.0,4.0,111.0,0.0,100050.0,19.3,67,100,18.5,33,19.9,19.5,15.9,0.0
2025-03-19 17:00:00,24.6533333333333,22.18,2.689821428571429,0.0,18.1,72,100,11.4,29,19.4,16.3,15.5,0.0,0.0,0.14,19.0,67.0,22612.0,1.0,3.0,26.0,0.0,100020.0,17.7,76,100,12.4,8,17.5,18.7,16.1,0.0
2025-03-19 18:00:00,24.65,22.15,2.690357142857143,0.0,16.4,81,83,7.2,8,18.4,16.4,15.5,0.0,0.0,0.05,19.0,69.0,14616.0,1.0,2.0,13.0,0.0,100000.0,16.7,82,100,9.9,10,15.8,17.8,16.3,0.0
2025-03-19 19:00:00,24.6566666666667,22.14,2.6908928571428574,0.0,14.5,90,35,4.4,333,17.1,16.5,15.5,0.0,0.0,0.02,18.0,77.0,3134.0,0.0,2.0,24.0,0.0,99990.0,15.1,92,10,5.4,340,13.6,16.6,16.3,0.0
2025-03-19 20:00:00,24.6766666666667,22.1433333333333,2.6914285714285717,0.0,13.3,93,11,4.5,310,16.1,16.5,15.5,0.0,0.0,0.0,15.0,86.0,0.0,0.0,3.0,341.0,0.0,100010.0,14.2,94,0,2.0,315,12.0,15.5,16.2,0.0
2025-03-19 21:00:00,24.68,22.15,2.691964285714286,0.0,12.9,90,91,3.5,288,15.0,16.4,15.5,0.0,0.0,0.0,14.0,90.0,0.0,0.0,1.0,24.0,0.0,100020.0,13.1,98,38,3.6,315,11.9,14.7,16.1,0.0
2025-03-19 22:00:00,24.69,22.1433333333333,2.6925000000000003,0.0,12.5,86,100,4.9,261,14.3,16.3,15.5,0.0,0.0,0.0,12.0,92.0,0.0,0.0,1.0,204.0,0.0,100060.0,12.3,98,44,3.1,324,11.3,14.0,15.9,0.0
2025-03-19 23:00:00,24.69,22.15,2.6930357142857146,0.0,12.7,82,99,2.6,203,13.8,16.1,15.5,0.0,0.0,0.0,12.0,93.0,0.0,0.0,0.0,217.0,0.0,100040.0,12.4,97,68,1.1,342,10.0,13.4,15.7,0.0
2025-03-20 00:00:00,24.69,22.1466666666667,2.6935714285714285,0.0,13.2,78,99,1.3,187,13.3,16.0,15.5,0.0,0.0,0.0,11.0,94.0,0.0,0.0,1.0,163.0,0.0,100040.0,12.3,98,100,7.3,327,11.7,13.5,15.5,0.0
2025-03-20 01:00:00,24.6833333333333,22.1433333333333,2.694107142857143,0.0,13.4,90,97,1.9,220,14.6,15.9,15.5,0.0,0.0,0.0,11.0,94.0,0.0,0.0,0.0,192.0,0.0,100000.0,12.3,99,100,6.6,331,11.8,13.4,15.3,0.0
2025-03-20 02:00:00,24.68,22.13,2.694642857142857,0.0,14.0,83,93,4.3,186,14.1,15.8,15.5,0.0,0.0,0.0,11.0,95.0,0.0,0.0,0.0,108.0,0.0,99930.0,12.3,96,100,5.2,335,11.0,13.1,15.2,0.0
2025-03-20 03:00:00,24.68,22.1333333333333,2.6951785714285714,0.0,16.6,43,90,11.8,184,13.8,15.7,15.5,0.0,0.0,0.08,11.0,96.0,0.0,0.0,1.0,349.0,0.0,99870.0,13.6,88,100,4.7,293,11.2,13.1,15.0,0.0
2025-03-20 04:00:00,24.67,22.1166666666667,2.6957142857142857,0.0,21.6,22,97,25.2,186,14.4,15.6,15.5,0.0,0.0,0.25,14.0,70.0,0.0,0.0,4.0,312.0,0.0,99780.0,15.4,58,100,4.8,257,11.5,12.9,14.8,0.0
2025-03-20 05:00:00,24.6633333333333,22.0966666666667,2.69625,0.0,22.3,20,100,27.3,186,15.3,15.5,15.5,0.0,0.0,0.27,18.0,43.0,0.0,0.0,3.0,288.0,0.0,99760.0,15.7,48,100,4.7,247,11.5,12.9,14.7,0.0
2025-03-20 06:00:00,24.6566666666667,22.0766666666667,2.6967857142857143,0.0,22.0,20,97,20.6,187,15.9,15.6,15.5,0.0,0.0,0.22,20.0,33.0,0.0,0.0,3.0,295.0,0.0,99870.0,12.8,70,100,4.7,302,11.2,12.9,14.6,0.0
2025-03-20 07:00:00,24.65,22.0766666666667,2.6973214285714286,0.0,18.5,41,99,4.6,212,15.6,15.6,15.5,0.0,0.0,0.05,22.0,26.0,0.0,0.0,3.0,249.0,0.0,100010.0,12.6,78,100,5.6,333,11.8,12.8,14.4,0.0
2025-03-20 08:00:00,24.6466666666667,22.0666666666667,2.697857142857143,0.0,19.6,47,88,5.8,276,16.1,15.6,15.5,0.0,0.0,0.12,15.0,88.0,6051.0,0.0,2.0,90.0,0.0,100150.0,15.6,83,100,4.0,63,16.1,13.3,14.3,0.0
2025-03-20 09:00:00,24.6133333333333,22.0366666666667,2.6983928571428573,0.0,22.1,48,87,2.4,274,17.5,15.7,15.5,0.0,0.0,0.24,17.0,77.0,21446.0,1.0,2.0,70.0,0.0,100310.0,18.3,80,100,4.5,61,21.8,15.1,14.3,0.0
2025-03-20 10:00:00,24.55,21.9833333333333,2.6989285714285716,0.0,24.2,42,49,4.5,355,19.3,15.8,15.5,0.0,0.0,0.38,21.0,55.0,48703.0,3.0,2.0,150.0,0.0,100380.0,20.8,68,100,7.5,35,25.0,17.6,14.6,0.0
2025-03-20 11:00:00,24.48,21.93,2.699464285714286,0.0,24.8,44,15,9.7,357,20.9,16.1,15.5,0.0,0.0,0.5,23.0,51.0,67431.0,5.0,1.0,56.0,0.0,100360.0,21.4,70,100,13.7,18,25.7,19.4,15.0,0.0
2025-03-20 12:00:00,24.4166666666667,22.9833333333333,2.7,21.2,24.5,49,11,13.0,357,22.1,16.4,15.5,0.0,0.0,0.54,24.0,45.0,83296.0,6.0,0.0,42.0,0.0,100320.0,21.5,65,38,17.7,12,26.3,20.5,15.4,0.0
2025-03-20 13:00:00,24.36,26.2,2.694761904761905,0.0,23.0,48,0,14.9,25,22.3,16.6,15.5,0.0,0.0,0.53,24.0,48.0,90574.0,7.0,4.0,12.0,0.0,100250.0,21.9,64,1,18.4,23,26.7,21.4,15.9,0.0
2025-03-20 14:00:00,24.32,25.88,2.6895238095238096,0.0,22.3,53,2,15.2,50,22.7,16.9,15.5,0.0,0.0,0.49,22.0,60.0,86741.0,6.0,4.0,42.0,0.0,100150.0,21.6,61,0,17.6,31,26.1,21.8,16.3,0.0
2025-03-20 15:00:00,24.2933333333333,25.6233333333333,2.6842857142857146,0.0,21.8,55,0,13.4,52,22.7,17.2,15.6,0.0,0.0,0.42,22.0,60.0,74716.0,6.0,4.0,8.0,0.0,100050.0,20.9,63,0,20.6,43,23.8,21.6,16.8,0.0
2025-03-20 16:00:00,24.29,25.43,2.679047619047619,0.0,21.5,55,1,14.6,61,22.3,17.5,15.6,0.0,0.0,0.33,22.0,54.0,55775.0,3.0,3.0,48.0,0.0,100000.0,20.5,59,11,19.9,48,21.8,21.2,17.1,0.0
2025-03-20 17:00:00,24.2933333333333,25.2433333333333,2.673809523809524,0.0,20.5,59,32,13.0,56,21.5,17.8,15.6,0.0,0.0,0.21,22.0,53.0,32865.0,2.0,4.0,84.0,0.0,99890.0,20.0,57,55,19.5,51,19.5,20.2,17.4,0.0
2025-03-20 18:00:00,24.31,25.0733333333333,2.6685714285714286,0.0,17.9,71,82,11.5,51,20.3,17.9,15.6,0.0,0.0,0.08,22.0,44.0,13489.0,0.0,4.0,54.0,0.0,99830.0,18.6,59,91,15.5,31,16.8,19.1,17.5,0.0
2025-03-20 19:00:00,24.34,24.9266666666667,2.6633333333333336,0.0,15.6,80,88,10.6,53,18.8,17.9,15.6,0.0,0.0,0.04,21.0,47.0,2330.0,0.0,3.0,60.0,0.0,99780.0,16.4,76,93,9.6,347,14.9,17.7,17.5,0.0
2025-03-20 20:00:00,24.37,24.82,2.658095238095238,0.0,14.3,85,54,5.2,15,17.6,17.9,15.6,0.0,0.0,0.0,16.0,87.0,0.0,0.0,4.0,0.0,0.0,99790.0,15.4,88,95,5.2,344,14.0,16.7,17.4,0.0
2025-03-20 21:00:00,24.4033333333333,24.75,2.652857142857143,0.0,13.6,79,9,15.5,286,16.6,17.8,15.6,0.0,0.0,0.02,15.0,94.0,0.0,0.0,3.0,347.0,0.0,99870.0,14.7,88,95,5.4,278,13.3,15.7,17.3,0.0
2025-03-20 22:00:00,24.44,24.6433333333333,2.647619047619048,0.0,13.8,79,7,12.7,228,16.0,17.7,15.6,0.0,0.0,0.02,15.0,92.0,0.0,0.0,1.0,222.0,0.0,100090.0,13.7,87,9,7.5,197,12.5,15.1,17.0,0.0
2025-03-20 23:00:00,24.4633333333333,24.59,2.6423809523809525,0.0,15.1,70,18,12.3,224,15.7,17.5,15.7,0.0,0.0,0.03,14.0,90.0,0.0,0.0,1.0,309.0,0.0,100180.0,13.4,85,0,7.6,199,12.1,14.6,16.8,0.0
2025-03-21 00:00:00,24.49,24.5,2.6371428571428575,0.0,13.8,75,1,6.3,261,15.2,17.4,15.7,0.0,0.0,0.01,15.0,78.0,0.0,0.0,0.0,198.0,0.0,100180.0,13.3,87,9,5.5,238,11.8,14.3,16.5,0.0
2025-03-21 01:00:00,24.51,24.4533333333333,2.631904761904762,0.0,13.8,70,1,2.7,273,15.1,17.3,15.7,0.0,0.0,0.0,14.0,85.0,0.0,0.0,0.0,276.0,0.0,100170.0,13.0,89,22,2.8,220,11.4,13.9,16.2,0.0
2025-03-21 02:00:00,24.5333333333333,24.3933333333333,2.626666666666667,0.0,13.9,69,1,0.3,348,14.5,17.1,15.7,0.0,0.0,0.0,13.0,84.0,0.0,0.0,0.0,186.0,0.0,100180.0,12.7,88,34,1.0,135,10.8,13.5,16.0,0.0
2025-03-21 03:00:00,24.5566666666667,24.33,2.6214285714285714,0.0,13.9,64,12,0.7,105,14.0,16.9,15.7,0.0,0.0,0.0,13.0,80.0,0.0,0.0,0.0,216.0,0.0,100190.0,13.2,81,49,2.8,140,11.2,13.3,15.7,0.0
2025-03-21 04:00:00,24.5733333333333,24.2966666666667,2.6161904761904764,0.0,12.8,72,93,4.8,216,13.6,16.7,15.7,0.0,0.0,0.0,13.0,85.0,0.0,0.0,1.0,120.0,0.0,100230.0,12.8,80,74,2.9,150,11.2,13.1,15.5,0.0
2025-03-21 05:00:00,24.5866666666667,24.2333333333333,2.610952380952381,0.0,14.2,79,92,1.2,267,13.9,16.5,15.7,0.9,0.9,0.0,14.0,91.0,0.0,0.0,0.0,114.0,0.0,100280.0,13.1,77,100,1.1,252,11.5,13.0,15.2,0.0
2025-03-21 06:00:00,24.6033333333333,24.1866666666667,2.605714285714286,0.0,14.4,81,100,1.3,336,14.0,16.3,15.7,0.1,0.1,0.0,14.0,92.0,0.0,0.0,2.0,115.0,0.0,100350.0,13.1,80,100,4.5,331,12.5,13.2,15.1,0.0
2025-03-21 07:00:00,24.6166666666667,24.15,2.600476190476191,0.0,14.5,89,93,1.7,9,14.3,16.2,15.7,0.0,0.0,0.02,14.0,92.0,0.0,0.0,1.0,97.0,0.0,100510.0,13.8,87,94,5.2,25,13.3,13.4,14.9,0.0
2025-03-21 08:00:00,24.63,24.12,2.5952380952380953,0.0,15.8,85,74,6.9,135,14.9,16.1,15.7,0.1,0.1,0.06,15.0,87.0,2764.0,0.0,0.0,170.0,0.0,100610.0,15.4,91,83,7.4,113,16.8,14.1,14.8,0.0
2025-03-21 09:00:00,24.6433333333333,24.0733333333333,2.5900000000000003,0.0,17.1,78,52,1.9,319,16.1,16.1,15.7,0.2,0.2,0.16,16.0,90.0,15455.0,1.0,2.0,192.0,0.0,100630.0,17.5,84,56,3.8,49,21.8,15.9,14.9,0.0
2025-03-21 10:00:00,24.6366666666667,24.01,2.584761904761905,0.0,18.5,69,17,2.9,281,17.5,16.1,15.7,0.1,0.1,0.28,18.0,78.0,54040.0,4.0,3.0,305.0,0.0,100690.0,18.9,75,74,6.5,341,23.6,17.8,15.1,0.0
2025-03-21 11:00:00,24.5966666666667,23.91,2.5795238095238098,0.0,20.2,53,8,7.3,287,19.1,16.2,15.7,0.0,0.0,0.41,20.0,39.0,74876.0,5.0,3.0,305.0,0.0,100630.0,20.3,61,69,7.9,317,25.4,19.2,15.4,0.0
2025-03-21 12:00:00,24.5533333333333,23.83,2.5742857142857143,0.0,21.5,42,54,5.5,277,20.7,16.5,15.7,0.0,0.0,0.5,20.0,44.0,88904.0,8.0,4.0,6.0,0.0,100600.0,21.6,47,95,8.4,301,26.4,20.7,15.8,0.0
2025-03-21 13:00:00,24.5033333333333,23.73,2.5690476190476192,0.0,21.0,56,91,11.4,349,21.9,16.9,15.7,0.0,0.0,0.49,20.0,48.0,93569.0,7.0,4.0,336.0,0.0,100580.0,21.2,57,100,14.5,6,26.3,21.6,16.3,0.0
2025-03-21 14:00:00,24.46,23.6266666666667,2.5638095238095238,0.0,20.0,62,95,15.3,21,22.0,17.2,15.8,0.2,0.2,0.43,19.0,55.0,82891.0,7.0,3.0,43.0,0.0,100560.0,19.4,66,77,20.4,41,24.0,21.6,16.6,0.0
2025-03-21 15:00:00,24.435,23.5566666666667,2.5585714285714287,0.0,18.4,64,80,18.3,37,21.7,17.5,15.8,0.0,0.0,0.34,19.0,54.0,67000.0,5.0,5.0,48.0,0.0,100480.0,20.0,56,100,16.6,41,24.0,21.6,17.0,0.0
2025-03-21 16:00:00,24.4166666666667,23.47,2.5533333333333337,0.0,17.8,63,23,14.5,56,21.2,17.7,15.8,0.0,0.0,0.27,19.0,54.0,46193.0,3.0,4.0,33.0,0.0,100490.0,18.8,63,92,16.9,29,20.5,20.9,17.3,0.0
2025-03-21 17:00:00,24.41,23.4333333333333,2.548095238095238,0.0,17.9,62,39,8.7,66,20.4,17.8,15.8,0.0,0.0,0.18,18.0,55.0,25072.0,1.0,3.0,58.0,0.0,100460.0,18.4,60,55,12.7,47,19.1,20.0,17.5,0.0
2025-03-21 18:00:00,24.4133333333333,23.39,2.542857142857143,0.0,16.2,72,87,4.9,72,19.2,17.9,15.8,0.0,0.0,0.06,18.0,57.0,9320.0,1.0,2.0,64.0,0.0,100450.0,17.2,60,54,10.7,45,15.9,18.9,17.6,0.0
2025-03-21 19:00:00,24.43,23.3333333333333,2.5376190476190477,0.0,14.8,75,74,1.5,68,17.7,17.9,15.8,0.0,0.0,0.02,16.0,65.0,589.0,0.0,1.0,24.0,0.0,100400.0,15.5,69,50,4.8,63,13.6,17.4,17.6,0.0
2025-03-21 20:00:00,24.4466666666667,23.3066666666667,2.5323809523809526,0.0,14.4,77,98,0.6,24,16.6,17.8,15.8,0.0,0.0,0.0,14.0,69.0,0.0,0.0,0.0,60.0,0.0,100460.0,14.2,75,47,3.1,135,12.4,16.2,17.5,0.0
2025-03-21 21:00:00,24.46,23.3033333333333,2.527142857142857,0.0,14.4,77,83,0.4,8,15.9,17.7,15.8,0.0,0.0,0.0,13.0,74.0,0.0,0.0,0.0,140.0,0.0,100490.0,13.2,78,39,2.7,203,11.3,15.1,17.3,0.0
2025-03-21 22:00:00,24.4666666666667,23.3,2.521904761904762,0.0,13.8,79,84,0.3,326,15.1,17.5,15.8,0.0,0.0,0.0,12.0,77.0,0.0,0.0,1.0,174.0,0.0,100510.0,12.6,82,0,1.8,217,10.4,14.3,17.0,0.0
2025-03-21 23:00:00,24.47,23.2866666666667,2.5166666666666666,0.0,13.3,79,99,3.0,223,14.7,17.3,15.8,0.0,0.0,0.0,12.0,76.0,0.0,0.0,0.0,167.0,0.0,100480.0,12.0,84,0,2.2,180,9.7,13.5,16.7,0.0
2025-03-22 00:00:00,24.4766666666667,23.2566666666667,2.5114285714285716,0.0,12.8,76,95,4.3,229,14.3,17.1,15.9,0.0,0.0,0.0,11.0,81.0,0.0,0.0,0.0,348.0,0.0,100470.0,11.2,87,0,3.1,159,9.5,13.0,16.4,0.0
2025-03-22 01:00:00,24.48,23.2433333333333,2.5061904761904765,0.0,12.4,77,40,3.5,194,13.9,16.9,15.9,0.0,0.0,0.0,10.0,83.0,0.0,0.0,2.0,162.0,0.0,100400.0,10.5,85,0,2.2,189,9.0,12.5,16.0,0.0
2025-03-22 02:00:00,24.48,23.2133333333333,2.500952380952381,0.0,11.9,75,9,5.8,215,13.4,16.7,15.9,0.0,0.0,0.0,10.0,82.0,0.0,0.0,0.0,178.0,0.0,100360.0,9.8,83,0,3.4,212,8.4,12.0,15.7,0.0
2025-03-22 03:00:00,24.48,23.1833333333333,2.495714285714286,0.0,13.3,68,76,13.3,224,13.3,16.4,15.9,0.0,0.0,0.04,10.0,83.0,0.0,0.0,0.0,358.0,0.0,100290.0,9.3,78,0,4.3,204,8.0,11.4,15.3,0.0
2025-03-22 04:00:00,24.48,23.1733333333333,2.4904761904761905,0.0,14.3,65,79,15.9,224,13.5,16.3,15.9,0.0,0.0,0.05,8.0,86.0,0.0,0.0,1.0,186.0,0.0,100250.0,9.8,79,17,6.4,227,8.2,11.2,15.0,0.0
2025-03-22 05:00:00,24.4766666666667,23.1633333333333,2.4852380952380955,0.0,14.1,66,33,14.3,222,13.6,16.1,15.9,0.0,0.0,0.04,10.0,80.0,0.0,0.0,0.0,192.0,0.0,100250.0,10.8,72,40,10.2,225,9.0,11.1,14.7,0.0
2025-03-22 06:00:00,24.47,23.1566666666667,2.48,0.0,13.6,70,30,13.5,223,13.6,15.9,15.9,0.0,0.0,0.04,12.0,75.0,0.0,0.0,1.0,288.0,0.0,100260.0,12.4,66,88,13.2,225,10.6,11.5,14.5,0.0
2025-03-22 07:00:00,24.47,23.1366666666667,2.474761904761905,0.0,14.6,66,44,17.4,221,13.7,15.8,15.9,0.0,0.0,0.07,13.0,68.0,667.0,0.0,2.0,246.0,0.0,100260.0,13.3,67,86,10.2,247,12.2,11.9,14.3,0.0
2025-03-22 08:00:00,24.46,23.09,2.4695238095238095,0.0,17.0,59,100,14.4,249,14.6,15.7,15.9,0.0,0.0,0.13,15.0,62.0,12125.0,0.0,3.0,246.0,0.0,100370.0,15.1,66,89,13.6,310,15.6,12.9,14.1,0.0
2025-03-22 09:00:00,24.45,23.0466666666667,2.4642857142857144,0.0,14.7,74,100,16.1,304,15.0,15.7,15.9,0.1,0.1,0.11,17.0,71.0,19702.0,1.0,5.0,318.0,0.0,100480.0,15.4,74,100,20.1,314,15.5,14.1,14.1,0.0
2025-03-22 10:00:00,24.4466666666667,23.02,2.4590476190476194,0.0,14.8,73,100,8.4,282,15.4,15.6,15.9,0.2,0.2,0.12,12.0,83.0,10509.0,1.0,9.0,347.0,0.0,100620.0,15.0,70,100,17.6,298,15.3,14.5,14.2,0.0
2025-03-22 11:00:00,24.4433333333333,22.9866666666667,2.453809523809524,0.0,15.7,67,100,9.4,267,16.1,15.7,15.9,0.1,0.1,0.2,13.0,76.0,10140.0,1.0,4.0,228.0,0.0,100680.0,15.4,70,100,11.4,259,16.7,14.7,14.3,0.3
2025-03-22 12:00:00,24.4366666666667,22.95,2.448571428571429,0.0,15.9,64,100,9.9,281,16.4,15.7,15.9,0.0,0.0,0.16,14.0,74.0,34244.0,3.0,3.0,204.0,0.0,100620.0,16.4,66,100,10.8,268,18.5,15.4,14.3,0.0
2025-03-22 13:00:00,24.41,22.905,2.4433333333333334,0.0,16.3,63,100,9.4,292,16.6,15.7,15.9,0.1,0.1,0.2,16.0,65.0,62186.0,5.0,1.0,243.0,0.0,100550.0,16.1,67,100,15.8,311,17.5,15.7,14.5,0.0
2025-03-22 14:00:00,24.3833333333333,22.8466666666667,2.4380952380952383,0.0,16.6,62,100,7.5,289,16.8,15.7,15.9,0.1,0.1,0.17,16.0,65.0,22296.0,1.0,2.0,1.0,0.0,100440.0,16.7,63,90,16.7,307,19.4,16.4,14.6,0.0
2025-03-22 15:00:00,24.37,22.8,2.432857142857143,0.0,17.5,56,100,9.5,297,17.6,15.8,15.9,0.0,0.0,0.25,16.0,66.0,15047.0,1.0,2.0,8.0,0.0,100340.0,16.1,66,96,15.8,315,16.2,16.5,14.8,0.0
2025-03-22 16:00:00,24.36,22.7633333333333,2.427619047619048,0.0,15.7,64,100,11.3,331,17.1,15.9,15.9,0.2,0.2,0.12,16.0,64.0,11197.0,1.0,3.0,338.0,0.0,100330.0,15.8,64,93,14.8,315,16.0,16.0,15.0,0.0
2025-03-22 17:00:00,24.35,22.75,2.4223809523809527,0.0,15.9,62,100,7.0,312,16.6,16.0,15.9,0.0,0.0,0.09,15.0,65.0,8712.0,0.0,4.0,323.0,0.0,100300.0,15.6,62,93,11.8,301,15.2,15.7,15.0,0.0
2025-03-22 18:00:00,24.34,22.73,2.4171428571428573,0.0,15.3,73,81,2.0,301,16.2,16.0,15.9,0.0,0.0,0.04,15.0,66.0,6665.0,0.0,2.0,349.0,0.0,100310.0,15.1,64,81,6.5,267,13.9,15.4,15.2,0.0
2025-03-22 19:00:00,24.34,22.7066666666667,2.411904761904762,0.0,14.3,69,44,1.1,269,15.4,16.0,15.9,0.0,0.0,0.02,15.0,67.0,119.0,0.0,0.0,348.0,0.0,100370.0,14.1,68,81,5.9,227,12.7,14.8,15.2,0.0
2025-03-22 20:00:00,24.3433333333333,22.6833333333333,2.4066666666666667,0.0,13.0,72,100,3.1,256,14.6,15.9,15.9,0.0,0.0,0.0,14.0,69.0,0.0,0.0,1.0,346.0,0.0,100410.0,13.4,72,82,5.4,233,12.3,14.2,15.1,0.0
2025-03-22 21:00:00,24.35,22.6666666666667,2.4014285714285717,0.0,13.6,71,98,7.4,216,14.4,15.8,15.9,0.0,0.0,0.01,14.0,69.0,0.0,0.0,1.0,198.0,0.0,100480.0,13.2,74,78,4.6,225,12.3,13.9,15.0,0.0
2025-03-22 22:00:00,24.35,22.6666666666667,2.396190476190476,0.0,13.1,76,88,9.6,219,14.1,15.7,15.9,0.1,0.1,0.01,14.0,70.0,0.0,0.0,1.0,204.0,0.0,100470.0,12.5,80,80,5.9,227,11.7,13.5,14.9,0.0
2025-03-22 23:00:00,24.35,22.65,2.390952380952381,0.0,12.7,78,48,12.8,217,13.8,15.6,15.9,0.0,0.0,0.02,14.0,73.0,0.0,0.0,1.0,290.0,0.0,100490.0,12.4,81,78,6.4,223,11.5,13.2,14.8,0.0
2025-03-23 00:00:00,24.35,22.6333333333333,2.3857142857142857,0.0,11.8,80,42,10.6,219,13.4,15.5,15.9,0.0,0.0,0.01,13.0,75.0,0.0,0.0,0.0,198.0,0.0,100430.0,12.1,79,73,6.0,205,11.4,12.9,14.6,0.0
2025-03-23 01:00:00,24.35,22.6233333333333,2.3804761904761906,0.0,11.6,79,29,6.1,217,13.6,15.4,15.9,0.0,0.0,0.0,12.0,77.0,0.0,0.0,1.0,347.0,0.0,100400.0,11.7,80,74,4.5,209,10.3,12.6,14.5,0.0
2025-03-23 02:00:00,24.35,22.62,2.3752380952380956,0.0,10.6,82,35,6.7,223,12.9,15.3,15.9,0.0,0.0,0.0,11.0,78.0,0.0,0.0,2.0,222.0,0.0,100320.0,11.1,81,37,3.1,225,9.4,12.1,14.3,0.0
2025-03-23 03:00:00,24.34,22.6166666666667,2.37,0.0,11.0,74,33,11.8,223,12.4,15.1,15.9,0.0,0.0,0.02,10.0,82.0,0.0,0.0,0.0,228.0,0.0,100270.0,10.6,84,39,3.3,229,8.8,11.7,14.2,0.0
2025-03-23 04:00:00,24.34,22.61,2.364761904761905,0.0,10.7,70,64,14.0,220,12.1,15.0,15.9,0.0,0.0,0.03,10.0,75.0,0.0,0.0,2.0,246.0,0.0,100210.0,9.4,85,54,3.7,209,8.0,11.2,14.0,0.0
2025-03-23 05:00:00,24.34,22.61,2.3595238095238096,0.0,10.5,71,83,13.8,217,11.8,14.8,15.8,0.0,0.0,0.03,9.0,78.0,0.0,0.0,2.0,264.0,0.0,100190.0,8.9,82,83,3.2,207,7.5,10.6,13.7,0.0
2025-03-23 06:00:00,24.33,22.5966666666667,2.3542857142857145,0.0,10.2,73,0,11.4,210,11.6,14.6,15.8,0.0,0.0,0.02,9.0,78.0,0.0,0.0,1.0,258.0,0.0,100160.0,8.7,76,0,3.2,207,6.9,10.4,13.5,0.0
2025-03-23 07:00:00,24.33,22.58,2.349047619047619,0.0,10.8,73,2,11.8,208,11.5,14.5,15.8,0.0,0.0,0.04,8.0,79.0,1879.0,0.0,0.0,204.0,0.0,100180.0,8.7,78,0,4.0,207,8.5,10.0,13.3,0.0
2025-03-23 08:00:00,24.3233333333333,22.5666666666667,2.343809523809524,0.0,13.3,65,8,15.1,206,12.3,14.4,15.8,0.0,0.0,0.12,11.0,74.0,12784.0,1.0,2.0,270.0,0.0,100200.0,11.6,75,0,4.1,225,14.3,10.9,13.1,0.0
2025-03-23 09:00:00,24.2866666666667,22.5333333333333,2.3385714285714285,0.0,15.7,53,1,19.5,218,13.7,14.3,15.8,0.0,0.0,0.24,14.0,62.0,35334.0,2.0,2.0,264.0,0.0,100200.0,15.6,58,0,16.5,226,18.0,13.1,13.1,0.0
2025-03-23 10:00:00,24.24,22.48,2.3333333333333335,0.0,17.1,47,1,21.3,228,15.3,14.4,15.8,0.0,0.0,0.35,16.0,48.0,61764.0,4.0,4.0,264.0,0.0,100190.0,17.2,49,17,25.8,230,19.6,14.9,13.2,0.0
2025-03-23 11:00:00,24.1866666666667,22.4333333333333,2.3280952380952384,0.0,18.5,42,48,23.1,233,16.9,14.5,15.8,0.0,0.0,0.44,18.0,42.0,82688.0,5.0,4.0,252.0,0.0,100130.0,18.0,44,25,28.2,235,19.4,16.2,13.5,0.0
2025-03-23 12:00:00,24.1433333333333,22.3633333333333,2.322857142857143,0.0,19.8,39,23,22.5,229,18.2,14.7,15.8,0.0,0.0,0.48,,,,,,,,,19.6,40,55,29.0,238,22.3,17.5,13.8,0.0
2025-03-23 13:00:00,24.11,22.3166666666667,2.317619047619048,0.0,20.0,37,91,29.1,238,19.0,15.0,15.8,0.0,0.0,0.5,18.0,40.0,33878.0,3.0,5.0,238.0,0.0,100050.0,20.3,38,60,31.6,244,22.8,18.4,14.2,0.0
2025-03-23 14:00:00,24.06,22.2466666666667,2.3123809523809524,0.0,19.3,39,56,20.0,247,19.0,15.2,15.8,0.0,0.0,0.35,20.0,37.0,95698.0,7.0,5.0,286.0,0.0,99940.0,19.6,40,100,34.5,244,20.4,18.7,14.7,0.0
2025-03-23 15:00:00,24.02,22.2,2.3071428571428574,0.0,18.3,45,91,31.5,253,19.1,15.5,15.8,0.9,0.9,0.39,20.0,36.0,36784.0,3.0,7.0,238.0,0.0,99880.0,19.1,45,100,33.9,248,19.2,18.4,15.0,0.0
2025-03-23 16:00:00,24.03,22.1766666666667,2.301904761904762,0.0,15.9,61,56,13.4,301,17.7,15.6,15.8,0.2,0.2,0.15,20.0,37.0,35507.0,3.0,8.0,282.0,0.0,99830.0,17.8,52,100,24.5,260,17.9,17.8,15.3,0.0
2025-03-23 17:00:00,24.0366666666667,22.18,2.296666666666667,0.0,15.3,67,50,11.9,328,17.1,15.7,15.8,0.0,0.0,0.13,14.0,85.0,8159.0,1.0,3.0,24.0,0.0,99910.0,14.9,78,87,22.5,309,15.2,17.1,15.5,0.0
2025-03-23 18:00:00,24.05,22.16,2.2914285714285714,0.0,12.3,83,72,7.5,297,16.2,15.8,15.8,0.1,0.1,0.04,14.0,82.0,7996.0,0.0,1.0,48.0,0.0,99910.0,13.1,85,98,13.8,321,12.9,15.9,15.6,0.0
2025-03-23 19:00:00,24.05,22.16,2.2861904761904763,0.0,11.7,85,81,12.2,261,15.1,15.8,15.8,0.8,0.8,0.03,14.0,79.0,2683.0,0.0,2.0,54.0,0.0,99980.0,12.7,81,82,9.5,261,12.5,14.8,15.5,0.0
2025-03-23 20:00:00,24.04,22.14,2.2809523809523813,0.0,11.4,88,51,14.2,224,14.0,15.7,15.8,0.1,0.1,0.01,13.0,87.0,0.0,0.0,3.0,18.0,2.0,100080.0,12.0,87,88,10.9,214,11.8,14.1,15.4,0.0
2025-03-23 21:00:00,24.05,22.135,2.275714285714286,0.0,11.0,85,41,14.9,217,13.2,15.6,15.8,0.1,0.1,0.01,12.0,89.0,0.0,0.0,2.0,217.0,15.0,100210.0,11.6,90,78,9.7,202,11.4,13.6,15.3,0.0
2025-03-23 22:00:00,24.05,22.1266666666667,2.2704761904761908,0.0,10.5,83,48,9.4,228,12.5,15.4,15.8,0.0,0.0,0.0,12.0,86.0,0.0,0.0,2.0,234.0,0.0,100330.0,11.3,90,69,10.6,208,11.1,13.1,15.1,0.0
2025-03-23 23:00:00,24.05,22.1133333333333,2.2652380952380953,0.0,10.4,82,45,9.5,236,12.0,15.2,15.8,0.0,0.0,0.01,12.0,85.0,0.0,0.0,1.0,234.0,0.0,100410.0,11.0,90,75,9.2,222,10.8,12.8,14.9,0.0
2025-03-24 00:00:00,24.05,22.115,2.2600000000000002,0.0,10.0,82,17,9.6,236,11.7,15.0,15.8,0.0,0.0,0.01,11.0,85.0,0.0,0.0,2.0,240.0,0.0,100460.0,10.7,88,64,6.1,225,9.9,12.4,14.7,0.0
2025-03-24 01:00:00,24.0433333333333,22.1033333333333,2.2547619047619047,0.0,10.0,81,12,14.1,224,12.0,14.8,15.8,0.0,0.0,0.01,10.0,86.0,0.0,0.0,0.0,294.0,0.0,100470.0,10.4,87,57,5.6,230,9.4,11.9,14.5,0.0
2025-03-24 02:00:00,24.04,22.0966666666667,2.2495238095238097,0.0,9.7,80,3,14.0,216,11.4,14.6,15.8,0.0,0.0,0.02,9.0,86.0,0.0,0.0,0.0,264.0,0.0,100470.0,10.0,82,32,6.3,239,8.8,11.5,14.2,0.0
2025-03-24 03:00:00,24.04,22.085,2.244285714285714,0.0,9.6,78,1,15.1,219,11.1,14.4,15.8,0.0,0.0,0.02,9.0,84.0,0.0,0.0,2.0,246.0,0.0,100450.0,9.4,78,21,6.3,246,8.0,11.1,14.0,0.0
2025-03-24 04:00:00,24.04,22.08,2.239047619047619,0.0,9.3,77,4,14.9,218,10.8,14.2,15.7,0.0,0.0,0.02,9.0,86.0,0.0,0.0,1.0,294.0,0.0,100430.0,8.9,78,21,5.8,240,7.5,10.6,13.8,0.0
2025-03-24 05:00:00,24.03,22.08,2.233809523809524,0.0,9.1,78,4,13.3,220,10.6,14.0,15.7,0.0,0.0,0.02,8.0,86.0,0.0,0.0,2.0,246.0,0.0,100430.0,8.4,80,15,5.0,249,7.0,10.1,13.5,0.0
2025-03-24 06:00:00,24.03,22.08,2.2285714285714286,0.0,9.0,79,2,12.1,216,10.4,13.9,15.7,0.0,0.0,0.01,8.0,83.0,0.0,0.0,2.0,234.0,0.0,100490.0,8.0,81,14,4.6,231,6.7,9.7,13.2,0.0
2025-03-24 07:00:00,24.02,22.08,2.2233333333333336,0.0,10.0,75,9,12.7,215,10.5,13.7,15.7,0.0,0.0,0.04,8.0,85.0,0.0,0.0,2.0,264.0,0.0,100570.0,8.2,83,2,4.7,238,8.3,9.5,13.0,0.0
2025-03-24 08:00:00,24.02,22.08,2.218095238095238,0.0,12.2,68,15,13.1,215,11.4,13.5,15.7,0.0,0.0,0.11,8.0,86.0,3539.0,0.0,0.0,198.0,0.0,100620.0,11.1,79,3,6.0,253,13.6,10.4,12.8,0.0
2025-03-24 09:00:00,24.01,22.06,2.212857142857143,0.0,13.9,60,9,14.9,231,12.8,13.5,15.7,0.0,0.0,0.2,10.0,82.0,11870.0,0.0,2.0,276.0,0.0,100670.0,13.8,66,0,11.1,245,17.1,12.4,12.7,0.0
2025-03-24 10:00:00,23.9866666666667,22.04,2.2076190476190476,0.0,15.4,51,16,15.1,243,14.3,13.6,15.7,0.0,0.0,0.31,13.0,73.0,45805.0,3.0,4.0,294.0,0.0,100720.0,15.5,59,8,15.3,255,19.0,14.2,12.9,0.0
2025-03-24 11:00:00,23.9433333333333,21.965,2.2023809523809526,0.0,16.5,46,2,14.5,264,15.8,13.7,15.7,0.0,0.0,0.39,16.0,60.0,69008.0,6.0,3.0,293.0,0.0,100720.0,16.8,50,59,16.7,277,20.3,15.6,13.1,0.0
2025-03-24 12:00:00,23.915,21.93,2.197142857142857,0.0,17.4,44,8,13.6,291,17.3,13.9,15.7,0.0,0.0,0.46,16.0,46.0,86808.0,6.0,4.0,250.0,0.0,100670.0,17.4,45,63,15.5,301,20.8,16.6,13.4,0.0
2025-03-24 13:00:00,23.88,21.8633333333333,2.191904761904762,0.0,17.5,43,51,10.6,307,18.5,14.2,15.6,0.1,0.1,0.46,17.0,42.0,121272.0,8.0,2.0,8.0,0.0,100660.0,17.6,50,84,17.4,322,22.0,17.8,13.8,0.0
2025-03-24 14:00:00,23.86,21.82,2.186666666666667,0.0,17.0,45,57,12.0,330,18.6,14.5,15.6,0.0,0.0,0.36,17.0,55.0,96908.0,8.0,4.0,11.0,0.0,100640.0,17.3,55,26,17.7,333,22.6,18.2,14.2,0.0
2025-03-24 15:00:00,23.8266666666667,21.7866666666667,2.1814285714285715,0.0,16.2,50,55,12.0,328,18.4,14.8,15.6,0.0,0.0,0.29,17.0,58.0,85052.0,7.0,3.0,342.0,0.0,100620.0,16.8,57,58,15.4,323,20.3,18.4,14.6,0.0
2025-03-24 16:00:00,23.8066666666667,21.72,2.1761904761904765,0.0,16.0,51,47,8.5,329,18.1,15.0,15.6,0.0,0.0,0.23,17.0,52.0,68515.0,4.0,6.0,354.0,0.0,100600.0,16.4,56,59,12.6,323,18.6,18.1,15.0,0.0
2025-03-24 17:00:00,23.8,21.69,2.170952380952381,0.0,15.5,52,29,5.4,347,17.5,15.2,15.6,0.0,0.0,0.15,16.0,57.0,44495.0,2.0,2.0,13.0,0.0,100610.0,15.8,56,61,11.2,315,16.0,17.4,15.2,0.0
2025-03-24 18:00:00,23.7966666666667,21.6733333333333,2.165714285714286,0.0,14.0,68,4,2.2,2,16.5,15.3,15.6,0.0,0.0,0.05,16.0,52.0,9752.0,1.0,5.0,334.0,0.0,100650.0,15.3,58,69,6.9,313,14.1,16.5,15.3,0.0
2025-03-24 19:00:00,23.79,21.66,2.1604761904761904,0.0,12.4,68,15,0.9,352,15.0,15.4,15.6,0.0,0.0,0.01,15.0,61.0,4020.0,0.0,1.0,37.0,0.0,100690.0,14.0,65,53,3.1,216,11.6,15.2,15.4,0.0
2025-03-24 20:00:00,23.8,21.66,2.1552380952380954,0.0,11.3,71,21,3.9,157,13.8,15.3,15.6,0.0,0.0,0.0,13.0,68.0,0.0,0.0,1.0,12.0,0.0,100760.0,12.5,72,51,5.4,180,11.2,14.0,15.3,0.0
2025-03-24 21:00:00,23.8,21.6566666666667,2.15,0.0,10.6,74,35,4.9,192,13.1,15.2,15.6,0.0,0.0,0.0,12.0,73.0,0.0,0.0,2.0,144.0,0.0,100840.0,11.9,76,69,6.3,193,10.5,13.3,15.1,0.0
2025-03-24 22:00:00,23.8,21.66,2.144761904761905,0.0,9.9,77,51,6.5,211,12.5,15.0,15.6,0.0,0.0,0.0,11.0,78.0,0.0,0.0,0.0,174.0,0.0,100900.0,11.6,73,60,5.7,198,10.2,12.7,14.9,0.0
2025-03-24 23:00:00,23.8,21.6566666666667,2.13952380952381,0.0,10.0,74,32,7.0,230,12.1,14.9,15.6,0.0,0.0,0.01,11.0,77.0,0.0,0.0,2.0,164.0,0.0,100910.0,11.1,74,57,5.3,208,9.7,12.3,14.7,0.0
2025-03-25 00:00:00,23.8,21.65,2.1342857142857143,0.0,10.0,73,51,6.5,220,11.8,14.7,15.6,0.0,0.0,0.01,11.0,79.0,0.0,0.0,0.0,228.0,0.0,100920.0,10.4,77,32,5.5,191,8.7,11.7,14.5,0.0
2025-03-25 01:00:00,23.7933333333333,21.64,2.1290476190476193,0.0,10.8,73,67,7.0,214,12.6,14.7,15.6,0.0,0.0,0.01,11.0,80.0,0.0,0.0,0.0,240.0,0.0,100900.0,10.0,79,27,5.2,196,8.4,11.3,14.2,0.0
2025-03-25 02:00:00,23.79,21.625,2.123809523809524,0.0,10.0,77,44,6.0,211,12.1,14.5,15.6,0.0,0.0,0.0,11.0,78.0,0.0,0.0,0.0,270.0,0.0,100860.0,9.5,82,1,5.0,201,8.0,10.9,14.0,0.0
2025-03-25 03:00:00,23.79,21.62,2.1185714285714288,0.0,9.6,78,45,3.6,234,11.5,14.4,15.6,0.0,0.0,0.0,12.0,78.0,0.0,0.0,0.0,216.0,0.0,100820.0,9.0,86,0,5.2,192,7.6,10.6,13.8,0.0
2025-03-25 04:00:00,23.7866666666667,21.61,2.1133333333333333,0.0,9.7,77,43,2.9,242,11.1,14.2,15.6,0.0,0.0,0.0,11.0,82.0,0.0,0.0,0.0,192.0,0.0,100780.0,8.4,89,0,4.0,190,7.1,10.2,13.5,0.0
2025-03-25 05:00:00,23.78,21.6,2.1080952380952382,0.0,8.7,81,10,4.7,254,10.7,14.0,15.6,0.0,0.0,0.0,10.0,85.0,0.0,0.0,0.0,192.0,0.0,100770.0,7.7,92,1,2.3,219,6.5,9.8,13.3,0.0
2025-03-25 06:00:00,23.78,21.6033333333333,2.1028571428571428,0.0,8.2,84,4,7.2,241,10.4,13.9,15.6,0.0,0.0,0.0,11.0,76.0,0.0,0.0,0.0,228.0,0.0,100790.0,7.1,94,32,3.1,216,6.2,9.4,13.0,0.0
2025-03-25 07:00:00,23.78,21.5933333333333,2.0976190476190477,0.0,9.2,82,2,9.7,239,10.5,13.7,15.6,0.0,0.0,0.03,9.0,84.0,0.0,0.0,0.0,198.0,0.0,100820.0,7.3,93,31,3.2,207,8.2,9.2,12.8,0.0
2025-03-25 08:00:00,23.7666666666667,21.58,2.0923809523809527,0.0,12.5,73,1,9.0,234,11.5,13.5,15.6,0.0,0.0,0.1,9.0,84.0,4810.0,0.0,0.0,240.0,0.0,100870.0,10.9,85,30,3.5,204,14.0,10.3,12.6,0.0
2025-03-25 09:00:00,23.755,21.5666666666667,2.087142857142857,0.0,14.7,63,1,11.1,239,13.1,13.5,15.5,0.0,0.0,0.21,12.0,73.0,21084.0,1.0,4.0,276.0,0.0,100910.0,14.7,68,31,7.4,247,19.0,12.6,12.6,0.0
2025-03-25 10:00:00,23.7,21.55,2.081904761904762,0.0,16.1,57,30,9.0,260,14.9,13.6,15.5,0.0,0.0,0.32,14.0,65.0,49342.0,3.0,2.0,252.0,0.0,100940.0,16.1,61,3,9.2,249,21.0,14.7,12.7,0.0
2025-03-25 11:00:00,23.6566666666667,21.4766666666667,2.0766666666666667,0.0,17.1,52,13,7.0,282,16.5,13.8,15.5,0.0,0.0,0.38,16.0,55.0,72872.0,7.0,2.0,182.0,0.0,100960.0,17.5,56,47,7.6,267,22.2,16.5,13.0,0.0
2025-03-25 12:00:00,23.6266666666667,21.4266666666667,2.0714285714285716,0.0,18.1,46,37,6.7,297,18.0,14.0,15.5,0.0,0.0,0.45,16.0,50.0,98365.0,8.0,1.0,341.0,0.0,100950.0,18.2,49,74,8.4,320,22.4,17.6,13.4,0.0
2025-03-25 13:00:00,23.58,21.385,2.066190476190476,0.0,18.8,40,99,7.8,343,18.9,14.2,15.5,0.0,0.0,0.4,17.0,51.0,30166.0,3.0,0.0,343.0,0.0,100910.0,18.0,51,91,14.3,342,21.4,18.1,13.9,0.0
2025-03-25 14:00:00,23.55,21.31,2.060952380952381,0.0,17.4,52,24,14.0,7,18.7,14.5,15.5,0.0,0.0,0.28,19.0,46.0,94068.0,7.0,4.0,37.0,0.0,100850.0,18.0,51,68,13.8,354,22.6,18.4,14.3,0.0
2025-03-25 15:00:00,23.535,21.2733333333333,2.0557142857142856,0.0,17.2,54,23,13.5,7,19.0,14.8,15.5,0.0,0.0,0.36,17.0,54.0,21584.0,2.0,4.0,355.0,0.0,100820.0,18.0,55,39,14.8,1,21.5,18.8,14.6,0.0
2025-03-25 16:00:00,23.5,21.23,2.0504761904761906,0.0,16.9,54,10,9.8,4,18.8,15.1,15.5,0.0,0.0,0.27,17.0,59.0,73412.0,5.0,5.0,42.0,0.0,100820.0,17.4,57,7,13.2,11,19.7,18.7,15.0,0.0
2025-03-25 17:00:00,23.4866666666667,21.19,2.0452380952380955,0.0,16.4,55,8,9.4,9,18.1,15.3,15.5,0.0,0.0,0.18,16.0,63.0,15933.0,1.0,2.0,355.0,0.0,100830.0,16.6,59,4,10.3,12,17.2,18.1,15.2,0.0
2025-03-25 18:00:00,23.465,21.1533333333333,2.04,0.0,14.4,72,1,4.5,51,17.0,15.4,15.5,0.0,0.0,0.06,17.0,62.0,19582.0,1.0,3.0,48.0,0.0,100850.0,15.6,63,27,7.3,20,14.3,17.0,15.4,0.0
2025-03-25 19:00:00,23.46,21.1266666666667,2.034761904761905,0.0,12.7,76,0,1.8,63,15.4,15.5,15.5,0.0,0.0,0.02,15.0,66.0,2917.0,0.0,2.0,42.0,0.0,100900.0,13.9,74,0,3.1,45,11.7,15.5,15.5,0.0
2025-03-25 20:00:00,23.46,21.1233333333333,2.0295238095238095,0.0,11.9,77,4,1.6,105,14.2,15.4,15.5,0.0,0.0,0.0,13.0,75.0,0.0,0.0,0.0,126.0,0.0,100950.0,13.2,78,0,1.4,90,10.3,14.2,15.4,0.0
2025-03-25 21:00:00,23.47,21.12,2.0242857142857145,0.0,10.9,79,13,3.6,178,13.2,15.3,15.5,0.0,0.0,0.0,11.0,83.0,0.0,0.0,0.0,180.0,0.0,101010.0,11.2,88,37,3.3,167,9.9,13.3,15.3,0.0
2025-03-25 22:00:00,23.4666666666667,21.1233333333333,2.019047619047619,0.0,10.3,79,12,4.7,187,12.6,15.2,15.5,0.0,0.0,0.0,10.0,85.0,0.0,0.0,0.0,175.0,0.0,101060.0,10.1,93,41,4.2,160,9.5,12.6,15.1,0.0
2025-03-25 23:00:00,23.4666666666667,21.1233333333333,2.013809523809524,0.0,9.9,79,15,5.2,203,12.1,15.0,15.5,0.0,0.0,0.0,9.0,87.0,0.0,0.0,1.0,178.0,0.0,101070.0,9.3,94,36,2.9,180,8.7,12.0,14.8,0.0
2025-03-26 00:00:00,23.46,21.115,2.0085714285714285,0.0,9.9,79,29,5.9,209,11.8,14.8,15.5,0.0,0.0,0.0,9.0,86.0,0.0,0.0,2.0,168.0,0.0,101080.0,8.8,92,21,4.4,189,8.1,11.5,14.6,0.0
2025-03-26 01:00:00,23.4533333333333,21.1066666666667,2.0033333333333334,0.0,10.5,77,17,5.9,227,12.2,14.6,15.5,0.0,0.0,0.0,10.0,82.0,0.0,0.0,1.0,178.0,0.0,101050.0,8.4,92,28,4.1,195,7.7,11.0,14.3,0.0
2025-03-26 02:00:00,23.45,21.1,1.9980952380952381,0.0,9.6,86,67,4.5,208,11.7,14.5,15.5,0.6,0.6,0.0,8.0,90.0,0.0,0.0,0.0,192.0,0.0,101050.0,8.3,91,12,4.2,200,7.3,10.6,14.0,0.0
2025-03-26 03:00:00,23.4466666666667,21.0966666666667,1.9928571428571429,0.0,9.4,89,31,5.0,164,11.2,14.3,15.5,0.6,0.6,0.0,7.0,92.0,0.0,0.0,0.0,168.0,0.0,101000.0,8.1,91,7,4.4,189,7.0,10.2,13.7,0.0
2025-03-26 04:00:00,23.44,21.0833333333333,1.9876190476190476,0.0,8.8,88,23,4.5,194,10.6,14.1,15.5,0.0,0.0,0.0,8.0,88.0,0.0,0.0,0.0,204.0,0.0,100960.0,8.0,92,10,4.4,189,6.9,9.9,13.5,0.0
2025-03-26 05:00:00,23.4366666666667,21.075,1.9823809523809526,0.0,9.1,90,21,6.9,209,10.4,13.9,15.5,0.0,0.0,0.0,8.0,88.0,0.0,0.0,0.0,210.0,0.0,100950.0,7.8,93,19,4.1,195,6.8,9.6,13.2,0.0
2025-03-26 06:00:00,23.43,21.0666666666667,1.9771428571428573,0.0,8.8,91,14,8.5,219,10.1,13.7,15.4,0.0,0.0,0.0,7.0,90.0,0.0,0.0,1.0,168.0,0.0,100950.0,7.8,94,31,4.8,193,6.9,9.5,13.0,0.0
2025-03-26 07:00:00,23.4233333333333,21.0566666666667,1.971904761904762,0.0,9.9,87,8,11.0,226,10.2,13.5,15.4,0.0,0.0,0.02,7.0,92.0,210.0,0.0,1.0,186.0,0.0,100970.0,8.1,95,39,4.6,198,8.9,9.5,12.7,0.0
2025-03-26 08:00:00,23.4233333333333,21.0566666666667,1.9666666666666668,0.0,13.2,79,7,9.4,229,11.4,13.4,15.4,0.0,0.0,0.1,10.0,86.0,6157.0,0.0,2.0,210.0,0.0,100990.0,11.6,87,0,4.1,225,14.9,10.6,12.6,0.0
2025-03-26 09:00:00,23.4,21.05,1.9614285714285715,0.0,15.8,64,6,10.1,240,13.1,13.4,15.4,0.0,0.0,0.22,13.0,80.0,25911.0,1.0,2.0,276.0,0.0,101010.0,15.7,71,0,9.1,236,20.0,13.1,12.6,0.0
2025-03-26 10:00:00,23.37,21.01,1.9561904761904763,0.0,17.3,55,5,8.6,260,15.0,13.5,15.4,0.0,0.0,0.33,16.0,66.0,54652.0,5.0,3.0,285.0,0.0,101040.0,17.5,61,7,11.7,252,21.8,15.2,12.8,0.0
2025-03-26 11:00:00,23.3266666666667,20.95,1.950952380952381,0.0,18.2,50,15,6.3,280,16.8,13.7,15.4,0.0,0.0,0.42,18.0,55.0,77136.0,5.0,1.0,266.0,0.0,101050.0,18.8,53,75,9.8,262,23.9,17.0,13.2,0.0
2025-03-26 12:00:00,23.2766666666667,20.9033333333333,1.9457142857142857,0.0,19.0,46,12,5.1,307,18.4,13.9,15.4,0.0,0.0,0.46,19.0,47.0,92006.0,7.0,2.0,342.0,0.0,100990.0,19.8,46,36,8.1,302,25.0,18.4,13.6,0.0
2025-03-26 13:00:00,23.2333333333333,20.8366666666667,1.9404761904761905,0.0,20.0,43,0,6.8,343,20.0,14.5,15.4,0.0,0.0,0.49,20.0,41.0,98612.0,6.0,2.0,84.0,0.0,100930.0,19.8,49,75,13.6,338,23.5,19.2,14.1,0.0
2025-03-26 14:00:00,23.1833333333333,20.7766666666667,1.9352380952380954,0.0,20.2,43,0,9.0,356,20.7,14.9,15.4,0.0,0.0,0.48,19.0,44.0,93592.0,8.0,5.0,30.0,0.0,100840.0,19.4,51,9,15.5,355,23.9,19.6,14.5,0.0
2025-03-26 15:00:00,23.16,20.73,1.9300000000000002,0.0,19.6,45,4,12.0,11,20.8,15.3,15.4,0.0,0.0,0.42,20.0,45.0,80835.0,5.0,6.0,53.0,0.0,100750.0,19.8,52,0,16.2,360,24.5,20.4,15.0,0.0
2025-03-26 16:00:00,23.12,20.67,1.924761904761905,0.0,18.4,51,2,12.2,27,20.4,15.6,15.4,0.0,0.0,0.31,19.0,48.0,61576.0,5.0,6.0,0.0,0.0,100730.0,18.8,57,0,14.4,3,21.3,20.2,15.3,0.0
2025-03-26 17:00:00,23.09,20.6133333333333,1.9195238095238096,0.0,17.3,54,0,8.4,44,19.5,15.8,15.4,0.0,0.0,0.19,19.0,52.0,37506.0,3.0,3.0,39.0,0.0,100730.0,17.8,61,0,10.7,14,18.6,19.3,15.7,0.0
2025-03-26 18:00:00,23.06,20.59,1.9142857142857144,0.0,15.3,69,0,4.6,82,18.2,16.0,15.4,0.0,0.0,0.06,18.0,57.0,13610.0,0.0,3.0,54.0,0.0,100730.0,17.0,64,0,6.4,38,15.6,18.3,15.9,0.0
2025-03-26 19:00:00,23.05,20.58,1.909047619047619,0.0,13.4,72,0,3.0,103,16.4,16.1,15.4,0.0,0.0,0.02,16.0,65.0,2235.0,0.0,2.0,60.0,0.0,100720.0,15.0,76,0,3.3,103,12.6,16.7,16.0,0.0
2025-03-26 20:00:00,23.05,20.5766666666667,1.9038095238095238,0.0,12.0,75,0,3.6,169,15.1,16.0,15.4,0.0,0.0,0.0,14.0,72.0,0.0,0.0,1.0,102.0,0.0,100740.0,13.5,82,0,3.6,180,11.4,15.2,16.0,0.0
2025-03-26 21:00:00,23.05,20.57,1.8985714285714286,0.0,11.1,77,0,4.6,197,14.1,15.9,15.4,0.0,0.0,0.0,13.0,71.0,0.0,0.0,1.0,138.0,0.0,100790.0,12.1,83,0,4.4,189,10.6,14.3,15.9,0.0
2025-03-26 22:00:00,23.05,20.5666666666667,1.8933333333333333,0.0,10.3,78,3,4.8,218,13.3,15.8,15.4,0.0,0.0,0.0,11.0,79.0,0.0,0.0,0.0,186.0,0.0,100800.0,11.4,81,38,2.7,203,9.9,13.4,15.7,0.0
2025-03-26 23:00:00,23.04,20.55,1.8880952380952383,0.0,10.3,75,18,5.1,230,12.6,15.6,15.4,0.0,0.0,0.0,11.0,70.0,0.0,0.0,1.0,178.0,0.0,100780.0,11.1,80,56,2.6,196,9.8,12.8,15.4,0.0
2025-03-27 00:00:00,23.04,20.525,1.882857142857143,0.0,10.2,71,8,5.2,216,12.2,15.4,15.4,0.0,0.0,0.0,10.0,83.0,0.0,0.0,0.0,179.0,0.0,100780.0,11.0,72,58,4.0,180,9.7,12.4,15.2,0.0
2025-03-27 01:00:00,23.0333333333333,20.5166666666667,1.8776190476190477,0.0,11.1,67,1,6.4,211,12.3,15.2,15.4,0.0,0.0,0.01,9.0,81.0,0.0,0.0,2.0,179.0,0.0,100740.0,10.9,64,60,4.3,185,9.6,12.1,14.9,0.0
2025-03-27 02:00:00,23.03,20.505,1.8723809523809525,0.0,10.8,65,0,7.5,217,12.0,15.1,15.4,0.0,0.0,0.02,10.0,77.0,0.0,0.0,1.0,180.0,0.0,100700.0,10.3,66,60,4.1,195,8.9,11.8,14.7,0.0
2025-03-27 03:00:00,23.0233333333333,20.49,1.8671428571428572,0.0,10.5,65,0,7.1,215,11.7,14.9,15.4,0.0,0.0,0.02,10.0,73.0,0.0,0.0,1.0,172.0,0.0,100630.0,10.0,63,52,5.2,192,8.8,11.4,14.5,0.0
2025-03-27 04:00:00,23.02,20.49,1.861904761904762,0.0,10.1,67,0,6.2,213,11.4,14.7,15.4,0.0,0.0,0.01,10.0,79.0,0.0,0.0,0.0,204.0,0.0,100580.0,9.9,63,37,5.0,201,8.2,11.2,14.2,0.0
2025-03-27 05:00:00,23.01,20.49,1.8566666666666667,0.0,9.6,70,0,6.4,217,11.2,14.5,15.4,0.0,0.0,0.01,8.0,85.0,0.0,0.0,0.0,180.0,0.0,100540.0,9.4,68,49,4.5,209,7.9,10.8,14.0,0.0
2025-03-27 06:00:00,23.0066666666667,20.49,1.8514285714285714,0.0,9.3,71,0,6.4,228,10.9,14.3,15.4,0.0,0.0,0.01,10.0,79.0,0.0,0.0,1.0,222.0,0.0,100550.0,9.3,75,54,5.0,210,7.7,10.5,13.7,0.0
2025-03-27 07:00:00,23.0,20.49,1.8461904761904762,0.0,11.1,68,0,7.0,242,11.0,14.1,15.4,0.0,0.0,0.03,9.0,78.0,743.0,0.0,1.0,192.0,0.0,100550.0,9.9,76,52,4.1,218,9.9,10.4,13.5,0.0
2025-03-27 08:00:00,22.9866666666667,20.4833333333333,1.8409523809523811,0.0,14.6,63,0,8.2,250,12.3,14.0,15.4,0.0,0.0,0.12,12.0,68.0,8294.0,0.0,1.0,246.0,0.0,100570.0,13.2,73,44,4.4,235,16.0,11.5,13.3,0.0
2025-03-27 09:00:00,22.9566666666667,20.4366666666667,1.8357142857142859,0.0,17.4,53,0,8.6,265,14.1,14.0,15.4,0.0,0.0,0.25,15.0,61.0,31772.0,2.0,3.0,276.0,0.0,100580.0,17.6,53,41,8.9,243,20.7,13.9,13.4,0.0
2025-03-27 10:00:00,22.8966666666667,20.38,1.8304761904761906,0.0,19.5,46,0,8.6,263,16.2,14.1,15.4,0.0,0.0,0.37,17.0,51.0,60920.0,5.0,4.0,282.0,0.0,100620.0,19.4,46,30,11.8,250,23.3,15.9,13.5,0.0
2025-03-27 11:00:00,22.87,20.3233333333333,1.8252380952380953,0.0,21.1,40,0,9.0,257,18.1,14.3,15.4,0.0,0.0,0.48,20.0,41.0,82484.0,7.0,3.0,222.0,0.0,100570.0,21.3,42,3,13.4,246,26.3,17.9,13.8,0.0
2025-03-27 12:00:00,26.95,28.8933333333333,1.82,0.0,22.3,36,49,7.6,269,19.9,14.6,15.4,0.0,0.0,0.54,21.0,40.0,94192.0,8.0,3.0,297.0,0.0,100500.0,22.5,37,0,13.7,268,27.7,19.7,14.3,0.0
2025-03-27 13:00:00,32.77,34.32,1.8191071428571428,0.0,22.8,35,36,9.5,334,21.2,15.0,15.4,0.0,0.0,0.57,22.0,36.0,97460.0,9.0,4.0,301.0,0.0,100430.0,22.8,42,7,15.2,324,28.0,21.1,14.8,0.0
2025-03-27 14:00:00,31.7866666666667,30.68,1.8182142857142858,0.0,21.8,41,2,15.3,1,21.8,15.4,15.4,0.0,0.0,0.52,22.0,39.0,92343.0,6.0,4.0,359.0,0.0,100370.0,21.6,43,16,18.3,345,25.8,21.6,15.2,0.0
2025-03-27 15:00:00,31.1,29.3566666666667,1.8173214285714285,0.0,20.9,40,38,13.9,355,21.8,15.7,15.4,0.0,0.0,0.45,21.0,43.0,78564.0,6.0,4.0,28.0,0.0,100350.0,21.4,43,5,16.9,340,24.9,21.7,15.7,0.0
2025-03-27 16:00:00,30.6166666666667,28.5766666666667,1.8164285714285715,0.0,20.4,40,18,10.7,353,21.4,16.1,15.4,0.0,0.0,0.34,21.0,45.0,58179.0,4.0,2.0,29.0,0.0,100340.0,20.7,44,3,15.2,338,22.3,21.2,16.1,0.0
2025-03-27 17:00:00,30.2433333333333,28.0466666666667,1.8155357142857143,0.0,19.3,45,7,7.6,12,20.6,16.3,15.4,0.0,0.0,0.21,20.0,41.0,33399.0,2.0,4.0,18.0,0.0,100350.0,19.7,49,3,11.8,348,19.9,20.4,16.5,0.0
2025-03-27 18:00:00,29.88,27.6533333333333,1.8146428571428572,0.0,16.7,62,9,4.8,59,19.2,16.5,15.4,0.0,0.0,0.07,19.0,45.0,10782.0,1.0,2.0,30.0,0.0,100360.0,18.3,58,0,7.0,35,16.6,19.4,16.7,0.0
2025-03-27 19:00:00,29.7433333333333,27.3766666666667,1.81375,0.0,14.4,69,46,5.6,92,17.4,16.6,15.4,0.0,0.0,0.03,17.0,56.0,1083.0,0.0,2.0,48.0,0.0,100390.0,16.0,70,0,5.0,111,13.6,17.7,16.8,0.0
2025-03-27 20:00:00,29.58,27.1333333333333,1.812857142857143,0.0,13.3,70,94,4.1,151,16.1,16.6,15.4,0.0,0.0,0.0,15.0,61.0,0.0,0.0,2.0,136.0,0.0,100430.0,14.4,74,4,4.5,166,12.4,16.2,16.7,0.0
2025-03-27 21:00:00,29.39,26.975,1.8119642857142857,0.0,12.3,68,43,4.0,169,14.9,16.5,15.4,0.0,0.0,0.0,15.0,60.0,0.0,0.0,1.0,156.0,0.0,100500.0,13.0,66,16,5.1,184,11.2,15.0,16.6,0.0
2025-03-27 22:00:00,29.24,26.79,1.8110714285714287,0.0,11.6,65,63,4.5,183,14.1,16.4,15.4,0.0,0.0,0.01,13.0,64.0,0.0,0.0,0.0,180.0,0.0,100490.0,12.2,62,45,4.5,194,10.4,14.2,16.4,0.0
2025-03-27 23:00:00,29.105,26.6466666666667,1.8101785714285714,0.0,11.0,64,34,4.8,204,13.4,16.2,15.4,0.0,0.0,0.01,12.0,67.0,0.0,0.0,0.0,210.0,0.0,100530.0,11.2,65,93,3.9,202,9.5,13.4,16.2,0.0
2025-03-28 00:00:00,28.99,26.47,1.8092857142857144,0.0,10.9,63,10,4.8,230,12.8,16.0,15.4,0.0,0.0,0.01,9.0,77.0,0.0,0.0,1.0,172.0,0.0,100500.0,10.5,65,16,3.8,197,8.9,12.8,15.9,0.0
2025-03-28 01:00:00,28.8766666666667,26.4233333333333,1.8083928571428571,0.0,11.4,59,14,4.4,237,12.4,15.8,15.4,0.0,0.0,0.01,10.0,73.0,0.0,0.0,0.0,30.0,0.0,100470.0,9.9,71,20,2.9,210,8.3,12.2,15.6,0.0
2025-03-28 02:00:00,28.75,26.3066666666667,1.8075,0.0,11.0,59,1,4.8,233,11.9,15.6,15.4,0.0,0.0,0.01,8.0,79.0,0.0,0.0,0.0,174.0,0.0,100450.0,9.4,76,67,2.6,214,7.5,11.6,15.3,0.0
2025-03-28 03:00:00,28.69,26.215,1.8066071428571429,0.0,10.4,61,1,4.2,229,11.5,15.4,15.4,0.0,0.0,0.01,8.0,77.0,0.0,0.0,0.0,168.0,0.0,100380.0,9.0,78,64,3.4,198,7.4,11.2,15.0,0.0
2025-03-28 04:00:00,28.625,26.13,1.8057142857142858,0.0,9.8,64,0,4.1,218,11.2,15.1,15.4,0.0,0.0,0.0,7.0,84.0,0.0,0.0,0.0,186.0,0.0,100350.0,8.6,80,21,3.0,194,7.0,10.7,14.7,0.0
2025-03-28 05:00:00,28.5233333333333,26.07,1.8048214285714286,0.0,9.5,66,0,4.6,214,10.9,14.9,15.4,0.0,0.0,0.0,8.0,81.0,0.0,0.0,0.0,180.0,0.0,100360.0,8.4,80,12,3.0,194,6.4,10.3,14.4,0.0
2025-03-28 06:00:00,28.4666666666667,25.9966666666667,1.8039285714285715,0.0,9.3,67,0,4.6,223,10.7,14.7,15.4,0.0,0.0,0.0,8.0,77.0,0.0,0.0,1.0,216.0,0.0,100370.0,7.6,82,0,3.8,197,6.2,9.8,14.0,0.0
2025-03-28 07:00:00,28.405,25.9433333333333,1.8030357142857143,0.0,11.4,65,0,5.8,235,10.9,14.5,15.4,0.0,0.0,0.03,6.0,84.0,1935.0,0.0,0.0,180.0,0.0,100400.0,8.3,80,0,3.7,191,8.9,9.7,13.7,0.0
2025-03-28 08:00:00,28.3233333333333,25.8733333333333,1.8021428571428573,0.0,15.0,59,0,6.4,249,12.3,14.3,15.4,0.0,0.0,0.12,13.0,66.0,11848.0,0.0,0.0,228.0,0.0,100440.0,12.0,76,0,3.2,207,15.6,11.0,13.5,0.0
2025-03-28 09:00:00,28.18,25.7866666666667,1.80125,0.0,18.0,47,0,3.3,265,14.4,14.3,15.4,0.0,0.0,0.24,16.0,55.0,37503.0,2.0,2.0,317.0,0.0,100480.0,17.1,55,0,3.5,246,21.4,13.6,13.5,0.0
2025-03-28 10:00:00,28.035,25.71,1.800357142857143,0.0,19.9,41,0,2.3,297,16.6,14.4,15.4,0.0,0.0,0.37,19.0,43.0,66408.0,7.0,2.0,348.0,0.0,100520.0,19.6,48,0,3.8,287,24.1,16.0,13.6,0.0
2025-03-28 11:00:00,27.8866666666667,25.575,1.7994642857142857,0.0,21.3,40,0,3.5,299,18.8,14.6,15.4,0.0,0.0,0.47,20.0,40.0,86424.0,6.0,0.0,210.0,0.0,100550.0,21.2,43,0,5.1,315,26.3,18.1,13.9,0.0
2025-03-28 12:00:00,27.7333333333333,25.5133333333333,1.7985714285714287,0.0,22.4,38,0,6.4,344,20.6,14.9,15.4,0.0,0.0,0.54,21.0,38.0,96526.0,7.0,2.0,282.0,0.0,100510.0,21.8,44,0,7.4,331,27.5,19.6,14.3,0.0
2025-03-28 13:00:00,27.5766666666667,25.4033333333333,1.7976785714285715,0.0,22.8,39,0,12.8,358,21.7,15.3,15.4,0.0,0.0,0.56,22.0,37.0,98336.0,7.0,2.0,180.0,0.0,100490.0,21.9,42,0,11.4,349,28.0,21.1,14.9,0.0
2025-03-28 14:00:00,27.4366666666667,25.2966666666667,1.7967857142857144,0.0,21.9,41,0,14.9,359,22.1,15.7,15.4,0.0,0.0,0.52,21.0,51.0,90924.0,8.0,6.0,17.0,0.0,100460.0,21.5,43,0,14.8,356,26.5,21.8,15.4,0.0
2025-03-28 15:00:00,27.35,25.1966666666667,1.7958928571428572,0.0,22.1,37,0,10.7,351,22.3,16.1,15.4,0.0,0.0,0.46,21.0,46.0,75720.0,5.0,2.0,84.0,0.0,100430.0,21.1,50,0,14.1,356,25.1,21.8,15.8,0.0
2025-03-28 16:00:00,27.21,25.09,1.795,0.0,21.3,38,0,11.2,3,21.9,16.4,15.4,0.0,0.0,0.36,21.0,43.0,54268.0,3.0,4.0,355.0,0.0,100420.0,20.7,46,0,9.1,353,23.5,21.5,16.2,0.0
2025-03-28 17:00:00,27.1333333333333,25.0266666666667,1.794107142857143,0.0,19.9,44,0,7.8,22,21.0,16.7,15.4,0.0,0.0,0.22,21.0,34.0,29610.0,2.0,4.0,358.0,0.0,100410.0,19.9,44,0,8.3,2,20.1,20.8,16.6,0.0
2025-03-28 18:00:00,27.09,24.9366666666667,1.7932142857142856,0.0,16.9,61,0,5.0,76,19.6,16.8,15.4,0.0,0.0,0.08,19.0,44.0,8003.0,0.0,4.0,7.0,0.0,100470.0,18.5,54,0,6.1,45,16.4,19.7,16.8,0.0
2025-03-28 19:00:00,27.0966666666667,24.9133333333333,1.7923214285714286,0.0,14.4,67,0,6.3,115,17.7,16.9,15.4,0.0,0.0,0.04,17.0,45.0,507.0,0.0,2.0,354.0,0.0,100510.0,15.8,65,0,4.3,114,12.9,17.7,16.9,0.0
2025-03-28 20:00:00,27.11,24.89,1.7914285714285714,0.0,12.9,70,1,4.8,148,16.3,16.9,15.4,0.0,0.0,0.0,13.0,61.0,0.0,0.0,1.0,169.0,0.0,100540.0,14.1,73,0,2.5,172,11.1,16.0,16.9,0.0
2025-03-28 21:00:00,27.1033333333333,24.88,1.7905357142857143,0.0,11.9,71,0,4.5,176,15.2,16.8,15.4,0.0,0.0,0.0,13.0,60.0,0.0,0.0,2.0,140.0,0.0,100610.0,11.6,77,0,5.1,184,10.1,14.6,16.7,0.0
2025-03-28 22:00:00,27.0966666666667,24.83,1.789642857142857,0.0,11.9,65,0,5.5,194,14.3,16.6,15.5,0.0,0.0,0.01,12.0,67.0,0.0,0.0,0.0,173.0,0.0,100620.0,11.0,71,0,5.1,188,9.6,13.7,16.5,0.0
2025-03-28 23:00:00,27.08,24.79,1.78875,0.0,12.0,57,0,6.5,196,13.6,16.5,15.5,0.0,0.0,0.02,9.0,73.0,0.0,0.0,1.0,154.0,0.0,100660.0,10.3,69,0,4.6,198,8.8,13.0,16.2,0.0
2025-03-29 00:00:00,27.07,24.77,1.7878571428571428,0.0,11.9,55,0,6.7,200,13.1,16.3,15.5,0.0,0.0,0.03,10.0,71.0,0.0,0.0,0.0,184.0,0.0,100670.0,10.4,60,0,6.0,197,8.8,12.5,15.9,0.0
2025-03-29 01:00:00,27.0466666666667,24.7566666666667,1.7869642857142858,0.0,12.6,51,0,7.4,207,13.0,16.0,15.5,0.0,0.0,0.03,10.0,67.0,0.0,0.0,1.0,180.0,0.0,100670.0,10.3,62,0,5.8,202,8.5,12.0,15.6,0.0
2025-03-29 02:00:00,27.025,24.7266666666667,1.7860714285714285,0.0,12.2,55,0,8.0,215,12.7,15.8,15.5,0.0,0.0,0.03,11.0,63.0,0.0,0.0,2.0,175.0,0.0,100660.0,10.3,63,0,5.6,207,8.3,11.6,15.3,0.0
2025-03-29 03:00:00,27.0066666666667,24.7033333333333,1.7851785714285715,0.0,11.9,58,0,9.3,217,12.5,15.6,15.5,0.0,0.0,0.03,12.0,57.0,0.0,0.0,1.0,210.0,0.0,100640.0,10.4,61,0,6.5,199,8.2,11.3,15.0,0.0
2025-03-29 04:00:00,26.99,24.6633333333333,1.7842857142857143,0.0,11.5,61,0,9.2,213,12.3,15.5,15.5,0.0,0.0,0.03,,,,,,,,,10.2,62,0,6.3,204,8.0,11.1,14.7,0.0
2025-03-29 05:00:00,26.97,24.625,1.7833928571428572,0.0,11.1,64,0,8.5,213,12.1,15.3,15.5,0.0,0.0,0.02,12.0,59.0,0.0,0.0,0.0,234.0,0.0,100600.0,9.6,65,0,5.3,208,7.5,10.8,14.4,0.0
2025-03-29 06:00:00,26.9433333333333,24.6033333333333,1.7825,0.0,10.8,65,0,9.2,206,11.9,15.1,15.5,0.0,0.0,0.03,10.0,67.0,0.0,0.0,2.0,186.0,0.0,100580.0,9.3,68,0,5.8,202,7.4,10.5,14.2,0.0
2025-03-29 07:00:00,26.9233333333333,24.5866666666667,1.781607142857143,0.0,12.4,63,0,10.9,207,12.1,14.9,15.5,0.0,0.0,0.06,9.0,68.0,0.0,0.0,1.0,172.0,0.0,100610.0,9.8,72,0,5.8,210,9.9,10.4,13.9,0.0
2025-03-29 08:00:00,26.8733333333333,24.56,1.7807142857142857,0.0,16.5,55,0,10.3,224,13.3,14.8,15.5,0.0,0.0,0.15,12.0,60.0,3471.0,0.0,1.0,204.0,0.0,100660.0,14.0,67,0,6.1,225,16.5,11.6,13.7,0.0
2025-03-29 09:00:00,26.74,24.5066666666667,1.7798214285714287,0.0,20.2,43,0,8.3,222,15.3,14.8,15.5,0.0,0.0,0.29,14.0,54.0,16800.0,1.0,2.0,234.0,0.0,100670.0,18.6,45,0,9.4,230,21.6,14.1,13.7,0.0
2025-03-29 10:00:00,26.55,24.45,1.7789285714285714,0.0,22.2,36,0,4.7,229,17.5,14.9,15.5,0.0,0.0,0.4,18.0,44.0,45332.0,2.0,2.0,218.0,0.0,100680.0,21.0,37,0,9.8,242,25.1,16.5,13.9,0.0
2025-03-29 11:00:00,26.4466666666667,24.35,1.7780357142857144,0.0,23.3,34,0,2.2,261,19.7,15.1,15.5,0.0,0.0,0.49,21.0,37.0,71343.0,6.0,2.0,332.0,0.0,100700.0,23.3,31,0,9.3,257,28.2,18.8,14.2,0.0
2025-03-29 12:00:00,26.3066666666667,24.4366666666667,1.7771428571428571,18.7,24.2,33,0,1.8,265,21.6,15.5,15.5,0.0,0.0,0.56,22.0,35.0,80981.0,7.0,2.0,240.0,0.0,100660.0,24.1,32,0,8.6,272,29.3,20.6,14.7,0.0
2025-03-29 13:00:00,27.4366666666667,30.735,1.77625,0.0,25.6,27,0,5.3,286,22.5,15.8,15.5,0.0,0.0,0.6,24.0,32.0,97897.0,6.0,3.0,268.0,0.0,100640.0,24.9,31,0,10.0,300,29.9,22.1,15.3,0.0
2025-03-29 14:00:00,28.6066666666667,28.91,1.7753571428571429,0.0,25.6,28,0,7.8,347,23.5,16.2,15.5,0.0,0.0,0.57,25.0,30.0,98020.0,7.0,2.0,27.0,0.0,100550.0,24.8,32,0,12.9,324,28.8,23.0,15.9,0.0
2025-03-29 15:00:00,28.69,28.18,1.7744642857142858,0.0,24.6,34,0,11.1,8,23.7,16.6,15.5,0.0,0.0,0.5,26.0,29.0,90561.0,6.0,4.0,294.0,0.0,100450.0,24.6,34,0,10.9,333,27.8,23.4,16.4,0.0
2025-03-29 16:00:00,28.6233333333333,27.6866666666667,1.7735714285714286,0.0,23.7,38,0,9.6,20,23.3,16.9,15.5,0.0,0.0,0.38,24.0,32.0,73710.0,6.0,4.0,8.0,0.0,100350.0,23.6,36,0,10.9,354,24.9,23.1,16.8,0.0
2025-03-29 17:00:00,28.53,27.3166666666667,1.7726785714285715,0.0,22.0,44,0,9.5,34,22.4,17.2,15.5,0.0,0.0,0.24,24.0,32.0,50896.0,4.0,4.0,40.0,0.0,100250.0,22.0,41,0,11.8,12,21.6,22.2,17.2,0.0
2025-03-29 18:00:00,28.45,27.04,1.7717857142857143,0.0,18.8,57,0,6.4,57,20.9,17.4,15.5,0.0,0.0,0.09,24.0,34.0,25309.0,2.0,3.0,13.0,0.0,100220.0,20.0,49,0,7.4,43,17.6,20.9,17.5,0.0
2025-03-29 19:00:00,28.42,26.8233333333333,1.7708928571428573,0.0,16.0,68,0,7.2,86,19.0,17.5,15.5,0.0,0.0,0.04,21.0,47.0,5326.0,0.0,3.0,36.0,0.0,100260.0,17.0,62,0,5.0,90,14.0,18.9,17.6,0.0
2025-03-29 20:00:00,28.3766666666667,26.6633333333333,1.77,0.0,14.5,69,0,6.5,103,17.5,17.5,15.5,0.0,0.0,0.01,17.0,59.0,172.0,0.0,2.0,94.0,0.0,100320.0,15.2,67,0,3.5,114,12.2,17.1,17.5,0.0
2025-03-29 21:00:00,28.33,26.5166666666667,1.7691071428571428,0.0,14.5,59,0,2.0,112,16.1,17.5,15.5,0.0,0.0,0.0,15.0,65.0,0.0,0.0,3.0,84.0,0.0,100390.0,12.8,72,0,3.5,156,10.5,15.5,17.4,0.0
2025-03-29 22:00:00,28.2766666666667,26.4066666666667,1.7682142857142857,0.0,14.5,54,0,1.5,103,15.0,17.3,15.5,0.0,0.0,0.0,15.0,60.0,0.0,0.0,1.0,137.0,0.0,100400.0,10.8,75,0,3.1,144,9.4,14.3,17.2,0.0
2025-03-29 23:00:00,28.2333333333333,26.3066666666667,1.7673214285714285,0.0,14.3,49,0,2.2,121,14.1,17.1,15.6,0.0,0.0,0.0,12.0,70.0,0.0,0.0,0.0,285.0,0.0,100410.0,9.7,68,0,4.0,170,8.6,13.4,16.9,0.0
2025-03-30 00:00:00,28.1933333333333,26.1966666666667,1.7664285714285715,0.0,13.9,46,0,1.9,109,13.4,16.9,15.6,0.0,0.0,0.0,10.0,79.0,0.0,0.0,0.0,167.0,0.0,100450.0,9.3,59,0,3.3,139,8.3,12.9,16.6,0.0
2025-03-30 01:00:00,28.1466666666667,26.13,1.7655357142857142,0.0,13.3,43,0,2.3,110,12.6,16.7,15.6,0.0,0.0,0.0,10.0,78.0,0.0,0.0,0.0,198.0,0.0,100450.0,9.7,53,0,2.9,150,7.6,12.1,16.2,0.0
2025-03-30 02:00:00,28.125,26.086666666666652,1.7646428571428572,0.0,13.3,44,0,1.1,84,12.2,16.4,15.6,0.0,0.0,0.0,9.0,78.0,0.0,0.0,0.0,204.0,0.0,100410.0,10.6,50,0,1.1,90,7.0,11.5,15.8,0.0
2025-03-30 03:00:00,28.1033333333333,26.0433333333333,1.76375,0.0,12.1,50,0,5.2,68,11.8,16.1,15.6,0.0,0.0,0.02,,,,,,,,,11.0,47,0,1.4,180,6.6,10.9,15.4,0.0
2025-03-30 04:00:00,28.06,25.97,1.762857142857143,0.0,11.8,52,0,2.5,75,11.4,15.9,15.6,0.0,0.0,0.0,8.0,82.0,0.0,0.0,0.0,113.0,0.0,100430.0,10.8,49,0,3.6,186,6.4,10.5,15.1,0.0
2025-03-30 05:00:00,28.035,25.92,1.7619642857142856,0.0,12.0,51,0,2.2,71,11.1,15.6,15.6,0.0,0.0,0.0,7.0,76.0,0.0,0.0,1.0,168.0,0.0,100360.0,8.8,59,0,2.6,196,6.2,10.2,14.7,0.0
2025-03-30 06:00:00,27.9866666666667,25.865,1.7610714285714286,0.0,11.8,52,0,2.3,64,10.7,15.3,15.6,0.0,0.0,0.0,7.0,79.0,0.0,0.0,0.0,126.0,0.0,100350.0,8.4,63,0,2.9,187,5.9,10.0,14.4,0.0
2025-03-30 07:00:00,27.9466666666667,25.7966666666667,1.7601785714285714,0.0,13.1,58,0,1.5,52,11.1,15.1,15.6,0.0,0.0,0.02,7.0,79.0,0.0,0.0,1.0,90.0,0.0,100380.0,9.0,64,0,3.2,207,9.2,9.8,14.0,0.0
2025-03-30 08:00:00,27.91,25.7533333333333,1.7592857142857143,0.0,16.1,53,0,4.6,38,12.8,14.9,15.6,0.0,0.0,0.13,8.0,81.0,0.0,0.0,0.0,176.0,0.0,100420.0,12.3,70,0,1.8,259,15.8,11.2,13.8,0.0
2025-03-30 09:00:00,27.87,25.69,1.758392857142857,0.0,18.3,54,0,8.7,28,14.8,14.9,15.6,0.0,0.0,0.26,8.0,81.0,4776.0,0.0,1.0,276.0,0.0,100490.0,17.3,56,0,5.9,14,22.2,14.1,13.8,0.0
2025-03-30 10:00:00,27.76,25.6366666666667,1.7575,0.0,20.4,43,0,12.9,38,16.9,15.0,15.6,0.0,0.0,0.4,12.0,71.0,21072.0,1.0,1.0,300.0,0.0,100570.0,19.5,57,0,14.1,38,24.0,16.4,13.9,0.0
2025-03-30 11:00:00,27.625,25.56,1.7566071428571428,0.0,21.4,37,0,17.0,44,18.7,15.1,15.6,0.0,0.0,0.5,17.0,54.0,50768.0,4.0,0.0,114.0,0.0,100630.0,20.6,44,0,19.4,43,24.8,18.1,14.2,0.0
2025-03-30 12:00:00,27.4733333333333,25.46,1.7557142857142858,0.0,21.5,32,0,21.9,45,20.1,15.4,15.6,0.0,0.0,0.56,20.0,45.0,75427.0,6.0,2.0,32.0,0.0,100630.0,20.7,40,0,23.2,46,24.8,19.1,14.6,0.0
2025-03-30 13:00:00,27.345,25.3733333333333,1.7548214285714285,0.0,21.0,33,0,23.3,50,20.8,15.7,15.6,0.0,0.0,0.56,21.0,46.0,90377.0,7.0,5.0,12.0,0.0,100610.0,20.5,37,0,25.3,50,24.4,19.9,15.0,0.0
2025-03-30 14:00:00,27.1733333333333,25.27,1.7539285714285715,0.0,20.1,37,0,23.2,50,21.2,16.0,15.6,0.0,0.0,0.52,21.0,44.0,97065.0,7.0,4.0,33.0,0.0,100610.0,20.1,41,0,25.9,52,23.6,20.2,15.4,0.0
2025-03-30 15:00:00,27.04,25.1766666666667,1.7530357142857143,0.0,19.5,38,0,22.9,53,21.2,16.3,15.6,0.0,0.0,0.45,21.0,44.0,94676.0,8.0,4.0,36.0,0.0,100650.0,19.5,46,0,25.6,51,22.3,20.2,15.8,0.0
2025-03-30 16:00:00,26.94,25.06,1.7521428571428572,0.0,18.5,45,0,20.9,54,20.8,16.5,15.6,0.0,0.0,0.35,20.0,40.0,86022.0,4.0,6.0,48.0,0.0,100610.0,18.6,49,0,25.0,54,20.0,19.8,16.1,0.0
2025-03-30 17:00:00,26.82,24.965,1.75125,0.0,17.3,53,0,19.3,54,19.9,16.7,15.6,0.0,0.0,0.23,20.0,40.0,69151.0,3.0,4.0,60.0,0.0,100610.0,17.5,54,0,22.8,59,17.7,19.0,16.4,0.0
2025-03-30 18:00:00,26.7533333333333,24.9033333333333,1.750357142857143,0.0,15.8,64,0,14.6,59,18.7,16.8,15.6,0.0,0.0,0.1,19.0,46.0,46498.0,3.0,5.0,67.0,0.0,100630.0,16.2,63,0,16.5,54,15.0,17.9,16.5,0.0
2025-03-30 19:00:00,26.7,24.85,1.7494642857142857,0.0,14.2,72,0,9.9,64,17.3,16.9,15.6,0.0,0.0,0.04,19.0,47.0,21269.0,1.0,6.0,90.0,0.0,100680.0,14.4,70,0,9.2,42,12.5,16.5,16.5,0.0
2025-03-30 20:00:00,26.6933333333333,24.7833333333333,1.7485714285714287,0.0,12.6,82,0,5.7,67,16.0,16.8,15.6,0.0,0.0,0.0,17.0,55.0,4408.0,0.0,4.0,60.0,0.0,100740.0,13.2,77,0,4.8,27,11.1,15.2,16.4,0.0
2025-03-30 21:00:00,26.7033333333333,24.7633333333333,1.7476785714285714,0.0,12.5,82,0,1.8,55,14.8,16.7,15.6,0.0,0.0,0.0,14.0,64.0,0.0,0.0,3.0,92.0,0.0,100800.0,12.9,79,0,1.5,346,9.4,14.1,16.2,0.0
2025-03-30 22:00:00,26.7166666666667,24.7433333333333,1.7467857142857144,0.0,12.0,84,0,0.8,37,13.7,16.6,15.6,0.0,0.0,0.0,14.0,74.0,0.0,0.0,3.0,60.0,0.0,100820.0,11.8,84,0,3.4,252,8.7,13.0,16.0,0.0
2025-03-30 23:00:00,26.73,24.73,1.7458928571428571,0.0,11.1,86,0,0.4,28,12.9,16.4,15.6,0.0,0.0,0.0,11.0,82.0,0.0,0.0,0.0,156.0,0.0,100830.0,9.7,93,11,4.5,209,8.5,12.3,15.7,0.0
2025-03-31 00:00:00,26.74,24.6966666666667,1.7449999999999999,0.0,10.0,87,0,3.2,315,12.2,16.1,15.6,0.0,0.0,0.0,9.0,88.0,0.0,0.0,0.0,288.0,0.0,100830.0,8.8,95,16,4.3,204,7.9,11.9,15.4,0.0
2025-03-31 01:00:00,26.7333333333333,24.675,1.7441071428571429,0.0,9.9,89,0,6.4,275,12.1,15.9,15.6,0.0,0.0,0.0,8.0,88.0,0.0,0.0,1.0,172.0,0.0,100810.0,8.3,93,6,3.9,202,7.3,11.3,15.1,0.0
2025-03-31 02:00:00,26.73,24.6466666666667,1.7432142857142856,0.0,9.1,93,0,8.7,265,11.8,15.7,15.6,0.0,0.0,0.0,10.0,81.0,0.0,0.0,1.0,204.0,0.0,100790.0,7.8,88,5,2.9,173,6.5,10.8,14.8,0.0
2025-03-31 03:00:00,26.7266666666667,24.6166666666667,1.7423214285714286,0.0,8.0,94,0,5.0,269,11.4,15.5,15.6,0.0,0.0,0.0,8.0,86.0,0.0,0.0,0.0,192.0,0.0,100770.0,7.2,88,5,3.6,174,6.0,10.2,14.4,0.0
2025-03-31 04:00:00,26.72,24.6033333333333,1.7414285714285713,0.0,7.5,88,0,3.5,258,10.8,15.2,15.6,0.0,0.0,0.0,8.0,89.0,0.0,0.0,0.0,186.0,0.0,100700.0,6.5,91,5,4.0,180,5.7,9.7,14.1,0.0
2025-03-31 05:00:00,26.7133333333333,24.5966666666667,1.7405357142857143,0.0,7.8,81,0,3.9,267,10.3,15.0,15.6,0.0,0.0,0.0,7.0,91.0,0.0,0.0,0.0,174.0,0.0,100660.0,6.0,94,6,4.0,175,5.3,9.4,13.8,0.0
2025-03-31 06:00:00,26.7,24.58,1.739642857142857,0.0,7.9,77,0,1.7,285,9.9,14.7,15.6,0.0,0.0,0.0,8.0,92.0,0.0,0.0,0.0,198.0,0.0,100640.0,5.5,95,7,4.0,185,4.9,8.9,13.5,0.0
2025-03-31 07:00:00,26.69,24.5466666666667,1.73875,0.0,10.3,67,0,0.7,16,10.2,14.5,15.6,0.0,0.0,0.01,6.0,92.0,0.0,0.0,0.0,142.0,0.0,100620.0,6.2,92,6,4.0,185,7.9,8.8,13.1,0.0
2025-03-31 08:00:00,26.68,24.5233333333333,1.7378571428571428,0.0,13.7,63,0,4.4,23,11.7,14.3,15.6,0.0,0.0,0.12,5.0,92.0,236.0,0.0,0.0,174.0,0.0,100590.0,10.7,84,0,1.5,194,14.6,10.1,12.9,0.0
2025-03-31 09:00:00,26.6733333333333,24.4933333333333,1.7369642857142857,0.0,16.0,56,0,7.2,23,13.7,14.2,15.6,0.0,0.0,0.25,7.0,89.0,6084.0,0.0,0.0,168.0,0.0,100600.0,14.9,75,0,1.8,360,19.6,12.5,12.9,0.0
2025-03-31 10:00:00,26.6033333333333,24.46,1.7360714285714285,0.0,17.7,50,0,9.9,26,15.8,14.3,15.6,0.0,0.0,0.37,13.0,78.0,26784.0,2.0,1.0,258.0,0.0,100600.0,17.9,60,0,7.2,27,23.3,15.0,13.0,0.0
2025-03-31 11:00:00,26.48,24.41,1.7351785714285715,0.0,19.4,46,0,11.0,23,17.8,14.5,15.6,0.0,0.0,0.47,16.0,66.0,57000.0,5.0,1.0,65.0,0.0,100580.0,19.5,56,0,10.9,27,25.0,17.1,13.3,0.0
2025-03-31 12:00:00,26.3466666666667,24.3333333333333,1.7342857142857142,0.0,20.6,44,0,12.5,24,19.5,14.7,15.6,0.0,0.0,0.53,18.0,56.0,79480.0,6.0,0.0,58.0,0.0,100570.0,19.7,58,0,13.4,24,25.0,18.4,13.7,0.0
2025-03-31 13:00:00,26.2066666666667,24.27,1.7333928571428572,0.0,20.8,45,0,12.2,30,20.4,15.0,15.6,0.0,0.0,0.54,21.0,48.0,94273.0,6.0,3.0,66.0,0.0,100490.0,20.2,49,0,14.7,25,24.9,19.5,14.2,0.0
2025-03-31 14:00:00,26.045,24.1733333333333,1.7325,0.0,20.8,43,0,13.4,36,21.2,15.4,15.6,0.0,0.0,0.51,21.0,53.0,99777.0,8.0,3.0,14.0,0.0,100410.0,20.2,48,0,15.6,29,24.2,20.0,14.7,0.0
2025-03-31 15:00:00,25.94,24.08,1.731607142857143,0.0,20.4,45,14,14.1,37,21.4,15.7,15.6,0.0,0.0,0.44,21.0,46.0,95389.0,9.0,4.0,23.0,0.0,100350.0,19.9,53,0,16.1,29,22.9,20.2,15.2,0.0
2025-03-31 16:00:00,25.84,24.0,1.7307142857142856,0.0,19.7,48,0,13.0,36,21.1,16.0,15.6,0.0,0.0,0.34,21.0,44.0,84276.0,6.0,4.0,71.0,0.0,100290.0,19.1,58,56,14.6,33,20.7,19.8,15.6,0.0
2025-03-31 17:00:00,25.72,23.895,1.7298214285714286,0.0,18.5,54,0,11.5,36,20.3,16.3,15.6,0.0,0.0,0.22,21.0,45.0,66122.0,5.0,4.0,42.0,0.0,100220.0,18.2,60,18,11.9,29,18.3,19.0,15.9,0.0
2025-03-31 18:00:00,25.6466666666667,23.8533333333333,1.7289285714285714,0.0,16.2,69,0,5.6,36,19.0,16.4,15.6,0.0,0.0,0.07,20.0,56.0,41929.0,2.0,4.0,32.0,0.0,100210.0,16.6,73,25,8.4,20,15.1,17.9,16.1,0.0
2025-03-31 19:00:00,25.595,23.79,1.7280357142857143,0.0,13.7,81,0,2.3,33,17.1,16.5,15.6,0.0,0.0,0.01,19.0,56.0,16920.0,1.0,4.0,27.0,0.0,100190.0,14.4,83,3,3.3,347,11.9,16.3,16.1,0.0
2025-03-31 20:00:00,25.5833333333333,23.75,1.727142857142857,0.0,13.0,85,0,1.3,14,15.6,16.5,15.6,0.0,0.0,0.0,17.0,64.0,3271.0,0.0,3.0,42.0,0.0,100180.0,13.0,88,0,2.3,342,10.2,14.8,16.0,0.0
2025-03-31 21:00:00,25.6,23.7433333333333,1.72625,0.0,12.0,87,20,2.4,315,14.5,16.4,15.6,0.0,0.0,0.0,14.0,80.0,0.0,0.0,1.0,60.0,0.0,100180.0,12.2,91,0,1.1,270,8.9,13.6,15.8,0.0
2025-03-31 22:00:00,25.6233333333333,23.74,1.7253571428571428,0.0,11.4,85,70,2.6,274,13.6,16.2,15.6,0.0,0.0,0.0,12.0,86.0,0.0,0.0,0.0,198.0,0.0,100210.0,11.2,95,54,2.9,240,8.1,12.6,15.6,0.0
2025-03-31 23:00:00,25.6366666666667,23.74,1.7244642857142858,0.0,11.1,83,79,3.1,253,12.8,16.0,15.6,0.0,0.0,0.0,10.0,85.0,0.0,0.0,0.0,178.0,0.0,100230.0,9.7,100,100,2.9,210,7.9,11.8,15.3,0.0
2025-04-01 00:00:00,25.65,23.74,1.7235714285714285,0.0,11.0,81,98,3.2,236,12.2,15.8,15.6,0.0,0.0,0.0,10.0,87.0,0.0,0.0,0.0,168.0,0.0,100210.0,8.6,100,100,3.7,191,8.1,11.4,15.0,0.0
2025-04-01 01:00:00,25.66,23.73,1.7226785714285715,0.0,10.6,83,98,6.0,240,11.7,15.7,15.6,0.0,0.0,0.0,9.0,92.0,0.0,0.0,0.0,177.0,0.0,100170.0,8.4,99,100,3.6,186,8.0,11.1,14.7,0.0
2025-04-01 02:00:00,25.66,23.73,1.7217857142857143,0.0,10.4,85,99,6.1,251,11.6,15.4,15.6,0.0,0.0,0.0,8.0,94.0,0.0,0.0,0.0,192.0,0.0,100160.0,8.1,99,100,3.7,191,7.7,10.9,14.4,0.0
2025-04-01 03:00:00,25.66,23.7166666666667,1.720892857142857,0.0,10.4,81,98,3.6,245,11.3,15.2,15.6,0.0,0.0,0.0,8.0,95.0,0.0,0.0,0.0,167.0,0.0,100130.0,7.8,99,100,4.0,190,7.2,10.5,14.1,0.0
2025-04-01 04:00:00,25.66,23.69,1.72,0.0,10.5,78,100,2.7,247,11.0,15.0,15.6,0.0,0.0,0.0,9.0,95.0,0.0,0.0,0.0,180.0,0.0,100110.0,7.6,99,100,3.2,180,7.0,10.2,13.9,0.0
2025-04-01 05:00:00,25.6566666666667,23.69,1.7191071428571427,0.0,10.1,78,99,3.9,222,10.7,14.8,15.6,0.0,0.0,0.0,8.0,95.0,0.0,0.0,0.0,173.0,0.0,100070.0,7.5,99,100,3.3,186,6.8,10.0,13.6,0.0
2025-04-01 06:00:00,25.65,23.66,1.7182142857142857,0.0,10.0,78,100,3.0,236,10.5,14.5,15.6,0.0,0.0,0.0,8.0,94.0,0.0,0.0,0.0,174.0,0.0,100000.0,7.1,98,93,4.0,190,6.5,9.7,13.3,0.0
2025-04-01 07:00:00,25.65,23.6533333333333,1.7173214285714284,0.0,11.7,77,100,3.3,280,10.9,14.3,15.6,0.0,0.0,0.02,8.0,95.0,0.0,0.0,0.0,156.0,0.0,100000.0,7.7,96,100,3.7,191,9.0,9.7,13.1,0.0
2025-04-01 08:00:00,25.65,23.6433333333333,1.7164285714285714,0.0,14.6,69,100,3.6,255,12.3,14.2,15.6,0.0,0.0,0.1,8.0,95.0,640.0,0.0,0.0,198.0,0.0,99940.0,11.5,89,100,2.3,198,15.2,10.8,12.9,0.0
2025-04-01 09:00:00,25.6433333333333,23.62,1.7155357142857142,0.0,16.8,58,100,1.1,333,14.2,14.2,15.6,0.0,0.0,0.21,11.0,95.0,8727.0,0.0,0.0,180.0,0.0,99940.0,15.2,76,92,0.8,243,19.4,13.0,12.9,0.0
2025-04-01 10:00:00,25.6233333333333,23.6133333333333,1.7146428571428571,0.0,18.6,52,20,4.3,356,16.3,14.3,15.6,0.0,0.0,0.34,14.0,83.0,34778.0,2.0,0.0,276.0,0.0,99970.0,17.5,68,100,3.1,339,22.1,15.1,13.1,0.0
2025-04-01 11:00:00,25.51,23.58,1.7137499999999999,0.0,20.2,49,40,7.0,355,18.4,14.5,15.6,0.0,0.0,0.47,17.0,62.0,44349.0,4.0,2.0,112.0,0.0,99970.0,19.1,62,100,6.0,335,24.1,16.9,13.4,0.0
2025-04-01 12:00:00,25.4133333333333,23.49,1.7128571428571429,0.0,21.0,44,22,11.1,339,20.0,14.8,15.6,0.0,0.0,0.53,19.0,59.0,73895.0,5.0,1.0,44.0,0.0,99970.0,20.0,64,36,10.2,337,26.3,18.6,13.8,0.0
2025-04-01 13:00:00,25.3033333333333,23.43,1.7119642857142856,0.0,21.2,42,39,13.3,339,20.9,15.2,15.6,0.0,0.0,0.54,19.0,51.0,67438.0,5.0,2.0,351.0,0.0,99930.0,20.4,58,7,12.5,342,26.1,19.9,14.3,0.0
2025-04-01 14:00:00,25.16,23.34,1.7110714285714286,0.0,21.1,43,25,11.8,337,21.5,15.6,15.6,0.0,0.0,0.51,20.0,42.0,91157.0,7.0,5.0,6.0,0.0,99870.0,20.1,60,3,13.2,343,25.3,20.5,14.8,0.0
2025-04-01 15:00:00,25.05,23.2433333333333,1.7101785714285713,0.0,20.4,48,3,9.5,336,21.7,15.9,15.6,0.0,0.0,0.43,20.0,41.0,93520.0,6.0,2.0,1.0,0.0,99800.0,19.7,64,17,13.0,346,24.1,20.7,15.3,0.0
2025-04-01 16:00:00,24.95,23.16,1.7092857142857143,0.0,19.9,50,6,7.1,344,21.5,16.3,15.6,0.0,0.0,0.32,20.0,52.0,79752.0,7.0,4.0,27.0,0.0,99770.0,19.0,68,23,10.2,350,22.1,20.5,15.7,0.0
2025-04-01 17:00:00,24.86,23.06,1.708392857142857,0.0,19.6,54,10,3.4,321,20.8,16.5,15.6,0.0,0.0,0.19,20.0,56.0,59582.0,3.0,5.0,27.0,0.0,99700.0,18.3,68,78,6.8,360,19.6,19.8,16.0,0.0
2025-04-01 18:00:00,24.79,23.0166666666667,1.7075,0.0,17.4,73,30,2.8,43,19.6,16.7,15.6,0.0,0.0,0.07,19.0,59.0,35398.0,1.0,2.0,53.0,0.0,99660.0,17.6,73,94,4.5,29,16.1,18.8,16.3,0.0
2025-04-01 19:00:00,24.735,22.9433333333333,1.7066071428571428,0.0,15.2,77,70,3.6,132,17.9,16.8,15.6,0.0,0.0,0.02,19.0,65.0,13007.0,1.0,2.0,343.0,0.0,99650.0,16.0,81,100,3.8,73,14.0,17.3,16.4,0.0
2025-04-01 20:00:00,24.7266666666667,22.9033333333333,1.7057142857142857,0.0,14.5,74,100,3.8,169,16.7,16.8,15.6,0.0,0.0,0.0,16.0,81.0,1403.0,0.0,2.0,37.0,0.0,99660.0,15.0,87,100,2.7,67,13.7,16.2,16.4,0.0
2025-04-01 21:00:00,24.7366666666667,22.8966666666667,1.7048214285714285,0.0,14.2,71,98,4.0,202,15.9,16.8,15.6,0.0,0.0,0.0,15.0,86.0,0.0,0.0,0.0,102.0,0.0,99650.0,14.8,85,100,3.6,186,12.7,15.5,16.3,0.0
2025-04-01 22:00:00,24.7566666666667,22.9,1.7039285714285715,0.0,13.9,70,21,4.9,207,15.2,16.7,15.6,0.0,0.0,0.01,15.0,86.0,0.0,0.0,2.0,144.0,0.0,99680.0,14.0,83,13,4.3,204,11.9,14.8,16.2,0.0
2025-04-01 23:00:00,24.77,22.9,1.7030357142857142,0.0,13.5,72,1,6.0,214,14.6,16.5,15.6,0.0,0.0,0.01,14.0,85.0,0.0,0.0,1.0,186.0,0.0,99670.0,13.2,81,2,3.1,225,10.9,14.1,16.0,0.0
2025-04-02 00:00:00,24.78,22.8966666666667,1.7021428571428572,0.0,13.2,75,0,5.6,212,14.1,16.4,15.6,0.0,0.0,0.0,14.0,84.0,0.0,0.0,1.0,282.0,0.0,99610.0,12.4,84,22,4.4,189,10.7,13.6,15.8,0.0
2025-04-02 01:00:00,24.79,22.9,1.70125,0.0,13.4,75,6,2.0,212,13.9,16.2,15.6,0.0,0.0,0.0,11.0,89.0,0.0,0.0,1.0,174.0,0.0,99600.0,12.1,83,12,4.3,185,10.8,13.2,15.6,0.0
2025-04-02 02:00:00,24.7933333333333,22.8966666666667,1.700357142857143,0.0,13.1,77,1,2.0,135,13.5,16.1,15.6,0.0,0.0,0.0,12.0,91.0,0.0,0.0,0.0,198.0,0.0,99560.0,11.7,85,4,3.6,180,10.3,12.9,15.3,0.0
2025-04-02 03:00:00,24.8,22.9,1.6994642857142856,0.0,12.1,82,0,3.6,137,13.1,15.9,15.6,0.0,0.0,0.0,12.0,87.0,0.0,0.0,0.0,168.0,0.0,99520.0,11.2,88,13,3.2,207,9.9,12.6,15.1,0.0
2025-04-02 04:00:00,24.8,22.8966666666667,1.6985714285714286,0.0,11.3,85,0,3.5,159,12.8,15.7,15.6,0.0,0.0,0.0,12.0,88.0,0.0,0.0,1.0,186.0,0.0,99440.0,10.6,93,25,2.5,225,9.5,12.3,14.9,0.0
2025-04-02 05:00:00,24.8,22.89,1.6976785714285714,0.0,10.8,87,0,3.5,191,12.5,15.6,15.6,0.0,0.0,0.0,13.0,84.0,0.0,0.0,0.0,178.0,0.0,99370.0,10.2,95,5,2.8,220,9.0,11.9,14.7,0.0
2025-04-02 06:00:00,24.8066666666667,22.885,1.6967857142857143,0.0,10.6,86,0,3.3,175,12.3,15.4,15.6,0.0,0.0,0.0,12.0,87.0,0.0,0.0,0.0,134.0,0.0,99340.0,10.1,95,28,3.6,225,9.2,11.8,14.5,0.0
2025-04-02 07:00:00,24.8066666666667,22.8733333333333,1.695892857142857,0.0,12.8,79,1,6.9,247,12.6,15.2,15.6,0.0,0.0,0.03,12.0,84.0,0.0,0.0,1.0,186.0,0.0,99340.0,11.4,92,3,3.7,209,12.7,11.8,14.3,0.0
2025-04-02 08:00:00,24.8066666666667,22.8733333333333,1.6949999999999998,0.0,17.2,68,21,3.1,261,14.0,15.1,15.6,0.0,0.0,0.13,12.0,80.0,2125.0,0.0,1.0,204.0,0.0,99370.0,15.8,83,0,2.5,225,19.4,13.4,14.1,0.0
2025-04-02 09:00:00,24.7866666666667,22.8533333333333,1.6941071428571428,0.0,19.9,57,39,3.1,14,16.1,15.1,15.6,0.0,0.0,0.26,16.0,73.0,12826.0,0.0,0.0,192.0,0.0,99400.0,19.7,66,0,1.8,307,23.8,15.9,14.2,0.0
2025-04-02 10:00:00,24.7133333333333,22.8033333333333,1.6932142857142856,0.0,21.7,53,7,3.6,21,18.3,15.3,15.6,0.0,0.0,0.39,19.0,60.0,37020.0,2.0,0.0,240.0,0.0,99430.0,21.7,56,0,2.9,353,26.2,18.1,14.5,0.0
2025-04-02 11:00:00,24.605,22.765,1.6923214285714285,0.0,23.0,50,7,5.7,22,20.3,15.5,15.6,0.0,0.0,0.49,21.0,52.0,66066.0,6.0,1.0,279.0,0.0,99450.0,22.7,56,7,8.2,15,28.1,19.9,14.9,0.0
2025-04-02 12:00:00,24.5166666666667,22.66,1.6914285714285713,6.3,23.1,52,18,13.1,39,21.7,15.8,15.6,0.0,0.0,0.52,22.0,44.0,86219.0,6.0,2.0,324.0,0.0,99460.0,21.7,61,47,16.4,26,24.4,21.0,15.4,0.0
2025-04-02 13:00:00,24.4233333333333,22.5766666666667,1.6905357142857143,0.0,21.7,58,31,19.6,44,22.3,16.2,15.6,0.0,0.0,0.49,22.0,55.0,96736.0,6.0,7.0,44.0,0.0,99410.0,22.2,58,73,19.8,25,28.2,21.4,15.8,0.0
2025-04-02 14:00:00,24.325,24.015,1.689642857142857,0.0,21.8,59,4,18.2,48,22.7,16.6,15.6,0.0,0.0,0.46,22.0,56.0,98240.0,8.0,4.0,42.0,0.0,99370.0,21.7,59,17,19.7,24,26.5,22.0,16.3,0.0
2025-04-02 15:00:00,24.2566666666667,24.5866666666667,1.68875,0.0,20.9,61,3,18.1,48,22.6,16.9,15.7,0.0,0.0,0.39,21.0,59.0,92361.0,5.0,5.0,10.0,0.0,99350.0,21.1,60,5,20.6,19,24.6,22.0,16.7,0.0
2025-04-02 16:00:00,24.195,24.5533333333333,1.6878571428571427,0.0,20.8,63,0,16.2,51,22.3,17.2,15.7,0.0,0.0,0.32,21.0,62.0,77952.0,6.0,5.0,38.0,0.0,99350.0,20.4,63,3,18.4,40,22.5,21.5,17.1,0.0
2025-04-02 17:00:00,24.1266666666667,24.45,1.6869642857142857,0.0,19.1,68,2,16.0,40,21.5,17.4,15.7,0.0,0.0,0.2,21.0,63.0,57125.0,4.0,4.0,60.0,0.0,99330.0,19.9,63,5,16.9,52,20.3,20.7,17.3,0.0
2025-04-02 18:00:00,24.0766666666667,24.37,1.6860714285714284,0.0,17.9,76,0,13.2,24,20.3,17.6,15.7,0.0,0.0,0.09,20.0,61.0,32024.0,2.0,3.0,52.0,0.0,99340.0,19.0,65,0,13.5,42,17.7,19.7,17.5,0.0
2025-04-02 19:00:00,24.035,24.2966666666667,1.6851785714285714,0.0,15.9,86,15,8.8,43,18.9,17.7,15.7,0.0,0.0,0.03,20.0,62.0,10633.0,1.0,3.0,6.0,0.0,99400.0,16.9,78,0,8.8,12,15.2,18.3,17.6,0.0
2025-04-02 20:00:00,24.02,24.2066666666667,1.6842857142857142,0.0,14.5,91,0,5.1,56,17.7,17.7,15.7,0.0,0.0,0.0,18.0,66.0,1214.0,0.0,3.0,60.0,0.0,99430.0,15.8,85,71,7.2,6,14.8,17.2,17.5,0.0
2025-04-02 21:00:00,24.0333333333333,24.18,1.6833928571428571,0.0,14.4,91,0,1.6,55,16.6,17.6,15.7,0.0,0.0,0.0,16.0,73.0,0.0,0.0,1.0,84.0,0.0,99480.0,15.2,88,51,3.3,354,13.7,16.4,17.4,0.0
2025-04-02 22:00:00,24.0533333333333,24.14,1.6824999999999999,0.0,13.9,92,3,1.2,27,15.8,17.5,15.7,0.0,0.0,0.0,15.0,78.0,0.0,0.0,0.0,8.0,0.0,99550.0,14.8,90,43,1.1,270,12.3,15.6,17.2,0.0
2025-04-02 23:00:00,24.0766666666667,24.0733333333333,1.6816071428571429,0.0,13.7,92,2,1.6,323,15.1,17.3,15.7,0.0,0.0,0.0,14.0,80.0,0.0,0.0,0.0,118.0,0.0,99590.0,14.3,91,57,2.6,236,12.1,14.9,17.0,0.0
2025-04-03 00:00:00,24.0966666666667,24.0466666666667,1.6807142857142856,0.0,13.3,92,0,1.3,308,14.6,17.1,15.7,0.0,0.0,0.0,14.0,81.0,0.0,0.0,0.0,161.0,0.0,99610.0,14.3,87,23,1.0,135,11.4,14.6,16.7,0.0
2025-04-03 01:00:00,24.1166666666667,24.03,1.6798214285714286,0.0,13.7,90,0,0.2,9,14.9,17.0,15.8,0.0,0.0,0.0,12.0,82.0,0.0,0.0,0.0,186.0,0.0,99620.0,13.3,91,30,1.1,198,11.0,14.1,16.5,0.0
2025-04-03 02:00:00,24.13,24.0033333333333,1.6789285714285713,0.0,13.2,90,0,0.6,330,14.3,16.9,15.8,0.0,0.0,0.0,11.0,85.0,0.0,0.0,1.0,167.0,0.0,99620.0,13.1,91,4,1.3,236,10.3,13.6,16.2,0.0
2025-04-03 03:00:00,24.1433333333333,23.965,1.6780357142857143,0.0,12.5,90,3,3.3,266,13.8,16.7,15.8,0.0,0.0,0.0,11.0,87.0,0.0,0.0,0.0,110.0,0.0,99600.0,12.6,94,39,3.3,257,10.7,13.1,15.9,0.0
2025-04-03 04:00:00,24.1566666666667,23.92,1.677142857142857,0.0,12.2,90,8,5.3,254,13.5,16.5,15.8,0.0,0.0,0.0,12.0,92.0,0.0,0.0,0.0,94.0,0.0,99590.0,12.2,95,59,4.7,212,11.4,13.1,15.7,0.0
2025-04-03 05:00:00,24.17,23.8933333333333,1.67625,0.0,12.6,92,70,8.4,237,13.5,16.3,15.8,0.0,0.0,0.0,13.0,94.0,0.0,0.0,0.0,192.0,0.0,99600.0,12.2,95,77,5.6,207,11.8,13.1,15.4,0.0
2025-04-03 06:00:00,24.1866666666667,23.88,1.6753571428571428,0.0,13.6,89,100,9.5,232,13.8,16.2,15.8,0.0,0.0,0.0,12.0,95.0,0.0,0.0,0.0,178.0,0.0,99620.0,12.4,95,72,6.3,211,11.8,13.2,15.3,0.0
2025-04-03 07:00:00,24.2,23.8333333333333,1.6744642857142857,0.0,15.1,84,100,10.7,231,14.3,16.0,15.8,0.0,0.0,0.04,12.0,92.0,0.0,0.0,2.0,204.0,0.0,99690.0,13.4,91,72,5.5,212,14.1,13.4,15.1,0.0
2025-04-03 08:00:00,24.2133333333333,23.8,1.6735714285714285,0.0,16.4,81,100,11.4,245,15.1,16.0,15.8,0.0,0.0,0.09,14.0,86.0,2208.0,0.0,0.0,204.0,0.0,99720.0,15.8,82,84,5.9,218,17.8,14.4,15.0,0.0
2025-04-03 09:00:00,24.22,23.7633333333333,1.6726785714285715,0.0,17.6,75,85,9.7,255,16.2,15.9,15.8,0.0,0.0,0.17,15.0,82.0,12312.0,0.0,1.0,282.0,0.0,99770.0,17.6,82,77,6.6,279,21.4,16.0,15.0,0.0
2025-04-03 10:00:00,24.2066666666667,23.7266666666667,1.6717857142857142,0.0,18.8,69,100,7.6,270,17.5,16.0,15.8,0.0,0.0,0.22,17.0,76.0,23456.0,1.0,2.0,234.0,0.0,99820.0,19.4,75,63,7.4,317,23.7,17.8,15.2,0.0
2025-04-03 11:00:00,24.13,23.68,1.670892857142857,0.0,20.2,63,100,7.7,291,19.1,16.1,15.8,0.0,0.0,0.35,19.0,70.0,76592.0,5.0,1.0,1.0,0.0,99840.0,20.3,71,100,11.3,338,24.3,19.3,15.5,0.0
2025-04-03 12:00:00,24.0833333333333,23.5733333333333,1.67,0.0,21.3,58,84,9.7,314,20.4,16.3,15.8,0.0,0.0,0.39,20.0,65.0,90529.0,7.0,2.0,299.0,0.0,99840.0,19.4,77,100,15.5,357,25.0,19.9,15.9,0.0
2025-04-03 13:00:00,24.02,23.4666666666667,1.67,0.0,21.7,59,98,14.1,8,22.1,16.7,15.8,0.0,0.0,0.49,20.0,69.0,116329.0,7.0,2.0,18.0,0.0,99780.0,19.6,74,100,17.2,11,25.0,20.5,16.3,0.0
2025-04-03 14:00:00,23.9533333333333,23.3633333333333,1.67,0.0,20.0,69,66,15.9,31,22.4,17.0,15.8,0.0,0.0,0.38,20.0,71.0,44600.0,4.0,5.0,33.0,0.0,99750.0,19.3,73,100,16.8,28,23.5,20.7,16.6,0.0
2025-04-03 15:00:00,23.9,23.2666666666667,1.67,0.0,19.7,69,97,14.4,47,22.4,17.3,15.8,0.0,0.0,0.33,20.0,66.0,75232.0,6.0,5.0,18.0,0.0,99700.0,19.3,72,100,18.2,38,22.1,20.7,17.0,0.0
2025-04-03 16:00:00,23.8533333333333,23.16,1.67,0.0,19.5,68,98,13.2,56,22.0,17.5,15.8,0.0,0.0,0.27,19.0,72.0,65315.0,5.0,4.0,72.0,0.0,99710.0,19.3,73,72,17.8,42,21.6,20.3,17.2,0.0
2025-04-03 17:00:00,23.8133333333333,23.04,1.67,0.0,18.5,72,6,12.9,48,21.3,17.7,15.8,0.0,0.0,0.18,19.0,72.0,27724.0,2.0,3.0,45.0,0.0,99630.0,18.5,77,51,18.6,49,19.2,19.8,17.4,0.0
2025-04-03 18:00:00,23.78,23.0033333333333,1.67,0.0,17.1,80,8,11.3,65,20.2,17.9,15.8,0.0,0.0,0.08,19.0,73.0,15048.0,1.0,4.0,42.0,0.0,99600.0,17.5,82,40,16.3,49,16.8,18.8,17.5,0.0
2025-04-03 19:00:00,23.74,22.92,1.67,0.0,15.4,88,7,8.0,77,18.8,17.9,15.8,0.0,0.0,0.02,18.0,70.0,8960.0,0.0,4.0,48.0,0.0,99560.0,16.2,88,5,12.1,37,15.0,17.7,17.5,0.0
2025-04-03 20:00:00,23.7333333333333,22.89,1.67,0.0,14.3,85,0,7.4,84,17.7,17.9,15.9,0.0,0.0,0.0,17.0,74.0,483.0,0.0,2.0,53.0,0.0,99560.0,15.3,94,23,7.8,22,14.2,16.7,17.4,0.0
2025-04-03 21:00:00,23.73,22.8733333333333,1.67,0.0,13.3,83,0,6.1,58,16.6,17.8,15.9,0.0,0.0,0.0,15.0,85.0,0.0,0.0,1.0,117.0,0.0,99550.0,14.5,97,48,5.1,315,13.5,15.9,17.2,0.0
2025-04-03 22:00:00,23.74,22.86,1.67,0.0,12.8,84,20,2.7,23,15.6,17.7,15.9,0.0,0.0,0.0,,,,,,,,,14.0,98,62,3.6,307,12.8,15.3,17.0,0.0
2025-04-03 23:00:00,23.75,22.84,1.67,0.0,12.2,87,88,9.4,315,14.9,17.5,15.9,0.0,0.0,0.0,14.0,89.0,0.0,0.0,0.0,53.0,0.0,99540.0,14.1,95,100,4.5,284,13.5,14.9,16.8,0.0
2025-04-04 00:00:00,23.76,22.8266666666667,1.67,0.0,12.6,93,37,18.1,245,14.6,17.3,15.9,0.0,0.0,0.0,13.0,92.0,0.0,0.0,0.0,291.0,0.0,99520.0,14.5,96,100,5.4,290,14.1,14.7,16.6,0.0
2025-04-04 01:00:00,23.7733333333333,22.81,1.67,0.0,14.0,87,38,9.2,203,15.0,17.2,15.9,0.0,0.0,0.0,12.0,93.0,0.0,0.0,0.0,204.0,0.0,99500.0,14.3,93,100,5.0,201,14.0,14.8,16.4,0.0
2025-04-04 02:00:00,23.7866666666667,22.8066666666667,1.67,0.0,13.3,86,44,8.5,219,14.7,17.0,15.9,0.0,0.0,0.0,14.0,93.0,0.0,0.0,3.0,228.0,0.0,99790.0,14.2,95,89,4.6,219,13.8,14.8,16.2,0.0
2025-04-04 03:00:00,23.79,22.8,1.67,0.0,13.7,83,4,6.3,230,14.5,16.9,15.9,0.0,0.0,0.0,15.0,89.0,0.0,0.0,2.0,246.0,0.0,99910.0,14.1,94,50,2.9,187,12.7,14.7,16.1,0.0
2025-04-04 04:00:00,23.8,22.79,1.67,0.0,12.7,87,0,3.2,236,14.1,16.7,15.9,0.0,0.0,0.0,13.0,91.0,0.0,0.0,0.0,146.0,0.0,99870.0,13.4,94,26,3.7,191,11.8,14.3,16.0,0.0
2025-04-04 05:00:00,23.8,22.7833333333333,1.67,0.0,12.5,85,0,1.5,169,13.6,16.5,15.9,0.0,0.0,0.0,13.0,89.0,0.0,0.0,2.0,157.0,0.0,99930.0,12.6,94,37,2.2,189,11.1,13.8,15.8,0.0
2025-04-04 06:00:00,23.8066666666667,22.77,1.67,0.0,12.5,83,0,1.5,158,13.2,16.3,15.9,0.0,0.0,0.0,13.0,92.0,0.0,0.0,2.0,128.0,0.0,99910.0,12.1,94,59,2.3,198,10.6,13.3,15.6,0.0
2025-04-04 07:00:00,23.81,22.7633333333333,1.67,0.0,14.6,78,0,3.6,212,13.6,16.2,15.9,0.0,0.0,0.03,13.0,90.0,0.0,0.0,0.0,145.0,0.0,99930.0,12.7,93,47,2.2,189,14.2,13.3,15.4,0.0
2025-04-04 08:00:00,23.81,22.76,1.67,0.0,18.0,68,0,1.2,212,15.1,16.1,15.9,0.0,0.0,0.13,12.0,93.0,0.0,0.0,0.0,204.0,0.0,99930.0,16.1,81,52,2.5,225,19.6,14.7,15.3,0.0
2025-04-04 09:00:00,23.81,22.75,1.67,0.0,20.7,61,0,3.1,285,17.1,16.1,15.9,0.0,0.0,0.27,12.0,94.0,5440.0,0.0,0.0,204.0,0.0,100010.0,19.2,71,56,3.6,233,23.3,16.9,15.3,0.0
2025-04-04 10:00:00,23.7766666666667,22.7266666666667,1.67,0.0,23.5,51,0,5.6,263,19.4,16.2,15.9,0.0,0.0,0.41,16.0,83.0,19900.0,1.0,2.0,285.0,0.0,100030.0,21.6,64,55,4.8,228,26.0,18.8,15.5,0.0
2025-04-04 11:00:00,23.71,22.66,1.67,0.0,25.6,40,6,10.6,265,21.3,16.4,15.9,0.0,0.0,0.54,18.0,74.0,47093.0,2.0,2.0,264.0,0.0,100080.0,23.5,57,65,4.5,256,27.5,20.5,15.9,0.0
2025-04-04 12:00:00,23.65,22.5666666666667,1.67,0.0,26.5,38,26,11.9,268,22.8,16.7,15.9,0.0,0.0,0.58,21.0,61.0,70293.0,5.0,0.0,19.0,0.0,100100.0,24.8,48,58,3.1,306,28.3,21.9,16.3,0.0
2025-04-04 13:00:00,23.59,22.4766666666667,1.67,0.0,26.6,39,34,10.2,275,23.6,17.1,15.9,0.0,0.0,0.54,24.0,48.0,85388.0,7.0,3.0,228.0,0.0,100070.0,25.8,43,51,9.5,307,30.2,23.1,16.9,0.0
2025-04-04 14:00:00,23.51,22.37,1.67,0.0,26.8,38,87,8.0,296,24.4,17.4,15.9,0.0,0.0,0.53,25.0,39.0,110519.0,9.0,6.0,317.0,0.0,100050.0,24.7,54,36,11.2,358,28.3,23.8,17.4,0.0
2025-04-04 15:00:00,23.435,22.2766666666667,1.67,0.0,23.8,46,48,16.9,3,23.7,17.8,16.0,0.0,0.0,0.31,26.0,37.0,107084.0,8.0,3.0,257.0,0.0,100000.0,24.3,51,38,14.4,22,26.9,23.8,17.9,0.0
2025-04-04 16:00:00,23.36,22.1733333333333,1.67,0.0,23.1,47,26,13.5,44,23.3,18.1,16.0,0.0,0.0,0.33,27.0,35.0,96425.0,6.0,2.0,318.0,0.0,99960.0,23.1,54,27,14.8,39,24.8,23.2,18.2,0.0
2025-04-04 17:00:00,23.31,22.07,1.67,0.0,22.4,51,30,8.9,72,22.7,18.3,16.0,0.0,0.0,0.22,23.0,47.0,31378.0,3.0,6.0,0.0,0.0,99990.0,22.1,55,14,12.8,16,22.3,22.4,18.5,0.0
2025-04-04 18:00:00,23.2566666666667,22.0166666666667,1.67,0.0,20.4,62,15,5.1,358,21.6,18.5,16.0,0.0,0.0,0.09,23.0,48.0,26400.0,1.0,4.0,7.0,0.0,100020.0,20.2,63,34,10.1,6,18.9,21.3,18.8,0.0
2025-04-04 19:00:00,23.21,21.9366666666667,1.67,0.0,17.9,74,12,1.8,339,20.0,18.6,16.0,0.0,0.0,0.02,22.0,57.0,23679.0,1.0,3.0,37.0,0.0,100070.0,18.3,74,44,3.1,45,16.2,19.7,18.8,0.0
2025-04-04 20:00:00,23.1933333333333,21.9033333333333,1.67,0.0,16.9,78,9,1.0,22,18.7,18.5,16.0,0.0,0.0,0.0,21.0,55.0,6898.0,0.0,3.0,30.0,0.0,100090.0,17.3,80,51,1.8,143,14.9,18.4,18.7,0.0
2025-04-04 21:00:00,23.1866666666667,21.8933333333333,1.67,0.0,16.4,76,0,1.9,104,17.6,18.5,16.0,0.0,0.0,0.0,19.0,58.0,187.0,0.0,1.0,120.0,0.0,100140.0,16.2,81,49,1.9,202,14.1,17.3,18.5,0.0
2025-04-04 22:00:00,23.18,21.88,1.67,0.0,15.7,76,1,1.7,18,16.7,18.3,16.0,0.0,0.0,0.0,17.0,66.0,0.0,0.0,0.0,54.0,0.0,100250.0,15.7,83,50,0.8,297,13.2,16.5,18.3,0.0
2025-04-04 23:00:00,23.18,21.86,1.67,0.0,14.8,81,1,1.8,27,16.0,18.2,16.1,0.0,0.0,0.0,17.0,66.0,0.0,0.0,1.0,154.0,0.0,100360.0,15.2,85,65,3.6,360,13.4,15.8,18.1,0.0
2025-04-05 00:00:00,23.18,21.84,1.67,0.0,14.1,82,0,3.1,74,15.4,18.0,16.1,0.0,0.0,0.0,16.0,76.0,0.0,0.0,1.0,119.0,0.0,100410.0,15.0,83,59,3.3,96,12.5,15.3,17.8,0.0
2025-04-05 01:00:00,23.18,21.8233333333333,1.67,0.0,14.3,78,0,2.6,90,15.2,17.9,16.1,0.0,0.0,0.0,14.0,82.0,0.0,0.0,0.0,161.0,0.0,100410.0,13.7,90,41,4.4,125,12.3,14.9,17.5,0.0
2025-04-05 02:00:00,23.18,21.8233333333333,1.67,0.0,13.9,78,1,2.6,90,14.6,17.7,16.1,0.0,0.0,0.0,13.0,84.0,0.0,0.0,1.0,134.0,0.0,100410.0,13.2,90,41,2.3,141,11.5,14.6,17.2,0.0
2025-04-05 03:00:00,23.17,21.8,1.67,0.0,13.3,81,24,4.9,79,14.2,17.5,16.1,0.0,0.0,0.0,13.0,80.0,0.0,0.0,1.0,120.0,0.0,100390.0,13.3,86,52,2.0,135,10.9,14.1,16.9,0.0
2025-04-05 04:00:00,23.17,21.7966666666667,1.67,0.0,13.2,84,42,5.6,77,14.0,17.3,16.1,0.0,0.0,0.0,13.0,82.0,0.0,0.0,0.0,125.0,0.0,100410.0,13.6,84,67,0.7,90,11.1,13.8,16.6,0.0
2025-04-05 05:00:00,23.17,21.79,1.67,0.0,13.4,85,99,3.9,70,13.9,17.1,16.1,0.0,0.0,0.0,13.0,82.0,0.0,0.0,1.0,138.0,0.0,100400.0,13.7,86,72,1.8,90,11.6,13.6,16.4,0.0
2025-04-05 06:00:00,23.17,21.8,1.67,0.0,13.6,87,100,3.8,70,13.9,16.9,16.1,0.1,0.1,0.02,12.0,86.0,0.0,0.0,0.0,92.0,0.0,100390.0,13.8,88,77,2.6,106,12.5,13.9,16.2,0.0
2025-04-05 07:00:00,23.1633333333333,21.7966666666667,1.67,0.0,15.2,84,30,5.2,86,14.4,16.7,16.1,0.0,0.0,0.03,13.0,80.0,0.0,0.0,1.0,184.0,0.0,100440.0,14.2,88,80,3.3,139,15.1,14.2,16.0,0.0
2025-04-05 08:00:00,23.16,21.79,1.67,0.0,16.8,79,36,3.8,73,15.5,16.6,16.1,0.0,0.0,0.09,13.0,86.0,149.0,0.0,0.0,103.0,0.0,100450.0,16.3,83,85,2.6,106,19.1,15.2,15.9,0.0
2025-04-05 09:00:00,23.15,21.765,1.67,0.0,18.2,71,32,4.7,20,17.0,16.6,16.1,0.0,0.0,0.22,15.0,84.0,8036.0,0.0,0.0,109.0,0.0,100480.0,18.3,74,69,5.8,353,21.8,17.0,15.9,0.0
2025-04-05 10:00:00,23.11,21.7266666666667,1.67,0.0,19.4,66,29,4.8,19,18.6,16.7,16.1,0.1,0.1,0.31,17.0,77.0,30560.0,1.0,2.0,119.0,0.0,100480.0,19.3,66,65,11.0,349,24.0,18.5,16.1,0.0
2025-04-05 11:00:00,23.05,21.6733333333333,1.67,0.0,20.8,61,51,7.2,10,20.3,16.8,16.1,0.1,0.1,0.42,19.0,70.0,32318.0,2.0,0.0,217.0,0.0,100490.0,20.5,60,68,12.1,337,27.1,19.9,16.3,0.0
2025-04-05 12:00:00,22.99,21.6,1.67,0.0,20.3,62,90,12.7,13,20.8,17.0,16.1,0.0,0.0,0.32,19.0,68.0,47622.0,4.0,2.0,77.0,0.0,100540.0,20.9,56,92,14.6,340,27.3,21.5,16.7,0.0
2025-04-05 13:00:00,22.92,21.52,1.67,0.0,20.1,63,99,13.1,13,21.8,17.3,16.1,0.1,0.1,0.42,20.0,65.0,44610.0,4.0,2.0,30.0,0.0,100490.0,20.7,55,100,15.6,341,26.3,22.1,17.1,0.0
2025-04-05 14:00:00,22.84,21.43,1.67,0.0,20.4,60,100,12.9,14,22.3,17.6,16.1,0.0,0.0,0.42,21.0,60.0,97685.0,7.0,5.0,1.0,0.0,100450.0,20.7,52,100,17.7,336,26.6,22.6,17.5,0.0
2025-04-05 15:00:00,22.78,21.3633333333333,1.67,0.0,19.7,61,99,14.2,14,22.2,17.8,16.1,0.0,0.0,0.32,20.0,63.0,98499.0,8.0,5.0,42.0,0.0,100400.0,20.3,53,97,17.9,338,24.5,22.4,17.8,0.0
2025-04-05 16:00:00,22.72,21.2566666666667,1.67,0.0,18.9,62,83,11.7,21,21.8,18.0,16.2,0.0,0.0,0.25,20.0,57.0,88264.0,6.0,4.0,48.0,0.0,100340.0,19.6,54,100,16.3,342,22.1,22.0,18.1,0.0
2025-04-05 17:00:00,22.65,21.2033333333333,1.67,0.0,18.1,63,92,10.6,22,21.1,18.2,16.2,0.0,0.0,0.19,20.0,58.0,68260.0,3.0,4.0,354.0,0.0,100310.0,18.9,53,100,11.9,346,19.5,21.0,18.3,0.0
2025-04-05 18:00:00,22.59,21.1133333333333,1.67,0.0,17.0,66,82,5.1,35,20.0,18.3,16.2,0.0,0.0,0.08,19.0,55.0,46700.0,3.0,4.0,14.0,0.0,100310.0,18.0,55,100,7.6,8,17.1,19.9,18.4,0.0
2025-04-05 19:00:00,22.545,21.08,1.67,0.0,15.1,75,95,3.4,91,18.6,18.3,16.2,0.0,0.0,0.02,19.0,56.0,15852.0,1.0,3.0,42.0,0.0,100310.0,16.3,64,83,4.7,99,14.1,18.5,18.4,0.0
2025-04-05 20:00:00,22.5066666666667,21.0,1.67,0.0,13.9,80,4,4.3,142,17.4,18.2,16.2,0.0,0.0,0.0,18.0,60.0,6698.0,0.0,3.0,42.0,0.0,100310.0,15.0,70,87,4.9,144,13.3,17.1,18.3,0.0
2025-04-05 21:00:00,22.4933333333333,20.9633333333333,1.67,0.0,13.1,84,1,4.1,173,16.3,18.1,16.2,0.0,0.0,0.0,16.0,70.0,0.0,0.0,1.0,48.0,0.0,100320.0,14.2,63,27,4.7,171,12.3,16.2,18.1,0.0
2025-04-05 22:00:00,22.4766666666667,20.945,1.67,0.0,12.7,83,3,4.6,197,15.6,17.9,16.2,0.0,0.0,0.0,15.0,68.0,0.0,0.0,2.0,132.0,0.0,100330.0,13.0,63,33,4.8,193,11.4,15.3,17.8,0.0
2025-04-05 23:00:00,22.4666666666667,20.94,1.67,0.0,12.6,80,4,5.4,211,15.0,17.8,16.2,0.0,0.0,0.0,14.0,74.0,0.0,0.0,0.0,174.0,0.0,100370.0,12.3,67,78,4.3,204,11.2,14.6,17.5,0.0
2025-04-06 00:00:00,22.4566666666667,20.9433333333333,1.67,0.0,12.3,77,6,5.5,223,14.5,17.6,16.2,0.0,0.0,0.0,13.0,70.0,0.0,0.0,0.0,312.0,0.0,100380.0,12.5,65,75,4.0,190,11.6,14.3,17.2,0.0
2025-04-06 01:00:00,22.45,20.93,1.67,0.0,12.3,75,2,4.8,228,14.3,17.5,16.2,0.0,0.0,0.0,14.0,75.0,0.0,0.0,0.0,270.0,0.0,100390.0,12.4,67,72,3.7,191,11.2,14.0,16.9,0.0
2025-04-06 02:00:00,22.44,20.9,1.67,0.0,12.1,71,2,3.9,211,13.8,17.2,16.2,0.0,0.0,0.0,12.0,82.0,0.0,0.0,1.0,198.0,0.0,100390.0,12.0,70,54,3.7,191,10.6,13.7,16.7,0.0
2025-04-06 03:00:00,22.43,20.8733333333333,1.67,0.0,11.8,69,5,3.6,207,13.3,17.0,16.3,0.0,0.0,0.0,12.0,75.0,0.0,0.0,0.0,182.0,0.0,100360.0,11.4,71,40,4.0,190,10.1,13.3,16.4,0.0
2025-04-06 04:00:00,22.4233333333333,20.86,1.67,0.0,11.3,70,2,5.1,237,12.9,16.8,16.3,0.0,0.0,0.01,12.0,72.0,0.0,0.0,0.0,144.0,0.0,100300.0,10.6,75,12,4.1,195,9.1,12.8,16.1,0.0
2025-04-06 05:00:00,22.4166666666667,20.8566666666667,1.67,0.0,11.1,70,2,6.4,239,12.6,16.5,16.3,0.0,0.0,0.01,9.0,83.0,0.0,0.0,0.0,234.0,0.0,100280.0,9.8,77,0,4.0,207,8.4,12.3,15.8,0.0
2025-04-06 06:00:00,22.41,20.85,1.67,0.0,10.9,70,0,6.4,232,12.4,16.3,16.3,0.0,0.0,0.03,9.0,83.0,0.0,0.0,0.0,173.0,0.0,100290.0,9.4,75,15,4.3,204,8.2,11.9,15.5,0.0
2025-04-06 07:00:00,22.4,20.8566666666667,1.67,0.0,13.5,65,17,7.1,227,12.8,16.1,16.3,0.0,0.0,0.05,10.0,78.0,0.0,0.0,0.0,180.0,0.0,100290.0,10.7,74,26,4.2,211,12.0,11.8,15.2,0.0
2025-04-06 08:00:00,22.3933333333333,20.86,1.67,0.0,17.2,55,98,4.7,233,14.3,16.0,16.3,0.0,0.0,0.15,9.0,79.0,632.0,0.0,1.0,161.0,0.0,100300.0,15.3,68,68,3.3,257,18.9,13.4,15.0,0.0
2025-04-06 09:00:00,22.3766666666667,20.84,1.67,0.0,19.4,47,93,5.3,276,16.3,15.9,16.3,0.0,0.0,0.27,13.0,69.0,9094.0,0.0,1.0,204.0,0.0,100330.0,18.6,56,100,5.4,270,22.9,16.0,15.0,0.0
2025-04-06 10:00:00,22.33,20.8033333333333,1.67,0.0,20.9,45,99,6.8,288,18.3,16.0,16.2,0.0,0.0,0.39,16.0,57.0,29741.0,1.0,4.0,262.0,0.0,100350.0,20.8,48,100,8.2,311,26.0,18.1,15.2,0.0
2025-04-06 11:00:00,22.27,20.75,1.67,0.0,22.3,43,100,8.7,302,20.1,16.2,16.2,0.0,0.0,0.47,19.0,49.0,57517.0,5.0,3.0,300.0,0.0,100370.0,21.4,50,100,14.5,330,26.1,19.9,15.6,0.0
2025-04-06 12:00:00,22.21,20.665,1.67,0.0,22.2,45,100,12.7,329,21.2,16.5,16.2,0.0,0.0,0.46,20.0,46.0,36736.0,3.0,3.0,348.0,0.0,100390.0,20.2,60,100,14.7,338,22.9,20.6,16.0,0.0
2025-04-06 13:00:00,22.14,20.59,1.67,0.0,21.3,47,27,15.3,344,21.2,16.8,16.2,0.0,0.0,0.37,20.0,50.0,62016.0,4.0,5.0,2.0,0.0,100380.0,21.0,58,73,15.0,339,26.9,21.0,16.4,0.0
2025-04-06 14:00:00,22.0833333333333,20.54,1.67,0.0,21.4,43,3,15.5,338,22.0,17.0,16.3,0.0,0.0,0.48,20.0,58.0,48047.0,4.0,4.0,354.0,0.0,100350.0,21.7,47,41,17.1,332,26.7,22.0,16.8,0.0
2025-04-06 15:00:00,22.0266666666667,20.4533333333333,1.67,0.0,21.4,43,2,13.1,337,22.4,17.3,16.3,0.0,0.0,0.44,21.0,53.0,102807.0,7.0,4.0,343.0,0.0,100350.0,21.4,46,18,17.1,325,24.8,22.3,17.3,0.0
2025-04-06 16:00:00,21.955,20.3933333333333,1.67,0.0,20.6,46,58,13.1,344,22.2,17.6,16.3,0.0,0.0,0.35,21.0,50.0,71412.0,6.0,5.0,33.0,0.0,100320.0,20.3,53,31,15.3,326,22.4,21.8,17.6,0.0
2025-04-06 17:00:00,21.8966666666667,20.29,1.67,0.0,19.5,51,22,7.2,360,21.5,17.8,16.3,0.0,0.0,0.21,21.0,48.0,67019.0,5.0,5.0,58.0,0.0,100280.0,19.4,56,6,9.5,323,20.5,21.0,17.9,0.0
2025-04-06 18:00:00,21.83,20.2566666666667,1.67,0.0,18.0,64,94,2.7,65,20.4,17.9,16.3,0.0,0.0,0.07,21.0,44.0,42846.0,2.0,5.0,344.0,0.0,100250.0,19.2,59,67,0.8,243,17.8,20.1,18.1,0.0
2025-04-06 19:00:00,21.775,20.23,1.67,0.0,15.7,68,12,4.4,117,18.7,18.0,16.3,0.0,0.0,0.03,20.0,48.0,10410.0,1.0,2.0,6.0,0.0,100290.0,17.0,65,16,4.0,153,14.2,18.5,18.1,0.0
2025-04-06 20:00:00,21.75,20.17,1.67,0.0,14.3,74,9,4.0,163,17.3,17.9,16.3,0.0,0.0,0.0,19.0,51.0,3330.0,0.0,1.0,14.0,0.0,100330.0,15.8,67,64,3.6,180,13.0,17.0,18.0,0.0
2025-04-06 21:00:00,21.7266666666667,20.1433333333333,1.67,0.0,13.6,74,11,5.0,182,16.3,17.8,16.3,0.0,0.0,0.0,16.0,61.0,0.0,0.0,2.0,78.0,0.0,100410.0,14.5,59,9,5.1,188,12.2,16.0,17.8,0.0
2025-04-06 22:00:00,21.7066666666667,20.105,1.67,0.0,13.4,67,7,6.5,203,15.6,17.7,16.3,0.0,0.0,0.01,15.0,63.0,0.0,0.0,0.0,58.0,0.0,100460.0,13.9,60,12,4.8,193,11.6,15.1,17.6,0.0
2025-04-06 23:00:00,21.6833333333333,20.09,1.67,0.0,13.2,63,13,6.9,209,15.0,17.5,16.3,0.0,0.0,0.02,13.0,72.0,0.0,0.0,1.0,216.0,0.0,100500.0,13.1,63,0,3.9,214,10.8,14.5,17.3,0.0
2025-04-07 00:00:00,21.67,20.095,1.67,0.0,13.1,62,61,7.2,216,14.5,17.4,16.3,0.0,0.0,0.02,12.0,76.0,0.0,0.0,1.0,90.0,0.0,100500.0,12.8,62,0,4.6,198,10.7,14.1,17.0,0.0
2025-04-07 01:00:00,21.66,20.0833333333333,1.67,0.0,12.8,64,0,6.9,213,14.3,17.2,16.3,0.0,0.0,0.02,14.0,62.0,0.0,0.0,1.0,282.0,0.0,100460.0,12.1,67,0,4.6,198,10.2,13.6,16.7,0.0
2025-04-07 02:00:00,21.6533333333333,20.0766666666667,1.67,0.0,12.9,65,0,7.6,214,14.0,17.0,16.3,0.0,0.0,0.02,12.0,70.0,0.0,0.0,0.0,172.0,0.0,100450.0,11.6,70,4,4.2,200,9.8,13.1,16.4,0.0
2025-04-07 03:00:00,21.65,20.045,1.67,0.0,12.6,68,31,6.4,214,13.8,16.8,16.3,0.0,0.0,0.01,11.0,74.0,0.0,0.0,0.0,174.0,0.0,100430.0,11.1,70,0,4.9,197,9.5,12.7,16.1,0.0
2025-04-07 04:00:00,21.6366666666667,20.0166666666667,1.67,0.0,12.5,70,23,6.0,221,13.5,16.7,16.3,0.0,0.0,0.01,11.0,77.0,0.0,0.0,0.0,192.0,0.0,100430.0,10.8,74,0,4.5,194,9.1,12.4,15.8,0.0
2025-04-07 05:00:00,21.63,20.0066666666667,1.67,0.0,12.5,72,19,6.7,211,13.4,16.5,16.3,0.0,0.0,0.01,12.0,68.0,0.0,0.0,0.0,228.0,0.0,100400.0,10.5,77,33,4.6,198,8.9,12.0,15.5,0.0
2025-04-07 06:00:00,21.62,20.01,1.67,0.0,12.0,76,11,5.6,200,13.2,16.3,16.3,0.0,0.0,0.03,9.0,78.0,0.0,0.0,0.0,148.0,0.0,100410.0,10.5,78,89,4.9,197,9.3,11.8,15.3,0.0
2025-04-07 07:00:00,21.61,20.0133333333333,1.67,0.0,14.3,73,10,7.3,195,13.6,16.1,16.3,0.0,0.0,0.05,9.0,80.0,0.0,0.0,2.0,156.0,0.0,100450.0,11.7,78,61,4.7,203,12.6,12.0,15.0,0.0
2025-04-07 08:00:00,21.6033333333333,20.01,1.67,0.0,18.5,60,0,4.1,197,15.1,16.0,16.3,0.0,0.0,0.15,11.0,77.0,1790.0,0.0,0.0,192.0,0.0,100510.0,15.9,71,5,4.3,228,19.3,13.5,14.9,0.0
2025-04-07 09:00:00,21.59,19.99,1.67,0.0,20.6,50,0,1.3,201,17.1,16.1,16.3,0.0,0.0,0.27,12.0,76.0,6111.0,0.0,0.0,300.0,0.0,100530.0,20.0,56,1,6.5,236,24.8,16.4,14.9,0.0
2025-04-07 10:00:00,21.5733333333333,19.9266666666667,1.67,0.0,22.0,46,0,2.5,21,19.3,16.2,16.3,0.0,0.0,0.4,16.0,65.0,19280.0,1.0,0.0,264.0,0.0,100560.0,22.2,47,0,5.1,262,27.3,18.8,15.2,0.0
2025-04-07 11:00:00,21.49,19.46,1.67,0.0,23.2,42,0,4.7,19,21.3,16.4,16.3,0.0,0.0,0.51,21.0,49.0,64874.0,6.0,0.0,191.0,0.0,100590.0,23.8,42,72,3.0,346,29.0,20.7,15.6,0.0
2025-04-07 12:00:00,21.3966666666667,24.4,1.67,18.4,24.2,39,0,8.2,18,22.9,16.7,16.3,0.0,0.0,0.58,22.0,41.0,84707.0,7.0,3.0,288.0,0.0,100610.0,24.4,41,37,10.6,10,30.9,22.2,16.1,0.0
2025-04-07 13:00:00,21.36,26.0366666666667,1.67,0.0,24.2,41,0,11.9,26,23.9,17.1,16.3,0.0,0.0,0.59,23.0,41.0,98144.0,8.0,1.0,49.0,0.0,100560.0,24.0,42,22,16.5,23,29.5,23.4,16.7,0.0
2025-04-07 14:00:00,21.3866666666667,25.72,1.67,0.0,23.5,42,0,15.8,34,24.3,17.5,16.3,0.0,0.0,0.55,24.0,35.0,102141.0,5.0,2.0,227.0,0.0,100510.0,23.5,43,0,18.5,27,28.1,23.8,17.3,0.0
2025-04-07 15:00:00,21.42,25.4266666666667,1.67,0.0,22.8,43,0,16.6,42,24.2,17.9,16.3,0.0,0.0,0.48,24.0,39.0,96460.0,9.0,3.0,35.0,0.0,100480.0,22.5,47,0,19.8,29,26.1,23.6,17.8,0.0
2025-04-07 16:00:00,21.465,25.1566666666667,1.67,0.0,22.0,46,0,15.7,47,23.7,18.2,16.3,0.0,0.0,0.38,24.0,39.0,83922.0,6.0,4.0,49.0,0.0,100460.0,21.5,51,0,17.9,38,23.7,22.9,18.2,0.0
2025-04-07 17:00:00,21.53,24.9333333333333,1.67,0.0,20.9,49,0,14.5,47,22.8,18.4,16.4,0.0,0.0,0.25,22.0,47.0,64028.0,5.0,4.0,40.0,0.0,100460.0,20.6,55,0,15.8,43,21.3,21.9,18.5,0.0
2025-04-07 18:00:00,21.58,24.74,1.67,0.0,19.0,56,0,11.1,50,21.5,18.6,16.4,0.0,0.0,0.12,22.0,47.0,39023.0,3.0,3.0,36.0,0.0,100490.0,19.4,65,0,11.8,40,18.2,20.8,18.6,0.0
2025-04-07 19:00:00,21.66,24.64,1.67,0.0,16.3,69,0,5.9,62,19.9,18.6,16.4,0.0,0.0,0.04,21.0,51.0,14744.0,1.0,3.0,38.0,0.0,100500.0,17.1,76,0,5.8,7,15.1,19.2,18.7,0.0
2025-04-07 20:00:00,21.7066666666667,24.48,1.67,0.0,15.4,75,0,4.5,67,18.4,18.6,16.4,0.0,0.0,0.0,19.0,59.0,2703.0,0.0,2.0,66.0,0.0,100550.0,15.5,85,0,3.7,349,13.6,17.7,18.6,0.0
2025-04-07 21:00:00,21.7833333333333,24.3766666666667,1.67,0.0,15.1,76,0,3.2,63,17.1,18.5,16.4,0.0,0.0,0.0,16.0,68.0,0.0,0.0,0.0,70.0,0.0,100560.0,14.6,87,0,2.3,342,12.3,16.5,18.4,0.0
2025-04-07 22:00:00,21.8433333333333,24.315,1.67,0.0,14.7,78,0,2.1,54,16.1,18.4,16.4,0.0,0.0,0.0,14.0,74.0,0.0,0.0,0.0,192.0,0.0,100640.0,14.1,89,0,1.6,297,11.2,15.5,18.1,0.0
2025-04-07 23:00:00,21.91,24.2366666666667,1.67,0.0,14.5,80,0,1.2,44,15.3,18.2,16.4,0.0,0.0,0.0,13.0,76.0,0.0,0.0,0.0,186.0,0.0,100640.0,13.7,90,0,1.8,270,10.4,14.6,17.8,0.0
2025-04-08 00:00:00,21.95,24.185,1.67,0.0,13.9,82,0,1.3,15,14.6,18.0,16.4,0.0,0.0,0.0,13.0,79.0,0.0,0.0,0.0,192.0,0.0,100650.0,13.4,88,0,2.3,252,10.1,14.0,17.4,0.0
2025-04-08 01:00:00,22.02,24.1266666666667,1.67,0.0,13.2,84,0,2.6,322,14.0,17.8,16.4,0.0,0.0,0.0,11.0,81.0,0.0,0.0,0.0,162.0,0.0,100670.0,12.8,90,0,3.1,234,10.1,13.6,17.1,0.0
2025-04-08 02:00:00,22.0766666666667,24.0533333333333,1.67,0.0,12.5,83,0,4.1,291,13.6,17.5,16.4,0.0,0.0,0.0,11.0,83.0,0.0,0.0,0.0,175.0,0.0,100650.0,11.9,90,0,2.8,220,10.0,13.3,16.7,0.0
2025-04-08 03:00:00,22.12,24.03,1.67,0.0,12.4,81,0,2.9,294,13.2,17.3,16.4,0.0,0.0,0.0,10.0,81.0,0.0,0.0,0.0,178.0,0.0,100640.0,11.3,89,0,2.6,196,9.1,12.8,16.4,0.0
2025-04-08 04:00:00,22.1666666666667,23.9833333333333,1.67,0.0,12.4,78,0,2.9,299,12.9,17.0,16.4,0.0,0.0,0.0,10.0,84.0,0.0,0.0,0.0,167.0,0.0,100590.0,11.3,88,0,1.8,169,8.8,12.4,16.1,0.0
2025-04-08 05:00:00,22.205,23.92,1.67,0.0,12.1,77,0,1.8,343,12.6,16.8,16.4,0.0,0.0,0.0,10.0,85.0,0.0,0.0,0.0,165.0,0.0,100570.0,11.3,91,0,2.3,141,8.5,12.0,15.8,0.0
2025-04-08 06:00:00,22.25,23.8833333333333,1.67,0.0,11.7,77,0,1.9,354,12.3,16.5,16.4,0.0,0.0,0.02,10.0,85.0,0.0,0.0,1.0,167.0,0.0,100560.0,11.5,92,1,0.8,207,7.8,11.5,15.5,0.0
2025-04-08 07:00:00,22.2833333333333,23.8466666666667,1.67,0.0,14.0,70,0,3.2,355,12.9,16.3,16.4,0.0,0.0,0.04,9.0,87.0,0.0,0.0,0.0,192.0,0.0,100570.0,12.2,94,0,2.7,247,13.2,11.7,15.2,0.0
2025-04-08 08:00:00,22.3266666666667,23.7966666666667,1.67,0.0,17.3,64,0,5.7,347,14.5,16.2,16.4,0.0,0.0,0.15,10.0,85.0,2999.0,0.0,0.0,174.0,0.0,100590.0,15.9,81,0,2.6,254,20.3,13.7,15.0,0.0
2025-04-08 09:00:00,22.35,23.735,1.67,0.0,19.8,54,0,7.7,345,16.5,16.2,16.4,0.0,0.0,0.29,14.0,80.0,15233.0,1.0,0.0,288.0,0.0,100620.0,19.8,66,0,5.4,352,24.9,16.5,15.0,0.0
2025-04-08 10:00:00,22.35,23.6733333333333,1.67,0.0,22.5,45,0,10.7,356,18.6,16.3,16.4,0.0,0.0,0.43,17.0,77.0,41647.0,2.0,2.0,48.0,0.0,100620.0,22.1,60,0,9.3,16,27.5,18.9,15.3,0.0
2025-04-08 11:00:00,22.3466666666667,23.605,1.67,0.0,23.7,41,0,17.2,15,20.5,16.5,16.4,0.0,0.0,0.54,21.0,64.0,68910.0,6.0,2.0,44.0,0.0,100620.0,23.2,57,0,15.0,17,28.6,20.9,15.7,0.0
2025-04-08 12:00:00,22.3333333333333,23.4833333333333,1.67,0.0,24.0,39,0,17.3,26,22.0,16.7,16.4,0.0,0.0,0.59,23.0,52.0,85190.0,6.0,1.0,357.0,0.0,100580.0,23.0,51,0,18.1,17,28.0,21.7,16.2,0.0
2025-04-08 13:00:00,22.315,23.36,1.67,0.0,23.9,41,0,14.1,40,23.0,17.1,16.4,0.0,0.0,0.59,23.0,53.0,97230.0,8.0,4.0,42.0,0.0,100540.0,23.5,48,0,17.7,24,28.7,22.6,16.7,0.0
2025-04-08 14:00:00,22.2966666666667,23.2333333333333,1.67,0.0,24.3,42,0,15.7,49,23.7,17.4,16.4,0.0,0.0,0.57,24.0,43.0,99979.0,8.0,4.0,26.0,0.0,100480.0,23.6,53,0,17.4,30,28.3,23.2,17.2,0.0
2025-04-08 15:00:00,22.2733333333333,23.09,1.67,0.0,24.3,45,6,15.0,45,24.0,17.8,16.5,0.0,0.0,0.49,24.0,45.0,94086.0,7.0,5.0,28.0,0.0,100420.0,23.5,54,10,19.3,33,26.8,23.4,17.7,0.0
2025-04-08 16:00:00,22.255,22.98,1.67,0.0,23.1,52,5,14.5,36,23.8,18.1,16.5,0.0,0.0,0.37,24.0,46.0,79712.0,8.0,4.0,38.0,0.0,100350.0,22.7,55,12,17.6,31,24.6,23.1,18.1,0.0
2025-04-08 17:00:00,22.2366666666667,22.8633333333333,1.67,0.0,22.0,56,3,11.2,29,23.0,18.4,16.5,0.0,0.0,0.24,24.0,46.0,58886.0,3.0,5.0,18.0,0.0,100300.0,21.3,60,7,15.3,24,21.9,22.2,18.5,0.0
2025-04-08 18:00:00,22.2266666666667,22.7466666666667,1.67,0.0,20.0,65,5,7.9,360,21.8,18.6,16.5,0.0,0.0,0.1,24.0,53.0,32679.0,2.0,3.0,0.0,0.0,100290.0,19.8,67,6,12.3,5,18.6,21.1,18.7,0.0
2025-04-08 19:00:00,22.2166666666667,22.685,1.67,0.0,17.2,74,2,5.4,351,20.2,18.7,16.5,0.0,0.0,0.03,22.0,55.0,11616.0,1.0,3.0,36.0,0.0,100320.0,17.7,77,0,7.1,336,15.8,19.5,18.7,0.0
2025-04-08 20:00:00,22.21,22.6033333333333,1.67,0.0,16.3,77,13,3.3,357,18.8,18.7,16.5,0.0,0.0,0.0,20.0,63.0,1573.0,0.0,4.0,16.0,0.0,100340.0,16.5,83,36,4.1,315,14.7,18.1,18.6,0.0
2025-04-08 21:00:00,22.21,22.5766666666667,1.67,0.0,15.7,79,42,2.4,347,17.7,18.6,16.5,0.0,0.0,0.0,18.0,72.0,0.0,0.0,1.0,348.0,0.0,100450.0,15.9,83,58,4.3,275,14.6,17.2,18.5,0.0
2025-04-08 22:00:00,22.2166666666667,22.5433333333333,1.67,0.0,15.3,82,76,6.9,286,17.0,18.5,16.5,0.0,0.0,0.0,16.0,80.0,0.0,0.0,0.0,53.0,0.0,100490.0,15.5,85,79,4.6,252,14.7,16.7,18.3,0.0
2025-04-08 23:00:00,22.22,22.5166666666667,1.67,0.0,15.4,81,23,13.6,262,16.7,18.4,16.5,0.0,0.0,0.02,15.0,82.0,0.0,0.0,0.0,192.0,0.0,100530.0,15.3,87,80,4.5,241,14.5,16.4,18.1,0.0
2025-04-09 00:00:00,22.2233333333333,22.4833333333333,1.67,0.0,15.2,82,91,10.1,261,16.4,18.2,16.5,0.0,0.0,0.01,15.0,83.0,0.0,0.0,0.0,210.0,0.0,100540.0,14.7,89,78,5.0,240,13.8,15.9,17.8,0.0
2025-04-09 01:00:00,22.23,22.465,1.67,0.0,14.2,85,98,7.5,256,15.6,18.1,16.5,0.0,0.0,0.0,14.0,83.0,0.0,0.0,0.0,180.0,0.0,100530.0,14.4,91,91,4.8,228,13.2,15.6,17.6,0.0
2025-04-09 02:00:00,22.23,22.46,1.67,0.0,13.8,90,100,11.9,254,15.3,17.9,16.6,0.0,0.0,0.0,15.0,85.0,0.0,0.0,0.0,78.0,0.0,100510.0,13.6,94,91,3.9,202,12.2,15.3,17.4,0.0
2025-04-09 03:00:00,22.2333333333333,22.455,1.67,0.0,13.3,94,79,12.7,253,15.1,17.7,16.6,0.0,0.0,0.0,12.0,90.0,0.0,0.0,0.0,324.0,0.0,100470.0,13.2,95,71,3.8,221,12.1,14.9,17.2,0.0
2025-04-09 04:00:00,22.2366666666667,22.4433333333333,1.67,0.0,13.1,94,8,11.0,261,14.9,17.6,16.6,0.0,0.0,0.0,12.0,89.0,0.0,0.0,0.0,188.0,0.0,100450.0,12.6,97,76,3.9,202,11.9,14.5,17.0,0.0
2025-04-09 05:00:00,22.24,22.4233333333333,1.67,0.0,12.9,94,0,8.7,273,14.6,17.4,16.6,0.0,0.0,0.0,11.0,89.0,0.0,0.0,0.0,176.0,0.0,100440.0,12.2,99,60,2.9,187,11.4,14.2,16.7,0.0
2025-04-09 06:00:00,22.24,22.4,1.67,0.0,12.6,94,0,6.4,278,14.4,17.2,16.6,0.0,0.0,0.02,11.0,91.0,0.0,0.0,0.0,173.0,0.0,100410.0,12.3,100,67,2.6,214,11.6,13.9,16.5,0.0
2025-04-09 07:00:00,22.2433333333333,22.38,1.67,0.0,14.7,87,0,7.0,292,14.7,17.1,16.6,0.0,0.0,0.04,11.0,92.0,0.0,0.0,0.0,173.0,0.0,100400.0,13.3,98,77,2.9,173,15.4,14.1,16.3,0.0
2025-04-09 08:00:00,22.2433333333333,22.37,1.67,0.0,17.3,78,0,5.7,306,16.0,17.0,16.6,0.0,0.0,0.14,11.0,90.0,4728.0,0.0,0.0,154.0,0.0,100430.0,16.0,91,59,1.8,169,20.0,15.4,16.2,0.0
2025-04-09 09:00:00,22.24,22.3433333333333,1.67,0.0,19.2,71,0,6.4,346,17.8,17.0,16.6,0.0,0.0,0.27,16.0,81.0,18089.0,1.0,0.0,179.0,0.0,100440.0,19.3,78,36,4.8,27,24.5,17.5,16.2,0.0
2025-04-09 10:00:00,22.22,22.3133333333333,1.67,0.0,21.1,63,0,9.2,18,19.7,17.0,16.6,0.0,0.0,0.4,19.0,73.0,44385.0,3.0,0.0,118.0,0.0,100450.0,20.9,72,30,8.2,23,27.1,19.5,16.4,0.0
2025-04-09 11:00:00,22.2,22.2266666666667,1.67,0.0,22.8,57,0,11.9,33,21.5,17.2,16.6,0.0,0.0,0.5,20.0,73.0,68756.0,5.0,1.0,42.0,0.0,100490.0,21.9,70,51,12.7,25,28.5,21.2,16.7,0.0
2025-04-09 12:00:00,22.17,22.16,1.67,0.0,23.4,55,3,14.6,37,23.0,17.5,16.6,0.0,0.0,0.55,21.0,66.0,86396.0,6.0,1.0,114.0,0.0,100470.0,21.5,72,68,15.8,27,27.9,21.9,17.1,0.0
2025-04-09 13:00:00,22.13,22.06,1.67,0.0,22.6,63,2,15.4,33,23.5,17.8,16.6,0.0,0.0,0.53,22.0,67.0,99351.0,9.0,4.0,353.0,0.0,100380.0,21.3,73,65,17.9,30,27.2,22.7,17.5,0.0
2025-04-09 14:00:00,22.1066666666667,21.935,1.67,0.0,22.1,63,17,15.4,36,24.0,18.2,16.6,0.0,0.0,0.49,21.0,72.0,94854.0,6.0,4.0,23.0,0.0,100320.0,21.1,72,69,17.7,33,26.4,22.9,17.9,0.0
2025-04-09 15:00:00,22.0866666666667,21.8466666666667,1.67,0.0,21.5,66,95,15.6,42,24.1,18.5,16.6,0.0,0.0,0.42,21.0,71.0,90484.0,7.0,4.0,31.0,0.0,100260.0,20.7,74,99,18.0,37,25.1,22.7,18.3,0.0
2025-04-09 16:00:00,22.07,21.7466666666667,1.67,0.0,21.0,67,100,14.5,38,23.7,18.8,16.6,0.0,0.0,0.31,22.0,72.0,82578.0,7.0,5.0,44.0,0.0,100190.0,19.6,80,100,17.1,35,21.2,21.9,18.6,0.0
2025-04-09 17:00:00,22.0533333333333,21.63,1.67,0.0,19.6,73,100,12.1,33,22.7,19.0,16.6,0.0,0.0,0.16,20.0,76.0,42173.0,2.0,2.0,18.0,0.0,100150.0,18.8,80,100,14.7,36,20.5,21.0,18.7,0.0
2025-04-09 18:00:00,22.0333333333333,21.59,1.67,0.0,18.1,81,100,12.3,44,21.4,19.1,16.6,0.0,0.0,0.07,19.0,80.0,10486.0,0.0,4.0,43.0,0.0,100130.0,17.8,83,100,13.0,34,17.5,19.9,18.8,0.0
2025-04-09 19:00:00,22.02,21.535,1.67,0.0,17.2,87,100,8.4,36,20.3,19.1,16.6,0.0,0.0,0.03,,,,,,,,,16.8,89,100,8.2,29,16.2,18.8,18.8,0.0
2025-04-09 20:00:00,22.01,21.4766666666667,1.67,0.0,16.1,94,34,6.9,359,19.3,19.1,16.7,0.0,0.0,0.0,18.0,82.0,5950.0,0.0,3.0,32.0,0.0,100110.0,16.4,92,99,6.2,7,16.0,18.0,18.7,0.0
2025-04-09 21:00:00,22.0066666666667,21.47,1.67,0.0,14.7,100,96,3.8,8,18.3,19.1,16.7,0.0,0.0,0.0,17.0,88.0,464.0,0.0,3.0,53.0,0.0,100090.0,16.0,96,88,4.7,360,15.6,17.5,18.5,0.0
2025-04-09 22:00:00,22.0,21.45,1.67,0.0,14.0,100,100,2.2,15,17.4,18.9,16.7,0.0,0.0,0.0,17.0,90.0,0.0,0.0,2.0,43.0,0.0,100160.0,15.8,97,89,3.1,339,15.3,17.1,18.3,0.0
2025-04-09 23:00:00,21.9933333333333,21.4266666666667,1.67,0.0,13.8,100,100,1.3,10,16.6,18.8,16.7,0.0,0.0,0.0,16.0,91.0,0.0,0.0,1.0,66.0,0.0,100220.0,15.5,97,90,2.9,7,14.8,16.8,18.2,0.0
2025-04-10 00:00:00,21.99,21.405,1.67,0.0,13.5,98,100,1.9,359,15.9,18.6,16.7,0.0,0.0,0.0,16.0,92.0,0.0,0.0,0.0,14.0,0.0,100230.0,15.2,99,100,4.4,35,14.9,16.6,18.0,0.0
2025-04-10 01:00:00,21.98,21.38,1.67,0.0,13.9,98,100,5.3,18,15.9,18.5,16.7,0.0,0.0,0.0,15.0,91.0,0.0,0.0,0.0,161.0,0.0,100210.0,15.2,97,100,3.6,45,14.5,16.4,17.8,0.0
2025-04-10 02:00:00,21.98,21.36,1.67,0.0,13.5,99,100,7.0,1,15.8,18.3,16.7,0.0,0.0,0.0,16.0,92.0,0.0,0.0,0.0,150.0,0.0,100220.0,14.9,97,100,2.3,51,14.1,16.1,17.6,0.0
2025-04-10 03:00:00,21.98,21.36,1.67,0.0,13.1,99,100,6.6,349,15.6,18.1,16.7,0.0,0.0,0.0,17.0,91.0,0.0,0.0,0.0,36.0,0.0,100130.0,15.0,97,100,2.3,321,14.2,15.8,17.5,0.0
2025-04-10 04:00:00,21.9733333333333,21.3566666666667,1.67,0.0,13.4,99,100,4.0,317,15.5,17.9,16.7,0.0,0.0,0.0,16.0,91.0,0.0,0.0,2.0,66.0,0.0,100090.0,14.8,97,100,2.8,310,14.7,15.8,17.3,0.0
2025-04-10 05:00:00,21.97,21.34,1.67,0.0,14.0,93,100,3.0,346,15.5,17.8,16.7,0.0,0.0,0.0,16.0,91.0,0.0,0.0,0.0,66.0,0.0,100120.0,14.9,98,100,3.9,56,14.7,15.8,17.2,0.0
2025-04-10 06:00:00,21.97,21.3133333333333,1.67,0.0,15.1,93,100,9.6,71,15.5,17.6,16.7,0.0,0.0,0.02,17.0,90.0,0.0,0.0,0.0,222.0,0.0,100150.0,15.1,97,100,2.1,59,14.3,15.7,17.0,0.0
2025-04-10 07:00:00,21.97,21.2966666666667,1.67,0.0,16.7,92,71,9.3,30,15.9,17.5,16.7,0.0,0.0,0.03,16.0,91.0,0.0,0.0,0.0,113.0,0.0,100090.0,16.4,94,66,6.4,38,17.6,15.9,16.9,0.0
2025-04-10 08:00:00,21.97,21.255,1.67,0.0,18.7,84,99,9.4,356,16.9,17.4,16.7,0.0,0.0,0.11,16.0,91.0,38.0,0.0,0.0,70.0,0.0,100100.0,18.3,86,41,10.4,46,21.6,17.1,16.9,0.0
2025-04-10 09:00:00,21.97,21.2566666666667,1.67,0.0,21.3,70,100,8.5,342,18.4,17.4,16.7,0.0,0.0,0.24,17.0,90.0,2506.0,0.0,0.0,179.0,0.0,100160.0,19.1,83,62,14.2,30,23.3,18.5,16.9,0.0
2025-04-10 10:00:00,21.96,21.24,1.67,0.0,22.9,59,100,11.3,355,20.2,17.5,16.8,0.0,0.0,0.37,17.0,87.0,9176.0,0.0,0.0,126.0,0.0,100160.0,19.8,79,57,14.7,25,24.9,19.8,17.1,0.0
2025-04-10 11:00:00,21.9333333333333,21.19,1.67,0.0,23.0,56,100,10.7,13,21.7,17.7,16.8,0.0,0.0,0.46,18.0,84.0,37620.0,2.0,1.0,124.0,0.0,100150.0,20.0,79,100,16.9,29,24.1,20.7,17.4,0.0
2025-04-10 12:00:00,21.9,21.11,1.67,0.0,23.7,56,94,12.1,33,23.1,18.0,16.8,0.0,0.0,0.51,20.0,78.0,36739.0,3.0,2.0,67.0,0.0,100210.0,19.5,78,100,16.3,31,23.0,20.8,17.6,0.0
2025-04-10 13:00:00,21.8666666666667,21.0366666666667,1.67,0.0,21.5,70,100,16.8,38,22.7,18.1,16.8,0.0,0.0,0.43,20.0,78.0,64737.0,5.0,3.0,31.0,0.0,100230.0,19.6,78,100,16.9,29,23.0,21.1,17.9,0.0
2025-04-10 14:00:00,21.8366666666667,20.95,1.67,0.0,20.4,74,100,14.6,41,22.8,18.4,16.8,0.0,0.0,0.34,20.0,78.0,79870.0,6.0,4.0,6.0,0.0,100230.0,19.2,80,100,17.5,32,22.9,20.9,18.2,0.0
2025-04-10 15:00:00,21.8166666666667,20.8966666666667,1.67,0.0,19.4,78,100,16.3,45,22.2,18.6,16.8,0.0,0.0,0.21,20.0,81.0,32985.0,2.0,5.0,32.0,0.0,100250.0,18.8,80,100,18.3,36,21.0,20.6,18.3,0.0
2025-04-10 16:00:00,21.8066666666667,20.8833333333333,1.67,0.0,18.8,80,100,17.5,45,21.6,18.7,16.8,0.0,0.0,0.18,19.0,81.0,28404.0,2.0,5.0,42.0,0.0,100250.0,18.5,81,100,19.1,43,20.1,20.2,18.5,0.0
2025-04-10 17:00:00,21.7933333333333,20.7733333333333,1.67,0.0,18.1,84,100,16.4,47,20.9,18.9,16.8,0.0,0.0,0.12,19.0,84.0,13326.0,0.0,5.0,66.0,0.0,100230.0,17.9,83,100,18.6,46,18.7,19.6,18.5,0.0
2025-04-10 18:00:00,21.7733333333333,20.69,1.67,0.0,17.4,87,100,14.8,50,20.1,18.9,16.8,0.0,0.0,0.06,18.0,85.0,10087.0,0.0,4.0,54.0,0.0,100220.0,17.3,85,100,18.6,47,17.5,18.8,18.5,0.0
2025-04-10 19:00:00,21.76,20.65,1.67,0.0,16.2,93,100,13.2,50,19.2,18.9,16.8,0.0,0.0,0.02,18.0,85.0,8056.0,0.0,4.0,90.0,0.0,100190.0,16.7,88,100,15.8,41,16.4,18.2,18.4,0.0
2025-04-10 20:00:00,21.7433333333333,20.6733333333333,1.67,0.0,16.1,94,100,15.7,49,18.6,18.9,16.8,0.0,0.0,0.0,18.0,86.0,2441.0,0.0,4.0,48.0,0.0,100200.0,16.7,89,100,14.0,48,16.5,17.7,18.3,0.0
2025-04-10 21:00:00,21.73,20.6166666666667,1.67,0.0,16.0,95,100,17.2,52,18.2,18.8,16.8,0.0,0.0,0.0,17.0,88.0,61.0,0.0,3.0,77.0,0.0,100230.0,16.7,90,100,12.7,35,16.3,17.5,18.2,0.0
2025-04-10 22:00:00,21.7166666666667,20.58,1.67,0.0,16.1,95,100,15.9,52,17.9,18.7,16.8,0.0,0.0,0.0,17.0,88.0,0.0,0.0,2.0,48.0,0.0,100230.0,16.6,92,100,10.7,33,16.2,17.3,18.1,0.0
2025-04-10 23:00:00,21.7066666666667,20.58,1.67,0.0,15.6,97,100,15.8,50,17.6,18.6,16.9,0.0,0.0,0.0,17.0,88.0,0.0,0.0,2.0,64.0,0.0,100230.0,16.5,93,100,10.9,44,16.2,17.1,18.0,0.0
2025-04-11 00:00:00,21.7,20.61,1.67,0.0,15.5,97,100,15.3,50,17.4,18.5,16.9,0.0,0.0,0.0,17.0,89.0,0.0,0.0,3.0,65.0,0.0,100210.0,16.5,93,100,12.7,35,16.3,17.1,17.9,0.0
2025-04-11 01:00:00,21.6933333333333,20.67,1.67,0.0,15.7,95,100,17.7,49,17.6,18.5,16.9,0.0,0.0,0.0,17.0,90.0,0.0,0.0,3.0,48.0,0.0,100220.0,16.5,93,100,13.3,38,16.5,17.0,17.7,0.0
2025-04-11 02:00:00,21.69,20.66,1.67,0.0,15.3,99,100,13.3,42,17.3,18.4,16.9,0.0,0.0,0.0,17.0,91.0,0.0,0.0,2.0,60.0,0.0,100200.0,16.5,92,100,10.6,35,16.4,17.0,17.7,0.0
2025-04-11 03:00:00,21.6866666666667,20.6566666666667,1.67,0.0,14.9,100,100,10.4,27,17.1,18.3,16.9,0.0,0.0,0.0,17.0,92.0,0.0,0.0,1.0,88.0,0.0,100110.0,16.4,94,100,11.3,31,16.3,16.9,17.5,0.0
2025-04-11 04:00:00,21.68,20.6433333333333,1.67,0.0,14.6,100,100,9.0,8,16.9,18.2,16.9,0.0,0.0,0.0,17.0,93.0,0.0,0.0,1.0,48.0,0.0,100040.0,16.3,94,100,9.4,23,16.1,16.8,17.5,0.0
2025-04-11 05:00:00,21.68,20.63,1.67,0.0,14.3,99,100,8.7,354,16.6,18.1,16.9,0.0,0.0,0.0,17.0,92.0,0.0,0.0,1.0,6.0,0.0,99940.0,16.0,96,100,6.4,27,15.5,16.6,17.4,0.0
2025-04-11 06:00:00,21.67,20.6,1.67,0.0,14.6,96,100,8.3,350,16.4,18.0,16.9,0.0,0.0,0.02,17.0,92.0,0.0,0.0,0.0,353.0,0.0,99940.0,16.0,95,100,7.6,25,15.8,16.6,17.3,0.0
2025-04-11 07:00:00,21.67,20.5866666666667,1.67,0.0,16.0,90,100,8.4,353,16.4,17.9,16.9,0.0,0.0,0.03,17.0,92.0,0.0,0.0,0.0,330.0,0.0,99970.0,16.6,94,100,8.7,24,17.6,16.6,17.2,0.0
2025-04-11 08:00:00,21.6666666666667,20.5733333333333,1.67,0.0,18.6,81,100,7.6,354,17.0,17.8,16.9,0.0,0.0,0.1,16.0,93.0,228.0,0.0,0.0,25.0,0.0,99950.0,17.8,89,100,9.8,24,19.8,17.3,17.2,0.0
2025-04-11 09:00:00,21.66,20.555,1.67,0.0,20.1,77,100,9.0,358,18.2,17.8,16.9,0.0,0.0,0.19,16.0,94.0,2991.0,0.0,2.0,282.0,0.0,100010.0,18.0,88,100,13.2,22,20.3,17.7,17.1,0.0
2025-04-11 10:00:00,21.6466666666667,20.54,1.67,0.0,23.8,68,100,7.5,1,19.9,17.8,16.9,0.0,0.0,0.33,17.0,92.0,7460.0,0.0,2.0,18.0,0.0,99960.0,18.6,84,100,12.0,39,21.7,18.5,17.2,0.0
2025-04-11 11:00:00,21.6366666666667,20.54,1.67,0.0,25.2,67,100,2.4,65,21.2,18.0,16.9,0.0,0.0,0.33,18.0,89.0,16476.0,1.0,2.0,33.0,0.0,100000.0,19.3,84,100,12.7,25,22.3,19.4,17.4,0.0
2025-04-11 12:00:00,21.5766666666667,24.63,1.67,0.0,27.0,56,100,5.4,177,22.5,18.2,16.9,0.0,0.0,0.34,18.0,88.0,32495.0,2.0,2.0,21.0,0.0,100040.0,18.6,91,100,17.5,352,20.8,19.3,17.5,0.0
2025-04-11 13:00:00,21.54,25.13,1.67,0.0,22.2,75,100,19.0,14,22.0,18.3,16.9,0.0,0.0,0.4,19.0,85.0,36728.0,2.0,3.0,42.0,0.0,100070.0,21.0,80,100,21.0,5,24.3,20.3,17.7,0.0
2025-04-11 14:00:00,21.53,25.09,1.67,0.0,21.8,74,100,17.1,0,22.5,18.5,16.9,0.0,0.0,0.37,19.0,85.0,33390.0,2.0,4.0,21.0,0.0,100050.0,20.0,83,100,20.1,21,23.4,20.7,18.0,0.0
2025-04-11 15:00:00,21.53,25.0,1.67,0.0,19.6,77,100,19.2,348,22.2,18.7,16.9,0.0,0.0,0.25,18.0,87.0,20850.0,1.0,3.0,30.0,0.0,100060.0,17.7,89,100,20.3,23,18.2,19.1,18.1,0.1
2025-04-11 16:00:00,21.53,24.885,1.67,0.0,18.0,86,100,8.3,350,22.0,18.9,17.0,0.0,0.0,0.24,19.0,83.0,41574.0,2.0,3.0,20.0,0.0,99980.0,17.3,90,100,14.8,14,17.6,18.6,18.1,0.0
2025-04-11 17:00:00,21.54,24.72,1.67,0.0,18.0,85,94,7.3,41,21.6,19.0,17.0,0.0,0.0,0.15,19.0,84.0,29554.0,2.0,2.0,24.0,0.0,99960.0,16.9,91,100,11.8,27,17.3,18.1,18.1,0.0
2025-04-11 18:00:00,21.5533333333333,24.6366666666667,1.67,0.0,16.3,92,98,8.1,16,20.7,19.1,17.0,0.0,0.0,0.06,19.0,85.0,18212.0,1.0,4.0,39.0,0.0,99960.0,16.9,91,100,12.3,40,16.8,17.7,18.0,0.0
2025-04-11 19:00:00,21.5666666666667,24.59,1.67,0.0,15.3,96,100,3.3,191,19.6,19.1,17.0,0.0,0.0,0.01,18.0,88.0,6181.0,0.0,3.0,19.0,0.0,99990.0,16.7,92,100,11.2,40,16.5,17.4,17.9,0.0
2025-04-11 20:00:00,21.5766666666667,24.4833333333333,1.67,0.0,15.2,97,100,2.9,356,18.7,19.1,17.0,0.0,0.0,0.0,17.0,90.0,1474.0,0.0,1.0,59.0,0.0,100000.0,16.5,93,100,10.8,53,16.3,17.2,17.8,0.0
2025-04-11 21:00:00,21.5933333333333,24.4,1.67,0.0,14.4,100,98,1.6,41,17.9,19.0,17.0,0.0,0.0,0.0,17.0,92.0,0.0,0.0,2.0,43.0,0.0,100060.0,15.9,94,100,11.0,49,15.6,16.7,17.6,0.0
2025-04-11 22:00:00,21.62,24.34,1.67,0.0,14.0,100,100,3.0,9,17.2,18.9,17.0,0.0,0.0,0.0,17.0,95.0,0.0,0.0,2.0,54.0,0.0,100060.0,15.7,96,100,8.6,33,15.6,16.4,17.5,0.0
2025-04-11 23:00:00,21.64,24.2866666666667,1.67,0.0,13.1,100,100,2.8,340,16.7,18.7,17.0,0.0,0.0,0.0,17.0,93.0,0.0,0.0,0.0,78.0,0.0,100090.0,15.6,96,100,9.0,37,15.5,16.4,17.3,0.0
2025-04-12 00:00:00,21.66,24.2233333333333,1.67,0.0,12.9,100,100,2.4,316,16.2,18.5,17.0,0.0,0.0,0.0,17.0,92.0,0.0,0.0,2.0,71.0,0.0,100120.0,15.8,93,100,11.8,40,15.8,16.4,17.3,0.0
2025-04-12 01:00:00,21.68,24.185,1.67,0.0,15.6,98,100,10.1,77,17.2,18.9,17.1,0.0,0.0,0.0,16.0,95.0,0.0,0.0,1.0,54.0,0.0,100170.0,15.7,95,100,8.1,21,15.5,16.3,17.1,0.0
2025-04-12 02:00:00,21.6966666666667,24.145,1.67,0.0,15.0,100,100,11.6,58,17.1,18.8,17.1,0.0,0.0,0.0,16.0,95.0,0.0,0.0,2.0,60.0,0.0,100160.0,15.7,96,100,3.9,34,15.5,16.2,17.0,0.0
2025-04-12 03:00:00,21.7133333333333,24.07,1.67,0.0,14.7,99,100,6.6,36,16.9,18.6,17.1,0.1,0.1,0.0,16.0,96.0,0.0,0.0,2.0,82.0,0.0,100130.0,15.6,97,100,8.4,43,15.3,16.0,16.9,0.0
2025-04-12 04:00:00,21.7333333333333,24.045,1.67,0.0,14.6,99,100,3.7,346,16.7,18.5,17.1,0.0,0.0,0.0,16.0,95.0,0.0,0.0,2.0,66.0,0.0,100030.0,15.4,97,100,8.8,35,15.1,15.9,16.8,0.0
2025-04-12 05:00:00,21.76,24.0166666666667,1.67,0.0,14.1,99,100,7.9,283,16.4,18.4,17.1,0.0,0.0,0.0,16.0,95.0,0.0,0.0,1.0,36.0,0.0,99990.0,15.4,97,100,5.6,50,15.1,15.8,16.7,0.0
2025-04-12 06:00:00,21.7833333333333,23.965,1.67,0.0,14.2,99,100,7.4,300,16.2,18.2,17.1,0.0,0.0,0.01,16.0,95.0,0.0,0.0,0.0,90.0,0.0,99930.0,15.2,99,100,7.9,30,15.2,15.6,16.6,0.0
2025-04-12 07:00:00,21.8066666666667,23.92,1.67,0.0,15.1,97,100,6.4,317,16.5,18.1,17.1,0.0,0.0,0.03,16.0,95.0,0.0,0.0,0.0,48.0,0.0,99880.0,15.9,95,100,10.8,37,16.7,15.9,16.5,0.0
2025-04-12 08:00:00,21.8233333333333,23.8866666666667,1.67,0.0,15.4,99,100,6.3,335,16.7,18.0,17.1,0.0,0.0,0.04,16.0,95.0,370.0,0.0,1.0,314.0,0.0,99970.0,16.7,90,100,10.6,35,18.1,16.4,16.5,0.0
2025-04-12 09:00:00,21.8433333333333,23.865,1.67,0.0,15.6,97,100,8.3,344,17.0,17.9,17.1,0.0,0.0,0.05,16.0,94.0,1333.0,0.0,0.0,43.0,0.0,100090.0,16.3,94,100,8.4,25,18.3,16.7,16.4,0.0
2025-04-12 10:00:00,21.8533333333333,23.83,1.67,0.0,16.3,93,100,7.9,330,17.5,17.8,17.1,0.0,0.0,0.09,17.0,92.0,2369.0,0.0,2.0,42.0,0.0,100120.0,17.5,90,100,14.8,14,20.2,17.8,16.5,0.0
2025-04-12 11:00:00,21.8733333333333,23.7733333333333,1.67,0.0,17.8,86,100,10.1,341,18.2,17.8,17.1,0.3,0.3,0.15,17.0,90.0,8526.0,0.0,3.0,144.0,0.0,100150.0,17.1,91,100,9.5,9,19.0,18.1,16.7,0.0
2025-04-12 12:00:00,21.8933333333333,23.74,1.67,0.0,18.8,82,100,12.7,344,18.9,17.9,17.1,0.1,0.1,0.23,17.0,89.0,10330.0,0.0,0.0,53.0,0.0,100130.0,16.9,92,100,9.0,16,19.0,17.8,16.9,0.0
2025-04-12 13:00:00,21.9133333333333,23.7133333333333,1.67,0.0,19.1,87,100,9.1,57,18.4,17.8,17.1,0.3,0.3,0.17,17.0,92.0,7190.0,0.0,1.0,320.0,0.0,100220.0,17.5,91,100,11.0,38,20.6,18.5,17.0,0.0
2025-04-12 14:00:00,21.93,23.6566666666667,1.67,0.0,19.0,85,100,11.0,14,18.9,17.8,17.1,0.0,0.0,0.17,17.0,90.0,3807.0,0.0,0.0,86.0,0.0,100230.0,17.3,91,100,7.1,24,19.0,18.4,17.2,0.0
2025-04-12 15:00:00,21.9366666666667,23.6066666666667,1.67,0.0,18.5,85,100,11.0,358,19.1,17.9,17.1,0.1,0.1,0.16,18.0,88.0,13549.0,1.0,4.0,96.0,0.0,100100.0,17.6,90,100,10.4,358,19.8,18.7,17.4,0.0
2025-04-12 16:00:00,21.95,23.59,1.67,0.0,18.7,82,100,8.7,32,19.5,18.0,17.1,0.0,0.0,0.19,18.0,87.0,15233.0,1.0,0.0,36.0,0.0,100050.0,17.5,89,100,8.8,19,18.5,18.4,17.5,0.0
2025-04-12 17:00:00,21.9633333333333,23.55,1.67,0.0,17.4,87,100,7.9,25,19.3,18.0,17.1,0.0,0.0,0.09,18.0,90.0,18226.0,1.0,3.0,45.0,0.0,99930.0,17.1,89,100,13.0,39,17.3,18.0,17.6,0.0
2025-04-12 18:00:00,21.9733333333333,23.51,1.67,0.0,16.8,89,100,0.0,104,18.8,18.1,17.1,0.0,0.0,0.04,17.0,93.0,3203.0,0.0,0.0,53.0,0.0,99940.0,16.7,92,100,12.0,44,16.7,17.4,17.6,0.0
2025-04-12 19:00:00,21.9866666666667,23.5,1.67,0.0,16.4,93,100,1.5,273,18.1,18.1,17.1,0.5,0.5,0.02,17.0,95.0,2262.0,0.0,2.0,169.0,2.0,99890.0,16.3,93,100,8.0,54,15.9,16.9,17.5,0.0
2025-04-12 20:00:00,22.0033333333333,23.46,1.67,0.0,16.1,97,100,4.4,343,17.5,18.0,17.1,0.7,0.7,0.0,17.0,96.0,378.0,0.0,2.0,274.0,0.0,99910.0,16.1,96,100,1.8,53,15.9,16.7,17.4,0.4
2025-04-12 21:00:00,22.02,23.4433333333333,1.67,0.0,15.8,98,100,2.7,323,17.0,18.0,17.1,0.4,0.4,0.0,17.0,97.0,0.0,0.0,2.0,294.0,3.0,99900.0,15.9,97,100,2.2,189,15.9,16.6,17.2,1.1
2025-04-12 22:00:00,22.0333333333333,23.4,1.67,0.0,15.8,98,99,1.3,327,16.7,17.9,17.1,0.1,0.1,0.0,16.0,97.0,0.0,0.0,4.0,103.0,6.0,99860.0,15.8,98,100,6.6,9,15.7,16.4,17.1,0.5
2025-04-12 23:00:00,22.04,23.4266666666667,1.67,0.0,15.5,98,76,3.8,335,16.4,17.8,17.1,0.0,0.0,0.0,16.0,96.0,0.0,0.0,0.0,144.0,1.0,99980.0,15.5,99,100,6.8,108,15.5,16.3,17.0,0.1
2025-04-13 00:00:00,22.05,23.5066666666667,1.67,0.0,15.0,99,34,0.5,315,16.0,17.7,17.1,0.0,0.0,0.0,17.0,93.0,0.0,0.0,0.0,124.0,1.0,99920.0,15.8,97,99,2.2,90,15.6,16.3,17.0,0.0
2025-04-13 01:00:00,22.0533333333333,23.6866666666667,1.67,0.0,15.5,99,93,2.9,46,16.4,17.6,17.1,0.0,0.0,0.0,18.0,81.0,0.0,0.0,5.0,329.0,1.0,99830.0,15.6,99,100,5.7,18,15.5,16.1,16.8,0.0
2025-04-13 02:00:00,22.0666666666667,23.8733333333333,1.67,0.0,15.2,100,100,1.9,353,16.0,17.5,17.1,0.0,0.0,0.0,16.0,94.0,0.0,0.0,0.0,118.0,0.0,99910.0,15.6,98,100,4.7,23,15.3,15.9,16.7,0.0
2025-04-13 03:00:00,22.0733333333333,24.0,1.67,0.0,14.9,100,100,3.9,20,15.8,17.4,17.1,0.0,0.0,0.0,16.0,95.0,0.0,0.0,0.0,102.0,0.0,99840.0,15.2,98,100,3.6,84,14.8,15.6,16.6,0.0
2025-04-13 04:00:00,22.09,24.0633333333333,1.67,0.0,15.2,100,100,5.4,45,15.9,17.3,17.1,0.0,0.0,0.0,15.0,96.0,0.0,0.0,0.0,356.0,0.0,99800.0,15.4,98,100,0.5,315,15.2,15.7,16.5,0.0
2025-04-13 05:00:00,22.1,24.12,1.67,0.0,15.3,99,100,2.7,51,15.9,17.2,17.1,4.5,4.5,0.0,16.0,97.0,0.0,0.0,0.0,78.0,0.0,99740.0,15.4,98,100,2.7,113,15.2,15.7,16.4,0.2
2025-04-13 06:00:00,22.11,24.15,1.67,0.0,15.4,99,100,2.2,56,16.0,17.1,17.1,7.6,7.6,0.01,16.0,97.0,0.0,0.0,0.0,48.0,0.0,99720.0,15.4,98,100,2.3,108,15.3,15.6,16.3,0.2
2025-04-13 07:00:00,22.1233333333333,24.16,1.67,0.0,15.6,96,97,2.4,153,16.1,17.0,17.1,6.3,6.3,0.02,16.0,97.0,0.0,0.0,0.0,169.0,2.0,99810.0,15.8,98,100,4.1,135,16.2,15.8,16.2,0.1
2025-04-13 08:00:00,22.14,24.2266666666667,1.67,0.0,16.3,93,100,5.2,256,16.4,17.0,17.1,1.4,1.4,0.06,16.0,97.0,683.0,0.0,2.0,0.0,4.0,99640.0,16.6,95,93,0.8,63,17.9,16.4,16.2,0.0
2025-04-13 09:00:00,22.17,24.47,1.67,0.0,17.3,86,100,7.4,274,17.0,17.0,17.1,0.3,0.3,0.13,16.0,97.0,6488.0,0.0,2.0,145.0,1.0,99810.0,17.6,90,99,5.4,340,18.9,17.3,16.4,0.0
2025-04-13 10:00:00,22.19,24.6366666666667,1.67,0.0,17.4,84,100,6.9,288,17.1,17.0,17.1,0.2,0.2,0.1,17.0,97.0,15293.0,1.0,1.0,354.0,0.0,99890.0,17.8,90,100,8.7,343,18.8,18.1,16.6,0.0
2025-04-13 11:00:00,22.23,24.74,1.67,0.0,17.5,84,100,8.1,317,17.4,17.0,17.1,0.4,0.4,0.12,17.0,95.0,30188.0,2.0,0.0,12.0,0.0,99840.0,17.4,90,100,13.2,334,17.9,17.8,16.7,0.0
2025-04-13 12:00:00,22.27,24.77,1.67,0.0,17.8,82,100,7.7,323,17.6,17.0,17.1,0.3,0.3,0.15,18.0,87.0,52633.0,4.0,2.0,295.0,0.0,99860.0,17.5,89,100,11.0,322,19.6,17.7,16.8,0.0
2025-04-13 13:00:00,22.32,24.77,1.67,0.0,16.5,88,100,11.5,299,17.5,17.2,17.1,5.2,5.2,0.13,19.0,85.0,26545.0,3.0,4.0,351.0,0.0,99860.0,17.6,89,100,10.2,318,19.1,18.0,17.0,0.0
2025-04-13 14:00:00,22.3866666666667,24.77,1.67,0.0,17.5,85,96,7.9,250,17.7,17.2,17.1,0.6,0.6,0.15,17.0,90.0,5698.0,0.0,4.0,322.0,0.0,99890.0,17.5,92,100,8.0,297,18.2,17.9,17.1,0.3
2025-04-13 15:00:00,22.4566666666667,24.7666666666667,1.67,0.0,18.7,78,96,6.1,284,18.4,17.3,17.1,0.1,0.1,0.24,17.0,94.0,12931.0,1.0,2.0,44.0,0.0,99890.0,18.1,89,100,6.8,252,18.6,18.0,17.2,0.2
2025-04-13 16:00:00,22.52,24.8066666666667,1.67,0.0,18.2,76,40,3.8,262,18.6,17.4,17.1,0.0,0.0,0.15,17.0,95.0,14128.0,1.0,2.0,20.0,25.0,99890.0,17.9,88,100,7.9,204,18.3,17.8,17.2,0.3
2025-04-13 17:00:00,22.6033333333333,25.23,1.67,0.0,18.8,70,27,2.8,227,19.0,17.5,17.1,0.0,0.0,0.2,18.0,92.0,7702.0,0.0,3.0,77.0,0.0,99900.0,18.2,85,100,9.4,203,18.0,17.8,17.3,0.0
2025-04-13 18:00:00,22.9566666666667,26.05,1.67,0.0,17.9,79,28,2.9,182,18.6,17.6,17.1,0.0,0.0,0.08,18.0,89.0,29036.0,2.0,2.0,162.0,76.0,99920.0,17.8,87,100,7.7,191,17.0,17.6,17.3,0.0
2025-04-13 19:00:00,23.7366666666667,26.0633333333333,1.67,0.0,15.6,80,38,5.2,193,17.4,17.6,17.1,0.0,0.0,0.02,18.0,84.0,10773.0,0.0,2.0,180.0,0.0,99970.0,16.7,88,73,6.1,183,15.3,17.0,17.3,0.0
2025-04-13 20:00:00,24.4033333333333,26.0166666666667,1.67,0.0,14.8,82,81,7.7,203,16.6,17.5,17.1,0.0,0.0,0.0,18.0,88.0,1696.0,0.0,2.0,126.0,0.0,99950.0,15.6,90,47,5.2,205,14.4,16.2,17.2,0.0
2025-04-13 21:00:00,24.9033333333333,25.9033333333333,1.67,0.0,14.5,83,14,7.6,210,16.1,17.4,17.1,0.0,0.0,0.0,16.0,94.0,0.0,0.0,0.0,48.0,0.0,99970.0,14.7,91,18,7.4,194,13.8,15.6,17.0,0.0
2025-04-13 22:00:00,25.2766666666667,25.8333333333333,1.67,0.0,13.9,87,5,6.2,212,15.6,17.3,17.1,0.0,0.0,0.0,15.0,95.0,0.0,0.0,0.0,179.0,0.0,100010.0,14.4,92,23,7.9,196,13.5,15.1,16.8,0.0
2025-04-13 23:00:00,25.5333333333333,25.7333333333333,1.67,0.0,13.3,90,10,5.4,208,15.2,17.2,17.1,0.0,0.0,0.0,15.0,94.0,0.0,0.0,0.0,198.0,0.0,100070.0,14.2,93,97,5.0,210,13.3,14.8,16.6,0.0
2025-04-14 00:00:00,25.7166666666667,25.6733333333333,1.67,0.0,12.8,92,18,5.6,222,14.9,17.0,17.1,0.0,0.0,0.0,16.0,88.0,0.0,0.0,0.0,198.0,0.0,100060.0,14.2,93,84,6.0,205,13.5,14.8,16.5,0.0
2025-04-14 01:00:00,25.8466666666667,25.5966666666667,1.67,0.0,13.5,90,3,6.1,225,15.3,17.0,17.1,0.0,0.0,0.0,15.0,91.0,0.0,0.0,1.0,211.0,0.0,100050.0,14.0,92,74,6.2,216,13.4,14.6,16.3,0.0
2025-04-14 02:00:00,25.9366666666667,25.5366666666667,1.67,0.0,13.0,91,15,5.7,230,14.8,16.8,17.1,0.0,0.0,0.0,14.0,91.0,0.0,0.0,1.0,234.0,0.0,100020.0,14.1,92,67,5.9,223,13.4,14.5,16.1,0.0
2025-04-14 03:00:00,26.0,25.49,1.67,0.0,12.5,91,68,4.8,254,14.4,16.7,17.1,0.4,0.4,0.0,14.0,92.0,0.0,0.0,2.0,270.0,0.0,99970.0,14.2,91,45,6.2,216,13.2,14.4,15.9,0.0
2025-04-14 04:00:00,26.0533333333333,25.4166666666667,1.67,0.0,13.3,91,42,5.9,217,14.2,16.5,17.1,0.3,0.3,0.0,13.0,92.0,0.0,0.0,1.0,246.0,0.0,99950.0,13.9,91,41,5.7,215,12.9,14.3,15.8,0.0
2025-04-14 05:00:00,26.09,25.37,1.67,0.0,13.0,92,16,6.4,203,14.0,16.4,17.1,0.0,0.0,0.0,13.0,93.0,0.0,0.0,1.0,198.0,0.0,99950.0,13.5,92,41,5.4,228,12.5,14.0,15.7,0.0
2025-04-14 06:00:00,26.1133333333333,25.3266666666667,1.67,0.0,12.9,92,7,6.8,200,13.7,16.2,17.1,0.0,0.0,0.02,13.0,92.0,0.0,0.0,1.0,211.0,0.0,99940.0,13.1,92,32,6.1,220,12.2,13.7,15.5,0.0
2025-04-14 07:00:00,26.1333333333333,25.2633333333333,1.67,0.0,15.4,86,2,9.7,200,14.2,16.0,17.1,0.0,0.0,0.05,12.0,93.0,0.0,0.0,2.0,198.0,0.0,99960.0,14.2,91,0,5.9,223,15.2,13.9,15.4,0.0
2025-04-14 08:00:00,26.1466666666667,25.2433333333333,1.67,0.0,18.1,75,2,9.4,210,15.5,16.0,17.1,0.0,0.0,0.16,14.0,91.0,6252.0,0.0,1.0,211.0,0.0,100000.0,17.3,81,0,8.2,247,19.4,15.5,15.3,0.0
2025-04-14 09:00:00,26.15,25.2,1.67,0.0,20.2,65,1,10.7,223,17.2,16.0,17.0,0.0,0.0,0.29,16.0,85.0,19128.0,1.0,2.0,252.0,0.0,100020.0,19.2,74,0,11.5,250,22.0,17.3,15.5,0.0
2025-04-14 10:00:00,26.1466666666667,25.1533333333333,1.67,0.0,22.0,54,18,13.8,244,18.8,16.2,17.0,0.0,0.0,0.42,17.0,81.0,47820.0,3.0,3.0,246.0,0.0,100020.0,20.7,70,0,11.9,256,24.6,19.0,15.8,0.0
2025-04-14 11:00:00,26.12,25.07,1.67,0.0,22.8,50,36,15.3,258,20.1,16.5,17.0,0.1,0.1,0.48,20.0,70.0,75384.0,6.0,3.0,288.0,0.0,100020.0,21.9,60,60,14.6,260,23.9,20.5,16.3,0.0
2025-04-14 12:00:00,26.1,28.6066666666667,1.67,20.4,22.9,50,41,12.2,292,21.0,16.8,17.0,0.2,0.2,0.49,22.0,62.0,94121.0,9.0,2.0,255.0,0.0,100030.0,22.4,57,85,14.3,309,25.2,21.2,16.8,0.0
2025-04-14 13:00:00,27.9,30.2766666666667,1.67,0.0,22.7,52,94,12.0,311,21.8,17.0,17.0,0.2,0.2,0.52,21.0,66.0,74953.0,6.0,5.0,12.0,0.0,100030.0,21.4,64,87,18.4,348,26.0,21.7,17.3,0.0
2025-04-14 14:00:00,28.4733333333333,29.16,1.67,0.0,21.2,64,63,14.2,330,22.0,17.4,17.0,0.1,0.1,0.42,21.0,65.0,41636.0,4.0,4.0,17.0,0.0,99970.0,21.1,65,100,17.8,339,25.6,22.1,17.7,0.0
2025-04-14 15:00:00,28.4633333333333,28.4533333333333,1.67,0.0,20.5,67,31,11.8,343,22.0,17.7,17.0,0.0,0.0,0.35,21.0,67.0,102228.0,7.0,2.0,358.0,0.0,99920.0,20.5,65,80,16.0,324,23.2,21.8,18.0,0.0
2025-04-14 16:00:00,28.3833333333333,27.9666666666667,1.67,0.0,20.2,67,12,7.9,351,21.9,18.0,17.0,0.0,0.0,0.3,20.0,69.0,92948.0,8.0,6.0,355.0,0.0,99890.0,20.2,65,46,16.1,321,22.3,21.8,18.4,0.0
2025-04-14 17:00:00,28.2933333333333,27.58,1.67,0.0,19.5,69,35,8.6,358,21.3,18.2,17.0,0.0,0.0,0.19,21.0,65.0,40948.0,3.0,4.0,8.0,0.0,99870.0,19.6,67,84,15.1,322,20.1,20.9,18.6,0.0
2025-04-14 18:00:00,28.2166666666667,27.2933333333333,1.67,0.0,18.3,73,47,6.3,6,20.3,18.4,17.0,0.0,0.0,0.09,19.0,69.0,20840.0,1.0,6.0,330.0,0.0,99880.0,19.2,67,85,11.6,330,18.7,20.0,18.7,0.0
2025-04-14 19:00:00,28.1366666666667,27.05,1.67,0.0,16.5,82,52,3.4,14,19.1,18.4,17.0,0.0,0.0,0.02,19.0,71.0,12948.0,1.0,3.0,11.0,0.0,99890.0,18.1,72,84,8.0,333,17.2,19.0,18.8,0.0
2025-04-14 20:00:00,28.0733333333333,26.8466666666667,1.67,0.0,16.3,82,69,5.2,77,18.3,18.4,17.0,0.0,0.0,0.0,18.0,78.0,1415.0,0.0,0.0,30.0,0.0,99920.0,17.5,76,76,2.5,45,16.6,18.2,18.7,0.0
2025-04-14 21:00:00,28.0,26.6766666666667,1.67,0.0,15.3,88,62,3.1,84,17.6,18.4,17.1,0.0,0.0,0.0,16.0,86.0,0.0,0.0,2.0,95.0,0.0,99960.0,16.6,82,86,4.2,121,15.9,17.6,18.5,0.0
2025-04-14 22:00:00,27.9433333333333,26.54,1.67,0.0,14.7,90,99,3.0,150,16.9,18.3,17.1,0.0,0.0,0.0,15.0,87.0,0.0,0.0,3.0,130.0,0.0,100050.0,15.9,88,79,3.6,135,15.4,17.1,18.3,0.0
2025-04-14 23:00:00,27.8866666666667,26.4,1.67,0.0,15.2,88,91,3.1,175,16.7,18.1,17.1,0.0,0.0,0.0,15.0,88.0,0.0,0.0,2.0,103.0,0.0,100100.0,15.4,90,64,4.1,142,14.9,16.7,18.1,0.0
2025-04-15 00:00:00,27.83,26.2966666666667,1.67,0.0,14.2,91,86,2.1,243,16.2,18.0,17.1,0.0,0.0,0.0,15.0,88.0,0.0,0.0,0.0,138.0,0.0,100090.0,15.1,88,69,1.1,180,14.2,16.3,18.0,0.0
2025-04-15 01:00:00,27.7833333333333,26.2033333333333,1.67,0.0,14.3,90,26,1.3,310,16.3,17.9,17.1,0.0,0.0,0.0,14.0,91.0,0.0,0.0,0.0,97.0,0.0,100000.0,14.8,90,67,1.1,198,13.8,15.9,17.8,0.0
2025-04-15 02:00:00,27.7433333333333,26.1233333333333,1.67,0.0,14.0,90,42,4.3,176,15.9,17.8,17.1,0.0,0.0,0.0,13.0,93.0,0.0,0.0,0.0,192.0,0.0,99990.0,14.6,92,87,1.5,194,13.7,15.6,17.5,0.0
2025-04-15 03:00:00,27.6966666666667,26.0333333333333,1.67,0.0,13.4,90,82,6.5,215,15.4,17.6,17.1,0.0,0.0,0.0,13.0,94.0,0.0,0.0,0.0,204.0,0.0,99920.0,13.9,93,63,2.3,198,12.9,15.1,17.3,0.0
2025-04-15 04:00:00,27.6533333333333,25.9733333333333,1.67,0.0,15.1,75,50,14.7,210,15.3,17.4,17.1,0.0,0.0,0.03,13.0,95.0,0.0,0.0,0.0,228.0,0.0,99820.0,13.4,94,12,2.6,196,12.2,14.7,17.0,0.0
2025-04-15 05:00:00,27.62,25.89,1.67,0.0,15.9,68,77,18.0,211,15.4,17.3,17.1,0.0,0.0,0.06,13.0,95.0,0.0,0.0,0.0,240.0,0.0,99800.0,12.9,91,7,4.1,218,11.4,14.2,16.8,0.0
2025-04-15 06:00:00,27.58,25.8466666666667,1.67,0.0,16.1,65,67,21.4,217,15.5,17.2,17.1,0.0,0.0,0.09,13.0,95.0,0.0,0.0,0.0,262.0,0.0,99720.0,13.4,82,0,6.5,236,11.9,13.9,16.5,0.0
2025-04-15 07:00:00,27.5466666666667,25.79,1.67,0.0,16.8,64,8,21.9,224,15.8,17.1,17.1,0.0,0.0,0.12,14.0,86.0,45.0,0.0,0.0,270.0,0.0,99720.0,15.5,72,67,12.8,232,15.7,14.2,16.3,0.0
2025-04-15 08:00:00,27.51,25.7233333333333,1.67,0.0,17.3,66,56,20.9,262,16.5,17.0,17.1,0.4,0.4,0.18,14.0,82.0,4232.0,0.0,2.0,302.0,0.0,99790.0,17.4,64,89,21.0,239,17.8,15.5,16.2,0.0
2025-04-15 09:00:00,27.4666666666667,25.68,1.67,0.0,15.3,80,100,17.9,281,16.4,17.0,17.1,2.0,2.0,0.15,17.0,79.0,21276.0,1.0,3.0,336.0,0.0,99840.0,15.9,83,95,15.2,306,15.9,16.2,16.2,0.1
2025-04-15 10:00:00,27.42,25.6166666666667,1.67,0.0,14.1,89,97,10.4,248,15.7,16.9,17.1,1.3,1.3,0.07,15.0,81.0,37696.0,3.0,7.0,0.0,0.0,99890.0,14.7,86,100,15.1,310,15.2,15.9,16.2,1.0
2025-04-15 11:00:00,27.38,25.5466666666667,1.67,0.0,15.7,77,100,9.2,242,16.6,16.9,17.1,0.4,0.4,0.25,13.0,84.0,7823.0,0.0,5.0,318.0,0.0,100000.0,14.7,84,94,9.5,259,15.7,15.8,16.2,0.6
2025-04-15 12:00:00,27.3566666666667,25.53,1.67,0.0,15.4,77,100,8.5,245,16.5,16.8,17.1,0.4,0.4,0.14,13.0,88.0,20635.0,2.0,0.0,308.0,10.0,100120.0,15.3,76,90,13.9,280,16.3,15.9,16.2,0.0
2025-04-15 13:00:00,27.54,25.71,1.67,0.0,15.9,75,85,7.7,256,16.4,16.8,17.0,0.3,0.3,0.17,13.0,92.0,21182.0,1.0,2.0,240.0,7.0,100140.0,15.4,76,93,14.1,285,16.9,16.3,16.2,0.0
2025-04-15 14:00:00,28.1166666666667,26.6966666666667,1.67,0.0,15.6,68,98,10.5,281,16.8,16.8,17.0,0.3,0.3,0.21,14.0,87.0,8214.0,0.0,0.0,194.0,6.0,100130.0,15.2,77,92,13.7,275,16.2,16.3,16.2,0.0
2025-04-15 15:00:00,28.49,27.2233333333333,1.67,0.0,16.9,64,99,8.8,268,17.5,16.8,17.0,0.1,0.1,0.26,14.0,89.0,24865.0,2.0,3.0,198.0,15.0,100120.0,15.6,73,87,13.3,273,16.7,16.6,16.3,0.0
2025-04-15 16:00:00,28.5666666666667,27.2433333333333,1.67,0.0,15.4,67,100,5.2,277,17.1,16.9,17.0,0.2,0.2,0.11,15.0,83.0,34904.0,2.0,1.0,276.0,0.0,100030.0,15.6,70,79,13.1,262,15.8,16.5,16.4,0.0
2025-04-15 17:00:00,28.56,27.1666666666667,1.67,0.0,15.6,67,92,9.3,230,16.9,16.9,17.0,0.1,0.1,0.1,,,,,,,,,15.6,69,94,13.6,258,15.0,16.3,16.4,0.0
2025-04-15 18:00:00,28.54,27.0966666666667,1.67,0.0,14.2,78,78,13.7,201,16.2,16.9,17.0,0.3,0.3,0.07,16.0,79.0,27593.0,2.0,2.0,270.0,0.0,100000.0,14.7,76,80,12.1,243,14.2,15.8,16.4,0.0
2025-04-15 19:00:00,28.61,27.1766666666667,1.67,0.0,12.9,78,53,11.1,205,15.3,16.8,17.0,0.0,0.0,0.04,14.0,86.0,11914.0,1.0,1.0,246.0,0.0,100030.0,13.8,81,84,9.9,226,13.0,15.2,16.3,0.0
2025-04-15 20:00:00,28.63,27.1866666666667,1.67,0.0,11.9,81,23,11.1,197,14.5,16.7,17.0,0.9,0.9,0.01,14.0,85.0,6583.0,0.0,2.0,234.0,3.0,100070.0,13.3,84,70,10.4,226,12.7,14.6,16.2,0.0
2025-04-15 21:00:00,28.6566666666667,27.22,1.67,0.0,10.6,86,86,3.5,226,13.7,16.5,17.0,0.0,0.0,0.0,13.0,86.0,268.0,0.0,3.0,246.0,0.0,100140.0,12.6,82,57,9.2,211,11.9,14.1,16.0,0.0
2025-04-15 22:00:00,28.6533333333333,27.17,1.67,0.0,10.9,85,48,16.2,209,13.3,16.3,17.0,0.0,0.0,0.01,12.0,88.0,0.0,0.0,2.0,234.0,1.0,100200.0,12.3,82,53,9.7,222,11.4,13.7,15.8,0.0
2025-04-15 23:00:00,28.63,27.12,1.67,0.0,11.1,78,66,14.4,230,12.9,16.1,17.0,0.0,0.0,0.02,12.0,88.0,0.0,0.0,1.0,192.0,0.0,100280.0,12.1,81,51,12.0,229,11.3,13.3,15.6,0.0
2025-04-16 00:00:00,28.6,27.0166666666667,1.67,0.0,10.5,81,100,6.5,249,12.6,15.9,17.0,0.0,0.0,0.0,13.0,82.0,0.0,0.0,3.0,210.0,0.0,100350.0,11.6,84,58,13.1,217,11.0,12.9,15.3,0.0
2025-04-16 01:00:00,28.57,26.9466666666667,1.67,0.0,11.4,74,28,15.0,255,13.0,15.5,17.0,0.0,0.0,0.03,12.0,75.0,0.0,0.0,4.0,309.0,0.0,100380.0,11.6,81,59,11.7,236,10.8,12.7,15.1,0.0
2025-04-16 02:00:00,28.54,26.8733333333333,1.67,0.0,11.2,72,27,14.2,253,12.6,15.3,17.0,0.0,0.0,0.03,12.0,86.0,0.0,0.0,3.0,240.0,0.0,100420.0,11.5,79,47,12.7,241,10.8,12.5,14.9,0.0
2025-04-16 03:00:00,28.5,26.7933333333333,1.67,0.0,11.0,68,34,16.7,256,12.4,15.2,17.0,0.0,0.0,0.04,12.0,80.0,0.0,0.0,4.0,258.0,0.0,100460.0,11.6,73,30,16.3,248,10.5,12.3,14.7,0.0
2025-04-16 04:00:00,28.46,26.7466666666667,1.67,0.0,10.7,68,28,17.8,250,12.2,15.0,16.9,0.0,0.0,0.05,11.0,76.0,0.0,0.0,3.0,223.0,0.0,100430.0,11.5,71,24,20.5,255,10.5,12.2,14.5,0.0
2025-04-16 05:00:00,28.42,26.6633333333333,1.67,0.0,10.6,68,18,19.6,243,12.1,14.8,16.9,0.0,0.0,0.05,10.0,77.0,0.0,0.0,3.0,246.0,0.0,100420.0,11.3,69,11,22.0,252,10.2,12.0,14.4,0.0
2025-04-16 06:00:00,28.38,26.6,1.67,0.0,10.5,69,25,20.0,245,12.0,14.7,16.9,0.0,0.0,0.07,11.0,72.0,0.0,0.0,4.0,300.0,0.0,100440.0,11.0,71,20,18.5,241,10.2,11.9,14.2,0.0
2025-04-16 07:00:00,28.3433333333333,26.5333333333333,1.67,0.0,11.9,64,24,22.6,247,12.3,14.5,16.9,0.0,0.0,0.1,11.0,70.0,0.0,0.0,3.0,264.0,0.0,100470.0,11.8,71,26,20.7,247,12.3,12.0,14.1,0.0
2025-04-16 08:00:00,28.3,26.4533333333333,1.67,0.0,13.3,59,24,25.0,244,13.1,14.5,16.9,0.0,0.0,0.17,11.0,73.0,184.0,0.0,5.0,294.0,0.0,100540.0,13.4,65,28,26.1,263,15.1,13.0,14.0,0.0
2025-04-16 09:00:00,28.25,26.41,1.67,0.0,14.8,52,16,28.9,263,14.2,14.5,16.9,0.0,0.0,0.26,11.0,72.0,10136.0,0.0,4.0,264.0,0.0,100620.0,15.8,52,3,31.6,278,18.2,14.7,14.1,0.0
2025-04-16 10:00:00,28.2066666666667,26.3333333333333,1.67,0.0,16.1,46,6,29.4,273,15.4,14.5,16.9,0.0,0.0,0.36,13.0,70.0,29504.0,1.0,3.0,252.0,0.0,100650.0,16.7,47,5,33.1,282,19.9,15.9,14.3,0.0
2025-04-16 11:00:00,28.15,26.26,1.67,0.0,17.1,41,5,30.1,278,16.6,14.7,16.8,0.0,0.0,0.45,14.0,63.0,26432.0,2.0,6.0,290.0,0.0,100690.0,17.7,40,0,35.5,285,21.4,17.1,14.6,0.0
2025-04-16 12:00:00,28.08,26.1666666666667,1.67,0.0,17.8,38,1,29.5,280,17.8,14.9,16.8,0.0,0.0,0.5,16.0,56.0,87083.0,6.0,9.0,282.0,0.0,100740.0,17.9,38,0,34.8,286,21.7,17.9,14.9,0.0
2025-04-16 13:00:00,28.0233333333333,26.09,1.67,0.0,17.9,41,1,27.3,282,18.7,15.2,16.8,0.0,0.0,0.51,16.0,58.0,106866.0,9.0,5.0,300.0,0.0,100750.0,18.3,34,0,34.7,287,22.0,18.7,15.3,0.0
2025-04-16 14:00:00,27.9566666666667,25.9966666666667,1.67,0.0,18.1,39,0,24.7,284,19.2,15.5,16.8,0.0,0.0,0.49,17.0,44.0,113766.0,9.0,8.0,302.0,0.0,100760.0,18.4,33,0,34.0,290,21.6,19.1,15.7,0.0
2025-04-16 15:00:00,27.8966666666667,25.91,1.67,0.0,18.1,41,0,22.3,288,19.4,15.8,16.8,0.0,0.0,0.44,18.0,48.0,110177.0,9.0,5.0,324.0,0.0,100750.0,18.7,35,0,30.1,291,21.3,19.5,16.0,0.0
2025-04-16 16:00:00,27.82,25.8266666666667,1.67,0.0,17.7,41,0,19.1,295,19.2,16.1,16.8,0.0,0.0,0.36,18.0,44.0,95110.0,7.0,8.0,312.0,0.0,100740.0,18.1,40,0,26.6,295,19.7,19.2,16.3,0.0
2025-04-16 17:00:00,27.76,25.76,1.67,0.0,16.7,48,1,14.6,299,18.5,16.3,16.8,0.0,0.0,0.24,19.0,38.0,80422.0,7.0,4.0,317.0,0.0,100730.0,17.4,43,0,22.4,298,17.7,18.5,16.6,0.0
2025-04-16 18:00:00,27.7066666666667,25.6866666666667,1.67,0.0,15.3,64,24,4.4,288,17.6,16.4,16.8,0.0,0.0,0.09,19.0,33.0,57500.0,4.0,7.0,312.0,0.0,100720.0,16.7,48,0,12.1,300,15.7,17.8,16.7,0.0
2025-04-16 19:00:00,27.66,25.6433333333333,1.67,0.0,13.2,60,2,5.1,260,16.0,16.4,16.8,0.0,0.0,0.04,19.0,38.0,18749.0,1.0,4.0,306.0,0.0,100730.0,15.1,55,0,4.3,222,12.6,16.4,16.7,0.0
2025-04-16 20:00:00,27.62,25.59,1.67,0.0,12.9,60,0,8.9,227,15.0,16.4,16.8,0.0,0.0,0.03,18.0,40.0,8102.0,0.0,3.0,314.0,0.0,100790.0,13.5,60,0,6.6,193,11.6,15.1,16.6,0.0
2025-04-16 21:00:00,27.5866666666667,25.5466666666667,1.67,0.0,12.2,64,0,9.0,233,14.3,16.2,16.8,0.0,0.0,0.03,16.0,48.0,478.0,0.0,2.0,292.0,0.0,100820.0,13.0,56,0,8.5,192,11.3,14.3,16.4,0.0
2025-04-16 22:00:00,27.56,25.5266666666667,1.67,0.0,11.9,67,0,9.3,235,13.8,16.1,16.8,0.0,0.0,0.02,15.0,52.0,0.0,0.0,3.0,297.0,0.0,100860.0,12.8,60,0,9.1,198,11.2,13.7,16.2,0.0
2025-04-16 23:00:00,27.5233333333333,25.5,1.67,0.0,11.6,71,0,9.9,225,13.5,15.9,16.8,0.0,0.0,0.02,13.0,63.0,0.0,0.0,1.0,258.0,0.0,100920.0,12.5,66,0,8.2,203,10.9,13.3,16.0,0.0
2025-04-17 00:00:00,27.49,25.4633333333333,1.67,0.0,11.4,74,0,10.6,214,13.2,15.8,16.7,0.0,0.0,0.02,13.0,67.0,0.0,0.0,2.0,198.0,0.0,100990.0,12.5,70,0,8.2,195,10.9,13.1,15.8,0.0
2025-04-17 01:00:00,27.4566666666667,25.4066666666667,1.67,0.0,11.4,75,0,6.3,211,13.6,15.7,16.7,0.0,0.0,0.01,14.0,63.0,0.0,0.0,1.0,240.0,0.0,100980.0,12.4,73,0,7.9,196,10.7,12.9,15.5,0.0
2025-04-17 02:00:00,27.42,25.37,1.67,0.0,10.2,81,3,4.4,215,13.0,15.5,16.7,0.0,0.0,0.0,12.0,73.0,0.0,0.0,0.0,198.0,0.0,100980.0,12.0,75,0,5.8,210,10.3,12.6,15.3,0.0
2025-04-17 03:00:00,27.39,25.3533333333333,1.67,0.0,9.6,84,7,6.7,209,12.5,15.3,16.7,0.0,0.0,0.0,12.0,72.0,0.0,0.0,1.0,216.0,0.0,100930.0,11.5,76,0,4.6,198,9.8,12.4,15.1,0.0
2025-04-17 04:00:00,27.36,25.3266666666667,1.67,0.0,9.2,86,3,5.6,216,12.1,15.2,16.7,0.0,0.0,0.0,11.0,77.0,0.0,0.0,1.0,192.0,0.0,100850.0,10.8,79,20,4.8,207,9.3,12.0,14.8,0.0
2025-04-17 05:00:00,27.34,25.2866666666667,1.67,0.0,9.2,85,2,6.4,223,11.7,15.0,16.7,0.0,0.0,0.0,11.0,80.0,0.0,0.0,0.0,246.0,0.0,100850.0,10.4,79,37,5.4,228,9.2,11.6,14.6,0.0
2025-04-17 06:00:00,27.3066666666667,25.2466666666667,1.67,0.0,9.9,82,1,7.9,221,11.5,14.8,16.7,0.0,0.0,0.02,11.0,81.0,0.0,0.0,1.0,252.0,0.0,100850.0,11.0,76,0,7.5,215,9.8,11.6,14.4,0.0
2025-04-17 07:00:00,27.27,25.21,1.67,0.0,13.0,72,0,10.6,215,12.2,14.6,16.7,0.0,0.0,0.07,11.0,80.0,0.0,0.0,1.0,222.0,0.0,100820.0,12.9,73,0,7.2,233,13.5,12.0,14.2,0.0
2025-04-17 08:00:00,27.24,25.19,1.67,0.0,16.4,62,0,12.1,222,13.6,14.5,16.7,0.0,0.0,0.18,11.0,81.0,1117.0,0.0,2.0,264.0,0.0,100840.0,16.0,62,4,11.4,246,18.3,13.6,14.1,0.0
2025-04-17 09:00:00,27.1966666666667,25.14,1.67,0.0,18.6,53,25,14.2,232,15.4,14.6,16.6,0.0,0.0,0.31,13.0,76.0,9912.0,1.0,1.0,246.0,0.0,100840.0,18.9,53,100,15.8,240,21.7,15.9,14.3,0.0
2025-04-17 10:00:00,27.15,25.0633333333333,1.67,0.0,20.0,47,100,16.3,235,17.1,14.7,16.6,0.0,0.0,0.42,15.0,66.0,35414.0,2.0,2.0,240.0,0.0,100860.0,20.7,45,100,18.7,242,24.1,17.7,14.6,0.0
2025-04-17 11:00:00,27.0766666666667,24.9933333333333,1.67,0.0,21.0,46,100,16.5,239,18.4,15.0,16.6,0.0,0.0,0.47,18.0,56.0,67039.0,4.0,3.0,288.0,0.0,100840.0,21.9,42,100,18.2,243,24.8,19.2,15.0,0.0
2025-04-17 12:00:00,27.0066666666667,24.9,1.67,0.0,22.0,45,100,16.2,246,19.7,15.3,16.6,0.0,0.0,0.53,21.0,48.0,87640.0,4.0,4.0,288.0,0.0,100870.0,22.9,42,100,15.1,258,27.2,20.6,15.5,0.0
2025-04-17 13:00:00,26.93,24.81,1.67,0.0,23.9,40,100,10.0,259,21.0,15.7,16.6,0.0,0.0,0.54,21.0,45.0,102140.0,8.0,4.0,295.0,0.0,100860.0,23.4,42,100,13.7,273,27.3,21.7,16.0,0.0
2025-04-17 14:00:00,26.86,24.7266666666667,1.67,0.0,22.4,50,100,11.6,324,21.3,16.1,16.6,0.0,0.0,0.4,22.0,43.0,91612.0,8.0,1.0,240.0,0.0,100790.0,22.9,49,39,15.5,324,27.2,22.4,16.6,0.0
2025-04-17 15:00:00,26.79,24.62,1.67,0.0,21.8,56,99,11.0,335,21.5,16.5,16.6,0.0,0.0,0.39,23.0,42.0,80000.0,7.0,3.0,286.0,0.0,100740.0,22.6,51,23,15.1,335,26.0,22.8,17.0,0.0
2025-04-17 16:00:00,26.72,24.53,1.67,0.0,21.4,58,63,7.6,357,21.4,16.8,16.6,0.0,0.0,0.3,22.0,52.0,59256.0,5.0,3.0,24.0,0.0,100740.0,22.0,55,20,14.0,337,24.5,22.5,17.5,0.0
2025-04-17 17:00:00,26.6666666666667,24.46,1.67,0.0,20.6,62,59,6.9,40,21.0,17.1,16.6,0.0,0.0,0.22,22.0,54.0,49024.0,4.0,3.0,6.0,0.0,100670.0,21.3,57,8,9.0,360,22.2,21.9,17.8,0.0
2025-04-17 18:00:00,26.62,24.39,1.67,0.0,18.8,72,94,5.0,68,20.0,17.3,16.6,0.0,0.0,0.09,22.0,57.0,58060.0,4.0,3.0,355.0,0.0,100680.0,20.4,60,85,7.6,31,19.3,21.1,18.1,0.0
2025-04-17 19:00:00,26.5933333333333,24.35,1.67,0.0,16.1,83,100,5.8,81,18.6,17.4,16.6,0.0,0.0,0.02,21.0,58.0,17049.0,1.0,3.0,37.0,0.0,100670.0,18.4,72,12,5.8,86,16.3,19.6,18.2,0.0
2025-04-17 20:00:00,26.59,24.35,1.67,0.0,15.2,86,100,5.8,86,17.5,17.4,16.6,0.0,0.0,0.0,19.0,64.0,5625.0,0.0,3.0,15.0,0.0,100680.0,17.0,77,1,4.8,117,15.0,18.2,18.2,0.0
2025-04-17 21:00:00,26.59,24.35,1.67,0.0,15.0,84,100,1.8,71,16.6,17.4,16.6,0.0,0.0,0.0,17.0,74.0,160.0,0.0,1.0,78.0,0.0,100700.0,16.3,76,100,2.7,157,14.1,17.1,18.1,0.0
2025-04-17 22:00:00,26.59,24.345,1.67,0.0,14.8,84,96,0.3,51,15.8,17.3,16.6,0.0,0.0,0.0,16.0,80.0,0.0,0.0,1.0,126.0,0.0,100720.0,15.6,78,100,2.5,188,13.5,16.3,18.0,0.0
2025-04-17 23:00:00,26.5866666666667,24.34,1.67,0.0,14.1,85,100,2.7,171,15.1,17.2,16.6,0.0,0.0,0.0,16.0,79.0,0.0,0.0,2.0,131.0,0.0,100740.0,14.5,84,100,2.7,203,13.0,15.7,17.8,0.0
2025-04-18 00:00:00,26.58,24.34,1.67,0.0,13.7,84,100,3.4,180,14.6,17.0,16.6,0.0,0.0,0.0,15.0,83.0,0.0,0.0,0.0,184.0,0.0,100710.0,13.3,90,100,3.7,191,12.4,15.1,17.5,0.0
2025-04-18 01:00:00,26.5733333333333,24.3333333333333,1.67,0.0,14.0,84,100,3.1,184,14.7,16.9,16.6,0.0,0.0,0.0,13.0,88.0,0.0,0.0,0.0,240.0,0.0,100670.0,12.9,92,100,3.0,194,12.0,14.7,17.3,0.0
2025-04-18 02:00:00,26.5633333333333,24.33,1.67,0.0,13.7,83,100,1.7,126,14.3,16.7,16.6,0.0,0.0,0.0,12.0,90.0,0.0,0.0,0.0,186.0,0.0,100650.0,12.7,91,100,2.2,180,11.7,14.3,17.0,0.0
2025-04-18 03:00:00,26.55,24.32,1.67,0.0,13.8,82,99,0.5,49,14.0,16.5,16.6,0.0,0.0,0.0,12.0,91.0,0.0,0.0,0.0,180.0,0.0,100570.0,12.2,92,100,2.5,188,11.1,13.8,16.7,0.0
2025-04-18 04:00:00,26.5215625,24.28453125,1.67,0.0,13.3,83,87,0.9,25,13.6,16.3,16.6,0.0,0.0,0.0,,,,,,,,,12.2,91,100,2.7,203,11.0,13.5,16.5,0.0
2025-04-18 05:00:00,26.493125,24.2490625,1.67,0.0,12.9,81,26,1.4,67,13.2,16.2,16.6,0.0,0.0,0.0,,,,,,,,,12.0,90,91,2.9,180,10.8,13.3,16.2,0.0
2025-04-18 06:00:00,26.4646875,24.21359375,1.67,0.0,12.9,80,41,1.9,54,12.9,16.0,16.6,0.0,0.0,0.01,,,,,,,,,11.5,92,74,3.6,186,10.7,13.0,16.0,0.0
2025-04-18 07:00:00,26.43625,24.178125,1.67,0.0,15.3,77,100,5.4,312,13.7,15.8,16.6,0.0,0.0,0.06,,,,,,,,,12.9,89,78,3.0,194,14.9,13.3,15.7,0.0
2025-04-18 08:00:00,26.407812500000002,24.14265625,1.67,0.0,17.8,67,92,5.8,279,15.2,15.7,16.6,0.0,0.0,0.16,,,,,,,,,16.6,76,39,3.1,225,20.6,15.0,15.6,0.0
2025-04-18 09:00:00,26.379375,24.1071875,1.67,0.0,19.4,60,60,2.4,288,16.9,15.8,16.6,0.0,0.0,0.27,,,,,,,,,20.0,64,33,2.9,270,24.3,17.3,15.7,0.0
2025-04-18 10:00:00,26.3509375,24.07171875,1.67,0.0,21.2,56,52,2.9,3,18.9,15.9,16.6,0.0,0.0,0.41,,,,,,,,,22.1,53,99,1.5,346,26.5,19.3,15.9,0.0
2025-04-18 11:00:00,26.3225,24.03625,1.67,0.0,22.6,54,61,5.8,16,20.7,16.2,16.6,0.0,0.0,0.51,,,,,,,,,23.3,51,100,3.1,36,27.3,20.8,16.3,0.0
2025-04-18 12:00:00,26.2940625,24.00078125,1.67,0.0,23.2,54,51,8.8,24,22.0,16.6,16.6,0.0,0.0,0.55,,,,,,,,,23.6,53,100,10.0,21,29.0,22.1,16.7,0.0
2025-04-18 13:00:00,26.265625,23.9653125,1.67,0.0,23.1,56,45,13.0,30,22.7,16.9,16.6,0.0,0.0,0.55,,,,,,,,,23.1,52,100,12.8,32,27.6,23.0,17.2,0.0
2025-04-18 14:00:00,26.2371875,23.92984375,1.67,0.0,22.4,57,10,14.6,39,23.2,17.3,16.6,0.0,0.0,0.51,,,,,,,,,22.6,55,96,14.3,34,26.7,23.1,17.7,0.0
2025-04-18 15:00:00,26.208750000000002,23.894375,1.67,0.0,21.7,60,8,15.0,31,23.2,17.7,16.6,0.0,0.0,0.44,,,,,,,,,22.7,55,17,15.0,24,26.8,23.4,18.1,0.0
2025-04-18 16:00:00,26.1803125,23.85890625,1.67,0.0,20.7,64,36,14.0,32,22.8,18.0,16.6,0.0,0.0,0.33,,,,,,,,,21.8,57,43,14.8,18,24.3,23.1,18.4,0.0
2025-04-18 17:00:00,26.151875,23.8234375,1.67,0.0,19.2,69,57,9.8,28,22.0,18.2,16.6,0.0,0.0,0.21,,,,,,,,,20.7,61,89,13.6,22,21.3,22.3,18.7,0.0
2025-04-18 18:00:00,26.1234375,23.78796875,1.67,0.0,18.2,74,89,4.8,48,20.8,18.4,16.6,0.0,0.0,0.09,,,,,,,,,19.2,72,91,9.8,17,18.8,21.1,18.9,0.0
2025-04-18 19:00:00,26.095,23.752499999999998,1.67,0.0,16.2,84,86,1.0,59,19.4,18.5,16.6,0.0,0.0,0.01,,,,,,,,,17.6,80,100,4.8,27,16.0,19.7,18.9,0.0
2025-04-18 20:00:00,26.0665625,23.717031249999998,1.67,0.0,15.8,85,96,0.9,104,18.1,18.5,16.6,0.0,0.0,0.0,,,,,,,,,16.6,86,100,1.8,53,15.1,18.3,18.9,0.0
2025-04-18 21:00:00,26.038125,23.6815625,1.67,0.0,15.8,85,100,0.7,120,17.2,18.4,16.6,0.0,0.0,0.0,,,,,,,,,16.2,83,81,2.2,189,14.2,17.3,18.8,0.0
2025-04-18 22:00:00,26.009687500000002,23.64609375,1.67,0.0,15.4,88,99,2.5,198,16.7,18.2,16.6,0.0,0.0,0.0,,,,,,,,,15.3,90,89,2.6,214,14.1,16.7,18.6,0.0
2025-04-18 23:00:00,25.98125,23.610625,1.67,0.0,14.8,91,98,4.9,236,16.2,18.1,16.6,0.0,0.0,0.0,,,,,,,,,14.7,92,82,3.0,194,13.9,16.2,18.3,0.0
2025-04-19 00:00:00,25.9528125,23.57515625,1.67,0.0,14.2,91,1,4.0,240,15.8,17.9,16.7,0.0,0.0,0.0,,,,,,,,,14.3,92,34,3.3,186,13.0,15.7,18.0,0.0
2025-04-19 01:00:00,25.924375,23.5396875,1.67,0.0,14.8,89,8,4.2,231,16.5,17.9,16.7,0.0,0.0,0.0,,,,,,,,,13.9,92,68,2.8,230,12.6,15.3,17.8,0.0
2025-04-19 02:00:00,25.895937500000002,23.50421875,1.67,0.0,15.2,84,26,1.0,311,15.9,17.7,16.7,0.0,0.0,0.0,,,,,,,,,14.0,90,29,0.4,360,11.9,14.9,17.5,0.0
2025-04-19 03:00:00,25.8675,23.46875,1.67,0.0,14.6,87,23,1.5,339,15.4,17.6,16.7,0.0,0.0,0.0,,,,,,,,,14.2,86,68,2.9,83,11.8,14.5,17.3,0.0
2025-04-19 04:00:00,25.8390625,23.43328125,1.67,0.0,14.3,87,13,1.0,285,14.9,17.4,16.7,0.0,0.0,0.0,,,,,,,,,13.7,90,50,4.7,176,12.3,14.3,17.0,0.0
2025-04-19 05:00:00,25.810625,23.3978125,1.67,0.0,13.6,87,14,3.6,231,14.5,17.2,16.7,0.0,0.0,0.0,,,,,,,,,13.1,93,30,5.4,184,11.9,14.2,16.7,0.0
2025-04-19 06:00:00,25.7821875,23.362343749999997,1.67,0.0,13.5,89,21,3.3,216,14.2,17.0,16.7,0.0,0.0,0.01,,,,,,,,,13.7,89,68,4.6,198,12.6,14.2,16.5,0.0
2025-04-19 07:00:00,25.75375,23.326874999999998,1.67,0.0,15.9,82,20,1.7,276,15.0,16.9,16.7,0.0,0.0,0.05,,,,,,,,,14.8,87,76,2.4,243,16.5,14.5,16.3,0.0
2025-04-19 08:00:00,25.7253125,23.291406249999998,1.67,0.0,18.0,75,16,2.1,315,16.4,16.8,16.7,0.0,0.0,0.16,,,,,,,,,17.6,77,76,2.9,300,20.9,16.1,16.3,0.0
2025-04-19 09:00:00,25.696875000000002,23.255937499999998,1.67,0.0,19.8,67,90,8.0,299,18.1,16.8,16.7,0.0,0.0,0.29,,,,,,,,,19.3,71,74,7.4,321,23.3,17.8,16.3,0.0
2025-04-19 10:00:00,25.6684375,23.22046875,1.67,0.0,20.0,67,36,14.4,310,19.5,17.0,16.7,0.1,0.1,0.35,,,,,,,,,21.1,60,81,14.8,276,23.3,19.1,16.6,0.0
2025-04-19 11:00:00,25.64,23.185,1.67,0.0,19.7,67,93,16.7,317,20.2,17.1,16.7,0.2,0.2,0.34,,,,,,,,,20.5,66,77,20.7,309,24.1,20.0,16.8,0.0
2025-04-19 12:00:00,25.5833333333333,23.1266666666667,1.67,0.0,19.6,65,84,17.2,321,20.7,17.3,16.7,0.1,0.1,0.36,21.0,64.0,35434.0,3.0,0.0,120.0,0.0,100190.0,20.2,63,87,23.9,315,23.9,20.9,17.1,0.0
2025-04-19 13:00:00,25.5166666666667,23.0266666666667,1.67,0.0,20.0,63,96,19.3,314,21.2,17.6,16.7,0.1,0.1,0.39,21.0,64.0,101505.0,7.0,5.0,341.0,0.0,100140.0,19.0,66,85,23.7,311,21.9,20.3,17.4,0.0
2025-04-19 14:00:00,25.4466666666667,22.9233333333333,1.67,0.0,19.5,58,100,19.9,311,21.4,17.8,16.7,0.0,0.0,0.37,20.0,60.0,80442.0,7.0,7.0,352.0,0.0,100120.0,19.0,56,99,24.9,304,19.9,20.2,17.6,0.0
2025-04-19 15:00:00,25.3733333333333,22.8333333333333,1.67,0.0,19.6,51,89,15.5,309,21.2,18.0,16.7,0.0,0.0,0.3,19.0,66.0,44147.0,4.0,5.0,345.0,0.0,100130.0,18.6,58,91,22.9,307,20.4,19.9,17.8,0.0
2025-04-19 16:00:00,25.33,22.76,1.67,0.0,18.7,53,72,11.5,324,21.0,18.2,16.7,0.0,0.0,0.27,17.0,66.0,11745.0,1.0,9.0,343.0,0.0,100140.0,18.0,58,97,22.1,300,18.6,19.4,17.9,0.0
2025-04-19 17:00:00,25.3133333333333,22.73,1.67,0.0,18.2,56,97,10.3,309,20.4,18.3,16.7,0.0,0.0,0.19,17.0,64.0,20657.0,1.0,4.0,351.0,0.0,100120.0,17.6,57,88,18.9,294,17.9,18.7,18.0,0.0
2025-04-19 18:00:00,25.2966666666667,22.67,1.67,0.0,17.3,57,100,6.7,286,19.5,18.4,16.7,0.0,0.0,0.09,17.0,65.0,7423.0,0.0,4.0,342.0,0.0,100130.0,17.3,59,82,12.9,288,16.8,18.4,18.0,0.0
2025-04-19 19:00:00,25.2766666666667,22.62,1.67,0.0,17.2,50,100,9.4,253,18.8,18.4,16.7,0.0,0.0,0.08,17.0,59.0,1512.0,0.0,5.0,342.0,0.0,100140.0,16.4,57,90,8.1,249,15.4,17.6,18.0,0.0
2025-04-19 20:00:00,25.2666666666667,22.6033333333333,1.67,0.0,16.7,45,100,10.2,243,18.2,18.3,16.7,0.0,0.0,0.07,17.0,58.0,630.0,0.0,4.0,349.0,0.0,100180.0,15.8,57,91,7.7,208,14.8,17.0,17.9,0.0
2025-04-19 21:00:00,25.26,22.5766666666667,1.67,0.0,16.2,45,100,10.3,234,17.6,18.3,16.7,0.0,0.0,0.07,17.0,55.0,0.0,0.0,3.0,312.0,0.0,100280.0,15.3,54,99,7.2,207,14.3,16.4,17.7,0.0
2025-04-19 22:00:00,25.2533333333333,22.5366666666667,1.67,0.0,15.8,48,100,11.0,231,17.2,18.2,16.7,0.0,0.0,0.06,16.0,52.0,0.0,0.0,2.0,282.0,0.0,100340.0,14.9,57,96,6.8,205,13.8,16.0,17.6,0.0
2025-04-19 23:00:00,25.25,22.51,1.67,0.0,15.4,56,100,8.6,240,16.9,18.1,16.7,0.0,0.0,0.04,16.0,58.0,0.0,0.0,2.0,252.0,0.0,100340.0,14.6,62,100,6.6,209,13.5,15.6,17.4,0.0
2025-04-20 00:00:00,25.24,22.4933333333333,1.67,0.0,14.8,62,100,9.9,232,16.5,18.0,16.8,0.1,0.1,0.04,,,,,,,,,14.4,65,100,6.7,216,13.5,15.5,17.2,0.0
2025-04-20 01:00:00,25.2333333333333,22.4866666666667,1.67,0.0,15.0,61,100,9.3,226,16.6,17.9,16.8,0.0,0.0,0.04,16.0,56.0,0.0,0.0,2.0,222.0,0.0,100330.0,14.1,69,94,7.1,221,13.4,15.2,17.1,0.0
2025-04-20 02:00:00,25.23,22.48,1.67,0.0,14.7,60,95,10.7,214,16.2,17.8,16.8,0.0,0.0,0.04,15.0,59.0,0.0,0.0,2.0,234.0,0.0,100370.0,13.7,73,78,7.7,217,12.9,14.9,16.9,0.0
2025-04-20 03:00:00,25.22,22.4766666666667,1.67,0.0,13.9,61,63,10.9,218,15.8,17.6,16.8,0.0,0.0,0.04,15.0,61.0,0.0,0.0,0.0,228.0,0.0,100360.0,13.4,73,78,6.8,212,12.4,14.7,16.7,0.0
2025-04-20 04:00:00,25.2133333333333,22.46,1.67,0.0,12.9,64,81,11.1,222,15.3,17.5,16.8,0.0,0.0,0.04,15.0,63.0,0.0,0.0,1.0,264.0,0.0,100340.0,13.2,73,72,6.1,220,12.4,14.4,16.5,0.0
2025-04-20 05:00:00,25.2033333333333,22.45,1.67,0.0,12.8,65,9,9.3,247,15.0,17.3,16.8,0.0,0.0,0.03,14.0,64.0,0.0,0.0,0.0,234.0,0.0,100290.0,12.8,73,78,5.9,218,11.8,14.1,16.3,0.0
2025-04-20 06:00:00,25.1933333333333,22.4266666666667,1.67,0.0,11.7,72,1,6.2,249,14.4,17.1,16.8,0.0,0.0,0.03,14.0,65.0,0.0,0.0,0.0,252.0,0.0,100290.0,12.6,72,79,5.9,223,11.7,13.8,16.1,0.0
2025-04-20 07:00:00,25.1866666666667,22.4233333333333,1.67,0.0,13.7,68,0,6.7,246,14.6,17.0,16.8,0.0,0.0,0.07,13.0,68.0,0.0,0.0,0.0,210.0,0.0,100280.0,13.6,74,62,7.1,225,14.7,13.9,16.0,0.0
2025-04-20 08:00:00,25.1733333333333,22.4033333333333,1.67,0.0,15.5,59,11,8.9,250,15.6,16.8,16.8,0.0,0.0,0.18,12.0,71.0,423.0,0.0,1.0,204.0,0.0,100280.0,15.4,63,52,12.9,257,18.5,15.0,15.9,0.0
2025-04-20 09:00:00,25.1366666666667,22.36,1.67,0.0,16.9,52,10,13.2,245,16.9,16.8,16.8,0.0,0.0,0.29,13.0,66.0,7794.0,0.0,2.0,240.0,0.0,100350.0,17.0,54,74,14.2,263,19.5,16.6,15.9,0.0
2025-04-20 10:00:00,25.08,22.2866666666667,1.67,0.0,18.2,44,14,18.5,260,18.3,16.9,16.8,0.0,0.0,0.41,16.0,52.0,35123.0,2.0,4.0,282.0,0.0,100400.0,18.2,47,74,18.4,276,22.0,17.6,16.0,0.0
2025-04-20 11:00:00,25.02,22.1966666666667,1.67,0.0,19.6,36,81,21.4,271,19.5,17.0,16.8,0.0,0.0,0.5,17.0,38.0,24345.0,2.0,4.0,291.0,0.0,100430.0,19.2,41,96,20.9,285,22.6,18.8,16.2,0.0
2025-04-20 12:00:00,24.9566666666667,22.09,1.67,0.0,20.1,33,90,21.1,284,20.2,17.2,16.8,0.0,0.0,0.48,18.0,35.0,84434.0,6.0,4.0,258.0,0.0,100420.0,18.6,43,97,24.4,301,18.3,19.1,16.5,0.0
2025-04-20 13:00:00,24.88,21.97,1.67,0.0,19.8,35,20,25.8,300,20.6,17.2,16.8,0.0,0.0,0.47,19.0,36.0,107369.0,9.0,4.0,304.0,0.0,100420.0,19.9,36,44,22.7,306,25.6,19.5,16.7,0.0
2025-04-20 14:00:00,24.81,21.8666666666667,1.67,0.0,20.6,35,16,22.6,302,21.3,17.4,16.8,0.0,0.0,0.54,19.0,34.0,33878.0,3.0,4.0,349.0,0.0,100400.0,19.5,41,62,27.0,312,19.6,20.5,16.9,0.0
2025-04-20 15:00:00,24.74,21.7166666666667,1.67,0.0,19.8,43,8,21.9,305,21.3,17.6,16.8,0.1,0.1,0.44,20.0,35.0,119180.0,10.0,7.0,352.0,0.0,100370.0,19.6,48,69,24.7,313,23.5,20.1,17.2,0.0
2025-04-20 16:00:00,24.6533333333333,21.5633333333333,1.67,0.0,19.3,46,17,18.7,305,21.1,17.8,16.8,0.0,0.0,0.35,20.0,40.0,100065.0,7.0,7.0,336.0,0.0,100350.0,19.2,52,60,25.6,305,21.4,20.2,17.4,0.0
2025-04-20 17:00:00,24.5866666666667,21.4266666666667,1.67,0.0,18.6,49,8,17.6,309,20.5,18.0,16.8,0.0,0.0,0.25,20.0,43.0,60098.0,5.0,8.0,348.0,0.0,100330.0,18.6,54,0,22.8,301,19.3,19.8,17.6,0.0
2025-04-20 18:00:00,24.53,21.3,1.67,0.0,17.4,56,1,8.1,306,19.5,18.1,16.8,0.0,0.0,0.11,20.0,46.0,63753.0,4.0,6.0,328.0,0.0,100320.0,17.9,52,0,19.2,296,17.0,19.2,17.7,0.0
2025-04-20 19:00:00,24.4833333333333,21.22,1.67,0.0,15.3,62,0,7.4,290,18.1,18.1,16.8,0.0,0.0,0.05,19.0,48.0,41424.0,2.0,4.0,1.0,0.0,100340.0,16.7,56,0,12.0,277,14.7,18.0,17.7,0.0
2025-04-20 20:00:00,24.4633333333333,21.18,1.67,0.0,14.8,65,10,7.7,279,17.0,18.1,16.8,0.0,0.0,0.02,19.0,50.0,9728.0,0.0,5.0,340.0,0.0,100340.0,15.3,60,0,6.6,257,13.2,16.9,17.7,0.0
2025-04-20 21:00:00,24.46,21.1333333333333,1.67,0.0,14.4,69,26,7.4,259,16.2,17.9,16.8,0.0,0.0,0.02,18.0,50.0,932.0,0.0,2.0,251.0,0.0,100400.0,13.9,66,17,5.8,202,12.1,15.8,17.5,0.0
2025-04-20 22:00:00,24.4533333333333,21.1066666666667,1.67,0.0,13.9,73,99,10.3,229,15.7,17.8,16.8,0.0,0.0,0.02,17.0,54.0,0.0,0.0,2.0,270.0,0.0,100510.0,13.2,72,82,5.6,195,11.6,15.0,17.3,0.0
2025-04-20 23:00:00,24.45,21.09,1.67,0.0,13.5,76,96,10.7,231,15.3,17.6,16.8,0.0,0.0,0.02,15.0,61.0,0.0,0.0,2.0,223.0,0.0,100570.0,12.7,75,60,5.9,194,11.2,14.4,17.1,0.0
2025-04-21 00:00:00,24.44,21.09,1.67,0.0,13.0,78,33,9.7,230,14.9,17.5,16.8,0.0,0.0,0.01,16.0,56.0,0.0,0.0,0.0,218.0,0.0,100600.0,12.4,76,19,6.5,186,10.8,14.0,16.9,0.0
2025-04-21 01:00:00,24.4366666666667,21.0866666666667,1.67,0.0,13.4,75,15,7.3,233,15.4,17.3,16.8,0.0,0.0,0.01,15.0,60.0,0.0,0.0,1.0,246.0,0.0,100600.0,12.2,78,31,6.2,190,10.6,13.6,16.7,0.0
2025-04-21 02:00:00,24.43,21.0666666666667,1.67,0.0,12.8,77,25,6.4,239,14.8,17.2,16.8,0.0,0.0,0.0,15.0,62.0,0.0,0.0,0.0,261.0,0.0,100610.0,12.0,80,35,5.7,198,10.4,13.2,16.4,0.0
2025-04-21 03:00:00,24.4233333333333,21.0466666666667,1.67,0.0,12.7,78,24,6.3,231,14.4,17.0,16.8,0.0,0.0,0.0,14.0,65.0,0.0,0.0,0.0,234.0,0.0,100590.0,12.0,82,28,5.5,191,10.3,13.1,16.2,0.0
2025-04-21 04:00:00,24.4166666666667,21.0566666666667,1.67,0.0,12.3,79,12,6.8,217,14.0,16.8,16.8,0.0,0.0,0.0,14.0,64.0,0.0,0.0,0.0,258.0,0.0,100580.0,11.7,84,37,5.9,191,10.1,12.8,15.9,0.0
2025-04-21 05:00:00,24.41,21.0266666666667,1.67,0.0,12.1,79,12,7.2,214,13.7,16.7,16.8,0.0,0.0,0.0,13.0,67.0,0.0,0.0,1.0,216.0,0.0,100600.0,11.5,85,33,5.6,195,9.9,12.6,15.7,0.0
2025-04-21 06:00:00,24.4,21.01,1.67,0.0,12.4,76,16,8.3,216,13.5,16.5,16.8,0.0,0.0,0.03,12.0,75.0,0.0,0.0,2.0,192.0,0.0,100590.0,11.7,83,39,5.2,196,10.5,12.5,15.5,0.0
2025-04-21 07:00:00,24.3966666666667,20.9966666666667,1.67,0.0,14.7,69,11,9.7,215,14.1,16.3,16.8,0.0,0.0,0.08,13.0,70.0,0.0,0.0,1.0,228.0,0.0,100630.0,13.6,79,10,4.8,207,15.2,12.9,15.3,0.0
2025-04-21 08:00:00,24.39,20.9933333333333,1.67,0.0,17.0,58,3,10.7,225,15.4,16.2,16.8,0.0,0.0,0.19,11.0,76.0,1194.0,0.0,0.0,264.0,0.0,100670.0,16.7,63,0,7.4,231,20.6,14.7,15.2,0.0
2025-04-21 09:00:00,24.3666666666667,20.9766666666667,1.67,0.0,18.5,52,1,11.4,244,17.0,16.3,16.8,0.0,0.0,0.31,13.0,75.0,10376.0,1.0,0.0,264.0,0.0,100720.0,19.2,53,22,8.0,252,24.5,17.2,15.3,0.0
2025-04-21 10:00:00,24.3233333333333,20.8866666666667,1.67,0.0,19.7,50,0,7.8,250,18.8,16.4,16.8,0.0,0.0,0.42,16.0,59.0,35060.0,2.0,4.0,308.0,0.0,100770.0,20.7,47,17,7.6,270,26.9,19.2,15.6,0.0
2025-04-21 11:00:00,24.27,20.61,1.67,0.0,20.9,47,39,4.2,264,20.6,16.6,16.8,0.0,0.0,0.52,18.0,50.0,65768.0,5.0,2.0,334.0,0.0,100770.0,21.8,43,58,6.4,317,27.4,20.6,16.0,0.0
2025-04-21 12:00:00,24.26,25.64,1.67,20.9,22.0,42,51,1.8,315,22.2,16.9,16.8,0.0,0.0,0.54,20.0,46.0,87093.0,6.0,3.0,254.0,0.0,100760.0,22.3,43,80,12.0,353,29.5,22.1,16.5,0.0
2025-04-21 13:00:00,24.8366666666667,26.3333333333333,1.67,0.0,22.0,42,1,9.6,25,22.9,17.2,16.8,0.0,0.0,0.48,20.0,43.0,102313.0,9.0,1.0,307.0,0.0,100720.0,21.7,46,15,16.3,8,27.8,22.8,17.0,0.0
2025-04-21 14:00:00,25.53,26.1566666666667,1.67,0.0,21.4,49,1,15.1,15,23.4,17.5,16.8,0.0,0.0,0.53,21.0,40.0,67394.0,7.0,2.0,54.0,0.0,100660.0,21.7,50,0,15.5,12,28.4,23.4,17.5,0.0
2025-04-21 15:00:00,25.8933333333333,25.8933333333333,1.67,0.0,20.4,54,0,14.9,16,23.3,17.9,16.8,0.0,0.0,0.44,22.0,36.0,111316.0,9.0,1.0,259.0,0.0,100600.0,21.5,51,0,16.1,20,26.8,23.7,17.9,0.0
2025-04-21 16:00:00,26.0466666666667,25.6466666666667,1.67,0.0,19.8,57,0,12.8,29,22.9,18.2,16.8,0.0,0.0,0.34,21.0,51.0,92299.0,8.0,4.0,42.0,0.0,100580.0,20.5,55,0,15.8,17,24.0,23.2,18.3,0.0
2025-04-21 17:00:00,26.11,25.4366666666667,1.67,0.0,18.9,59,0,12.5,36,22.1,18.4,16.8,0.0,0.0,0.23,20.0,56.0,78136.0,6.0,5.0,54.0,0.0,100540.0,19.4,61,0,14.2,21,21.1,22.2,18.6,0.0
2025-04-21 18:00:00,26.13,25.2666666666667,1.67,0.0,17.4,66,0,10.6,41,20.8,18.5,16.8,0.0,0.0,0.12,20.0,53.0,54188.0,3.0,3.0,54.0,0.0,100520.0,18.2,69,0,12.6,31,18.1,21.0,18.8,0.0
2025-04-21 19:00:00,26.13,25.1266666666667,1.67,0.0,15.0,81,0,5.7,50,19.3,18.6,16.8,0.0,0.0,0.02,19.0,61.0,7648.0,0.0,1.0,44.0,0.0,100530.0,16.5,77,0,7.1,41,15.1,19.3,18.8,0.0
2025-04-21 20:00:00,26.1366666666667,25.0166666666667,1.67,0.0,14.0,88,0,1.9,43,17.8,18.5,16.8,0.0,0.0,0.0,18.0,66.0,7034.0,0.0,2.0,43.0,0.0,100530.0,15.2,87,0,3.7,29,13.6,17.8,18.8,0.0
2025-04-21 21:00:00,26.14,24.97,1.67,0.0,13.3,91,0,2.3,317,16.7,18.4,16.8,0.0,0.0,0.0,16.0,75.0,328.0,0.0,2.0,60.0,0.0,100550.0,14.4,89,0,1.8,307,11.8,16.5,18.6,0.0
2025-04-21 22:00:00,26.15,24.9133333333333,1.67,0.0,12.8,91,0,1.9,286,15.8,18.3,16.8,0.0,0.0,0.0,14.0,79.0,0.0,0.0,0.0,48.0,0.0,100640.0,13.5,93,0,1.9,248,10.9,15.4,18.3,0.0
2025-04-21 23:00:00,26.15,24.8366666666667,1.67,0.0,12.4,90,0,1.3,274,15.0,18.1,16.8,0.0,0.0,0.0,13.0,86.0,0.0,0.0,0.0,114.0,0.0,100680.0,12.8,95,1,2.8,230,10.4,14.6,18.0,0.0
2025-04-22 00:00:00,26.1466666666667,24.8066666666667,1.67,0.0,12.0,86,0,3.1,172,14.5,17.8,16.9,0.0,0.0,0.0,12.0,87.0,0.0,0.0,0.0,166.0,0.0,100700.0,11.7,96,2,2.9,187,10.3,14.0,17.6,0.0
2025-04-22 01:00:00,26.1333333333333,24.7566666666667,1.67,0.0,12.0,86,0,1.5,280,14.2,17.6,16.9,0.0,0.0,0.0,12.0,90.0,0.0,0.0,0.0,176.0,0.0,100700.0,11.1,95,6,3.3,167,10.1,13.6,17.3,0.0
2025-04-22 02:00:00,26.1233333333333,24.6866666666667,1.67,0.0,11.7,86,0,2.4,268,13.7,17.4,16.9,0.0,0.0,0.0,11.0,91.0,0.0,0.0,1.0,169.0,0.0,100660.0,10.6,95,66,3.1,159,10.3,13.3,17.0,0.0
2025-04-22 03:00:00,26.1133333333333,24.6466666666667,1.67,0.0,11.2,85,0,3.8,220,13.3,17.1,16.9,0.0,0.0,0.0,11.0,93.0,0.0,0.0,0.0,178.0,0.0,100620.0,10.3,95,9,3.4,198,9.7,13.1,16.7,0.0
2025-04-22 04:00:00,26.0966666666667,24.63,1.67,0.0,10.7,84,0,4.8,216,12.9,16.9,16.9,0.0,0.0,0.0,9.0,94.0,0.0,0.0,0.0,179.0,0.0,100600.0,10.1,95,100,3.7,209,9.3,12.7,16.4,0.0
2025-04-22 05:00:00,26.0833333333333,24.59,1.67,0.0,10.5,84,5,5.7,242,12.6,16.6,16.9,0.0,0.0,0.0,10.0,95.0,0.0,0.0,0.0,173.0,0.0,100560.0,10.3,92,59,3.1,201,9.0,12.4,16.1,0.0
2025-04-22 06:00:00,26.0633333333333,24.5366666666667,1.67,0.0,11.1,82,3,6.3,239,12.5,16.4,16.8,0.0,0.0,0.02,11.0,95.0,0.0,0.0,0.0,204.0,0.0,100580.0,10.3,89,92,3.3,186,9.5,12.0,15.8,0.0
2025-04-22 07:00:00,26.0533333333333,24.4866666666667,1.67,0.0,14.1,74,3,8.8,241,13.3,16.2,16.8,0.0,0.0,0.07,9.0,95.0,0.0,0.0,0.0,178.0,0.0,100590.0,12.3,83,77,2.7,203,14.6,12.5,15.6,0.0
2025-04-22 08:00:00,26.0366666666667,24.4733333333333,1.67,0.0,17.2,64,0,7.8,243,14.9,16.1,16.8,0.0,0.0,0.18,9.0,95.0,2705.0,0.0,0.0,192.0,0.0,100620.0,16.2,68,7,5.4,233,20.7,14.5,15.4,0.0
2025-04-22 09:00:00,26.0166666666667,24.4266666666667,1.67,0.0,19.4,54,0,8.2,260,16.8,16.1,16.8,0.0,0.0,0.31,13.0,86.0,10876.0,1.0,0.0,204.0,0.0,100700.0,19.2,62,21,7.1,246,24.6,16.9,15.5,0.0
2025-04-22 10:00:00,25.97,24.3366666666667,1.67,0.0,21.1,49,0,7.2,273,18.9,16.2,16.8,0.0,0.0,0.43,17.0,65.0,40861.0,2.0,3.0,244.0,0.0,100730.0,21.5,51,29,7.6,270,27.4,19.1,15.7,0.0
2025-04-22 11:00:00,25.9133333333333,24.2433333333333,1.67,0.0,22.4,46,0,5.2,306,20.8,16.4,16.8,0.0,0.0,0.53,19.0,53.0,70044.0,5.0,4.0,288.0,0.0,100770.0,23.2,43,73,7.8,304,29.6,21.1,16.1,0.0
2025-04-22 12:00:00,25.83,24.1333333333333,1.67,0.0,22.9,46,11,9.9,3,22.4,16.8,16.8,0.0,0.0,0.58,21.0,52.0,91265.0,8.0,2.0,269.0,0.0,100740.0,23.0,43,100,14.1,347,29.2,22.6,16.6,0.0
2025-04-22 13:00:00,25.7433333333333,23.9833333333333,1.67,0.0,22.7,43,100,14.5,12,23.2,17.1,16.8,0.0,0.0,0.57,22.0,44.0,106490.0,8.0,4.0,348.0,0.0,100710.0,22.6,42,100,15.8,360,28.2,23.3,17.2,0.0
2025-04-22 14:00:00,25.6466666666667,23.8233333333333,1.67,0.0,22.6,45,93,11.6,14,23.6,17.5,16.8,0.0,0.0,0.52,22.0,48.0,105547.0,9.0,4.0,39.0,0.0,100690.0,22.5,48,72,15.1,3,28.2,23.6,17.7,0.0
2025-04-22 15:00:00,25.55,23.68,1.67,0.0,22.4,46,43,11.3,20,23.7,17.8,16.8,0.0,0.0,0.46,21.0,52.0,117230.0,10.0,4.0,42.0,0.0,100690.0,22.0,52,40,14.8,357,26.6,23.7,18.1,0.0
2025-04-22 16:00:00,25.4566666666667,23.5266666666667,1.67,0.0,21.8,48,3,10.9,17,23.4,18.1,16.8,0.0,0.0,0.37,22.0,52.0,95548.0,8.0,4.0,54.0,0.0,100670.0,21.5,56,0,11.9,360,25.4,23.5,18.5,0.0
2025-04-22 17:00:00,25.3666666666667,23.3966666666667,1.67,0.0,21.0,51,1,8.3,20,22.6,18.4,16.8,0.0,0.0,0.25,22.0,52.0,74957.0,4.0,2.0,48.0,0.0,100640.0,20.9,58,0,8.3,5,22.9,22.9,18.9,0.0
2025-04-22 18:00:00,25.2966666666667,23.3,1.67,0.0,19.4,61,0,5.3,55,21.5,18.6,16.8,0.0,0.0,0.11,22.0,51.0,49519.0,3.0,3.0,80.0,0.0,100640.0,20.4,59,4,6.1,40,19.7,21.9,19.1,0.0
2025-04-22 19:00:00,25.2366666666667,23.1966666666667,1.67,0.0,16.6,73,0,5.4,82,19.9,18.7,16.9,0.0,0.0,0.03,21.0,54.0,8102.0,1.0,4.0,20.0,0.0,100670.0,18.4,69,21,5.2,65,16.2,20.3,19.2,0.0
2025-04-22 20:00:00,25.2033333333333,23.1733333333333,1.67,0.0,15.5,75,0,4.7,107,18.5,18.7,16.9,0.0,0.0,0.0,19.0,60.0,5197.0,0.0,2.0,48.0,0.0,100710.0,16.9,77,32,4.0,63,14.9,18.7,19.1,0.0
2025-04-22 21:00:00,25.1833333333333,23.1466666666667,1.67,0.0,15.0,71,0,3.1,137,17.4,18.6,16.9,0.0,0.0,0.0,18.0,65.0,97.0,0.0,0.0,93.0,0.0,100730.0,15.5,81,38,2.9,97,13.7,17.4,19.0,0.0
2025-04-22 22:00:00,25.17,23.13,1.67,0.0,14.9,65,5,1.7,152,16.4,18.4,16.9,0.0,0.0,0.0,16.0,70.0,0.0,0.0,0.0,97.0,0.0,100790.0,14.7,82,13,2.4,117,12.8,16.6,18.7,0.0
2025-04-22 23:00:00,25.16,23.0933333333333,1.67,0.0,14.7,64,5,0.6,112,15.7,18.3,16.9,0.0,0.0,0.0,15.0,71.0,0.0,0.0,0.0,168.0,0.0,100840.0,14.0,79,0,2.3,108,11.7,15.7,18.5,0.0
2025-04-23 00:00:00,25.1466666666667,23.0633333333333,1.67,0.0,14.3,64,0,0.7,90,15.1,18.1,16.9,0.0,0.0,0.0,14.0,76.0,0.0,0.0,0.0,66.0,0.0,100890.0,12.8,73,0,3.4,162,11.0,15.0,18.2,0.0
2025-04-23 01:00:00,25.13,23.0433333333333,1.67,0.0,13.8,72,0,0.8,78,15.1,17.9,16.9,0.0,0.0,0.0,14.0,74.0,0.0,0.0,2.0,101.0,0.0,100890.0,12.1,76,0,3.2,180,10.6,14.4,17.9,0.0
2025-04-23 02:00:00,25.12,23.0333333333333,1.67,0.0,13.4,69,0,2.2,150,14.5,17.7,16.9,0.0,0.0,0.0,14.0,70.0,0.0,0.0,2.0,138.0,0.0,100880.0,11.1,81,0,3.3,193,9.9,13.9,17.5,0.0
2025-04-23 03:00:00,25.1033333333333,23.03,1.67,0.0,13.3,66,0,2.0,118,14.0,17.5,16.9,0.0,0.0,0.0,12.0,77.0,0.0,0.0,0.0,139.0,0.0,100860.0,10.0,86,0,3.6,186,9.0,13.2,17.2,0.0
2025-04-23 04:00:00,25.0966666666667,23.0266666666667,1.67,0.0,13.0,64,0,1.8,126,13.5,17.2,16.9,0.0,0.0,0.0,11.0,83.0,0.0,0.0,0.0,139.0,0.0,100880.0,9.5,90,0,3.3,186,8.6,12.7,16.9,0.0
2025-04-23 05:00:00,25.0833333333333,23.0066666666667,1.67,0.0,12.9,63,0,0.5,60,13.1,17.0,16.9,0.0,0.0,0.0,12.0,80.0,0.0,0.0,2.0,170.0,0.0,100830.0,9.2,91,3,2.2,189,8.0,12.2,16.5,0.0
2025-04-23 06:00:00,25.0733333333333,22.9833333333333,1.67,0.0,13.2,64,0,1.3,70,12.9,16.8,16.9,0.0,0.0,0.01,10.0,87.0,0.0,0.0,0.0,330.0,0.0,100820.0,9.3,91,3,3.1,201,8.8,11.9,16.2,0.0
2025-04-23 07:00:00,25.0633333333333,22.9633333333333,1.67,0.0,15.9,58,0,2.1,46,13.8,16.6,16.9,0.0,0.0,0.06,9.0,87.0,0.0,0.0,1.0,171.0,0.0,100850.0,11.4,86,0,1.6,207,14.6,12.4,15.9,0.0
2025-04-23 08:00:00,25.0566666666667,22.95,1.67,0.0,18.3,56,0,6.0,30,15.5,16.5,16.9,0.0,0.0,0.19,10.0,87.0,3840.0,0.0,0.0,192.0,0.0,100900.0,17.0,62,0,1.9,338,21.3,14.4,15.7,0.0
2025-04-23 09:00:00,25.03,22.9,1.67,0.0,20.5,48,0,11.8,35,17.4,16.5,16.9,0.0,0.0,0.34,15.0,72.0,18760.0,1.0,1.0,239.0,0.0,100920.0,20.4,53,0,9.0,29,25.4,17.2,15.8,0.0
2025-04-23 10:00:00,24.99,22.8133333333333,1.67,0.0,22.0,44,0,15.9,36,19.3,16.6,16.9,0.0,0.0,0.47,19.0,61.0,48448.0,3.0,1.0,24.0,0.0,100920.0,22.0,50,0,14.8,34,27.1,19.4,16.0,0.0
2025-04-23 11:00:00,24.9233333333333,22.6966666666667,1.67,0.0,22.6,41,0,18.6,37,20.9,16.8,16.9,0.0,0.0,0.55,21.0,52.0,75551.0,6.0,2.0,75.0,0.0,100930.0,22.9,47,0,18.0,37,28.5,21.1,16.4,0.0
2025-04-23 12:00:00,24.84,22.56,1.67,0.0,22.9,41,0,20.7,40,22.2,17.1,16.9,0.0,0.0,0.6,22.0,48.0,94660.0,8.0,4.0,66.0,0.0,100910.0,22.7,48,0,22.0,35,27.9,21.9,16.8,0.0
2025-04-23 13:00:00,24.74,22.4,1.67,0.0,22.5,47,0,21.0,44,22.8,17.3,16.9,0.0,0.0,0.58,22.0,53.0,106150.0,7.0,5.0,48.0,0.0,100880.0,22.9,48,0,24.1,38,27.8,22.7,17.3,0.0
2025-04-23 14:00:00,24.6433333333333,22.23,1.67,0.0,22.3,49,0,21.4,49,23.3,17.6,16.9,0.0,0.0,0.54,22.0,53.0,108870.0,9.0,5.0,48.0,0.0,100810.0,22.7,50,0,24.5,40,27.1,23.2,17.7,0.0
2025-04-23 15:00:00,24.5466666666667,22.0566666666667,1.67,0.0,22.3,50,0,20.3,53,23.4,18.0,16.9,0.0,0.0,0.48,23.0,53.0,103305.0,8.0,5.0,60.0,0.0,100740.0,22.1,55,2,22.4,37,25.9,23.2,18.1,0.0
2025-04-23 16:00:00,24.46,21.8666666666667,1.67,0.0,21.7,53,0,19.2,54,23.1,18.2,16.9,0.0,0.0,0.38,23.0,53.0,89454.0,7.0,6.0,36.0,0.0,100690.0,21.4,57,0,21.0,38,23.7,22.7,18.5,0.0
2025-04-23 17:00:00,24.3733333333333,21.7066666666667,1.67,0.0,20.4,61,0,17.4,52,22.4,18.5,16.9,0.0,0.0,0.25,23.0,55.0,70461.0,5.0,6.0,19.0,0.0,100640.0,20.5,60,0,18.4,42,21.5,21.9,18.7,0.0
2025-04-23 18:00:00,24.3066666666667,21.5733333333333,1.67,0.0,18.8,67,0,15.5,47,21.3,18.6,16.9,0.0,0.0,0.13,22.0,52.0,43904.0,3.0,4.0,64.0,0.0,100640.0,19.1,68,0,16.0,36,18.6,20.9,18.9,0.0
2025-04-23 19:00:00,24.2533333333333,21.4733333333333,1.67,0.0,16.9,72,0,10.1,51,19.9,18.7,16.9,0.0,0.0,0.05,21.0,58.0,18086.0,1.0,4.0,24.0,0.0,100650.0,17.4,76,0,9.8,17,15.8,19.5,18.9,0.0
2025-04-23 20:00:00,24.2233333333333,21.4,1.67,0.0,15.6,79,0,6.0,36,18.7,18.7,16.9,0.0,0.0,0.0,19.0,65.0,4414.0,0.0,3.0,60.0,0.0,100650.0,16.1,84,0,5.2,348,14.6,18.2,18.9,0.0
2025-04-23 21:00:00,24.22,21.3533333333333,1.67,0.0,14.7,86,0,3.5,359,17.6,18.6,16.9,0.0,0.0,0.0,18.0,68.0,0.0,0.0,2.0,88.0,0.0,100690.0,15.1,88,0,3.3,283,13.6,17.1,18.7,0.0
2025-04-23 22:00:00,24.21,21.34,1.67,0.0,14.5,87,0,4.0,313,16.8,18.5,16.9,0.0,0.0,0.0,17.0,75.0,0.0,0.0,2.0,30.0,0.0,100750.0,14.2,92,1,3.4,252,12.9,16.3,18.5,0.0
2025-04-23 23:00:00,24.2066666666667,21.34,1.67,0.0,14.2,87,0,7.9,277,16.3,18.4,16.9,0.0,0.0,0.0,15.0,80.0,0.0,0.0,0.0,26.0,0.0,100790.0,13.6,93,2,3.6,233,12.5,15.7,18.2,0.0
2025-04-24 00:00:00,24.1966666666667,21.3266666666667,1.67,0.0,13.7,89,0,8.0,260,15.9,18.2,16.9,0.0,0.0,0.0,14.0,85.0,0.0,0.0,0.0,192.0,0.0,100790.0,13.3,93,0,3.7,209,12.1,15.2,18.0,0.0
2025-04-24 01:00:00,24.1866666666667,21.3233333333333,1.67,0.0,13.6,89,0,6.9,252,15.7,18.0,17.0,0.0,0.0,0.0,13.0,87.0,0.0,0.0,0.0,180.0,0.0,100780.0,12.9,93,0,3.0,194,11.7,14.8,17.7,0.0
2025-04-24 02:00:00,24.1766666666667,21.2966666666667,1.67,0.0,13.2,90,0,7.4,253,15.3,17.9,17.0,0.0,0.0,0.0,12.0,90.0,0.0,0.0,0.0,170.0,0.0,100740.0,12.6,93,0,2.5,180,11.3,14.4,17.4,0.0
2025-04-24 03:00:00,24.17,21.28,1.67,0.0,12.9,92,0,12.0,260,15.0,17.7,17.0,0.0,0.0,0.0,13.0,91.0,0.0,0.0,0.0,164.0,0.0,100670.0,12.5,91,0,2.2,180,10.6,14.0,17.1,0.0
2025-04-24 04:00:00,24.16,21.28,1.67,0.0,12.7,91,0,11.7,255,14.8,17.5,17.0,0.0,0.0,0.0,12.0,93.0,0.0,0.0,0.0,294.0,0.0,100630.0,11.8,94,1,2.7,203,10.5,13.6,16.9,0.0
2025-04-24 05:00:00,24.15,21.2633333333333,1.67,0.0,12.7,87,0,10.5,261,14.5,17.3,17.0,0.0,0.0,0.0,11.0,94.0,0.0,0.0,0.0,186.0,0.0,100620.0,11.0,97,34,3.4,198,10.3,13.3,16.6,0.0
2025-04-24 06:00:00,24.14,21.2633333333333,1.67,0.0,13.0,84,0,10.2,262,14.4,17.2,17.0,0.0,0.0,0.03,11.0,94.0,0.0,0.0,1.0,192.0,0.0,100600.0,10.8,98,50,5.2,205,11.0,13.1,16.3,0.0
2025-04-24 07:00:00,24.1333333333333,21.2566666666667,1.67,0.0,15.5,76,0,9.2,255,15.0,17.0,17.0,0.0,0.0,0.07,11.0,95.0,74.0,0.0,0.0,186.0,0.0,100610.0,13.5,92,0,4.6,198,16.2,13.6,16.1,0.0
2025-04-24 08:00:00,24.1266666666667,21.2533333333333,1.67,0.0,18.3,65,0,7.2,263,16.4,16.9,17.0,0.0,0.0,0.19,11.0,95.0,6360.0,0.0,0.0,186.0,0.0,100650.0,17.2,80,0,5.4,222,21.8,15.6,16.0,0.0
2025-04-24 09:00:00,24.11,21.2233333333333,1.67,0.0,20.3,58,0,5.8,288,18.3,17.0,17.0,0.0,0.0,0.31,16.0,83.0,22512.0,1.0,2.0,224.0,0.0,100680.0,19.9,73,0,2.9,277,24.7,17.9,16.1,0.0
2025-04-24 10:00:00,24.06,21.1333333333333,1.67,0.0,22.1,55,0,5.1,322,20.3,17.1,17.0,0.0,0.0,0.44,18.0,73.0,48814.0,3.0,0.0,330.0,0.0,100690.0,22.2,65,0,4.6,342,27.6,19.8,16.3,0.0
2025-04-24 11:00:00,23.9866666666667,21.0,1.67,0.0,23.3,56,0,7.0,5,22.2,17.4,17.0,0.0,0.0,0.53,20.0,61.0,74607.0,5.0,0.0,357.0,0.0,100670.0,23.3,66,14,9.8,6,30.3,21.8,16.7,0.0
2025-04-24 12:00:00,23.9066666666667,20.83,1.67,0.0,23.5,59,0,11.4,23,23.6,17.7,17.0,0.0,0.0,0.57,22.0,58.0,93050.0,9.0,2.0,60.0,0.0,100640.0,23.1,61,0,13.6,11,29.8,23.0,17.2,0.0
2025-04-24 13:00:00,23.8033333333333,20.63,1.67,0.0,23.1,57,76,13.7,21,24.3,18.1,17.0,0.0,0.0,0.56,23.0,57.0,103424.0,7.0,2.0,356.0,0.0,100570.0,23.4,58,0,15.5,18,29.6,23.9,17.7,0.0
2025-04-24 14:00:00,23.6966666666667,20.41,1.67,0.0,23.0,57,90,12.0,22,24.8,18.4,17.0,0.0,0.0,0.53,23.0,58.0,104099.0,9.0,4.0,30.0,0.0,100560.0,23.3,57,5,15.8,21,28.9,24.3,18.3,0.0
2025-04-24 15:00:00,23.6,20.1866666666667,1.67,0.0,22.8,56,100,11.8,25,24.8,18.8,17.0,0.0,0.0,0.45,23.0,53.0,96501.0,8.0,5.0,36.0,0.0,100490.0,22.4,60,59,16.8,23,26.7,24.1,18.7,0.0
2025-04-24 16:00:00,23.5133333333333,19.99,1.67,0.0,21.5,60,100,13.0,23,24.1,19.1,17.0,0.0,0.0,0.31,23.0,54.0,85449.0,7.0,5.0,36.0,0.0,100430.0,21.6,61,100,14.7,25,23.9,23.5,19.1,0.0
2025-04-24 17:00:00,23.4366666666667,19.85,1.67,0.0,20.1,65,98,11.2,26,23.2,19.3,17.0,0.0,0.0,0.21,22.0,54.0,67396.0,4.0,3.0,39.0,0.0,100370.0,20.3,70,100,12.8,22,21.5,22.4,19.4,0.0
2025-04-24 18:00:00,23.38,19.72,1.67,0.0,18.7,73,100,7.2,19,22.0,19.5,17.0,0.0,0.0,0.1,21.0,66.0,28608.0,1.0,3.0,38.0,0.0,100350.0,18.8,71,100,9.4,7,18.5,21.1,19.5,0.0
2025-04-24 19:00:00,23.36,19.6733333333333,1.67,0.0,16.7,85,100,3.4,356,20.6,19.5,17.0,0.0,0.0,0.02,20.0,74.0,10252.0,0.0,3.0,54.0,0.0,100360.0,17.4,78,78,4.6,342,15.7,19.6,19.5,0.0
2025-04-24 20:00:00,23.36,19.6233333333333,1.67,0.0,16.4,87,100,0.7,294,19.4,19.5,17.0,0.0,0.0,0.0,18.0,82.0,3374.0,0.0,2.0,18.0,0.0,100380.0,16.4,82,100,4.0,360,14.8,18.3,19.3,0.0
2025-04-24 21:00:00,23.36,19.6,1.67,0.0,16.2,86,100,5.3,242,18.5,19.4,17.0,0.0,0.0,0.0,17.0,87.0,0.0,0.0,0.0,66.0,0.0,100410.0,15.7,83,100,2.3,51,14.2,17.4,19.1,0.0
2025-04-24 22:00:00,23.36,19.5833333333333,1.67,0.0,16.8,80,100,6.7,255,18.1,19.3,17.1,0.0,0.0,0.0,17.0,89.0,0.0,0.0,0.0,81.0,0.0,100450.0,15.6,84,100,1.1,18,14.0,16.8,18.9,0.0
2025-04-24 23:00:00,23.3566666666667,19.58,1.67,0.0,17.0,81,100,0.9,236,17.7,19.2,17.1,0.0,0.0,0.0,16.0,90.0,0.0,0.0,0.0,174.0,0.0,100480.0,15.6,83,94,1.1,252,13.6,16.4,18.6,0.0
2025-04-25 00:00:00,23.35,19.58,1.67,0.0,16.8,82,100,7.9,41,17.6,19.0,17.1,0.1,0.1,0.01,16.0,92.0,0.0,0.0,0.0,144.0,0.0,100460.0,15.5,84,100,4.9,197,14.1,16.2,18.4,0.0
2025-04-25 01:00:00,23.3433333333333,19.5833333333333,1.67,0.0,16.2,84,100,4.2,212,17.0,18.9,17.1,0.0,0.0,0.0,16.0,91.0,0.0,0.0,0.0,168.0,0.0,100500.0,15.0,88,100,0.7,90,14.3,16.0,18.2,0.0
2025-04-25 02:00:00,23.34,19.59,1.67,0.0,16.3,84,100,0.7,264,16.8,18.7,17.1,0.0,0.0,0.0,16.0,93.0,0.0,0.0,2.0,138.0,0.0,100480.0,14.6,93,100,3.6,180,13.8,15.9,17.9,0.0
2025-04-25 03:00:00,23.3366666666667,19.5866666666667,1.67,0.0,16.0,84,100,3.1,105,16.6,18.6,17.1,0.0,0.0,0.0,16.0,93.0,0.0,0.0,2.0,98.0,0.0,100410.0,14.6,93,100,4.0,85,13.9,15.7,17.7,0.0
2025-04-25 04:00:00,23.33,19.5833333333333,1.67,0.0,16.1,84,100,4.5,65,16.5,18.4,17.1,0.0,0.0,0.0,16.0,92.0,0.0,0.0,0.0,288.0,0.0,100390.0,14.6,95,100,2.2,99,14.1,15.6,17.5,0.0
2025-04-25 05:00:00,23.32,19.5666666666667,1.67,0.0,16.1,83,97,1.1,128,16.4,18.3,17.1,0.1,0.1,0.0,16.0,92.0,0.0,0.0,1.0,206.0,0.0,100370.0,14.8,93,100,1.8,217,14.3,15.5,17.3,0.0
2025-04-25 06:00:00,23.3133333333333,19.5566666666667,1.67,0.0,16.1,86,100,1.5,345,16.2,18.1,17.1,0.0,0.0,0.02,16.0,90.0,0.0,0.0,2.0,54.0,0.0,100340.0,14.9,95,100,1.5,166,14.6,15.5,17.2,0.2
2025-04-25 07:00:00,23.3033333333333,19.5333333333333,1.67,0.0,17.2,83,100,1.8,169,16.7,18.0,17.1,0.1,0.1,0.04,16.0,90.0,84.0,0.0,2.0,323.0,0.0,100350.0,15.5,94,100,3.1,111,15.8,15.7,17.0,0.2
2025-04-25 08:00:00,23.3,19.5333333333333,1.67,0.0,17.9,81,100,7.4,187,17.0,17.9,17.1,0.1,0.1,0.06,16.0,94.0,1522.0,0.0,4.0,158.0,0.0,100380.0,16.8,92,100,1.6,297,19.6,16.3,16.9,0.0
2025-04-25 09:00:00,23.2933333333333,19.5366666666667,1.67,0.0,18.7,88,100,5.8,198,17.5,17.9,17.1,0.8,0.8,0.08,17.0,93.0,6352.0,0.0,2.0,54.0,0.0,100430.0,19.0,79,100,4.3,42,21.1,17.8,17.0,0.0
2025-04-25 10:00:00,23.2866666666667,19.5233333333333,1.67,0.0,20.5,79,100,10.1,212,18.3,17.9,17.1,0.5,0.5,0.15,18.0,85.0,20336.0,1.0,0.0,276.0,0.0,100470.0,19.5,80,100,1.1,360,22.5,18.5,17.1,0.0
2025-04-25 11:00:00,23.27,19.52,1.67,0.0,22.3,61,100,9.8,217,19.2,17.9,17.1,0.0,0.0,0.23,19.0,79.0,21393.0,1.0,0.0,211.0,0.0,100510.0,20.4,79,100,6.9,208,22.3,19.6,17.3,0.0
2025-04-25 12:00:00,23.2333333333333,19.4966666666667,1.67,0.0,23.7,53,100,7.8,224,20.3,18.0,17.1,0.0,0.0,0.3,20.0,76.0,18292.0,1.0,1.0,66.0,0.0,100500.0,22.0,76,100,11.4,242,23.6,20.5,17.5,0.0
2025-04-25 13:00:00,23.2066666666667,19.48,1.67,0.0,24.8,50,99,8.8,300,22.6,18.6,17.1,0.0,0.0,0.44,20.0,72.0,17747.0,1.0,1.0,336.0,0.0,100490.0,23.1,74,91,8.0,280,26.1,21.2,17.8,0.0
2025-04-25 14:00:00,23.1766666666667,19.44,1.67,0.0,23.5,58,100,3.4,331,22.7,18.8,17.2,0.0,0.0,0.26,20.0,72.0,14328.0,1.0,2.0,228.0,0.0,100450.0,22.1,74,96,12.7,335,23.7,21.8,18.1,0.0
2025-04-25 15:00:00,23.15,19.4,1.67,0.0,24.9,55,98,2.6,295,23.8,19.0,17.2,0.0,0.0,0.41,20.0,78.0,16436.0,1.0,2.0,245.0,0.0,100420.0,21.9,70,89,8.8,9,23.4,22.5,18.6,0.0
2025-04-25 16:00:00,23.12,19.3733333333333,1.67,0.0,24.0,60,88,1.7,68,23.4,19.3,17.2,0.2,0.2,0.18,21.0,78.0,15943.0,1.0,0.0,259.0,0.0,100370.0,21.6,69,69,10.1,17,23.8,22.0,18.8,0.0
2025-04-25 17:00:00,23.09,19.3433333333333,1.67,0.0,24.0,61,99,3.5,33,23.4,19.5,17.2,0.0,0.0,0.2,19.0,86.0,13760.0,1.0,2.0,48.0,0.0,100370.0,21.0,69,86,6.5,34,21.7,21.7,19.0,0.0
2025-04-25 18:00:00,23.0766666666667,19.34,1.67,0.0,22.1,71,100,4.6,61,22.7,19.6,17.2,0.0,0.0,0.1,19.0,88.0,12526.0,0.0,3.0,168.0,0.0,100320.0,20.4,67,54,5.4,37,19.5,21.1,19.1,0.0
2025-04-25 19:00:00,23.0633333333333,19.33,1.67,0.0,18.8,85,100,4.6,132,21.3,19.7,17.2,0.0,0.0,0.02,20.0,83.0,9096.0,1.0,0.0,174.0,0.0,100300.0,18.8,76,70,3.6,37,17.1,19.9,19.2,0.0
2025-04-25 20:00:00,23.0533333333333,19.33,1.67,0.0,18.3,82,100,2.7,157,20.2,19.7,17.2,0.0,0.0,0.0,21.0,83.0,2947.0,0.0,0.0,92.0,0.0,100300.0,17.9,79,64,0.4,270,15.4,18.7,19.2,0.0
2025-04-25 21:00:00,23.05,19.33,1.67,0.0,18.5,77,33,0.9,171,19.3,19.7,17.2,0.0,0.0,0.0,,,,,,,,,17.2,81,9,4.1,195,15.2,17.8,19.1,0.0
2025-04-25 22:00:00,23.05,19.33,1.67,0.0,18.2,76,16,0.7,195,18.6,19.6,17.2,0.0,0.0,0.0,18.0,91.0,0.0,0.0,0.0,120.0,0.0,100350.0,16.9,86,19,3.8,197,14.9,17.2,18.9,0.0
2025-04-25 23:00:00,23.05,19.34,1.67,0.0,17.6,74,86,0.9,240,17.9,19.5,17.3,0.0,0.0,0.0,16.0,92.0,0.0,0.0,0.0,12.0,0.0,100430.0,16.7,86,6,3.2,207,14.3,16.7,18.6,0.0
2025-04-26 00:00:00,23.05,19.34,1.67,0.0,17.3,70,1,2.3,193,17.4,19.3,17.3,0.0,0.0,0.0,17.0,94.0,0.0,0.0,0.0,179.0,0.0,100470.0,16.3,82,18,3.2,207,14.1,16.4,18.4,0.0
2025-04-26 01:00:00,23.0466666666667,19.3466666666667,1.67,0.0,16.5,73,0,3.4,211,16.5,18.9,17.3,0.0,0.0,0.0,16.0,92.0,0.0,0.0,0.0,170.0,0.0,100420.0,16.0,82,3,3.2,207,13.7,16.0,18.2,0.0
2025-04-26 02:00:00,23.04,19.3533333333333,1.67,0.0,16.0,76,0,1.9,254,16.1,18.7,17.3,0.0,0.0,0.0,15.0,92.0,0.0,0.0,0.0,42.0,0.0,100390.0,15.8,84,0,2.6,214,13.3,15.6,17.9,0.0
2025-04-26 03:00:00,23.04,19.36,1.67,0.0,15.7,78,0,0.5,333,15.7,18.5,17.3,0.0,0.0,0.0,14.0,94.0,0.0,0.0,0.0,185.0,0.0,100360.0,14.7,89,7,3.1,339,12.8,15.1,17.7,0.0
2025-04-26 04:00:00,23.0333333333333,19.3633333333333,1.67,0.0,15.1,81,0,3.5,188,15.4,18.3,17.3,0.0,0.0,0.0,14.0,91.0,0.0,0.0,0.0,182.0,0.0,100340.0,15.4,85,20,1.8,143,12.3,14.8,17.4,0.0
2025-04-26 05:00:00,23.03,19.37,1.67,0.0,15.1,82,0,8.5,211,15.2,18.1,17.3,0.0,0.0,0.01,13.0,93.0,0.0,0.0,0.0,170.0,0.0,100380.0,14.7,88,26,4.3,180,12.9,14.5,17.2,0.0
2025-04-26 06:00:00,23.0266666666667,19.37,1.67,0.0,16.2,78,0,9.7,206,15.4,17.9,17.3,0.0,0.0,0.04,15.0,88.0,0.0,0.0,1.0,192.0,0.0,100380.0,14.9,89,0,6.1,180,13.9,14.7,17.0,0.0
2025-04-26 07:00:00,23.02,19.3766666666667,1.67,0.0,19.2,72,0,9.4,218,16.3,17.8,17.3,0.0,0.0,0.09,13.0,91.0,0.0,0.0,0.0,210.0,0.0,100380.0,17.4,84,0,5.2,205,18.4,15.4,16.8,0.0
2025-04-26 08:00:00,23.0166666666667,19.3733333333333,1.67,0.0,22.6,58,0,7.9,220,17.9,17.7,17.3,0.0,0.0,0.22,14.0,90.0,984.0,0.0,2.0,228.0,0.0,100410.0,21.3,73,0,7.5,235,24.0,17.4,16.8,0.0
2025-04-26 09:00:00,22.9966666666667,19.3333333333333,1.67,0.0,24.3,52,0,10.6,243,19.8,17.8,17.3,0.0,0.0,0.37,16.0,85.0,8892.0,0.0,0.0,198.0,0.0,100450.0,23.6,59,0,10.8,255,26.9,19.8,17.0,0.0
2025-04-26 10:00:00,22.9333333333333,19.2566666666667,1.67,0.0,25.7,51,0,12.1,263,21.7,18.0,17.3,0.0,0.0,0.49,20.0,71.0,31638.0,2.0,2.0,222.0,0.0,100480.0,25.4,50,0,13.0,275,29.7,21.8,17.3,0.0
2025-04-26 11:00:00,22.8633333333333,19.1566666666667,1.67,0.0,26.9,48,0,11.8,280,23.4,18.2,17.3,0.0,0.0,0.59,23.0,55.0,60910.0,4.0,3.0,281.0,0.0,100490.0,26.8,43,0,14.7,298,31.7,23.7,17.8,0.0
2025-04-26 12:00:00,22.7833333333333,19.0433333333333,1.67,0.0,27.0,46,0,14.0,320,24.8,18.6,17.3,0.0,0.0,0.64,25.0,53.0,82830.0,5.0,2.0,211.0,0.0,100500.0,26.5,46,0,17.7,321,31.6,25.1,18.4,0.0
2025-04-26 13:00:00,22.7,18.8933333333333,1.67,0.0,26.9,45,0,15.6,332,25.8,19.0,17.3,0.0,0.0,0.64,26.0,45.0,99703.0,7.0,4.0,269.0,0.0,100490.0,26.1,49,0,18.6,324,31.3,25.8,18.9,0.0
2025-04-26 14:00:00,22.6166666666667,18.7233333333333,1.67,0.0,26.3,46,1,16.2,329,26.2,19.4,17.3,0.0,0.0,0.6,26.0,49.0,107101.0,10.0,6.0,36.0,0.0,100450.0,26.1,46,0,18.1,325,30.8,26.2,19.4,0.0
2025-04-26 15:00:00,22.5333333333333,18.56,1.67,0.0,25.8,46,1,13.4,329,26.3,19.8,17.3,0.0,0.0,0.52,26.0,49.0,106536.0,9.0,5.0,28.0,0.0,100420.0,26.1,45,0,16.6,330,29.8,26.5,20.0,0.0
2025-04-26 16:00:00,22.4733333333333,18.3933333333333,1.67,0.0,25.2,46,0,10.2,326,25.9,20.1,17.3,0.0,0.0,0.41,26.0,47.0,95504.0,8.0,4.0,356.0,0.0,100430.0,25.4,42,17,14.6,327,27.5,26.0,20.4,0.0
2025-04-26 17:00:00,22.4,18.2466666666667,1.67,0.0,24.8,43,0,6.3,336,25.2,20.4,17.3,0.0,0.0,0.27,26.0,42.0,81326.0,7.0,4.0,350.0,0.0,100390.0,24.9,41,26,9.4,337,25.5,25.2,20.7,0.0
2025-04-26 18:00:00,22.35,18.1533333333333,1.67,0.0,22.9,57,0,3.1,88,24.0,20.6,17.4,0.0,0.0,0.11,26.0,40.0,59063.0,4.0,4.0,30.0,0.0,100370.0,23.8,50,65,6.4,43,22.7,24.2,21.0,0.0
2025-04-26 19:00:00,22.32,18.0766666666667,1.67,0.0,19.9,66,0,3.7,111,22.3,20.6,17.4,0.0,0.0,0.03,24.0,44.0,20402.0,2.0,5.0,30.0,0.0,100390.0,21.5,63,50,6.2,83,19.4,22.7,21.1,0.0
2025-04-26 20:00:00,22.3,18.04,1.67,0.0,18.4,72,0,3.0,112,20.9,20.6,17.4,0.0,0.0,0.0,23.0,47.0,10073.0,0.0,3.0,69.0,0.0,100400.0,20.0,70,60,5.2,56,18.5,21.3,21.0,0.0
2025-04-26 21:00:00,22.3,18.02,1.67,0.0,17.7,72,0,2.3,124,19.6,20.5,17.4,0.0,0.0,0.0,20.0,56.0,1081.0,0.0,1.0,48.0,0.0,100450.0,18.8,72,52,4.3,42,17.3,20.2,20.9,0.0
2025-04-26 22:00:00,22.3,18.01,1.67,0.0,17.4,68,0,1.7,112,18.6,20.4,17.4,0.0,0.0,0.0,19.0,61.0,0.0,0.0,2.0,70.0,0.0,100500.0,17.8,77,6,2.9,30,15.8,19.3,20.7,0.0
2025-04-26 23:00:00,22.29,18.01,1.67,0.0,17.0,63,5,1.6,117,17.8,20.2,17.4,0.0,0.0,0.0,17.0,67.0,0.0,0.0,2.0,113.0,0.0,100560.0,17.2,76,0,2.1,59,13.9,18.2,20.4,0.0
2025-04-27 00:00:00,22.2833333333333,18.02,1.67,0.0,16.9,57,13,0.9,102,17.1,20.0,17.5,0.0,0.0,0.0,16.0,67.0,0.0,0.0,2.0,144.0,0.0,100570.0,16.6,73,0,2.3,129,12.7,17.1,20.1,0.0
2025-04-27 01:00:00,22.2766666666667,18.0233333333333,1.67,0.0,16.8,60,11,1.6,67,16.8,19.8,17.5,0.0,0.0,0.0,15.0,73.0,0.0,0.0,0.0,60.0,0.0,100580.0,15.5,74,1,2.2,171,12.2,16.2,19.8,0.0
2025-04-27 02:00:00,22.27,18.0266666666667,1.67,0.0,16.3,63,7,1.8,69,16.3,19.6,17.5,0.0,0.0,0.0,14.0,75.0,0.0,0.0,0.0,180.0,0.0,100590.0,14.9,76,7,1.8,180,12.1,15.6,19.4,0.0
2025-04-27 03:00:00,22.2566666666667,18.0133333333333,1.67,0.0,16.1,63,0,1.1,75,15.8,19.3,17.5,0.0,0.0,0.0,14.0,71.0,0.0,0.0,0.0,144.0,0.0,100560.0,14.5,74,13,1.8,169,11.9,15.2,19.0,0.0
2025-04-27 04:00:00,22.25,18.0066666666667,1.67,0.0,15.5,64,0,1.4,52,15.3,19.1,17.5,0.0,0.0,0.0,13.0,77.0,0.0,0.0,0.0,181.0,0.0,100540.0,14.3,72,31,1.5,166,11.8,14.9,18.6,0.0
2025-04-27 05:00:00,22.24,17.9833333333333,1.67,0.0,14.7,71,0,2.4,44,14.9,18.8,17.5,0.0,0.0,0.0,12.0,84.0,0.0,0.0,0.0,162.0,0.0,100530.0,14.4,66,38,1.1,72,11.6,14.5,18.3,0.0
2025-04-27 06:00:00,22.23,17.9966666666667,1.67,0.0,14.9,74,0,2.3,54,14.7,18.6,17.5,0.0,0.0,0.02,11.0,83.0,0.0,0.0,0.0,178.0,0.0,100520.0,14.7,63,37,1.5,45,12.3,14.3,17.9,0.0
2025-04-27 07:00:00,22.23,17.9933333333333,1.67,0.0,16.9,67,0,5.0,63,15.6,18.4,17.5,0.0,0.0,0.08,11.0,85.0,0.0,0.0,0.0,137.0,0.0,100570.0,15.9,63,31,2.2,360,17.5,14.9,17.6,0.0
2025-04-27 08:00:00,22.22,17.99,1.67,0.0,19.2,62,0,5.6,41,17.3,18.3,17.5,0.0,0.0,0.2,10.0,87.0,2195.0,0.0,0.0,96.0,0.0,100620.0,18.7,64,13,2.9,353,22.6,16.9,17.5,0.0
2025-04-27 09:00:00,22.1966666666667,18.0,1.67,0.0,21.2,57,0,8.0,30,19.2,18.2,17.5,0.0,0.0,0.33,15.0,76.0,12991.0,1.0,0.0,179.0,0.0,100630.0,21.4,63,6,7.2,18,26.1,19.3,17.6,0.0
2025-04-27 10:00:00,22.17135802469139,17.964615384615385,1.67,0.0,23.1,48,0,9.8,29,21.1,18.3,17.5,0.0,0.0,0.47,20.0,65.0,38317.0,2.0,1.0,48.0,0.0,100610.0,23.2,54,2,11.9,25,28.3,21.3,17.8,0.0
2025-04-27 11:00:00,22.14604938271608,17.92923076923077,1.67,0.0,23.5,49,0,14.7,24,22.8,18.5,17.5,0.0,0.0,0.55,,,,,,,,,23.7,51,0,16.1,24,28.9,22.8,18.2,0.0
2025-04-27 12:00:00,22.120740740740768,17.893846153846155,1.67,0.0,22.9,54,0,16.0,29,24.0,18.8,17.5,0.0,0.0,0.57,,,,,,,,,23.4,54,0,17.7,20,29.1,23.6,18.6,0.0
2025-04-27 13:00:00,22.095432098765457,17.858461538461537,1.67,0.0,22.8,58,0,15.3,33,24.7,19.0,17.5,0.0,0.0,0.57,,,,,,,,,23.4,54,0,18.5,24,29.1,24.3,18.9,0.0
2025-04-27 14:00:00,22.070123456790146,17.823076923076922,1.67,0.0,22.9,56,0,16.1,38,25.2,19.3,17.5,0.0,0.0,0.54,,,,,,,,,22.8,62,2,19.2,30,28.2,24.6,19.4,0.0
2025-04-27 15:00:00,22.044814814814835,17.787692307692307,1.67,0.0,22.6,56,0,17.2,41,25.2,19.6,17.5,0.0,0.0,0.47,,,,,,,,,22.1,66,11,19.2,34,26.6,24.4,19.7,0.0
2025-04-27 16:00:00,22.019506172839524,17.752307692307692,1.67,0.0,21.9,60,0,17.5,46,24.8,19.9,17.5,0.0,0.0,0.37,,,,,,,,,21.5,71,9,17.8,36,24.5,24.0,20.0,0.0
2025-04-27 17:00:00,21.994197530864213,17.716923076923077,1.67,0.0,20.8,64,0,16.9,48,23.9,20.1,17.6,0.0,0.0,0.25,,,,,,,,,20.7,72,1,15.0,35,22.3,23.2,20.3,0.0
2025-04-27 18:00:00,21.968888888888902,17.681538461538462,1.67,0.0,19.2,72,0,10.8,42,22.7,20.2,17.6,0.0,0.0,0.12,,,,,,,,,19.6,79,0,11.4,24,19.6,22.2,20.4,0.0
2025-04-27 19:00:00,21.94358024691359,17.646153846153844,1.67,0.0,17.0,82,1,4.5,38,21.1,20.3,17.6,0.0,0.0,0.02,,,,,,,,,17.9,83,0,6.5,357,16.5,20.6,20.4,0.0
2025-04-27 20:00:00,21.91827160493828,17.61076923076923,1.67,0.0,16.2,84,0,2.5,23,19.7,20.2,17.6,0.0,0.0,0.0,,,,,,,,,16.5,89,24,3.4,342,15.1,19.1,20.2,0.0
2025-04-27 21:00:00,21.89296296296297,17.575384615384614,1.67,0.0,15.9,84,0,2.0,15,18.5,20.1,17.6,0.0,0.0,0.0,,,,,,,,,15.7,87,0,2.4,333,14.1,18.0,20.1,0.0
2025-04-27 22:00:00,21.867654320987658,17.54,1.67,0.0,15.6,83,0,1.6,17,17.6,19.9,17.6,0.0,0.0,0.0,,,,,,,,,15.2,88,0,2.0,315,13.2,17.0,19.8,0.0
2025-04-27 23:00:00,21.842345679012343,17.504615384615384,1.67,0.0,15.2,82,0,0.9,27,16.8,19.7,17.6,0.0,0.0,0.0,,,,,,,,,14.8,87,0,1.3,326,12.6,16.3,19.5,0.0
2025-04-28 00:00:00,21.817037037037032,17.46923076923077,1.67,0.0,14.7,82,0,1.0,26,16.2,19.5,17.6,0.0,0.0,0.0,,,,,,,,,14.2,90,0,2.2,270,11.9,15.6,19.1,0.0
2025-04-28 01:00:00,21.79172839506172,17.433846153846154,1.67,0.0,14.5,81,0,1.3,37,16.0,19.3,17.6,0.0,0.0,0.0,,,,,,,,,13.6,92,0,2.3,252,11.5,15.1,18.7,0.0
2025-04-28 02:00:00,21.76641975308641,17.398461538461536,1.67,0.0,13.8,82,0,2.2,5,15.4,19.1,17.6,0.0,0.0,0.0,,,,,,,,,13.1,94,0,2.3,231,11.1,14.6,18.4,0.0
2025-04-28 03:00:00,21.7411111111111,17.36307692307692,1.67,0.0,13.5,83,0,1.2,16,14.9,18.8,17.6,0.0,0.0,0.0,,,,,,,,,12.2,96,20,2.7,247,10.7,14.2,18.0,0.0
2025-04-28 04:00:00,21.715802469135788,17.327692307692306,1.67,0.0,13.2,84,0,1.0,19,14.4,18.6,17.6,0.0,0.0,0.0,,,,,,,,,12.0,96,7,1.9,248,10.1,13.8,17.7,0.0
2025-04-28 05:00:00,21.690493827160477,17.29230769230769,1.67,0.0,12.7,87,0,0.6,38,14.0,18.3,17.7,0.0,0.0,0.0,,,,,,,,,11.9,96,31,1.5,256,9.5,13.3,17.3,0.0
2025-04-28 06:00:00,21.665185185185166,17.256923076923076,1.67,0.0,13.1,89,0,0.4,46,13.8,18.0,17.7,0.0,0.0,0.01,,,,,,,,,12.2,94,64,2.3,252,11.3,13.2,17.0,0.0
2025-04-28 07:00:00,21.639876543209855,17.22153846153846,1.67,0.0,15.3,83,0,2.3,49,14.8,17.8,17.6,0.0,0.0,0.06,,,,,,,,,14.1,93,52,1.3,214,16.9,13.9,16.7,0.0
2025-04-28 08:00:00,21.614567901234544,17.186153846153843,1.67,0.0,17.4,72,0,8.2,34,16.4,17.7,17.6,0.0,0.0,0.19,,,,,,,,,17.4,83,42,4.7,58,21.8,16.0,16.6,0.0
2025-04-28 09:00:00,21.589259259259233,17.150769230769228,1.67,0.0,19.1,62,0,12.9,39,18.2,17.7,17.6,0.0,0.0,0.31,,,,,,,,,19.7,68,7,11.3,37,24.5,18.4,16.7,0.0
2025-04-28 10:00:00,21.563950617283922,17.115384615384613,1.67,0.0,20.4,57,0,16.9,43,19.9,17.7,17.6,0.0,0.0,0.42,,,,,,,,,20.8,58,0,16.6,39,25.8,20.0,17.0,0.0
2025-04-28 11:00:00,21.53864197530861,17.08,1.67,0.0,21.2,57,0,21.1,48,21.4,17.9,17.6,0.0,0.0,0.49,,,,,,,,,21.5,59,1,21.1,44,26.9,21.3,17.3,0.0
2025-04-28 12:00:00,21.5133333333333,17.03,1.67,0.0,21.6,57,0,23.2,50,22.6,18.1,17.6,0.0,0.0,0.53,,,,,,,,,21.6,65,25,26.0,47,26.9,22.1,17.7,0.0
2025-04-28 13:00:00,21.4733333333333,16.9766666666667,1.67,0.0,21.9,57,0,24.4,52,23.5,18.5,17.6,0.0,0.0,0.53,17.0,82.0,0.0,0.0,0.0,24.0,0.0,100620.0,21.9,64,17,28.6,49,26.8,22.7,18.1,0.0
2025-04-28 14:00:00,21.4266666666667,16.9033333333333,1.67,0.0,21.9,56,0,25.7,55,23.9,18.7,17.6,0.0,0.0,0.51,21.0,61.0,107372.0,9.0,5.0,48.0,0.0,100520.0,21.7,63,8,29.4,50,26.0,23.0,18.5,0.0
2025-04-28 15:00:00,21.37,16.8,1.67,0.0,21.4,60,0,25.8,54,24.0,19.0,17.6,0.0,0.0,0.44,22.0,60.0,105436.0,8.0,5.0,94.0,0.0,100460.0,21.4,63,5,28.3,49,25.0,23.1,18.9,0.0
2025-04-28 16:00:00,21.3333333333333,16.725,1.67,0.0,20.4,63,0,24.4,56,23.6,19.3,17.7,0.0,0.0,0.34,22.0,58.0,93333.0,8.0,7.0,53.0,0.0,100430.0,20.5,66,12,28.2,52,22.8,22.6,19.2,0.0
2025-04-28 17:00:00,21.31,16.6833333333333,1.67,0.0,19.3,69,1,21.1,56,22.8,19.5,17.7,0.0,0.0,0.23,22.0,56.0,78430.0,6.0,6.0,96.0,0.0,100400.0,19.5,71,27,25.8,54,20.7,21.8,19.4,0.0
2025-04-28 18:00:00,21.28,16.6566666666667,1.67,0.0,17.9,77,7,17.7,53,21.7,19.6,17.7,0.0,0.0,0.11,21.0,62.0,54844.0,3.0,6.0,58.0,0.0,100370.0,18.5,78,21,23.2,49,18.5,20.9,19.5,0.0
2025-04-28 19:00:00,21.2666666666667,16.66,1.67,0.0,16.7,85,2,14.4,55,20.4,19.6,17.7,0.0,0.0,0.04,20.0,65.0,9543.0,1.0,7.0,66.0,0.0,100380.0,17.4,82,19,17.6,46,16.4,19.6,19.5,0.0
2025-04-28 20:00:00,21.2566666666667,16.6633333333333,1.67,0.0,16.0,91,9,12.2,52,19.3,19.6,17.7,0.0,0.0,0.0,19.0,69.0,8539.0,0.0,6.0,86.0,0.0,100390.0,16.8,86,5,12.8,40,15.8,18.6,19.4,0.0
2025-04-28 21:00:00,21.2433333333333,16.68,1.67,0.0,15.6,94,11,8.8,48,18.4,19.5,17.7,0.0,0.0,0.0,18.0,75.0,646.0,0.0,2.0,59.0,0.0,100420.0,16.2,88,18,9.5,29,15.2,17.8,19.3,0.0
2025-04-28 22:00:00,21.2433333333333,16.6733333333333,1.67,0.0,15.5,94,19,7.7,45,17.8,19.4,17.7,0.0,0.0,0.0,16.0,83.0,0.0,0.0,0.0,66.0,0.0,100460.0,15.9,91,32,5.7,18,14.8,17.2,19.1,0.0
2025-04-28 23:00:00,21.24,16.6733333333333,1.67,0.0,15.0,93,13,7.2,42,17.2,19.3,17.7,0.0,0.0,0.0,16.0,86.0,0.0,0.0,1.0,60.0,0.0,100500.0,15.7,91,44,5.2,25,14.5,16.8,18.9,0.0
2025-04-29 00:00:00,21.24,16.6833333333333,1.67,0.0,15.0,93,15,9.8,50,16.8,19.1,17.7,0.0,0.0,0.0,15.0,88.0,0.0,0.0,0.0,328.0,0.0,100520.0,15.4,92,47,4.4,9,14.2,16.5,18.7,0.0
2025-04-29 01:00:00,21.2333333333333,16.68,1.67,0.0,14.6,93,15,4.5,47,17.3,19.0,17.7,0.0,0.0,0.0,14.0,90.0,0.0,0.0,0.0,262.0,0.0,100520.0,15.4,92,84,3.2,333,14.8,16.3,18.4,0.0
2025-04-29 02:00:00,21.23,16.6833333333333,1.67,0.0,14.3,95,15,1.7,24,16.8,18.9,17.7,0.0,0.0,0.0,13.0,92.0,0.0,0.0,0.0,180.0,0.0,100470.0,15.4,92,83,2.2,279,15.1,16.3,18.2,0.0
2025-04-29 03:00:00,21.22,16.7033333333333,1.67,0.0,13.7,97,31,1.9,360,16.3,18.7,17.7,0.0,0.0,0.0,12.0,93.0,0.0,0.0,0.0,172.0,0.0,100370.0,15.4,91,89,1.6,333,14.8,16.2,18.1,0.0
2025-04-29 04:00:00,21.22,16.7233333333333,1.67,0.0,13.7,98,69,4.8,261,16.0,18.6,17.7,0.0,0.0,0.0,12.0,94.0,0.0,0.0,0.0,72.0,0.0,100290.0,15.3,92,76,2.6,16,14.8,16.1,17.9,0.0
2025-04-29 05:00:00,21.22,16.735,1.67,0.0,13.7,99,100,4.5,276,15.9,18.4,17.7,0.0,0.0,0.0,11.0,95.0,0.0,0.0,0.0,192.0,0.0,100250.0,15.2,92,86,2.1,59,14.5,16.0,17.8,0.0
2025-04-29 06:00:00,21.22,16.74,1.67,0.0,13.7,99,100,5.0,282,15.9,18.2,17.7,0.0,0.0,0.01,12.0,95.0,0.0,0.0,0.0,228.0,0.0,100230.0,15.3,91,59,3.7,29,15.2,15.9,17.6,0.0
2025-04-29 07:00:00,21.22,16.7333333333333,1.67,0.0,14.8,91,72,4.1,10,16.4,18.1,17.7,0.0,0.0,0.05,12.0,96.0,0.0,0.0,0.0,188.0,0.0,100210.0,16.5,87,62,5.4,37,18.5,16.4,17.5,0.0
2025-04-29 08:00:00,21.2166666666667,16.7233333333333,1.67,0.0,16.3,81,92,10.3,35,17.2,18.0,17.7,0.0,0.0,0.13,11.0,96.0,3892.0,0.0,0.0,180.0,0.0,100170.0,17.7,80,59,9.7,45,21.6,17.5,17.5,0.0
2025-04-29 09:00:00,21.2033333333333,16.71,1.67,0.0,17.7,74,100,11.6,27,18.5,18.0,17.7,0.0,0.0,0.24,14.0,96.0,18833.0,1.0,0.0,78.0,0.0,100190.0,18.8,77,67,12.7,35,23.3,18.8,17.5,0.0
2025-04-29 10:00:00,21.18,16.6933333333333,1.67,0.0,19.2,68,98,14.6,31,20.0,18.1,17.7,0.0,0.0,0.37,17.0,84.0,26999.0,1.0,2.0,48.0,0.0,100170.0,19.6,74,92,13.7,30,24.3,20.2,17.7,0.0
2025-04-29 11:00:00,21.1433333333333,16.66,1.67,0.0,20.1,65,100,15.8,31,21.5,18.2,17.7,0.0,0.0,0.44,19.0,73.0,65386.0,4.0,4.0,72.0,0.0,100100.0,20.3,73,94,16.2,32,25.7,21.1,18.0,0.0
2025-04-29 12:00:00,21.1033333333333,16.62,1.67,0.0,20.5,66,100,14.7,31,22.6,18.4,17.7,0.0,0.0,0.47,20.0,74.0,87216.0,7.0,3.0,24.0,0.0,100080.0,20.8,72,97,17.2,29,27.3,22.1,18.3,0.0
2025-04-29 13:00:00,21.0666666666667,16.59,1.67,0.0,20.8,64,100,15.7,31,23.3,18.7,17.7,0.0,0.0,0.4,20.0,75.0,98120.0,7.0,4.0,54.0,0.0,100050.0,20.9,71,100,18.4,26,26.2,22.7,18.6,0.0
2025-04-29 14:00:00,21.0366666666667,16.56,1.67,0.0,20.8,65,100,16.0,24,23.6,19.0,17.7,0.0,0.0,0.4,20.0,72.0,40056.0,4.0,4.0,348.0,0.0,99990.0,20.4,74,100,18.2,27,24.6,22.6,18.9,0.0
2025-04-29 15:00:00,21.0233333333333,16.5333333333333,1.67,0.0,20.2,66,100,12.1,35,23.2,19.2,17.7,0.0,0.0,0.28,19.0,76.0,23287.0,2.0,3.0,330.0,0.0,99990.0,19.6,77,100,16.1,27,21.6,22.0,19.2,0.0
2025-04-29 16:00:00,21.0033333333333,16.52,1.67,0.0,20.1,67,98,12.3,35,22.6,19.4,17.7,0.0,0.0,0.21,19.0,78.0,19688.0,1.0,3.0,48.0,0.0,100060.0,19.3,78,100,16.6,41,21.2,21.4,19.3,0.0
2025-04-29 17:00:00,21.0,16.51,1.67,0.0,19.5,70,58,16.1,36,22.1,19.5,17.7,0.0,0.0,0.18,19.0,80.0,13140.0,0.0,3.0,36.0,0.0,100010.0,18.6,81,100,15.4,37,19.8,20.7,19.4,0.0
2025-04-29 18:00:00,20.9933333333333,16.5266666666667,1.67,0.0,18.3,78,85,14.5,35,21.3,19.6,17.7,0.0,0.0,0.1,19.0,80.0,17417.0,1.0,5.0,24.0,0.0,99980.0,18.4,83,100,12.7,35,18.7,20.1,19.5,0.0
2025-04-29 19:00:00,20.9933333333333,16.53,1.67,0.0,16.9,87,93,12.5,25,20.3,19.6,17.8,0.0,0.0,0.03,18.0,81.0,8934.0,0.0,4.0,42.0,0.0,100030.0,17.6,86,100,11.3,27,17.4,19.3,19.4,0.0
2025-04-29 20:00:00,20.9833333333333,16.54,1.67,0.0,16.5,91,98,9.2,30,19.5,19.6,17.8,0.0,0.0,0.0,18.0,82.0,4520.0,0.0,3.0,54.0,0.0,100080.0,17.2,89,88,9.2,31,16.9,18.7,19.3,0.0
2025-04-29 21:00:00,20.98,16.5533333333333,1.67,0.0,16.4,91,100,11.8,41,18.9,19.6,17.8,0.0,0.0,0.0,17.0,86.0,252.0,0.0,4.0,36.0,0.0,100140.0,17.1,88,96,9.5,37,17.1,18.2,19.2,0.0
2025-04-29 22:00:00,20.98,16.55,1.67,0.0,16.7,89,95,10.6,47,18.5,19.5,17.8,0.0,0.0,0.0,17.0,87.0,0.0,0.0,1.0,48.0,0.0,100190.0,17.2,88,97,9.0,37,17.1,18.1,19.1,0.0
2025-04-29 23:00:00,20.98,16.55,1.67,0.0,17.0,87,100,9.6,55,18.3,19.4,17.8,0.0,0.0,0.0,17.0,88.0,0.0,0.0,3.0,48.0,0.0,100200.0,17.1,88,100,8.7,30,17.0,18.0,19.0,0.0
2025-04-30 00:00:00,20.9766666666667,16.5533333333333,1.67,0.0,16.6,88,100,7.0,61,18.0,19.3,17.8,0.0,0.0,0.0,17.0,90.0,0.0,0.0,2.0,54.0,0.0,100190.0,17.2,87,98,6.8,32,17.1,18.0,18.9,0.0
2025-04-30 01:00:00,20.97,16.5566666666667,1.67,0.0,16.8,91,100,11.2,46,18.6,19.3,17.8,0.2,0.2,0.0,17.0,92.0,0.0,0.0,0.0,48.0,0.0,100200.0,17.0,90,95,6.8,25,16.9,17.8,18.7,0.0
2025-04-30 02:00:00,20.97,16.56,1.67,0.0,16.7,91,100,7.8,57,18.1,19.3,17.8,0.1,0.1,0.0,17.0,94.0,0.0,0.0,0.0,60.0,0.0,100130.0,16.9,91,97,5.5,11,16.5,17.7,18.6,0.0
2025-04-30 03:00:00,20.9666666666667,16.5633333333333,1.67,0.0,16.6,91,100,9.1,67,17.8,19.2,17.8,0.1,0.1,0.0,16.0,94.0,0.0,0.0,2.0,42.0,0.0,100090.0,16.8,90,95,7.6,25,16.6,17.6,18.5,0.0
2025-04-30 04:00:00,20.9533333333333,16.5766666666667,1.67,0.0,16.2,90,100,7.1,87,17.5,19.0,17.8,0.0,0.0,0.0,16.0,96.0,0.0,0.0,0.0,72.0,0.0,100080.0,16.7,91,92,5.7,18,16.5,17.4,18.4,0.0
2025-04-30 05:00:00,20.95,16.5833333333333,1.67,0.0,15.6,92,99,6.1,78,17.2,18.9,17.8,0.0,0.0,0.0,16.0,96.0,0.0,0.0,0.0,96.0,0.0,100020.0,16.6,93,91,5.0,30,16.4,17.3,18.3,0.0
2025-04-30 06:00:00,20.9466666666667,16.59,1.67,0.0,15.1,95,100,4.6,70,17.0,18.8,17.8,0.0,0.0,0.02,16.0,97.0,0.0,0.0,2.0,70.0,0.0,99930.0,16.5,94,96,4.4,351,16.7,17.2,18.2,0.0
2025-04-30 07:00:00,20.95,16.5966666666667,1.67,0.0,14.9,97,100,2.6,47,17.1,18.7,17.8,0.0,0.0,0.03,16.0,97.0,0.0,0.0,0.0,60.0,0.0,99920.0,17.4,91,80,6.1,3,19.1,17.5,18.1,0.0
2025-04-30 08:00:00,20.9466666666667,16.6,1.67,0.0,15.2,97,100,3.3,338,17.4,18.6,17.8,0.0,0.0,0.06,16.0,97.0,2568.0,0.0,0.0,24.0,0.0,99970.0,18.4,85,77,5.7,18,21.7,18.5,18.1,0.0
2025-04-30 09:00:00,20.9433333333333,16.6066666666667,1.67,0.0,16.4,91,100,7.7,318,18.2,18.5,17.8,0.0,0.0,0.13,17.0,96.0,10665.0,0.0,0.0,249.0,0.0,100020.0,19.1,84,83,7.6,360,23.6,19.3,18.1,0.0
2025-04-30 10:00:00,20.94,16.61,1.67,0.0,18.1,81,100,7.6,289,19.4,18.5,17.8,0.0,0.0,0.24,18.0,92.0,16644.0,1.0,0.0,285.0,0.0,100040.0,20.3,77,81,10.0,345,25.9,20.7,18.3,0.0
2025-04-30 11:00:00,20.9366666666667,16.6066666666667,1.67,0.0,19.4,77,100,7.7,278,20.3,18.6,17.8,0.0,0.0,0.24,19.0,80.0,53364.0,4.0,2.0,341.0,0.0,100040.0,21.4,71,99,12.7,325,25.8,21.8,18.6,0.0
2025-04-30 12:00:00,20.92,16.5933333333333,1.67,0.0,21.1,71,100,8.5,331,21.7,18.7,17.8,0.0,0.0,0.35,20.0,73.0,57592.0,5.0,1.0,288.0,0.0,100040.0,20.7,74,100,14.6,350,24.7,22.2,18.8,0.0
2025-04-30 13:00:00,20.8966666666667,16.5766666666667,1.67,0.0,19.9,73,100,6.9,347,21.7,19.0,17.8,0.1,0.1,0.23,21.0,74.0,47775.0,4.0,3.0,20.0,0.0,99990.0,21.0,75,100,16.2,347,25.4,22.6,19.1,0.0
2025-04-30 14:00:00,20.8833333333333,16.5566666666667,1.67,0.0,20.2,73,100,9.4,25,21.8,19.1,17.8,0.0,0.0,0.22,21.0,75.0,56883.0,5.0,4.0,352.0,0.0,99990.0,20.6,77,100,14.4,357,24.5,22.7,19.4,0.0
2025-04-30 15:00:00,20.8433333333333,16.5366666666667,1.67,0.0,19.9,76,100,11.4,36,21.8,19.2,17.8,0.2,0.2,0.22,21.0,76.0,49256.0,3.0,5.0,20.0,0.0,100000.0,20.2,80,100,13.4,6,22.7,22.4,19.6,0.0
2025-04-30 16:00:00,20.81,16.5166666666667,1.67,0.0,20.4,74,99,10.0,65,21.9,19.4,17.8,0.0,0.0,0.24,21.0,73.0,43196.0,3.0,4.0,12.0,0.0,100000.0,19.9,82,100,12.9,18,22.4,21.9,19.8,0.0
2025-04-30 17:00:00,20.78,16.4966666666667,1.67,0.0,20.6,73,98,5.8,88,21.9,19.5,17.9,0.0,0.0,0.19,21.0,74.0,38096.0,2.0,4.0,32.0,0.0,99990.0,19.3,84,100,9.7,22,20.9,21.3,19.9,0.0
2025-04-30 18:00:00,20.7633333333333,16.4833333333333,1.67,0.0,19.9,77,100,5.5,44,21.4,19.6,17.9,0.0,0.0,0.1,20.0,78.0,25942.0,2.0,2.0,26.0,0.0,100010.0,18.4,85,100,9.8,17,19.1,20.6,19.9,0.0
2025-04-30 19:00:00,20.7566666666667,16.47,1.67,0.0,17.4,91,100,4.0,18,20.3,19.6,17.9,0.0,0.0,0.02,19.0,82.0,12178.0,1.0,2.0,44.0,0.0,100040.0,17.7,90,100,6.0,17,17.3,19.7,19.9,0.0
2025-04-30 20:00:00,20.75,16.47,1.67,0.0,16.4,94,74,1.8,16,19.2,19.6,17.9,0.0,0.0,0.0,19.0,84.0,4150.0,0.0,2.0,20.0,0.0,100050.0,17.1,94,100,2.4,333,16.3,18.9,19.7,0.0
2025-04-30 21:00:00,20.7533333333333,16.47,1.67,0.0,15.9,94,94,1.3,354,18.3,19.5,17.9,0.0,0.0,0.0,18.0,87.0,52.0,0.0,2.0,30.0,0.0,100090.0,16.7,94,92,3.6,360,16.2,18.2,19.6,0.0
2025-04-30 22:00:00,20.7566666666667,16.4833333333333,1.67,0.0,15.7,96,96,2.4,114,17.8,19.4,17.9,0.0,0.0,0.0,17.0,92.0,0.0,0.0,0.0,78.0,0.0,100200.0,16.4,95,98,2.4,27,16.0,17.9,19.4,0.0
2025-04-30 23:00:00,20.76,16.4933333333333,1.67,0.0,15.7,94,100,4.9,156,17.6,19.3,17.9,0.0,0.0,0.0,17.0,91.0,0.0,0.0,0.0,145.0,0.0,100280.0,16.2,96,92,1.5,45,15.1,17.5,19.2,0.0
2025-05-01 00:00:00,20.76,16.5033333333333,1.67,0.0,15.9,93,100,5.5,198,17.6,19.1,17.9,0.0,0.0,0.0,18.0,91.0,0.0,0.0,0.0,90.0,0.0,100270.0,16.4,95,79,1.5,45,16.0,17.4,19.0,0.0
2025-05-01 01:00:00,20.76,16.5133333333333,1.67,0.0,16.9,92,100,4.4,171,18.6,19.1,17.9,0.1,0.1,0.0,17.0,92.0,0.0,0.0,0.0,66.0,0.0,100250.0,16.3,95,80,1.5,14,15.9,17.3,18.8,0.0
2025-05-01 02:00:00,20.7533333333333,16.5233333333333,1.67,0.0,17.0,91,100,3.2,177,18.3,19.1,17.9,0.1,0.1,0.0,17.0,92.0,0.0,0.0,0.0,72.0,0.0,100230.0,16.2,96,75,1.5,346,15.3,17.1,18.6,0.0
2025-05-01 03:00:00,20.75,16.53,1.67,0.0,17.0,92,100,2.7,166,18.1,19.0,17.9,0.1,0.1,0.0,17.0,93.0,0.0,0.0,0.0,54.0,0.0,100200.0,15.7,96,69,1.3,326,14.4,16.7,18.5,0.0
2025-05-01 04:00:00,20.7566666666667,16.5366666666667,1.67,0.0,17.0,92,100,1.1,135,17.9,18.9,17.9,0.0,0.0,0.0,17.0,93.0,0.0,0.0,0.0,48.0,0.0,100160.0,15.6,97,71,0.7,360,14.3,16.4,18.3,0.0
2025-05-01 05:00:00,20.7433333333333,16.5433333333333,1.67,0.0,16.7,93,100,1.0,45,17.8,18.8,17.9,0.1,0.1,0.0,17.0,93.0,0.0,0.0,0.0,36.0,0.0,100160.0,15.4,97,70,1.1,108,13.7,16.1,18.1,0.0
2025-05-01 06:00:00,20.74,16.5466666666667,1.67,0.0,16.6,93,100,2.6,72,17.7,18.8,17.9,0.1,0.1,0.02,17.0,93.0,0.0,0.0,0.0,66.0,0.0,100150.0,15.7,96,58,0.5,225,15.0,16.0,17.9,0.0
2025-05-01 07:00:00,20.7366666666667,16.5533333333333,1.67,0.0,16.6,94,100,3.0,51,17.8,18.7,17.9,0.0,0.0,0.04,17.0,94.0,124.0,0.0,0.0,112.0,0.0,100170.0,16.8,92,65,2.1,31,19.4,16.6,17.8,0.0
2025-05-01 08:00:00,20.73,16.5466666666667,1.67,0.0,17.0,91,100,4.7,22,18.3,18.6,17.9,0.0,0.0,0.1,17.0,93.0,6940.0,0.0,0.0,72.0,0.0,100210.0,18.6,85,44,4.8,42,23.2,18.3,17.7,0.0
2025-05-01 09:00:00,20.7266666666667,16.5566666666667,1.67,0.0,18.5,83,100,8.5,6,19.5,18.6,17.9,0.0,0.0,0.22,18.0,88.0,14104.0,1.0,0.0,117.0,0.0,100220.0,20.7,75,65,9.7,42,25.5,20.1,17.9,0.0
2025-05-01 10:00:00,20.7,16.5333333333333,1.67,0.0,19.7,78,68,9.5,8,20.8,18.7,17.9,0.0,0.0,0.32,20.0,79.0,57752.0,3.0,2.0,30.0,0.0,100200.0,22.0,67,40,11.8,27,28.2,21.5,18.1,0.0
2025-05-01 11:00:00,20.6733333333333,16.5233333333333,1.67,0.0,21.3,73,52,11.1,24,22.6,18.9,17.9,0.0,0.0,0.47,21.0,75.0,89091.0,6.0,2.0,10.0,0.0,100160.0,22.9,65,37,16.4,33,29.3,23.0,18.5,0.0
2025-05-01 12:00:00,20.6433333333333,16.4733333333333,1.67,0.0,21.8,71,21,12.5,34,24.0,19.1,17.9,0.0,0.0,0.52,22.0,72.0,97670.0,7.0,4.0,24.0,0.0,100150.0,22.6,65,47,19.7,31,28.6,23.9,18.9,0.0
2025-05-01 13:00:00,20.61,16.42,1.67,0.0,21.7,70,17,14.2,41,24.8,19.4,17.9,0.0,0.0,0.51,22.0,70.0,105077.0,9.0,3.0,63.0,0.0,100080.0,22.9,64,40,19.5,34,29.1,24.5,19.4,0.0
2025-05-01 14:00:00,20.5766666666667,16.3566666666667,1.67,0.0,21.8,69,33,16.2,51,25.1,19.7,17.9,0.0,0.0,0.47,22.0,68.0,89047.0,8.0,4.0,29.0,0.0,100030.0,22.7,67,31,20.2,39,28.5,24.8,19.8,0.0
2025-05-01 15:00:00,20.53,16.3033333333333,1.67,0.0,21.7,70,64,13.9,54,25.1,20.0,17.9,0.0,0.0,0.4,22.0,69.0,95159.0,9.0,6.0,45.0,0.0,100020.0,22.1,70,38,19.9,32,26.6,24.6,20.2,0.0
2025-05-01 16:00:00,20.4966666666667,16.2633333333333,1.67,0.0,20.9,73,99,14.6,46,24.5,20.2,17.9,0.0,0.0,0.27,22.0,68.0,88032.0,6.0,4.0,59.0,0.0,99990.0,21.0,75,100,19.5,30,23.4,24.0,20.5,0.0
2025-05-01 17:00:00,20.46,16.23,1.67,0.0,20.3,76,97,14.9,38,23.6,20.4,18.0,0.0,0.0,0.16,22.0,71.0,71480.0,5.0,2.0,48.0,0.0,99920.0,20.1,80,100,15.5,31,21.4,22.8,20.7,0.0
2025-05-01 18:00:00,20.4366666666667,16.2166666666667,1.67,0.0,18.7,84,100,12.9,33,22.5,20.5,18.0,0.0,0.0,0.08,22.0,73.0,34756.0,1.0,4.0,60.0,0.0,99880.0,18.9,87,100,12.8,22,19.4,21.6,20.7,0.0
2025-05-01 19:00:00,20.43,16.2266666666667,1.67,0.0,17.2,90,100,9.9,44,21.3,20.5,18.0,0.0,0.0,0.03,20.0,74.0,5027.0,0.0,4.0,42.0,0.0,99830.0,18.0,91,100,7.2,18,17.5,20.5,20.6,0.0
2025-05-01 20:00:00,20.4366666666667,16.2466666666667,1.67,0.0,16.3,93,98,7.1,23,20.2,20.5,18.0,0.0,0.0,0.0,19.0,82.0,243.0,0.0,4.0,336.0,0.0,99970.0,17.2,95,100,4.7,23,16.7,19.4,20.5,0.0
2025-05-01 21:00:00,20.4566666666667,16.2533333333333,1.67,0.0,16.9,89,100,5.3,28,19.5,20.4,18.0,0.0,0.0,0.0,18.0,94.0,0.0,0.0,3.0,114.0,76.0,99940.0,16.6,97,100,6.1,360,16.4,18.6,20.2,0.0
2025-05-01 22:00:00,20.45,16.2433333333333,1.67,0.0,18.3,82,100,1.7,175,19.0,20.3,18.0,0.0,0.0,0.0,17.0,95.0,0.0,0.0,3.0,117.0,15.0,99930.0,16.6,97,100,4.0,355,16.4,18.2,20.0,0.0
2025-05-01 23:00:00,20.4533333333333,16.2266666666667,1.67,0.0,20.5,68,94,6.7,184,18.9,20.2,18.0,0.0,0.0,0.02,18.0,94.0,0.0,0.0,0.0,54.0,0.0,99850.0,16.4,98,100,1.8,11,16.1,18.0,19.8,0.0
2025-05-02 00:00:00,20.4533333333333,16.2366666666667,1.67,0.0,25.5,39,63,22.4,185,19.3,20.1,18.0,0.0,0.0,0.2,18.0,91.0,0.0,0.0,4.0,297.0,0.0,99910.0,17.1,96,100,5.2,335,16.5,18.2,19.6,0.0
2025-05-02 01:00:00,20.4566666666667,16.25,1.67,0.0,20.7,58,96,8.6,172,18.7,19.9,18.0,0.0,0.0,0.04,26.0,42.0,0.0,0.0,7.0,210.0,0.0,99710.0,16.8,99,100,7.3,327,16.3,17.9,19.4,0.0
2025-05-02 02:00:00,20.4466666666667,16.2266666666667,1.67,0.0,25.2,42,100,31.2,179,19.2,19.8,18.0,0.0,0.0,0.23,26.0,41.0,0.0,0.0,4.0,186.0,0.0,99660.0,16.7,96,100,3.8,319,16.0,17.7,19.2,0.0
2025-05-02 03:00:00,20.4366666666667,16.21,1.67,0.0,24.9,45,100,26.4,182,19.9,19.7,18.0,0.0,0.0,0.2,27.0,39.0,0.0,0.0,10.0,216.0,0.0,99590.0,17.7,87,100,6.0,295,16.1,17.6,19.0,0.0
2025-05-02 04:00:00,20.4366666666667,16.1666666666667,1.67,0.0,24.9,45,100,15.0,201,20.3,19.7,18.0,0.0,0.0,0.12,27.0,39.0,0.0,0.0,7.0,197.0,0.0,99500.0,19.9,70,63,7.4,284,16.7,17.6,18.8,0.0
2025-05-02 05:00:00,20.42,16.1466666666667,1.67,0.0,20.1,64,100,6.1,269,19.8,19.7,18.1,0.0,0.0,0.02,28.0,34.0,0.0,0.0,4.0,214.0,0.0,99530.0,18.8,82,100,18.7,335,17.5,17.8,18.7,0.0
2025-05-02 06:00:00,20.4166666666667,16.1466666666667,1.67,0.0,18.7,79,100,3.6,303,19.3,19.7,18.1,0.0,0.0,0.02,27.0,39.0,0.0,0.0,4.0,188.0,0.0,99710.0,17.8,94,100,12.4,17,17.4,17.7,18.6,0.0
2025-05-02 07:00:00,20.3933333333333,16.1566666666667,1.67,0.0,19.7,76,100,7.9,327,19.4,19.6,18.1,0.0,0.0,0.08,19.0,79.0,304.0,0.0,4.0,157.0,0.0,99850.0,18.7,88,100,10.1,55,19.8,18.1,18.5,0.0
2025-05-02 08:00:00,20.3966666666667,16.16,1.67,0.0,20.7,71,100,9.4,325,20.2,19.6,18.1,0.0,0.0,0.17,18.0,90.0,6417.0,0.0,4.0,120.0,0.0,100010.0,20.1,85,100,6.6,49,23.7,19.2,18.5,0.0
2025-05-02 09:00:00,20.3933333333333,16.1633333333333,1.67,0.0,22.5,64,100,11.8,330,21.3,19.6,18.1,0.0,0.0,0.29,19.0,86.0,18179.0,1.0,2.0,95.0,0.0,100040.0,22.7,73,100,7.1,15,28.4,21.4,18.7,0.0
2025-05-02 10:00:00,20.39,16.1466666666667,1.67,0.0,23.7,59,100,14.0,337,22.6,19.8,18.1,0.0,0.0,0.41,20.0,78.0,36444.0,2.0,2.0,99.0,0.0,100100.0,23.7,66,100,14.0,1,29.3,23.0,19.0,0.0
2025-05-02 11:00:00,20.3666666666667,16.1366666666667,1.67,0.0,23.9,59,92,15.9,355,23.8,19.9,18.1,0.0,0.0,0.48,22.0,69.0,67779.0,5.0,1.0,54.0,0.0,100130.0,24.3,60,11,18.0,1,30.5,24.2,19.4,0.0
2025-05-02 12:00:00,20.3433333333333,16.1266666666667,1.67,0.0,23.9,57,100,12.5,9,24.7,20.1,18.1,0.0,0.0,0.5,23.0,62.0,61372.0,5.0,3.0,330.0,0.0,100130.0,24.6,61,26,21.0,354,31.2,25.4,19.9,0.0
2025-05-02 13:00:00,20.32,16.11,1.67,0.0,24.6,53,14,13.7,355,26.0,20.4,18.1,0.0,0.0,0.57,23.0,62.0,97288.0,8.0,3.0,32.0,0.0,100110.0,24.2,64,36,19.8,358,30.9,26.1,20.3,0.0
2025-05-02 14:00:00,20.29,16.0666666666667,1.67,0.0,24.1,55,6,15.3,359,26.3,20.7,18.1,0.0,0.0,0.53,25.0,53.0,108336.0,9.0,3.0,6.0,0.0,100060.0,24.2,64,22,17.1,7,30.9,26.4,20.8,0.0
2025-05-02 15:00:00,20.26,16.03,1.67,0.0,23.4,57,22,13.6,4,26.3,20.9,18.1,0.0,0.0,0.45,23.0,60.0,99154.0,7.0,7.0,17.0,0.0,100080.0,24.0,63,39,17.0,5,29.5,26.4,21.2,0.0
2025-05-02 16:00:00,20.2266666666667,16.0233333333333,1.67,0.0,22.4,61,26,12.0,19,25.8,21.2,18.1,0.0,0.0,0.34,23.0,62.0,84892.0,6.0,4.0,48.0,0.0,100070.0,23.3,64,6,14.3,12,27.3,26.0,21.5,0.0
2025-05-02 17:00:00,20.2,16.0033333333333,1.67,0.0,22.1,65,10,9.2,12,25.1,21.4,18.1,0.0,0.0,0.24,22.0,68.0,62990.0,4.0,5.0,5.0,0.0,100090.0,22.4,67,31,12.4,22,24.6,25.2,21.8,0.0
2025-05-02 18:00:00,20.1766666666667,15.9933333333333,1.67,0.0,20.5,71,10,9.4,3,24.0,21.5,18.2,0.0,0.0,0.12,21.0,74.0,22725.0,1.0,3.0,59.0,0.0,100150.0,21.0,75,21,12.2,14,21.2,23.8,21.9,0.0
2025-05-02 19:00:00,20.1666666666667,15.9833333333333,1.67,0.0,18.4,82,18,3.6,21,22.6,21.5,18.2,0.0,0.0,0.02,21.0,68.0,11385.0,1.0,3.0,6.0,0.0,100200.0,19.7,81,0,6.3,24,18.4,22.3,21.9,0.0
2025-05-02 20:00:00,20.16,15.98,1.67,0.0,17.4,88,24,3.0,74,21.2,21.5,18.2,0.0,0.0,0.0,20.0,67.0,2637.0,0.0,3.0,48.0,0.0,100260.0,18.5,88,21,3.9,56,17.2,20.9,21.7,0.0
2025-05-02 21:00:00,20.1633333333333,15.9866666666667,1.67,0.0,16.9,91,5,3.3,115,20.2,21.4,18.2,0.0,0.0,0.0,18.0,73.0,0.0,0.0,0.0,91.0,0.0,100320.0,17.5,91,1,3.1,21,16.1,19.7,21.5,0.0
2025-05-02 22:00:00,20.1733333333333,16.0033333333333,1.67,0.0,16.7,90,0,2.2,100,19.4,21.2,18.2,0.0,0.0,0.0,,,,,,,,,17.1,92,17,1.8,79,15.3,18.9,21.2,0.0
2025-05-02 23:00:00,20.1766666666667,16.0166666666667,1.67,0.0,16.5,87,0,2.2,99,18.7,21.0,18.2,0.0,0.0,0.0,17.0,78.0,0.0,0.0,0.0,82.0,0.0,100410.0,16.4,94,17,4.1,135,15.3,18.2,20.9,0.0
2025-05-03 00:00:00,20.18,16.0233333333333,1.67,0.0,16.3,85,0,1.7,70,18.1,20.8,18.2,0.0,0.0,0.0,17.0,75.0,0.0,0.0,0.0,152.0,0.0,100460.0,16.1,90,10,3.8,139,14.8,17.9,20.6,0.0
2025-05-03 01:00:00,20.18,16.0166666666667,1.67,0.0,16.5,76,1,1.5,72,17.9,20.6,18.2,0.0,0.0,0.0,17.0,79.0,0.0,0.0,2.0,114.0,0.0,100490.0,15.8,85,2,2.5,135,14.2,17.4,20.2,0.0
2025-05-03 02:00:00,20.1766666666667,16.01,1.67,0.0,16.3,75,0,2.7,67,17.5,20.4,18.3,0.0,0.0,0.0,16.0,82.0,0.0,0.0,0.0,119.0,0.0,100490.0,15.3,85,0,3.1,144,13.9,17.0,19.9,0.0
2025-05-03 03:00:00,20.1733333333333,15.9833333333333,1.67,0.0,15.8,76,1,2.9,68,17.1,20.2,18.3,0.0,0.0,0.0,17.0,76.0,0.0,0.0,1.0,150.0,0.0,100500.0,14.3,89,8,4.2,149,13.3,16.4,19.6,0.0
2025-05-03 04:00:00,20.18,15.9633333333333,1.67,0.0,15.7,77,0,1.2,45,16.6,19.9,18.3,0.0,0.0,0.0,16.0,78.0,0.0,0.0,1.0,120.0,0.0,100440.0,13.9,91,13,3.4,162,13.0,16.1,19.3,0.0
2025-05-03 05:00:00,20.1733333333333,15.9633333333333,1.67,0.0,15.4,78,0,0.7,43,16.2,19.7,18.3,0.0,0.0,0.0,15.0,82.0,0.0,0.0,1.0,119.0,0.0,100420.0,13.6,92,5,2.2,180,12.5,15.7,19.0,0.0
2025-05-03 06:00:00,20.17,15.97,1.67,0.0,15.8,80,0,1.3,69,16.1,19.5,18.3,0.0,0.0,0.01,15.0,85.0,0.0,0.0,2.0,144.0,0.0,100400.0,13.6,92,9,3.2,180,13.8,15.5,18.7,0.0
2025-05-03 07:00:00,20.17,15.9766666666667,1.67,0.0,18.4,70,0,1.1,22,17.1,19.3,18.3,0.0,0.0,0.07,15.0,85.0,0.0,0.0,1.0,119.0,0.0,100390.0,16.1,88,31,2.3,219,19.3,16.3,18.4,0.0
2025-05-03 08:00:00,20.17,15.9933333333333,1.67,0.0,19.8,67,0,5.2,5,18.6,19.2,18.3,0.0,0.0,0.2,14.0,86.0,1778.0,0.0,1.0,98.0,0.0,100410.0,19.6,70,29,1.8,281,23.8,18.3,18.3,0.0
2025-05-03 09:00:00,20.1633333333333,15.9966666666667,1.67,0.0,21.1,62,0,7.3,16,20.4,19.2,18.3,0.0,0.0,0.33,16.0,84.0,11879.0,1.0,0.0,312.0,0.0,100470.0,21.3,62,38,7.1,336,26.7,20.4,18.4,0.0
2025-05-03 10:00:00,20.1466666666667,15.9766666666667,1.67,0.0,22.6,56,61,8.6,26,22.1,19.3,18.3,0.0,0.0,0.44,19.0,71.0,35404.0,2.0,0.0,342.0,0.0,100490.0,22.3,61,48,10.9,354,28.5,22.1,18.7,0.0
2025-05-03 11:00:00,20.11,15.9633333333333,1.67,0.0,22.6,58,100,10.6,22,23.1,19.5,18.3,0.0,0.0,0.41,20.0,68.0,66120.0,4.0,4.0,6.0,0.0,100510.0,22.8,59,76,14.4,3,30.2,23.5,19.0,0.0
2025-05-03 12:00:00,20.0866666666667,15.95,1.67,0.0,21.7,62,100,15.1,15,23.4,19.7,18.3,0.0,0.0,0.34,21.0,68.0,24105.0,3.0,1.0,17.0,0.0,100490.0,22.5,59,100,17.3,358,28.2,24.4,19.4,0.0
2025-05-03 13:00:00,20.0733333333333,15.92,1.67,0.0,22.5,58,100,14.2,12,23.9,19.9,18.3,0.0,0.0,0.38,22.0,59.0,99548.0,9.0,2.0,341.0,0.0,100470.0,21.7,61,100,15.8,360,25.5,24.2,19.8,0.0
2025-05-03 14:00:00,20.0533333333333,15.8933333333333,1.67,0.0,21.2,62,100,13.2,12,23.9,20.1,18.3,0.0,0.0,0.32,23.0,63.0,102124.0,8.0,3.0,28.0,0.0,100410.0,21.3,62,100,17.0,347,25.7,23.6,20.1,0.0
2025-05-03 15:00:00,20.0333333333333,15.88,1.67,0.0,21.6,61,100,10.3,3,24.1,20.3,18.3,0.0,0.0,0.36,22.0,63.0,73998.0,6.0,3.0,54.0,0.0,100400.0,21.6,60,100,16.9,344,26.7,23.9,20.4,0.0
2025-05-03 16:00:00,20.0133333333333,15.8666666666667,1.67,0.0,20.9,61,100,7.9,3,23.8,20.4,18.3,0.0,0.0,0.26,22.0,62.0,49536.0,4.0,3.0,24.0,0.0,100400.0,21.4,60,93,15.6,337,24.5,23.9,20.6,0.0
2025-05-03 17:00:00,20.0033333333333,15.8566666666667,1.67,0.0,20.6,61,100,7.9,14,23.2,20.6,18.3,0.0,0.0,0.18,21.0,59.0,41309.0,3.0,5.0,18.0,0.0,100390.0,20.9,56,90,12.8,344,22.1,23.1,20.8,0.0
2025-05-03 18:00:00,19.9933333333333,15.8466666666667,1.67,0.0,19.9,63,12,6.7,71,22.4,20.6,18.3,0.0,0.0,0.11,20.0,63.0,31735.0,3.0,3.0,355.0,0.0,100390.0,20.5,53,78,7.6,341,20.2,22.3,20.9,0.0
2025-05-03 19:00:00,19.9766666666667,15.84,1.67,0.0,18.0,71,8,5.2,73,21.2,20.7,18.3,0.0,0.0,0.03,20.0,63.0,37476.0,2.0,3.0,7.0,0.0,100430.0,19.2,61,35,3.3,77,16.8,21.0,20.9,0.0
2025-05-03 20:00:00,19.97,15.84,1.67,0.0,16.8,77,10,4.7,101,20.0,20.6,18.4,0.0,0.0,0.0,20.0,63.0,7075.0,0.0,2.0,43.0,0.0,100430.0,17.5,68,52,5.2,124,15.9,19.6,20.7,0.0
2025-05-03 21:00:00,19.96,15.8433333333333,1.67,0.0,16.1,81,7,4.5,98,19.2,20.5,18.4,0.0,0.0,0.0,20.0,59.0,1768.0,0.0,1.0,138.0,0.0,100440.0,16.7,68,47,4.8,132,15.4,18.7,20.5,0.0
2025-05-03 22:00:00,19.9566666666667,15.8566666666667,1.67,0.0,15.7,80,10,3.6,97,18.4,20.4,18.4,0.0,0.0,0.0,19.0,61.0,0.0,0.0,2.0,126.0,0.0,100470.0,16.2,70,40,4.1,142,14.7,18.0,20.3,0.0
2025-05-03 23:00:00,19.95,15.8666666666667,1.67,0.0,15.3,79,5,4.1,96,17.7,20.2,18.4,0.0,0.0,0.0,16.0,72.0,0.0,0.0,0.0,112.0,0.0,100540.0,15.7,74,46,2.9,150,14.2,17.4,20.0,0.0
2025-05-04 00:00:00,19.9466666666667,15.8833333333333,1.67,0.0,15.3,76,14,2.7,114,17.2,20.0,18.4,0.0,0.0,0.0,16.0,70.0,0.0,0.0,1.0,124.0,0.0,100570.0,15.0,77,67,2.5,180,13.7,16.9,19.8,0.0
2025-05-04 01:00:00,19.94,15.89,1.67,0.0,15.4,74,9,1.6,94,16.9,19.9,18.4,0.0,0.0,0.0,16.0,71.0,0.0,0.0,1.0,112.0,0.0,100560.0,14.0,83,67,2.6,214,13.2,16.5,19.5,0.0
2025-05-04 02:00:00,19.94,15.8933333333333,1.67,0.0,15.3,74,9,1.2,74,16.5,19.7,18.4,0.0,0.0,0.0,15.0,77.0,0.0,0.0,1.0,113.0,0.0,100560.0,13.7,85,84,2.3,198,13.1,16.1,19.2,0.0
2025-05-04 03:00:00,19.94,15.8733333333333,1.67,0.0,14.8,76,12,0.9,83,16.1,19.4,18.4,0.0,0.0,0.0,15.0,80.0,0.0,0.0,1.0,120.0,0.0,100510.0,13.2,87,52,2.1,211,12.3,15.6,18.9,0.0
2025-05-04 04:00:00,19.94,15.8633333333333,1.67,0.0,14.2,80,3,2.1,142,15.7,19.2,18.4,0.0,0.0,0.0,14.0,83.0,0.0,0.0,1.0,120.0,0.0,100470.0,13.2,86,49,2.2,189,11.9,15.3,18.6,0.0
2025-05-04 05:00:00,19.9566666666667,15.85,1.67,0.0,13.6,83,2,3.4,231,15.3,19.0,18.4,0.0,0.0,0.0,14.0,85.0,0.0,0.0,1.0,131.0,0.0,100450.0,13.3,83,41,2.2,180,11.5,14.9,18.3,0.0
2025-05-04 06:00:00,19.95,15.83,1.67,0.0,14.4,81,1,4.6,218,15.3,18.8,18.4,0.0,0.0,0.02,14.0,84.0,0.0,0.0,1.0,144.0,0.0,100450.0,13.4,84,50,2.5,188,13.0,14.7,18.0,0.0
2025-05-04 07:00:00,19.95,15.83,1.67,0.0,17.2,73,1,3.6,235,16.2,18.6,18.4,0.0,0.0,0.08,12.0,89.0,0.0,0.0,0.0,282.0,0.0,100450.0,15.3,83,0,1.5,225,18.6,15.5,17.8,0.0
2025-05-04 08:00:00,19.9533333333333,15.8366666666667,1.67,0.0,19.4,64,1,3.5,294,17.8,18.5,18.4,0.0,0.0,0.2,13.0,87.0,3126.0,0.0,1.0,233.0,0.0,100470.0,18.9,61,0,2.3,342,23.4,17.5,17.7,0.0
2025-05-04 09:00:00,19.9466666666667,15.8466666666667,1.67,0.0,21.1,59,1,5.0,264,19.8,18.5,18.4,0.0,0.0,0.33,15.0,84.0,15813.0,1.0,0.0,165.0,0.0,100460.0,21.3,55,0,4.6,321,26.8,19.9,17.8,0.0
2025-05-04 10:00:00,19.9266666666667,15.85,1.67,0.0,23.3,49,1,6.3,271,21.8,18.7,18.4,0.0,0.0,0.47,18.0,71.0,41084.0,2.0,1.0,278.0,0.0,100460.0,22.7,55,7,8.7,330,29.1,21.8,18.1,0.0
2025-05-04 11:00:00,19.91,15.8466666666667,1.67,0.0,24.6,44,38,8.4,309,23.7,18.9,18.4,0.0,0.0,0.57,20.0,63.0,69898.0,4.0,1.0,224.0,0.0,100440.0,23.5,55,73,14.5,341,30.0,23.3,18.5,0.0
2025-05-04 12:00:00,19.88,15.8333333333333,1.67,0.0,22.9,60,41,16.6,357,24.6,19.2,18.4,0.1,0.1,0.5,22.0,56.0,91043.0,8.0,0.0,340.0,0.0,100400.0,21.9,64,53,17.2,20,25.9,23.8,18.9,0.0
2025-05-04 13:00:00,19.86,15.81,1.67,0.0,21.0,66,24,16.9,13,24.6,19.5,18.4,0.0,0.0,0.37,24.0,45.0,27108.0,3.0,1.0,336.0,0.0,100350.0,22.5,62,46,20.3,13,30.3,24.2,19.3,0.0
2025-05-04 14:00:00,19.8433333333333,15.7666666666667,1.67,0.0,22.0,61,17,11.6,15,25.1,19.8,18.4,0.0,0.0,0.46,23.0,60.0,114450.0,8.0,3.0,18.0,0.0,100310.0,21.9,61,39,20.2,359,28.8,24.8,19.7,0.0
2025-05-04 15:00:00,19.8266666666667,15.7266666666667,1.67,0.0,22.0,54,22,12.8,356,25.3,20.1,18.4,0.0,0.0,0.43,22.0,59.0,109377.0,9.0,5.0,359.0,0.0,100310.0,21.6,61,32,20.5,345,26.9,24.8,20.1,0.0
2025-05-04 16:00:00,19.8133333333333,15.69,1.67,0.0,20.8,59,7,11.9,2,24.8,20.3,18.4,0.0,0.0,0.31,22.0,64.0,96314.0,7.0,4.0,31.0,0.0,100320.0,21.0,61,27,18.3,340,24.7,24.2,20.4,0.0
2025-05-04 17:00:00,19.79,15.66,1.67,0.0,20.4,59,33,7.2,8,24.2,20.5,18.4,0.0,0.0,0.23,22.0,58.0,80855.0,6.0,2.0,359.0,0.0,100280.0,20.6,62,46,15.8,333,22.7,23.4,20.6,0.0
2025-05-04 18:00:00,19.7733333333333,15.65,1.67,0.0,20.0,60,38,6.0,342,23.1,20.6,18.4,0.0,0.0,0.12,21.0,61.0,56271.0,4.0,4.0,42.0,0.0,100280.0,20.2,63,24,12.1,333,20.1,22.5,20.7,0.0
2025-05-04 19:00:00,19.7533333333333,15.6533333333333,1.67,0.0,18.0,69,39,1.9,354,21.6,20.7,18.4,0.0,0.0,0.02,20.0,63.0,9244.0,1.0,5.0,23.0,0.0,100300.0,18.9,67,16,3.3,347,16.7,21.1,20.7,0.0
2025-05-04 20:00:00,19.7466666666667,15.6833333333333,1.67,0.0,17.2,73,15,1.7,243,20.3,20.6,18.4,0.0,0.0,0.0,19.0,67.0,10091.0,0.0,3.0,39.0,0.0,100300.0,17.3,75,38,4.6,141,15.2,19.6,20.6,0.0
2025-05-04 21:00:00,19.74,15.7033333333333,1.67,0.0,16.5,75,36,3.3,228,19.2,20.5,18.4,0.0,0.0,0.0,18.0,72.0,609.0,0.0,2.0,76.0,0.0,100310.0,15.7,82,41,5.0,159,14.7,18.5,20.4,0.0
2025-05-04 22:00:00,19.74,15.71,1.67,0.0,16.1,75,44,5.4,222,18.4,20.4,18.4,0.0,0.0,0.0,17.0,76.0,0.0,0.0,2.0,85.0,0.0,100380.0,15.4,82,58,4.0,180,14.5,17.8,20.2,0.0
2025-05-04 23:00:00,19.73,15.7066666666667,1.67,0.0,15.3,78,64,6.1,215,17.7,20.2,18.4,0.0,0.0,0.0,16.0,79.0,0.0,0.0,2.0,126.0,0.0,100430.0,15.1,84,97,4.4,189,14.0,17.3,19.9,0.0
2025-05-05 00:00:00,19.73,15.6866666666667,1.67,0.0,14.9,79,79,7.1,214,17.2,20.1,18.5,0.0,0.0,0.01,15.0,80.0,0.0,0.0,1.0,138.0,0.0,100440.0,15.2,82,92,5.2,205,13.9,16.9,19.7,0.0
2025-05-05 01:00:00,19.74,15.69,1.67,0.0,15.0,79,51,2.0,253,17.2,19.9,18.5,0.0,0.0,0.0,15.0,78.0,0.0,0.0,1.0,144.0,0.0,100410.0,15.1,79,70,4.8,207,13.8,16.6,19.4,0.0
2025-05-05 02:00:00,19.74,15.6966666666667,1.67,0.0,14.2,82,57,3.8,219,16.6,19.7,18.5,0.0,0.0,0.0,14.0,83.0,0.0,0.0,1.0,282.0,0.0,100400.0,14.9,80,59,3.4,212,13.3,16.3,19.2,0.0
2025-05-05 03:00:00,19.74,15.7133333333333,1.67,0.0,13.6,85,56,4.0,232,16.2,19.5,18.5,0.0,0.0,0.0,13.0,87.0,0.0,0.0,1.0,198.0,0.0,100350.0,14.6,79,50,2.4,207,12.9,16.0,18.9,0.0
2025-05-05 04:00:00,19.74,15.7333333333333,1.67,0.0,13.4,86,46,3.7,259,15.8,19.3,18.5,0.0,0.0,0.0,13.0,87.0,0.0,0.0,0.0,189.0,0.0,100320.0,14.2,81,56,2.9,187,12.6,15.6,18.6,0.0
2025-05-05 05:00:00,19.74,15.7433333333333,1.67,0.0,13.5,86,50,4.4,257,15.5,19.1,18.5,0.0,0.0,0.0,12.0,89.0,0.0,0.0,0.0,186.0,0.0,100320.0,13.5,85,48,3.3,174,12.0,15.3,18.4,0.0
2025-05-05 06:00:00,19.74,15.75,1.67,0.0,14.3,83,42,3.6,245,15.4,18.8,18.5,0.0,0.0,0.02,12.0,90.0,0.0,0.0,1.0,192.0,0.0,100300.0,13.3,89,96,4.3,175,13.6,15.1,18.1,0.0
2025-05-05 07:00:00,19.73,15.7266666666667,1.67,0.0,16.9,73,51,4.7,216,16.3,18.7,18.5,0.0,0.0,0.08,12.0,91.0,0.0,0.0,1.0,180.0,0.0,100300.0,15.7,84,54,4.0,185,18.5,15.7,17.9,0.0
2025-05-05 08:00:00,19.73,15.7233333333333,1.67,0.0,18.7,65,96,6.5,258,17.7,18.6,18.5,0.0,0.0,0.19,12.0,91.0,4488.0,0.0,0.0,180.0,0.0,100320.0,18.5,70,61,6.4,223,23.3,17.5,17.8,0.0
2025-05-05 09:00:00,19.73,15.7166666666667,1.67,0.0,20.2,59,53,10.1,274,19.3,18.6,18.5,0.0,0.0,0.3,17.0,79.0,19575.0,1.0,1.0,228.0,0.0,100330.0,20.6,59,42,10.5,264,25.1,19.7,17.9,0.0
2025-05-05 10:00:00,19.7133333333333,15.7033333333333,1.67,0.0,21.7,53,23,10.4,271,20.9,18.7,18.5,0.0,0.0,0.4,19.0,70.0,47788.0,3.0,2.0,223.0,0.0,100350.0,22.1,50,51,11.5,284,28.5,21.3,18.2,0.0
2025-05-05 11:00:00,19.69,15.6866666666667,1.67,0.0,23.3,46,8,10.8,293,22.7,18.8,18.5,0.0,0.0,0.54,20.0,63.0,78935.0,5.0,2.0,271.0,0.0,100350.0,23.1,46,75,15.8,311,29.6,23.0,18.5,0.0
2025-05-05 12:00:00,19.67,15.6733333333333,1.67,0.0,23.3,45,33,14.7,327,24.0,19.1,18.5,0.0,0.0,0.57,21.0,54.0,38748.0,3.0,2.0,312.0,0.0,100350.0,22.4,51,34,20.2,321,29.1,23.7,18.9,0.0
2025-05-05 13:00:00,19.6533333333333,15.6766666666667,1.67,0.0,23.0,45,69,18.8,323,24.5,19.4,18.5,0.0,0.0,0.53,21.0,51.0,60560.0,5.0,8.0,338.0,0.0,100320.0,22.5,48,5,23.1,321,29.2,24.0,19.3,0.0
2025-05-05 14:00:00,19.64,15.6966666666667,1.67,0.0,22.8,46,49,18.2,327,24.7,19.7,18.5,0.0,0.0,0.48,22.0,45.0,111488.0,8.0,5.0,330.0,0.0,100270.0,22.6,47,1,24.5,317,28.5,24.5,19.7,0.0
2025-05-05 15:00:00,19.6166666666667,15.6633333333333,1.67,0.0,23.0,44,12,14.5,334,24.8,19.9,18.5,0.0,0.0,0.47,22.0,46.0,107861.0,9.0,9.0,338.0,0.0,100230.0,22.6,49,0,21.7,313,26.8,24.7,20.1,0.0
2025-05-05 16:00:00,19.6033333333333,15.65,1.67,0.0,22.0,50,1,12.4,338,24.7,20.2,18.5,0.0,0.0,0.38,23.0,46.0,94640.0,7.0,4.0,343.0,0.0,100200.0,22.2,48,0,20.2,320,25.4,24.3,20.4,0.0
2025-05-05 17:00:00,19.5833333333333,15.64,1.67,0.0,20.9,53,1,11.0,328,24.0,20.4,18.5,0.0,0.0,0.26,22.0,44.0,78100.0,6.0,5.0,353.0,0.0,100150.0,21.7,50,16,19.1,311,23.0,23.6,20.6,0.0
2025-05-05 18:00:00,19.5666666666667,15.6133333333333,1.67,0.0,20.1,55,0,5.4,304,22.9,20.5,18.5,0.0,0.0,0.13,22.0,46.0,54202.0,3.0,7.0,318.0,0.0,100140.0,20.8,52,0,12.8,310,20.2,22.6,20.7,0.0
2025-05-05 19:00:00,19.5533333333333,15.6,1.67,0.0,18.4,59,0,1.9,254,21.4,20.6,18.5,0.0,0.0,0.02,22.0,48.0,7581.0,0.0,7.0,334.0,0.0,100160.0,19.3,58,1,4.0,280,16.7,21.2,20.8,0.0
2025-05-05 20:00:00,19.5466666666667,15.6033333333333,1.67,0.0,17.4,62,16,4.5,223,20.0,20.5,18.5,0.0,0.0,0.01,20.0,58.0,6586.0,0.0,5.0,330.0,0.0,100150.0,17.8,64,50,4.3,204,15.6,19.7,20.7,0.0
2025-05-05 21:00:00,19.54,15.61,1.67,0.0,16.8,65,24,5.1,218,19.0,20.4,18.5,0.0,0.0,0.01,18.0,62.0,260.0,0.0,1.0,346.0,0.0,100200.0,16.9,65,75,5.8,202,15.5,18.7,20.5,0.0
2025-05-05 22:00:00,19.54,15.6266666666667,1.67,0.0,16.6,64,23,6.0,209,18.4,20.3,18.5,0.0,0.0,0.02,17.0,69.0,0.0,0.0,1.0,198.0,0.0,100270.0,16.7,64,72,6.5,199,15.2,18.1,20.2,0.0
2025-05-05 23:00:00,19.5466666666667,15.6333333333333,1.67,0.0,16.1,66,25,7.1,211,17.9,20.1,18.5,0.0,0.0,0.02,15.0,78.0,0.0,0.0,0.0,178.0,0.0,100340.0,16.4,65,61,6.6,202,14.9,17.7,20.0,0.0
2025-05-06 00:00:00,19.55,15.6466666666667,1.67,0.0,15.8,68,24,8.8,215,17.5,20.0,18.5,0.0,0.0,0.02,15.0,76.0,0.0,0.0,0.0,178.0,0.0,100340.0,16.3,65,62,7.3,200,14.7,17.4,19.8,0.0
2025-05-06 01:00:00,19.55,15.6633333333333,1.67,0.0,15.0,71,10,7.4,210,17.0,19.8,18.5,0.0,0.0,0.02,16.0,67.0,0.0,0.0,1.0,204.0,0.0,100340.0,15.9,68,56,6.2,201,14.2,17.1,19.5,0.0
2025-05-06 02:00:00,19.55,15.6833333333333,1.67,0.0,14.5,73,2,6.8,208,16.6,19.6,18.5,0.0,0.0,0.01,16.0,66.0,0.0,0.0,0.0,245.0,0.0,100320.0,15.4,71,52,5.5,203,13.9,16.6,19.3,0.0
2025-05-06 03:00:00,19.5433333333333,15.7033333333333,1.67,0.0,13.7,77,0,5.2,214,16.1,19.4,18.5,0.0,0.0,0.0,13.0,77.0,0.0,0.0,0.0,185.0,0.0,100270.0,15.0,72,46,5.8,202,13.4,16.3,19.0,0.0
2025-05-06 04:00:00,19.5366666666667,15.7133333333333,1.67,0.0,13.6,76,0,4.2,231,15.6,19.2,18.5,0.0,0.0,0.0,14.0,73.0,0.0,0.0,1.0,204.0,0.0,100240.0,14.4,75,52,4.9,197,13.0,16.0,18.8,0.0
2025-05-06 05:00:00,19.53,15.72,1.67,0.0,13.4,77,0,5.0,232,15.1,19.0,18.5,0.0,0.0,0.0,13.0,79.0,0.0,0.0,1.0,198.0,0.0,100240.0,13.7,79,38,4.7,203,12.2,15.6,18.6,0.0
2025-05-06 06:00:00,19.5266666666667,15.7066666666667,1.67,0.0,14.1,77,0,4.4,230,15.0,18.7,18.5,0.0,0.0,0.02,14.0,74.0,0.0,0.0,2.0,204.0,0.0,100240.0,14.1,79,40,4.6,198,13.8,15.5,18.3,0.0
2025-05-06 07:00:00,19.5166666666667,15.7066666666667,1.67,0.0,16.9,69,0,5.2,229,15.9,18.6,18.5,0.0,0.0,0.09,14.0,74.0,196.0,0.0,1.0,222.0,0.0,100240.0,16.5,77,27,4.1,225,19.3,16.1,18.1,0.0
2025-05-06 08:00:00,19.51,15.71,1.67,0.0,19.4,58,0,4.4,239,17.6,18.5,18.5,0.0,0.0,0.21,15.0,73.0,5959.0,0.0,2.0,198.0,0.0,100270.0,19.3,63,10,7.2,243,24.2,18.0,18.1,0.0
2025-05-06 09:00:00,19.5033333333333,15.6966666666667,1.67,0.0,20.9,52,0,3.3,260,19.5,18.5,18.5,0.0,0.0,0.34,19.0,59.0,25844.0,2.0,1.0,245.0,0.0,100270.0,21.8,53,4,7.8,248,27.8,20.3,18.2,0.0
2025-05-06 10:00:00,19.4933333333333,15.6866666666667,1.67,0.0,22.2,47,9,2.0,259,21.6,18.6,18.5,0.0,0.0,0.46,21.0,54.0,55418.0,4.0,2.0,251.0,0.0,100280.0,23.4,46,15,8.8,261,30.7,22.2,18.5,0.0
2025-05-06 11:00:00,19.4766666666667,15.6766666666667,1.67,0.0,23.6,43,35,2.1,298,23.5,18.8,18.5,0.0,0.0,0.56,22.0,45.0,81365.0,6.0,5.0,282.0,0.0,100270.0,24.7,43,100,7.6,301,32.1,24.0,18.8,0.0
2025-05-06 12:00:00,19.4666666666667,15.6533333333333,1.67,0.0,24.6,40,24,6.1,357,25.0,19.1,18.5,0.0,0.0,0.62,23.0,43.0,100009.0,9.0,3.0,264.0,0.0,100240.0,24.5,46,91,15.0,350,31.0,25.2,19.3,0.0
2025-05-06 13:00:00,19.45,15.6166666666667,1.67,0.0,24.7,43,65,12.8,12,26.2,19.7,18.5,0.0,0.0,0.62,24.0,40.0,111925.0,8.0,1.0,240.0,0.0,100190.0,24.0,48,97,17.6,1,31.3,25.6,19.8,0.0
2025-05-06 14:00:00,19.435,15.5966666666667,1.67,0.0,23.7,50,100,16.0,13,26.5,20.0,18.5,0.0,0.0,0.56,23.0,50.0,116156.0,9.0,4.0,24.0,0.0,100110.0,22.7,52,100,16.9,359,25.7,25.5,20.2,0.0
2025-05-06 15:00:00,19.415,15.5833333333333,1.67,0.0,22.9,52,100,14.2,11,26.3,20.4,18.5,0.0,0.0,0.46,23.0,55.0,76828.0,7.0,6.0,31.0,0.0,100090.0,22.7,54,25,17.3,356,28.6,25.1,20.6,0.0
2025-05-06 16:00:00,19.3966666666667,15.6,1.67,0.0,21.6,56,99,13.2,23,25.4,20.6,18.5,0.0,0.0,0.3,22.0,57.0,104157.0,9.0,4.0,30.0,0.0,100070.0,21.9,58,100,15.9,6,24.8,24.8,20.9,0.0
2025-05-06 17:00:00,19.38,15.6,1.67,0.0,20.7,60,40,12.5,41,24.5,20.8,18.5,0.0,0.0,0.24,22.0,57.0,58260.0,4.0,5.0,54.0,0.0,100070.0,20.7,62,100,11.6,30,21.7,23.7,21.1,0.0
2025-05-06 18:00:00,19.374,15.602222222222224,1.67,0.0,19.6,65,62,10.2,36,23.3,20.9,18.5,0.0,0.0,0.13,,,,,,,,,20.0,64,49,9.9,46,19.9,22.6,21.2,0.0
2025-05-06 19:00:00,19.368,15.604444444444447,1.67,0.0,17.5,78,98,4.4,25,21.9,21.0,18.6,0.0,0.0,0.03,,,,,,,,,18.6,71,88,5.6,45,16.7,21.2,21.1,0.0
2025-05-06 20:00:00,19.362,15.606666666666671,1.67,0.0,16.9,82,98,1.0,30,20.5,20.9,18.6,0.0,0.0,0.0,,,,,,,,,17.2,80,14,3.1,324,14.9,19.8,21.0,0.0
2025-05-06 21:00:00,19.355999999999998,15.608888888888895,1.67,0.0,15.9,85,8,1.4,65,19.3,20.8,18.6,0.0,0.0,0.0,,,,,,,,,16.4,82,33,2.3,219,13.6,18.5,20.8,0.0
2025-05-06 22:00:00,19.349999999999998,15.61111111111112,1.67,0.0,15.2,86,4,2.2,156,18.4,20.7,18.6,0.0,0.0,0.0,,,,,,,,,15.0,86,100,2.6,196,13.9,17.6,20.5,0.0
2025-05-06 23:00:00,19.343999999999998,15.613333333333342,1.67,0.0,15.1,84,39,1.1,151,17.6,20.5,18.6,0.0,0.0,0.0,,,,,,,,,14.7,84,70,3.0,166,13.7,17.2,20.2,0.0
2025-05-07 00:00:00,19.337999999999997,15.615555555555567,1.67,0.0,15.2,82,89,0.5,336,17.1,20.3,18.6,0.0,0.0,0.0,,,,,,,,,14.6,81,100,1.9,158,13.9,16.9,19.9,0.0
2025-05-07 01:00:00,19.332,15.61777777777779,1.67,0.0,14.8,87,95,0.6,320,17.2,20.1,18.6,0.0,0.0,0.0,,,,,,,,,14.9,78,100,1.3,146,14.0,16.7,19.6,0.0
2025-05-07 02:00:00,19.326,15.620000000000013,1.67,0.0,14.7,84,14,0.4,27,16.8,19.9,18.6,0.0,0.0,0.0,,,,,,,,,15.3,74,46,1.4,90,13.0,16.4,19.3,0.0
2025-05-07 03:00:00,19.32,15.622222222222238,1.67,0.0,14.3,83,5,0.5,56,16.2,19.7,18.6,0.0,0.0,0.0,,,,,,,,,14.7,72,53,1.4,180,11.3,15.5,19.0,0.0
2025-05-07 04:00:00,19.314,15.624444444444462,1.67,0.0,14.0,84,58,0.6,52,15.7,19.5,18.6,0.0,0.0,0.0,,,,,,,,,14.6,72,68,1.5,104,12.1,15.0,18.7,0.0
2025-05-07 05:00:00,19.308,15.626666666666686,1.67,0.0,14.1,85,39,0.5,52,15.4,19.2,18.6,0.0,0.0,0.0,,,,,,,,,14.3,74,81,1.5,45,12.1,14.9,18.4,0.0
2025-05-07 06:00:00,19.302,15.628888888888909,1.67,0.0,14.6,86,72,0.9,45,15.4,19.0,18.6,0.0,0.0,0.01,,,,,,,,,14.6,73,45,1.8,191,13.2,14.8,18.2,0.0
2025-05-07 07:00:00,19.296,15.631111111111133,1.67,0.0,16.5,77,50,1.3,54,16.3,18.8,18.6,0.0,0.0,0.06,,,,,,,,,15.3,79,100,2.3,252,17.7,15.6,17.9,0.0
2025-05-07 08:00:00,19.29,15.633333333333358,1.67,0.0,18.7,67,61,2.7,354,17.9,18.7,18.6,0.0,0.0,0.18,,,,,,,,,17.6,75,100,1.1,360,20.1,17.1,17.8,0.0
2025-05-07 09:00:00,19.284,15.63555555555558,1.67,0.0,20.4,60,5,9.3,27,19.5,18.7,18.6,0.0,0.0,0.3,,,,,,,,,20.0,71,91,8.7,38,25.7,19.1,17.9,0.0
2025-05-07 10:00:00,19.278,15.637777777777805,1.67,0.0,21.8,56,33,11.2,33,21.4,18.8,18.6,0.0,0.0,0.44,,,,,,,,,20.7,70,86,10.0,26,26.2,20.4,18.1,0.0
2025-05-07 11:00:00,19.272,15.640000000000029,1.67,0.0,22.5,55,13,12.3,32,22.9,19.0,18.6,0.0,0.0,0.48,,,,,,,,,21.4,69,84,13.4,27,27.6,21.8,18.3,0.0
2025-05-07 12:00:00,19.266,15.642222222222253,1.67,0.0,22.9,54,5,14.5,31,24.4,19.3,18.6,0.0,0.0,0.57,,,,,,,,,21.8,65,79,16.1,29,28.8,23.0,18.7,0.0
2025-05-07 13:00:00,19.259999999999998,15.644444444444476,1.67,0.0,22.3,59,1,14.9,32,24.9,19.4,18.6,0.0,0.0,0.53,,,,,,,,,21.9,66,78,19.2,30,28.0,23.9,19.1,0.0
2025-05-07 14:00:00,19.253999999999998,15.6466666666667,1.67,0.0,22.2,60,0,16.0,36,25.4,19.7,18.6,0.0,0.0,0.51,,,,,,,,,21.4,68,86,19.2,30,26.1,24.0,19.5,0.0
2025-05-07 15:00:00,19.247999999999998,15.6366666666667,1.67,0.0,22.0,59,7,15.6,35,25.5,20.0,18.6,0.0,0.0,0.46,21.0,64.0,145737.0,11.0,5.0,25.0,0.0,100040.0,21.4,67,52,18.0,20,26.8,24.0,19.8,0.0
2025-05-07 16:00:00,19.242,15.6333333333333,1.67,0.0,21.0,61,4,15.4,34,25.1,20.3,18.6,0.0,0.0,0.35,22.0,60.0,103460.0,8.0,4.0,59.0,0.0,99990.0,21.0,67,29,16.8,23,24.9,23.8,20.1,0.0
2025-05-07 17:00:00,19.236,15.6266666666667,1.67,0.0,20.2,64,5,13.7,37,24.2,20.5,18.6,0.0,0.0,0.24,21.0,58.0,92629.0,7.0,4.0,4.0,0.0,99970.0,20.3,70,22,14.0,23,22.4,23.1,20.3,0.0
2025-05-07 18:00:00,19.23,15.6033333333333,1.67,0.0,19.0,69,1,9.2,27,23.0,20.6,18.6,0.0,0.0,0.12,21.0,61.0,66346.0,5.0,4.0,31.0,0.0,99980.0,19.1,79,37,11.3,27,19.4,22.0,20.5,0.0
2025-05-07 19:00:00,19.224,15.5933333333333,1.67,0.0,17.0,84,0,4.3,34,21.6,20.7,18.6,0.0,0.0,0.02,20.0,69.0,8412.0,1.0,2.0,86.0,0.0,99980.0,17.8,83,30,7.7,28,16.4,20.7,20.5,0.0
2025-05-07 20:00:00,19.218,15.6033333333333,1.67,0.0,16.1,91,2,1.5,25,20.1,20.6,18.6,0.0,0.0,0.0,20.0,69.0,9196.0,1.0,3.0,33.0,0.0,100000.0,16.5,92,31,3.3,13,15.1,19.3,20.4,0.0
2025-05-07 21:00:00,19.212,15.63,1.67,0.0,15.6,93,0,0.6,360,19.0,20.5,18.6,0.0,0.0,0.0,18.0,79.0,2514.0,0.0,2.0,42.0,0.0,100050.0,15.9,93,29,0.8,27,13.5,18.1,20.2,0.0
2025-05-07 22:00:00,19.206,15.6333333333333,1.67,0.0,15.0,96,1,0.4,360,18.0,20.4,18.6,0.0,0.0,0.0,16.0,87.0,0.0,0.0,0.0,37.0,0.0,100060.0,15.2,96,31,1.6,297,12.7,17.1,19.9,0.0
2025-05-07 23:00:00,19.2,15.6433333333333,1.67,0.0,14.5,96,2,0.4,15,17.3,20.2,18.6,0.0,0.0,0.0,16.0,90.0,0.0,0.0,0.0,48.0,0.0,100110.0,14.8,98,90,0.8,63,13.0,16.4,19.6,0.0
2025-05-08 00:00:00,19.194,15.65,1.67,0.0,14.2,94,57,0.6,23,16.6,20.0,18.6,0.0,0.0,0.0,14.0,91.0,0.0,0.0,0.0,42.0,0.0,100130.0,14.7,98,88,2.1,211,13.3,16.2,19.3,0.0
2025-05-08 01:00:00,19.188,15.6566666666667,1.67,0.0,15.1,96,100,0.6,32,17.1,19.9,18.6,0.5,0.5,0.0,15.0,91.0,0.0,0.0,0.0,120.0,0.0,100090.0,14.7,99,93,0.8,117,13.5,16.0,19.0,0.0
2025-05-08 02:00:00,19.182,15.6733333333333,1.67,0.0,15.2,98,100,2.3,82,16.9,19.7,18.6,0.9,0.9,0.0,14.0,92.0,0.0,0.0,1.0,159.0,0.0,100080.0,14.7,100,94,3.3,139,14.1,15.9,18.8,0.0
2025-05-08 03:00:00,19.176,15.69,1.67,0.0,15.5,99,100,2.0,23,16.9,19.5,18.6,1.0,1.0,0.0,15.0,92.0,0.0,0.0,0.0,94.0,0.0,100050.0,14.3,100,95,1.8,169,13.9,15.8,18.5,0.0
2025-05-08 04:00:00,19.169999999999998,15.7033333333333,1.67,0.0,15.4,99,100,3.1,39,16.8,19.3,18.6,1.3,1.3,0.0,15.0,92.0,0.0,0.0,0.0,137.0,0.0,100020.0,14.1,100,92,2.5,225,13.7,15.7,18.3,0.0
2025-05-08 05:00:00,19.163999999999998,15.7166666666667,1.67,0.0,14.9,100,100,1.5,321,16.6,19.2,18.6,0.1,0.1,0.0,15.0,92.0,0.0,0.0,1.0,54.0,0.0,99950.0,13.8,100,95,3.3,229,13.7,15.6,18.1,0.0
2025-05-08 06:00:00,19.157999999999998,15.7133333333333,1.67,0.0,15.1,99,100,1.7,205,16.5,19.0,18.6,0.3,0.3,0.01,15.0,93.0,0.0,0.0,1.0,54.0,0.0,99910.0,14.3,99,92,2.8,220,14.8,15.9,18.0,0.0
2025-05-08 07:00:00,19.152,15.7133333333333,1.67,0.0,15.7,98,98,4.2,288,16.8,18.9,18.6,1.6,1.6,0.05,15.0,94.0,0.0,0.0,0.0,6.0,0.0,99910.0,16.0,94,89,4.3,222,18.1,16.4,17.9,0.0
2025-05-08 08:00:00,19.146,15.7266666666667,1.67,0.0,17.1,86,73,4.6,304,17.6,18.8,18.6,0.0,0.0,0.14,15.0,94.0,712.0,0.0,0.0,188.0,0.0,99940.0,17.5,90,89,5.6,195,21.0,17.5,17.8,0.0
2025-05-08 09:00:00,19.14,15.72,1.67,0.0,18.8,75,43,3.9,301,18.9,18.7,18.6,0.0,0.0,0.25,15.0,94.0,815.0,0.0,1.0,250.0,0.0,100070.0,19.0,79,92,4.6,231,23.0,19.0,17.9,0.0
2025-05-08 10:00:00,19.134,15.7333333333333,1.67,0.0,20.9,64,29,8.4,283,20.6,18.8,18.6,0.0,0.0,0.39,15.0,95.0,7807.0,0.0,3.0,308.0,1.0,100090.0,20.7,69,79,4.9,253,26.8,20.4,18.0,0.0
2025-05-08 11:00:00,19.128,15.73,1.67,0.0,22.5,58,44,9.6,299,22.2,19.0,18.6,0.0,0.0,0.47,17.0,90.0,49132.0,2.0,2.0,262.0,0.0,100150.0,22.5,55,96,7.6,295,27.9,21.9,18.3,0.0
2025-05-08 12:00:00,19.122,15.7433333333333,1.67,0.0,21.0,65,30,13.0,352,22.9,19.2,18.6,0.1,0.1,0.41,18.0,88.0,4372.0,0.0,1.0,212.0,0.0,100180.0,21.8,64,92,11.6,344,25.4,22.6,18.6,0.0
2025-05-08 13:00:00,19.116,15.7366666666667,1.67,0.0,21.1,66,52,10.8,358,23.8,19.4,18.6,0.9,0.9,0.49,17.0,88.0,43900.0,4.0,2.0,314.0,3.0,100210.0,21.5,61,57,15.5,1,27.9,22.9,19.0,0.0
2025-05-08 14:00:00,19.11,15.7366666666667,1.67,0.0,21.7,64,80,8.8,1,24.0,19.6,18.6,0.1,0.1,0.4,19.0,74.0,41825.0,4.0,2.0,349.0,0.0,100180.0,21.1,64,94,9.7,360,25.0,23.2,19.3,0.0
2025-05-08 15:00:00,19.103749999999998,15.7233333333333,1.67,0.0,20.2,68,78,10.9,343,23.6,19.9,18.6,0.4,0.4,0.32,21.0,67.0,41412.0,4.0,3.0,27.0,0.0,100110.0,19.8,76,86,13.2,343,22.8,22.9,19.7,0.0
2025-05-08 16:00:00,19.0975,15.7133333333333,1.67,0.0,20.3,67,69,8.7,12,23.3,20.0,18.6,0.1,0.1,0.27,22.0,66.0,79946.0,7.0,3.0,48.0,0.0,100060.0,19.9,73,72,11.6,344,23.3,22.4,19.9,0.0
2025-05-08 17:00:00,19.09125,15.69,1.67,0.0,20.2,66,63,9.8,10,22.9,20.2,18.6,0.0,0.0,0.2,21.0,62.0,87860.0,6.0,4.0,13.0,0.0,100060.0,20.0,68,61,8.3,358,22.2,22.1,20.0,0.0
2025-05-08 18:00:00,19.085,15.68,1.67,0.0,19.2,65,62,7.8,28,22.1,20.3,18.6,0.0,0.0,0.11,20.0,73.0,68863.0,4.0,4.0,26.0,0.0,100070.0,19.7,67,72,6.8,32,19.5,21.4,20.1,0.0
2025-05-08 19:00:00,19.07875,15.6933333333333,1.67,0.0,17.8,73,16,4.0,82,21.0,20.3,18.6,0.0,0.0,0.03,20.0,70.0,24592.0,2.0,5.0,6.0,0.0,100100.0,18.4,73,40,5.5,67,16.6,20.2,20.1,0.0
2025-05-08 20:00:00,19.072499999999998,15.7,1.67,0.0,16.5,80,20,3.5,80,19.7,20.3,18.7,0.0,0.0,0.0,20.0,62.0,12306.0,1.0,3.0,24.0,0.0,100110.0,17.1,81,21,3.8,73,15.4,18.9,20.0,0.0
2025-05-08 21:00:00,19.06625,15.7166666666667,1.67,0.0,15.8,83,11,3.6,113,18.8,20.2,18.7,0.0,0.0,0.0,18.0,67.0,1534.0,0.0,1.0,48.0,0.0,100140.0,16.1,85,21,2.7,113,14.3,18.0,19.8,0.0
2025-05-08 22:00:00,19.06,15.73,1.67,0.0,15.2,84,7,2.0,127,17.9,20.0,18.7,0.0,0.0,0.0,17.0,74.0,0.0,0.0,1.0,108.0,0.0,100170.0,15.2,91,14,2.6,146,13.7,17.2,19.6,0.0
2025-05-08 23:00:00,19.076666666666664,15.73,1.67,0.0,15.0,84,1,1.1,130,17.2,19.9,18.7,0.0,0.0,0.0,16.0,77.0,0.0,0.0,1.0,139.0,0.0,100220.0,14.5,94,36,2.5,172,13.2,16.5,19.3,0.0
2025-05-09 00:00:00,19.093333333333334,15.72,1.67,0.0,14.7,83,1,1.0,139,16.6,19.7,18.7,0.0,0.0,0.0,15.0,82.0,0.0,0.0,1.0,96.0,0.0,100260.0,13.9,92,49,3.6,186,13.0,16.2,19.1,0.0
2025-05-09 01:00:00,19.11,15.7233333333333,1.67,0.0,15.0,71,3,2.2,126,16.7,19.5,18.7,0.0,0.0,0.0,14.0,85.0,0.0,0.0,0.0,125.0,0.0,100240.0,13.3,94,52,3.7,191,12.6,15.8,18.8,0.0
2025-05-09 02:00:00,19.126666666666665,15.7333333333333,1.67,0.0,13.8,78,2,2.9,154,16.2,19.3,18.7,0.0,0.0,0.0,13.0,86.0,0.0,0.0,0.0,156.0,0.0,100190.0,13.0,94,47,3.2,207,12.1,15.4,18.5,0.0
2025-05-09 03:00:00,19.14333333333333,15.7433333333333,1.67,0.0,12.9,87,7,4.1,192,15.7,19.1,18.7,0.0,0.0,0.0,13.0,82.0,0.0,0.0,0.0,174.0,0.0,100140.0,12.7,91,52,3.1,201,11.8,14.9,18.3,0.0
2025-05-09 04:00:00,19.16,15.7633333333333,1.67,0.0,12.4,93,7,3.5,180,15.4,18.9,18.7,0.0,0.0,0.0,12.0,88.0,0.0,0.0,0.0,138.0,0.0,100080.0,12.5,91,31,2.3,198,11.2,14.6,18.0,0.0
2025-05-09 05:00:00,19.176666666666666,15.7766666666667,1.67,0.0,12.2,94,7,3.9,196,15.1,18.7,18.7,0.0,0.0,0.0,13.0,87.0,0.0,0.0,0.0,204.0,0.0,100060.0,12.3,91,23,1.8,191,10.6,14.2,17.7,0.0
2025-05-09 06:00:00,19.19333333333333,15.78,1.67,0.0,13.5,88,0,6.2,224,15.1,18.5,18.7,0.0,0.0,0.02,12.0,91.0,0.0,0.0,0.0,172.0,0.0,100030.0,12.6,90,42,2.3,219,12.8,14.0,17.4,0.0
2025-05-09 07:00:00,19.209999999999997,15.78,1.67,0.0,17.2,75,2,5.2,229,16.0,18.3,18.7,0.0,0.0,0.09,12.0,90.0,0.0,0.0,1.0,186.0,0.0,100020.0,15.3,85,13,1.6,243,18.7,15.0,17.2,0.0
2025-05-09 08:00:00,19.226666666666667,15.7666666666667,1.67,0.0,20.3,60,7,3.0,279,17.8,18.3,18.6,0.0,0.0,0.21,13.0,88.0,3856.0,0.0,1.0,95.0,0.0,100050.0,19.4,67,0,4.1,285,24.3,17.3,17.2,0.0
2025-05-09 09:00:00,19.243333333333332,15.7466666666667,1.67,0.0,22.2,54,0,4.5,320,19.8,18.3,18.6,0.0,0.0,0.35,16.0,79.0,18364.0,1.0,2.0,252.0,0.0,100090.0,22.2,57,0,3.5,336,27.4,19.9,17.4,0.0
2025-05-09 10:00:00,19.259999999999998,15.7566666666667,1.67,0.0,23.6,52,0,5.2,330,21.8,18.5,18.6,0.0,0.0,0.47,19.0,67.0,45858.0,3.0,2.0,288.0,0.0,100100.0,23.9,52,0,5.1,8,30.0,21.9,17.7,0.0
2025-05-09 11:00:00,19.276666666666664,15.8066666666667,1.67,0.0,24.6,49,0,7.6,4,23.6,18.7,18.6,0.0,0.0,0.57,21.0,60.0,73931.0,6.0,1.0,66.0,0.0,100090.0,24.5,48,4,13.4,24,30.3,23.6,18.1,0.0
2025-05-09 12:00:00,19.293333333333333,15.8333333333333,1.67,0.0,24.4,51,16,14.7,21,24.9,19.0,18.6,0.0,0.0,0.59,23.0,53.0,94192.0,8.0,3.0,343.0,0.0,100070.0,23.7,48,9,19.0,33,30.3,24.0,18.6,0.0
2025-05-09 13:00:00,19.31,15.8033333333333,1.67,0.0,23.4,54,14,20.9,32,25.2,19.3,18.6,0.0,0.0,0.54,25.0,48.0,108178.0,9.0,2.0,144.0,0.0,100030.0,23.9,49,26,20.6,29,30.6,25.0,19.1,0.0
2025-05-09 14:00:00,19.3,15.79,1.67,0.0,23.4,53,2,17.8,45,25.6,19.6,18.6,0.0,0.0,0.54,24.0,51.0,107246.0,9.0,6.0,42.0,0.0,99970.0,23.4,51,27,21.6,30,28.7,25.3,19.6,0.0
2025-05-09 15:00:00,19.31,15.79,1.67,0.0,22.9,53,57,18.0,43,25.6,19.9,18.6,0.0,0.0,0.48,24.0,53.0,107936.0,9.0,4.0,23.0,0.0,99920.0,23.2,54,35,21.9,25,27.7,25.3,20.1,0.0
2025-05-09 16:00:00,19.32,15.8133333333333,1.67,0.0,22.7,54,88,15.4,43,25.3,20.2,18.6,0.0,0.0,0.39,23.0,57.0,92564.0,8.0,8.0,32.0,0.0,99890.0,22.4,58,60,19.3,29,25.7,24.7,20.4,0.0
2025-05-09 17:00:00,19.32,15.79,1.67,0.0,21.3,61,85,18.1,41,24.5,20.4,18.6,0.0,0.0,0.26,22.0,59.0,77306.0,6.0,6.0,31.0,0.0,99860.0,21.5,64,100,17.2,29,23.1,23.9,20.7,0.0
2025-05-09 18:00:00,19.3075,15.78,1.67,0.0,19.4,69,77,11.7,37,23.2,20.6,18.6,0.0,0.0,0.13,21.0,66.0,50826.0,3.0,3.0,36.0,0.0,99870.0,20.3,71,100,13.8,33,20.3,22.6,20.8,0.0
2025-05-09 19:00:00,19.295,15.8166666666667,1.67,0.0,18.1,78,95,6.0,37,21.8,20.6,18.7,0.0,0.0,0.03,21.0,67.0,11366.0,1.0,3.0,31.0,0.0,99890.0,19.0,78,100,8.7,17,17.7,21.3,20.8,0.0
2025-05-09 20:00:00,19.275,15.84,1.67,0.0,17.2,85,99,0.6,49,20.6,20.6,18.7,0.0,0.0,0.0,20.0,68.0,11879.0,1.0,4.0,48.0,0.0,99880.0,18.0,85,100,5.0,180,16.3,20.0,20.7,0.0
2025-05-09 21:00:00,19.26,15.8666666666667,1.67,0.0,17.0,85,100,5.7,68,19.8,20.6,18.7,0.0,0.0,0.0,19.0,76.0,1171.0,0.0,2.0,37.0,0.0,99960.0,17.0,88,100,4.0,85,16.2,19.1,20.6,0.0
2025-05-09 22:00:00,19.23,15.8633333333333,1.67,0.0,16.6,87,100,1.3,49,19.1,20.5,18.7,0.0,0.0,0.0,18.0,80.0,0.0,0.0,0.0,48.0,0.0,100070.0,16.9,87,83,4.7,81,16.1,18.6,20.3,0.0
2025-05-09 23:00:00,19.2066666666667,15.87,1.67,0.0,15.5,92,59,3.5,360,18.3,20.3,18.7,0.0,0.0,0.0,17.0,83.0,0.0,0.0,1.0,94.0,0.0,100050.0,16.5,86,32,4.8,347,15.2,18.1,20.1,0.0
2025-05-10 00:00:00,19.2,15.8533333333333,1.67,0.0,14.9,92,100,3.2,289,17.6,20.2,18.7,0.0,0.0,0.0,17.0,84.0,0.0,0.0,0.0,120.0,0.0,100030.0,15.7,90,100,6.7,234,15.2,17.6,19.9,0.0
2025-05-10 01:00:00,19.1966666666667,15.8466666666667,1.67,0.0,16.3,89,99,3.2,140,17.7,19.9,18.7,0.1,0.1,0.0,15.0,87.0,0.0,0.0,0.0,181.0,0.0,99940.0,15.6,90,100,4.1,142,15.0,17.3,19.7,0.0
2025-05-10 02:00:00,19.1833333333333,15.8533333333333,1.67,0.0,15.8,93,100,3.6,248,17.3,19.8,18.7,0.4,0.4,0.0,15.0,89.0,0.0,0.0,1.0,258.0,0.0,99970.0,15.4,91,100,2.1,121,15.1,17.1,19.4,0.0
2025-05-10 03:00:00,19.1633333333333,15.8633333333333,1.67,0.0,15.9,91,84,0.6,333,17.0,19.6,18.7,0.0,0.0,0.0,15.0,90.0,0.0,0.0,2.0,270.0,0.0,100020.0,15.3,90,79,1.4,180,14.6,16.9,19.2,0.0
2025-05-10 04:00:00,19.1466666666667,15.8766666666667,1.67,0.0,15.4,92,100,0.4,356,16.6,19.4,18.7,0.0,0.0,0.0,16.0,85.0,0.0,0.0,2.0,112.0,0.0,99810.0,14.9,91,100,2.8,50,13.3,16.5,19.0,0.0
2025-05-10 05:00:00,19.1333333333333,15.8933333333333,1.67,0.0,14.7,93,100,2.8,230,16.1,19.2,18.7,0.0,0.0,0.0,16.0,86.0,0.0,0.0,1.0,42.0,0.0,99950.0,14.4,94,100,3.3,319,14.1,16.1,18.8,0.0
2025-05-10 06:00:00,19.1166666666667,15.9033333333333,1.67,0.0,15.6,90,99,0.5,68,16.1,19.0,18.7,0.0,0.0,0.01,16.0,82.0,0.0,0.0,0.0,144.0,0.0,99880.0,15.0,90,100,1.9,248,15.3,16.3,18.6,0.0
2025-05-10 07:00:00,19.11,15.91,1.67,0.0,17.2,87,100,1.9,325,16.8,18.9,18.7,0.0,0.0,0.07,14.0,91.0,76.0,0.0,2.0,186.0,0.0,99930.0,16.5,89,100,2.7,157,18.5,16.7,18.4,0.0
2025-05-10 08:00:00,19.11,15.9166666666667,1.67,0.0,18.6,81,100,1.8,5,18.0,18.8,18.7,0.0,0.0,0.16,14.0,91.0,5720.0,0.0,0.0,234.0,0.0,99990.0,18.5,79,100,1.6,27,22.5,18.0,18.3,0.0
2025-05-10 09:00:00,19.11,15.8933333333333,1.67,0.0,19.9,75,99,4.1,326,19.3,18.8,18.7,0.0,0.0,0.24,16.0,84.0,13472.0,1.0,2.0,204.0,0.0,100030.0,20.3,74,97,5.0,30,25.1,20.0,18.4,0.0
2025-05-10 10:00:00,19.11,15.8866666666667,1.67,0.0,21.7,64,100,3.8,320,21.1,18.9,18.7,0.0,0.0,0.36,19.0,76.0,23618.0,2.0,0.0,201.0,0.0,100020.0,21.6,68,83,6.6,22,27.5,21.3,18.6,0.0
2025-05-10 11:00:00,19.11,15.8733333333333,1.67,0.0,22.8,60,98,6.1,344,22.6,19.1,18.7,0.0,0.0,0.43,21.0,68.0,32204.0,3.0,1.0,33.0,0.0,100020.0,22.8,65,78,10.0,21,30.5,22.9,18.9,0.0
2025-05-10 12:00:00,19.1066666666667,15.8866666666667,1.67,0.0,23.6,60,95,8.0,7,24.1,19.3,18.7,0.0,0.0,0.51,22.0,62.0,101198.0,8.0,1.0,18.0,0.0,100010.0,23.2,62,65,13.9,17,31.5,24.5,19.2,0.0
2025-05-10 13:00:00,19.1033333333333,15.8766666666667,1.67,0.0,23.8,54,58,16.0,23,25.6,19.8,18.7,0.0,0.0,0.56,23.0,54.0,69428.0,5.0,4.0,0.0,0.0,99970.0,23.7,56,67,16.1,20,31.4,25.4,19.7,0.0
2025-05-10 14:00:00,19.1033333333333,15.88,1.67,0.0,23.3,53,31,15.0,22,25.9,20.1,18.7,0.0,0.0,0.51,23.0,57.0,84188.0,6.0,4.0,34.0,0.0,99980.0,23.8,55,7,17.0,13,31.1,26.1,20.2,0.0
2025-05-10 15:00:00,19.11,15.8366666666667,1.67,0.0,22.6,55,48,12.6,24,25.6,20.4,18.7,0.0,0.0,0.41,24.0,54.0,106416.0,8.0,5.0,18.0,0.0,99960.0,23.3,54,15,19.4,359,28.8,26.2,20.6,0.0
2025-05-10 16:00:00,19.12,15.8133333333333,1.67,0.0,21.6,57,25,12.0,25,25.1,20.6,18.7,0.0,0.0,0.31,23.0,56.0,91639.0,6.0,6.0,13.0,0.0,99950.0,22.3,60,12,17.7,358,26.4,25.7,20.9,0.0
2025-05-10 17:00:00,19.1166666666667,15.8433333333333,1.67,0.0,21.2,58,4,9.8,36,24.4,20.8,18.7,0.0,0.0,0.24,23.0,57.0,74988.0,4.0,5.0,42.0,0.0,99960.0,21.3,66,31,15.5,357,23.6,24.7,21.2,0.0
2025-05-10 18:00:00,19.1066666666667,15.88,1.67,0.0,19.9,64,1,10.6,29,23.3,20.9,18.7,0.0,0.0,0.14,22.0,63.0,49300.0,3.0,4.0,54.0,0.0,99970.0,20.6,69,23,12.4,352,21.0,23.6,21.4,0.0
2025-05-10 19:00:00,19.0933333333333,15.89,1.67,0.0,18.0,75,5,5.9,51,22.0,21.0,18.7,0.0,0.0,0.04,21.0,65.0,8854.0,1.0,3.0,15.0,0.0,100010.0,19.3,74,16,6.2,21,17.9,22.0,21.4,0.0
2025-05-10 20:00:00,19.07,15.89,1.67,0.0,16.8,84,2,1.6,48,20.6,20.9,18.7,0.0,0.0,0.0,20.0,71.0,6658.0,0.0,3.0,36.0,0.0,100050.0,17.9,83,0,5.0,111,16.5,20.5,21.3,0.0
2025-05-10 21:00:00,19.05,15.8966666666667,1.67,0.0,16.0,87,1,2.4,113,19.5,20.8,18.7,0.0,0.0,0.0,18.0,80.0,267.0,0.0,1.0,60.0,0.0,100120.0,16.9,86,0,4.0,153,15.5,19.4,21.1,0.0
2025-05-10 22:00:00,19.0266666666667,15.9133333333333,1.67,0.0,15.4,88,0,3.5,135,18.6,20.7,18.7,0.0,0.0,0.0,17.0,82.0,0.0,0.0,1.0,99.0,0.0,100180.0,16.1,86,7,3.7,169,14.6,18.5,20.9,0.0
2025-05-10 23:00:00,19.01,15.9233333333333,1.67,0.0,15.3,85,0,2.2,158,17.9,20.5,18.7,0.0,0.0,0.0,17.0,79.0,0.0,0.0,0.0,346.0,0.0,100250.0,15.2,85,26,2.6,164,13.8,17.7,20.6,0.0
2025-05-11 00:00:00,19.01,15.9333333333333,1.67,0.0,15.1,83,0,1.5,203,17.3,20.3,18.7,0.0,0.0,0.0,15.0,85.0,0.0,0.0,0.0,139.0,0.0,100310.0,13.9,88,1,3.6,174,12.8,17.0,20.3,0.0
2025-05-11 01:00:00,19.0033333333333,15.9233333333333,1.67,0.0,15.5,77,9,1.8,171,17.1,20.1,18.8,0.0,0.0,0.0,16.0,82.0,0.0,0.0,2.0,43.0,0.0,100300.0,13.2,90,8,3.6,180,12.2,16.3,19.9,0.0
2025-05-11 02:00:00,18.99,15.9033333333333,1.67,0.0,15.1,77,0,0.7,338,16.6,19.9,18.8,0.0,0.0,0.0,15.0,84.0,0.0,0.0,2.0,132.0,0.0,100280.0,12.6,91,40,2.7,203,11.7,15.8,19.6,0.0
2025-05-11 03:00:00,18.9733333333333,15.88,1.67,0.0,14.7,76,0,1.7,90,16.2,19.7,18.8,0.0,0.0,0.0,16.0,76.0,0.0,0.0,2.0,107.0,0.0,100210.0,12.0,92,54,3.5,204,11.4,15.2,19.2,0.0
2025-05-11 04:00:00,18.9533333333333,15.8766666666667,1.67,0.0,14.6,74,0,1.4,114,15.8,19.5,18.8,0.0,0.0,0.0,15.0,73.0,0.0,0.0,2.0,120.0,0.0,100170.0,12.0,91,64,2.6,214,11.6,14.9,18.9,0.0
2025-05-11 05:00:00,18.9366666666667,15.8833333333333,1.67,0.0,14.6,74,13,0.6,55,15.4,19.3,18.8,0.0,0.0,0.0,15.0,72.0,0.0,0.0,1.0,138.0,0.0,100120.0,12.5,88,78,2.1,211,12.0,14.7,18.6,0.0
2025-05-11 06:00:00,18.93,15.8966666666667,1.67,0.0,15.5,74,45,2.3,108,15.6,19.1,18.8,0.0,0.0,0.02,13.0,85.0,0.0,0.0,0.0,288.0,0.0,100100.0,13.7,85,98,3.3,193,14.0,14.9,18.3,0.0
2025-05-11 07:00:00,18.93,15.9133333333333,1.67,0.0,17.8,66,42,4.8,142,16.5,18.9,18.8,0.0,0.0,0.08,13.0,89.0,312.0,0.0,0.0,42.0,0.0,100120.0,15.5,82,90,2.5,135,17.2,15.6,18.1,0.0
2025-05-11 08:00:00,18.93,15.92,1.67,0.0,19.7,60,58,2.4,288,18.0,18.8,18.7,0.0,0.0,0.18,15.0,85.0,6295.0,0.0,1.0,216.0,0.0,100210.0,18.1,70,79,2.6,74,21.7,17.0,18.0,0.0
2025-05-11 09:00:00,18.9233333333333,15.9133333333333,1.67,0.0,21.1,57,58,4.3,10,19.8,18.8,18.7,0.0,0.0,0.29,16.0,82.0,18869.0,1.0,0.0,188.0,0.0,100210.0,20.3,65,95,4.9,324,24.9,19.2,18.0,0.0
2025-05-11 10:00:00,18.9233333333333,15.9133333333333,1.67,0.0,22.6,52,96,3.4,343,21.7,18.9,18.7,0.0,0.0,0.42,18.0,77.0,17942.0,1.0,1.0,234.0,0.0,100260.0,21.6,57,86,4.3,270,26.5,20.8,18.2,0.0
2025-05-11 11:00:00,18.92,15.8966666666667,1.67,0.0,22.8,51,39,7.8,337,22.6,19.1,18.7,0.0,0.0,0.35,19.0,68.0,41895.0,3.0,0.0,296.0,0.0,100270.0,23.3,49,59,5.4,270,30.1,22.3,18.5,0.0
2025-05-11 12:00:00,18.92,15.8966666666667,1.67,0.0,23.1,52,41,7.3,5,23.7,19.3,18.7,0.0,0.0,0.46,22.0,58.0,101237.0,8.0,1.0,96.0,0.0,100260.0,24.0,52,78,15.6,337,30.6,23.9,18.8,0.0
2025-05-11 13:00:00,18.92,15.8933333333333,1.67,0.0,22.6,56,58,10.0,351,25.1,19.6,18.7,0.5,0.5,0.55,22.0,52.0,112304.0,7.0,2.0,54.0,0.0,100240.0,23.2,54,100,17.0,347,30.7,24.6,19.2,0.0
2025-05-11 14:00:00,18.9133333333333,15.88,1.67,0.0,23.0,53,77,10.1,340,25.0,19.9,18.7,0.6,0.6,0.44,22.0,60.0,107524.0,9.0,5.0,30.0,0.0,100250.0,23.4,49,100,17.9,330,29.8,25.1,19.6,0.0
2025-05-11 15:00:00,18.9166666666667,15.8433333333333,1.67,0.0,22.7,52,46,10.2,348,24.4,20.1,18.7,0.4,0.4,0.39,23.0,53.0,103764.0,9.0,4.0,21.0,0.0,100230.0,23.0,47,100,16.6,333,28.0,25.1,20.0,0.0
2025-05-11 16:00:00,18.92,15.8566666666667,1.67,0.0,22.3,50,51,8.9,341,24.4,20.3,18.7,0.0,0.0,0.36,23.0,46.0,92180.0,6.0,7.0,12.0,0.0,100220.0,22.7,47,100,16.3,325,26.0,25.0,20.3,0.0
2025-05-11 17:00:00,18.92,15.8866666666667,1.67,0.0,22.0,51,37,8.7,359,23.9,20.5,18.7,0.0,0.0,0.24,23.0,47.0,78500.0,5.0,4.0,1.0,0.0,100210.0,22.3,46,38,15.0,314,23.7,24.1,20.6,0.0
2025-05-11 18:00:00,18.9133333333333,15.91,1.67,0.0,21.1,56,18,6.9,359,23.0,20.6,18.8,0.0,0.0,0.14,22.0,54.0,31608.0,3.0,4.0,17.0,0.0,100210.0,21.9,48,90,10.4,316,21.3,23.2,20.8,0.0
2025-05-11 19:00:00,18.8966666666667,15.9,1.67,0.0,19.1,67,3,2.7,7,21.7,20.7,18.8,0.0,0.0,0.03,21.0,55.0,11382.0,1.0,3.0,58.0,0.0,100290.0,20.5,55,43,1.5,346,17.5,21.9,20.8,0.0
2025-05-11 20:00:00,18.88,15.8933333333333,1.67,0.0,17.7,70,1,3.6,129,20.4,20.7,18.8,0.0,0.0,0.0,21.0,58.0,4472.0,0.0,3.0,59.0,0.0,100280.0,19.1,60,41,3.6,135,16.0,20.3,20.8,0.0
2025-05-11 21:00:00,18.86,15.9066666666667,1.67,0.0,16.5,77,0,2.9,198,19.4,20.6,18.8,0.0,0.0,0.0,19.0,61.0,68.0,0.0,1.0,105.0,0.0,100330.0,17.3,67,35,4.0,180,15.2,19.1,20.6,0.0
2025-05-11 22:00:00,18.8333333333333,15.9133333333333,1.67,0.0,15.7,80,1,3.5,182,18.5,20.5,18.8,0.0,0.0,0.0,18.0,66.0,0.0,0.0,0.0,131.0,0.0,100380.0,16.1,75,3,4.8,193,14.4,18.2,20.4,0.0
2025-05-11 23:00:00,18.83,15.9333333333333,1.67,0.0,15.1,80,1,3.7,183,17.8,20.3,18.8,0.0,0.0,0.0,16.0,71.0,0.0,0.0,0.0,145.0,0.0,100430.0,15.4,77,10,3.6,186,13.5,17.5,20.2,0.0
2025-05-12 00:00:00,18.83,15.9466666666667,1.67,0.0,14.8,79,0,3.4,197,17.2,20.1,18.8,0.0,0.0,0.0,17.0,69.0,0.0,0.0,0.0,168.0,0.0,100430.0,14.2,81,52,4.0,180,12.8,16.7,19.9,0.0
2025-05-12 01:00:00,18.8266666666667,15.9533333333333,1.67,0.0,15.1,76,1,2.7,160,16.6,20.0,18.8,0.0,0.0,0.0,15.0,73.0,0.0,0.0,0.0,174.0,0.0,100410.0,13.8,83,61,2.9,187,12.9,16.3,19.6,0.0
2025-05-12 02:00:00,18.81,15.94,1.67,0.0,14.8,75,7,1.0,270,16.1,19.7,18.8,0.0,0.0,0.0,14.0,80.0,0.0,0.0,0.0,66.0,0.0,100420.0,13.3,84,43,2.2,189,12.1,15.9,19.4,0.0
2025-05-12 03:00:00,18.7933333333333,15.9133333333333,1.67,0.0,14.6,75,1,1.8,279,15.8,19.5,18.8,0.0,0.0,0.0,13.0,84.0,0.0,0.0,0.0,180.0,0.0,100390.0,12.4,86,20,3.2,180,11.2,15.3,19.1,0.0
2025-05-12 04:00:00,18.7733333333333,15.9033333333333,1.67,0.0,14.4,75,0,1.8,153,15.4,19.3,18.8,0.0,0.0,0.0,13.0,83.0,0.0,0.0,2.0,156.0,0.0,100360.0,12.0,87,0,3.3,167,10.8,14.9,18.8,0.0
2025-05-12 05:00:00,18.7633333333333,15.89,1.67,0.0,14.1,76,0,1.6,135,15.0,19.1,18.8,0.0,0.0,0.0,12.0,86.0,0.0,0.0,0.0,66.0,0.0,100380.0,11.6,88,0,2.3,162,10.0,14.4,18.5,0.0
2025-05-12 06:00:00,18.76,15.8966666666667,1.67,0.0,14.7,78,0,2.4,197,15.1,18.8,18.8,0.0,0.0,0.02,13.0,80.0,0.0,0.0,0.0,156.0,0.0,100370.0,12.0,87,0,3.2,180,12.5,14.2,18.2,0.0
2025-05-12 07:00:00,18.7633333333333,15.9166666666667,1.67,0.0,17.5,67,0,2.7,261,16.1,18.7,18.8,0.0,0.0,0.09,13.0,79.0,1124.0,0.0,0.0,204.0,0.0,100360.0,15.1,83,0,1.5,194,18.9,15.0,17.9,0.0
2025-05-12 08:00:00,18.76,15.9266666666667,1.67,0.0,19.6,57,0,2.3,300,17.8,18.6,18.8,0.0,0.0,0.21,14.0,81.0,11985.0,1.0,1.0,192.0,0.0,100390.0,19.0,58,0,0.8,243,23.6,17.2,17.8,0.0
2025-05-12 09:00:00,18.7566666666667,15.9233333333333,1.67,0.0,21.3,51,0,4.0,302,19.8,18.6,18.8,0.0,0.0,0.34,19.0,62.0,32225.0,2.0,1.0,132.0,0.0,100430.0,21.8,45,0,4.1,315,27.5,19.5,17.9,0.0
2025-05-12 10:00:00,18.75,15.9133333333333,1.67,0.0,22.9,46,0,4.8,308,21.8,18.7,18.8,0.0,0.0,0.47,21.0,51.0,63624.0,5.0,1.0,139.0,0.0,100450.0,23.5,43,0,6.5,326,30.6,21.6,18.1,0.0
2025-05-12 11:00:00,18.74,15.9033333333333,1.67,0.0,24.1,43,0,7.6,342,23.6,19.0,18.8,0.0,0.0,0.57,22.0,49.0,86625.0,8.0,3.0,314.0,0.0,100470.0,24.5,41,0,12.6,347,33.2,23.7,18.5,0.0
2025-05-12 12:00:00,18.7433333333333,15.8933333333333,1.67,0.0,24.2,41,1,12.9,7,24.9,19.2,18.8,0.0,0.0,0.61,24.0,43.0,102933.0,7.0,4.0,354.0,0.0,100430.0,24.1,42,0,15.9,355,31.9,24.9,18.9,0.0
2025-05-12 13:00:00,18.7466666666667,15.8933333333333,1.67,0.0,24.0,40,8,13.9,4,25.8,19.7,18.8,0.0,0.0,0.6,23.0,49.0,110458.0,7.0,3.0,67.0,0.0,100400.0,24.3,39,0,17.1,353,31.8,25.8,19.4,0.0
2025-05-12 14:00:00,18.7333333333333,15.86,1.67,0.0,23.9,38,8,13.0,13,26.1,20.0,18.8,0.0,0.0,0.57,23.0,43.0,110542.0,10.0,4.0,354.0,0.0,100350.0,24.0,39,0,17.6,359,30.7,26.1,19.9,0.0
2025-05-12 15:00:00,18.7333333333333,15.8466666666667,1.67,0.0,23.5,37,18,15.0,12,26.1,20.3,18.8,0.0,0.0,0.51,23.0,43.0,103164.0,10.0,6.0,30.0,0.0,100310.0,23.6,42,0,17.7,355,29.2,26.3,20.3,0.0
2025-05-12 16:00:00,18.74,15.8833333333333,1.67,0.0,22.3,38,9,13.8,10,25.5,20.6,18.8,0.0,0.0,0.41,23.0,41.0,88483.0,7.0,4.0,10.0,0.0,100280.0,22.7,45,0,16.6,1,26.5,25.7,20.7,0.0
2025-05-12 17:00:00,18.7366666666667,15.8933333333333,1.67,0.0,21.8,42,7,10.5,23,24.7,20.8,18.8,0.0,0.0,0.29,23.0,41.0,67983.0,4.0,4.0,42.0,0.0,100200.0,21.8,50,0,12.4,8,24.1,24.8,20.9,0.0
2025-05-12 18:00:00,18.7266666666667,15.8733333333333,1.67,0.0,20.5,48,4,6.6,27,23.5,20.9,18.8,0.0,0.0,0.15,22.0,40.0,40912.0,2.0,4.0,30.0,0.0,100200.0,20.9,54,0,10.6,18,20.9,23.7,21.1,0.0
2025-05-12 19:00:00,18.7166666666667,15.88,1.67,0.0,18.4,59,11,2.6,53,21.9,21.0,18.8,0.0,0.0,0.03,21.0,41.0,11825.0,1.0,5.0,30.0,0.0,100190.0,19.2,60,15,5.0,60,16.9,22.1,21.2,0.0
2025-05-12 20:00:00,18.6966666666667,15.89,1.67,0.0,17.2,62,4,2.3,122,20.4,20.9,18.8,0.0,0.0,0.0,20.0,51.0,3264.0,0.0,3.0,42.0,0.0,100230.0,17.6,70,46,3.1,144,15.4,20.4,21.1,0.0
2025-05-12 21:00:00,18.6766666666667,15.9,1.67,0.0,16.2,63,54,4.1,183,19.3,20.8,18.8,0.0,0.0,0.01,18.0,59.0,0.0,0.0,0.0,76.0,0.0,100260.0,16.5,64,42,4.5,166,15.0,19.2,21.0,0.0
2025-05-12 22:00:00,18.6533333333333,15.9,1.67,0.0,15.2,63,86,4.0,193,18.3,20.7,18.8,0.0,0.0,0.01,18.0,55.0,0.0,0.0,2.0,138.0,0.0,100290.0,16.2,52,74,4.0,185,14.9,18.4,20.7,0.0
2025-05-12 23:00:00,18.64,15.9133333333333,1.67,0.0,15.0,59,99,3.4,201,17.7,20.5,18.8,0.0,0.0,0.01,17.0,53.0,0.0,0.0,1.0,170.0,0.0,100280.0,15.7,55,97,3.3,193,14.5,17.9,20.5,0.0
2025-05-13 00:00:00,18.6466666666667,15.93,1.67,0.0,15.0,58,100,3.4,192,17.3,20.3,18.8,0.0,0.0,0.01,18.0,47.0,0.0,0.0,0.0,323.0,0.0,100230.0,15.5,56,100,2.7,203,14.5,17.5,20.2,0.0
2025-05-13 01:00:00,18.6433333333333,15.9466666666667,1.67,0.0,15.9,59,73,3.4,244,17.5,20.1,18.8,0.0,0.0,0.01,17.0,57.0,0.0,0.0,0.0,302.0,0.0,100250.0,15.2,63,100,3.3,221,14.4,17.2,20.0,0.0
2025-05-13 02:00:00,18.62,15.9466666666667,1.67,0.0,15.6,64,82,3.4,280,17.2,20.0,18.8,0.1,0.1,0.0,16.0,74.0,0.0,0.0,0.0,186.0,0.0,100240.0,15.1,66,100,2.8,220,14.7,17.0,19.7,0.0
2025-05-13 03:00:00,18.5666666666667,15.9466666666667,1.67,0.0,14.9,73,96,4.2,306,16.8,19.8,18.8,0.2,0.2,0.0,15.0,83.0,0.0,0.0,2.0,144.0,10.0,100180.0,14.0,82,100,2.5,270,14.2,16.7,19.5,0.0
2025-05-13 04:00:00,18.5466666666667,15.9366666666667,1.67,0.0,14.7,78,98,1.0,315,16.3,19.6,18.8,0.0,0.0,0.0,,,,,,,,,13.6,88,100,4.9,306,13.8,16.5,19.3,0.0
2025-05-13 05:00:00,18.5466666666667,15.9,1.67,0.0,14.5,82,100,0.5,14,16.0,19.4,18.8,0.0,0.0,0.0,15.0,81.0,0.0,0.0,1.0,234.0,2.0,100180.0,13.5,87,100,4.1,255,13.3,16.1,19.0,0.0
2025-05-13 06:00:00,18.55,15.89,1.67,0.0,15.5,78,100,1.4,225,16.1,19.2,18.8,0.0,0.0,0.02,15.0,90.0,0.0,0.0,0.0,198.0,0.0,100130.0,13.6,88,100,2.6,254,14.3,16.0,18.8,0.0
2025-05-13 07:00:00,18.54,15.8933333333333,1.67,0.0,16.8,76,100,2.7,342,16.7,19.1,18.8,0.0,0.0,0.07,15.0,90.0,0.0,0.0,0.0,270.0,0.0,100140.0,14.4,85,100,2.3,252,16.2,16.1,18.6,0.0
2025-05-13 08:00:00,18.5366666666667,15.89,1.67,0.0,17.8,70,100,4.8,10,17.7,19.0,18.8,0.0,0.0,0.14,15.0,88.0,2050.0,0.0,0.0,353.0,0.0,100110.0,15.0,83,100,0.4,180,16.5,16.7,18.5,0.0
2025-05-13 09:00:00,18.4666666666667,15.9066666666667,1.67,0.0,18.9,65,100,5.8,73,18.8,18.9,18.8,0.0,0.0,0.21,15.0,85.0,8944.0,0.0,2.0,36.0,0.0,100190.0,16.6,83,100,3.6,6,19.8,17.6,18.4,0.0
2025-05-13 10:00:00,18.39,15.97,1.67,0.0,20.3,60,100,8.2,34,20.4,19.0,18.8,0.0,0.0,0.34,17.0,82.0,20411.0,1.0,1.0,70.0,0.0,100190.0,17.7,79,100,5.6,15,20.4,18.3,18.4,0.0
2025-05-13 11:00:00,18.4133333333333,15.96,1.67,0.0,21.5,57,94,8.9,25,22.1,19.1,18.8,0.0,0.0,0.44,18.0,79.0,33978.0,2.0,2.0,18.0,0.0,100210.0,17.9,78,100,7.9,3,20.2,18.9,18.4,0.0
2025-05-13 12:00:00,18.41,15.9466666666667,1.67,0.0,21.8,56,99,12.1,19,23.2,19.3,18.8,0.0,0.0,0.45,18.0,69.0,28515.0,2.0,1.0,66.0,0.0,100260.0,19.2,72,100,11.2,2,22.4,19.9,18.5,0.0
2025-05-13 13:00:00,18.41,15.9266666666667,1.67,0.0,20.5,61,99,11.8,3,23.0,19.4,18.8,0.0,0.0,0.37,19.0,68.0,35819.0,2.0,2.0,24.0,0.0,100250.0,19.6,71,100,12.3,3,25.3,20.5,18.6,0.0
2025-05-13 14:00:00,18.4066666666667,15.9233333333333,1.67,0.0,20.5,62,100,12.7,4,23.1,19.6,18.8,0.0,0.0,0.35,20.0,63.0,134560.0,11.0,2.0,19.0,0.0,100180.0,18.9,71,100,13.8,6,20.8,21.1,18.8,0.0
2025-05-13 15:00:00,18.3933333333333,15.9233333333333,1.67,0.0,19.4,69,88,13.4,30,22.6,19.8,18.8,0.0,0.0,0.24,21.0,63.0,74716.0,6.0,3.0,45.0,0.0,100110.0,18.8,70,100,16.6,2,21.0,21.2,19.0,0.0
2025-05-13 16:00:00,18.39,15.9633333333333,1.67,0.0,18.8,72,84,14.1,14,22.2,20.0,18.8,0.0,0.0,0.22,20.0,68.0,27434.0,2.0,5.0,2.0,0.0,100140.0,17.8,76,100,13.3,358,20.0,20.8,19.1,0.0
2025-05-13 17:00:00,18.3833333333333,15.9733333333333,1.67,0.0,18.4,71,100,9.1,31,21.8,20.1,18.8,0.0,0.0,0.19,19.0,69.0,50100.0,4.0,4.0,10.0,0.0,100130.0,16.9,82,100,11.9,5,17.9,20.1,19.2,0.0
2025-05-13 18:00:00,18.38,15.9833333333333,1.67,0.0,17.6,72,100,11.0,30,21.0,20.2,18.8,0.0,0.0,0.1,20.0,67.0,79883.0,5.0,3.0,48.0,0.0,100100.0,16.6,86,100,7.0,35,17.0,19.4,19.2,0.0
2025-05-13 19:00:00,18.3766666666667,15.99,1.67,0.0,16.6,75,100,6.2,56,20.0,20.1,18.8,0.0,0.0,0.04,19.0,73.0,21876.0,1.0,3.0,8.0,0.0,100110.0,16.1,90,100,6.1,140,16.2,18.6,19.1,0.1
2025-05-13 20:00:00,18.37,15.99,1.67,0.0,15.8,86,100,0.9,150,19.2,20.1,18.8,0.3,0.3,0.0,18.0,75.0,7124.0,0.0,2.0,37.0,0.0,100100.0,15.7,92,100,10.2,162,15.8,18.0,19.1,4.0
2025-05-13 21:00:00,18.3533333333333,15.9933333333333,1.67,0.0,15.6,92,100,6.2,190,18.2,20.0,18.8,1.4,1.4,0.0,17.0,76.0,515.0,0.0,1.0,59.0,0.0,100140.0,15.3,87,100,9.8,152,15.2,17.5,19.0,3.2
2025-05-13 22:00:00,18.35,16.0,1.67,0.0,15.5,90,100,5.6,185,17.4,19.8,18.8,1.3,1.3,0.0,16.0,78.0,0.0,0.0,1.0,274.0,0.0,100230.0,15.0,86,100,10.0,193,14.9,17.0,18.8,2.9
2025-05-13 23:00:00,18.3566666666667,16.0033333333333,1.67,0.0,15.2,90,100,4.0,195,16.9,19.6,18.8,1.2,1.2,0.0,15.0,90.0,0.0,0.0,1.0,189.0,1.0,100220.0,14.7,91,100,10.4,214,14.8,16.6,18.7,2.2
2025-05-14 00:00:00,18.3733333333333,15.9766666666667,1.67,0.0,15.3,91,100,4.5,204,16.7,19.4,18.8,1.7,1.7,0.0,15.0,93.0,0.0,0.0,1.0,244.0,4.0,100210.0,15.0,89,100,11.0,199,15.0,16.6,18.6,2.0
2025-05-14 01:00:00,18.39,15.9566666666667,1.67,0.0,15.6,88,100,3.7,204,17.0,19.4,18.8,1.0,1.0,0.0,15.0,93.0,0.0,0.0,3.0,252.0,3.0,100320.0,15.0,87,100,6.8,205,14.8,16.4,18.4,0.5
2025-05-14 02:00:00,18.4033333333333,15.9333333333333,1.67,0.0,15.3,90,100,3.5,203,16.6,19.2,18.8,0.6,0.6,0.0,15.0,95.0,0.0,0.0,3.0,256.0,3.0,100290.0,14.7,88,100,3.7,209,14.5,16.2,18.3,0.3
2025-05-14 03:00:00,18.41,15.91,1.67,0.0,14.9,93,100,5.1,204,16.3,19.1,18.8,0.4,0.4,0.0,14.0,94.0,0.0,0.0,1.0,204.0,1.0,100220.0,14.5,85,100,8.3,198,14.0,15.8,18.1,0.1
2025-05-14 04:00:00,18.4166666666667,15.9233333333333,1.67,0.0,14.5,94,100,4.9,187,16.0,18.9,18.8,0.3,0.3,0.0,14.0,95.0,0.0,0.0,2.0,258.0,1.0,100160.0,14.5,83,100,6.9,219,14.0,15.7,17.9,0.0
2025-05-14 05:00:00,18.42,15.9166666666667,1.67,0.0,14.5,91,100,6.1,209,15.8,18.7,18.8,0.1,0.1,0.0,14.0,95.0,0.0,0.0,3.0,246.0,0.0,100140.0,14.5,84,100,7.9,219,14.0,15.5,17.8,0.0
2025-05-14 06:00:00,18.42,15.8833333333333,1.67,0.0,14.9,84,100,12.4,220,15.6,18.5,18.8,0.0,0.0,0.04,14.0,93.0,0.0,0.0,1.0,234.0,0.0,100140.0,14.9,86,100,8.0,216,14.7,15.5,17.6,0.0
2025-05-14 07:00:00,18.4166666666667,15.8533333333333,1.67,0.0,15.9,77,100,14.3,218,15.8,18.3,18.8,0.0,0.0,0.07,14.0,94.0,0.0,0.0,2.0,252.0,0.0,100130.0,15.7,83,100,9.0,209,16.1,15.7,17.5,0.0
2025-05-14 08:00:00,18.4066666666667,15.8033333333333,1.67,0.0,17.1,68,100,11.9,212,16.3,18.2,18.8,0.0,0.0,0.11,14.0,93.0,392.0,0.0,3.0,252.0,0.0,100170.0,16.9,81,99,11.7,223,17.9,16.2,17.4,0.0
2025-05-14 09:00:00,18.4033333333333,15.8,1.67,0.0,18.2,60,99,9.4,224,17.1,18.1,18.8,0.0,0.0,0.17,14.0,95.0,2924.0,0.0,3.0,228.0,2.0,100230.0,17.7,74,99,14.5,224,18.8,17.0,17.4,0.0
2025-05-14 10:00:00,18.4,15.8033333333333,1.67,0.0,19.4,63,89,8.3,262,18.3,18.1,18.8,0.4,0.4,0.25,14.0,96.0,5139.0,0.0,1.0,228.0,3.0,100260.0,19.1,67,99,11.9,270,23.1,18.3,17.5,0.0
2025-05-14 11:00:00,18.3866666666667,15.7366666666667,1.67,0.0,21.3,55,51,12.7,293,20.0,18.2,18.8,0.0,0.0,0.42,15.0,96.0,14924.0,1.0,2.0,212.0,3.0,100250.0,19.7,67,98,13.8,303,24.8,19.8,17.6,0.0
2025-05-14 12:00:00,18.37,15.6466666666667,1.67,0.0,18.8,67,93,19.4,301,21.2,18.4,18.8,1.0,1.0,0.44,15.0,95.0,25991.0,1.0,2.0,273.0,0.0,100240.0,20.2,63,90,17.6,293,23.4,20.4,17.7,0.0
2025-05-14 13:00:00,18.3433333333333,15.6266666666667,1.67,0.0,21.8,54,100,10.9,284,22.7,18.8,18.8,0.0,0.0,0.48,17.0,86.0,38833.0,3.0,2.0,246.0,0.0,100260.0,20.9,61,72,22.3,309,25.8,21.2,18.0,0.0
2025-05-14 14:00:00,18.3266666666667,15.5966666666667,1.67,0.0,18.9,70,100,18.6,307,22.8,19.0,18.8,2.3,2.3,0.4,18.0,79.0,29672.0,2.0,2.0,246.0,0.0,100250.0,20.6,65,77,21.9,315,24.3,21.9,18.3,0.0
2025-05-14 15:00:00,18.3133333333333,15.5633333333333,1.67,0.0,20.0,64,61,13.9,305,22.2,19.3,18.8,1.4,1.4,0.33,19.0,75.0,31104.0,2.0,1.0,186.0,0.0,100230.0,21.3,62,78,21.1,313,25.3,22.0,18.6,0.0
2025-05-14 16:00:00,18.3,15.5166666666667,1.67,0.0,20.0,68,28,8.0,297,21.4,19.4,18.8,3.7,3.7,0.25,21.0,66.0,80131.0,7.0,0.0,120.0,0.0,100190.0,21.2,61,56,22.9,314,24.1,22.1,18.8,0.0
2025-05-14 17:00:00,18.2833333333333,15.4866666666667,1.67,0.0,20.3,62,14,13.5,314,21.2,19.5,18.8,0.1,0.1,0.23,20.0,73.0,28244.0,3.0,5.0,324.0,0.0,100200.0,20.4,64,39,19.9,316,22.0,21.9,19.0,0.0
2025-05-14 18:00:00,18.2766666666667,15.4766666666667,1.67,0.0,19.7,58,3,9.2,300,20.6,19.6,18.8,0.0,0.0,0.15,20.0,67.0,14199.0,1.0,6.0,329.0,0.0,100260.0,19.8,65,45,14.0,325,19.7,21.3,19.2,0.0
2025-05-14 19:00:00,18.27,15.45,1.67,0.0,17.9,59,0,7.4,284,19.6,19.6,18.8,0.0,0.0,0.06,19.0,65.0,14908.0,1.0,5.0,322.0,0.0,100270.0,18.6,71,3,4.6,342,17.1,20.3,19.3,0.0
2025-05-14 20:00:00,18.2666666666667,15.41,1.67,0.0,16.7,62,3,7.1,269,18.5,19.6,18.8,0.0,0.0,0.03,19.0,65.0,6735.0,0.0,4.0,283.0,0.0,100280.0,17.7,76,4,2.2,351,15.3,19.0,19.3,0.0
2025-05-14 21:00:00,18.27,15.3866666666667,1.67,0.0,16.4,61,0,9.0,241,17.8,19.5,18.8,0.0,0.0,0.04,19.0,65.0,1734.0,0.0,3.0,322.0,0.0,100330.0,16.7,75,23,4.3,222,14.6,17.9,19.2,0.0
2025-05-14 22:00:00,18.2633333333333,15.38,1.67,0.0,15.8,59,13,11.0,230,17.3,19.3,18.8,0.0,0.0,0.05,17.0,70.0,0.0,0.0,4.0,318.0,0.0,100410.0,15.4,76,52,6.5,183,14.5,17.2,19.1,0.0
2025-05-14 23:00:00,18.26,15.39,1.67,0.0,15.4,57,12,9.6,227,16.9,19.1,18.8,0.0,0.0,0.04,17.0,72.0,0.0,0.0,1.0,240.0,0.0,100480.0,15.1,68,73,5.8,173,14.1,16.7,18.9,0.0
2025-05-15 00:00:00,18.25,15.3933333333333,1.67,0.0,14.8,59,12,6.8,227,16.5,19.0,18.8,0.0,0.0,0.03,16.0,73.0,0.0,0.0,0.0,188.0,0.0,100510.0,14.9,67,68,6.1,177,13.6,16.3,18.7,0.0
2025-05-15 01:00:00,18.24,15.36,1.67,0.0,15.5,58,31,8.0,237,17.1,18.9,18.8,0.0,0.0,0.03,15.0,71.0,0.0,0.0,1.0,246.0,0.0,100490.0,14.8,65,70,6.5,180,13.5,16.0,18.5,0.0
2025-05-15 02:00:00,18.24,15.3366666666667,1.67,0.0,15.3,60,15,8.1,240,16.7,18.8,18.8,0.0,0.0,0.03,15.0,66.0,0.0,0.0,2.0,204.0,0.0,100480.0,14.8,63,47,6.2,190,13.2,15.6,18.3,0.0
2025-05-15 03:00:00,18.23,15.3,1.67,0.0,14.7,65,10,7.8,239,16.2,18.6,18.8,0.0,0.0,0.02,15.0,68.0,0.0,0.0,0.0,210.0,0.0,100420.0,14.6,62,43,6.9,189,12.7,15.3,18.1,0.0
2025-05-15 04:00:00,18.23,15.2833333333333,1.67,0.0,14.3,66,6,7.8,230,15.8,18.4,18.8,0.0,0.0,0.02,14.0,72.0,0.0,0.0,0.0,232.0,0.0,100410.0,14.1,63,44,7.3,200,12.3,15.0,17.9,0.0
2025-05-15 05:00:00,18.23,15.2833333333333,1.67,0.0,14.1,67,5,10.2,229,15.5,18.3,18.7,0.0,0.0,0.03,16.0,59.0,0.0,0.0,3.0,282.0,0.0,100400.0,14.0,66,71,7.8,214,12.3,14.7,17.7,0.0
2025-05-15 06:00:00,18.23,15.2933333333333,1.67,0.0,14.7,67,8,12.4,225,15.5,18.1,18.7,0.0,0.0,0.06,13.0,72.0,0.0,0.0,1.0,288.0,0.0,100430.0,14.6,68,64,9.5,209,13.9,14.5,17.5,0.0
2025-05-15 07:00:00,18.23,15.27,1.67,0.0,16.9,63,7,14.0,228,16.1,18.0,18.7,0.0,0.0,0.13,13.0,80.0,64.0,0.0,1.0,258.0,0.0,100440.0,17.0,63,13,14.5,224,17.9,15.2,17.3,0.0
2025-05-15 08:00:00,18.2366666666667,15.2633333333333,1.67,0.0,18.7,55,1,19.5,240,17.3,17.9,18.7,0.0,0.0,0.25,14.0,77.0,4414.0,0.0,3.0,264.0,0.0,100490.0,19.0,55,20,20.8,240,21.1,16.8,17.2,0.0
2025-05-15 09:00:00,18.24,15.2266666666667,1.67,0.0,20.1,53,0,18.8,245,18.7,17.9,18.7,0.0,0.0,0.35,16.0,74.0,22732.0,1.0,3.0,264.0,0.0,100540.0,21.0,50,46,22.1,254,24.3,18.6,17.3,0.0
2025-05-15 10:00:00,18.24,15.22,1.67,0.0,21.5,47,29,20.0,281,20.1,18.0,18.7,0.1,0.1,0.47,18.0,66.0,27588.0,2.0,2.0,272.0,0.0,100580.0,22.3,44,61,23.7,287,25.0,20.2,17.5,0.0
2025-05-15 11:00:00,18.24,15.2033333333333,1.67,0.0,21.6,47,19,18.9,297,21.1,18.2,18.7,0.1,0.1,0.47,20.0,54.0,80029.0,5.0,4.0,268.0,0.0,100610.0,22.5,45,65,24.9,301,25.9,21.1,17.8,0.0
2025-05-15 12:00:00,18.23,15.1933333333333,1.67,0.0,22.5,45,35,15.9,303,22.2,18.5,18.7,0.1,0.1,0.56,21.0,49.0,98760.0,7.0,4.0,240.0,0.0,100600.0,23.1,43,87,20.0,304,27.3,22.0,18.1,0.0
