datetime,s_a,s_b,irr,temperature_2m,relative_humidity_2m,cloud_cover,wind_speed_10m,wind_direction_100m,soil_temperature_0_to_7cm,soil_temperature_7_to_28cm,soil_temperature_28_to_100cm,rain,precipitation,evapotranspiration,LAI,temperature_2m_f,relative_humidity_2m_f,cloud_cover_f,wind_speed_10m_f,wind_direction_10m_f,soil_temperature_0cm_f,soil_temperature_6cm_f,soil_temperature_18cm_f,rain_f
2024-12-12 12:00:00,12.955,11.3,0.0,18.1,35,0,6.4,311,14.3,12.0,17.0,0.0,0.0,0.31,0.0,16.2,44,27,3.0,284,19.4,12.9,10.2,0.0
2024-12-12 13:00:00,12.96,11.4,0.0,18.9,34,0,7.1,334,15.1,12.2,17.0,0.0,0.0,0.32,0.00015350877192982457,17.5,42,41,2.3,321,20.0,14.4,10.6,0.0
2024-12-12 14:00:00,13.0066666666667,11.4,0.0,18.9,33,1,7.0,351,16.0,12.5,17.0,0.0,0.0,0.29,0.00030701754385964913,18.2,41,20,2.5,352,20.0,15.4,11.1,0.0
2024-12-12 15:00:00,13.0033333333333,11.4,0.0,17.8,41,1,9.6,40,16.2,12.8,17.0,0.0,0.0,0.23,0.00046052631578947373,17.9,45,35,7.9,51,17.9,16.0,11.6,0.0
2024-12-12 16:00:00,13.04,11.6,0.0,15.9,50,0,8.4,74,15.7,13.1,17.0,0.0,0.0,0.13,0.0006140350877192983,16.9,52,2,9.4,72,15.0,15.5,12.0,0.0
2024-12-12 17:00:00,13.0933333333333,11.5,0.0,12.4,57,0,6.9,91,14.4,13.3,17.0,0.0,0.0,0.04,0.0007675438596491228,14.8,60,1,5.4,70,11.3,14.4,12.3,0.0
2024-12-12 18:00:00,13.0966666666667,11.5,0.0,11.4,60,0,3.0,101,12.9,13.4,16.9,0.0,0.0,0.0,0.0009210526315789475,12.9,68,20,4.0,90,9.8,13.1,12.5,0.0
2024-12-12 19:00:00,13.14,11.6,0.0,10.5,63,0,0.7,78,11.8,13.4,16.9,0.0,0.0,0.0,0.0010745614035087719,11.2,72,7,3.6,186,8.4,11.8,12.5,0.0
2024-12-12 20:00:00,13.1266666666667,11.6,0.0,9.6,65,6,1.0,28,10.9,13.3,16.9,0.0,0.0,0.0,0.0012280701754385965,8.8,81,0,3.6,180,7.3,10.8,12.5,0.0
2024-12-12 21:00:00,13.13,11.6,0.0,8.6,67,21,4.1,282,10.2,13.2,16.9,0.0,0.0,0.0,0.0013815789473684212,8.2,68,9,4.7,180,6.9,10.2,12.4,0.0
2024-12-12 22:00:00,13.1333333333333,11.5,0.0,8.9,64,94,7.3,254,9.9,13.1,16.9,0.0,0.0,0.02,0.0015350877192982456,7.7,68,0,4.1,195,6.2,9.5,12.3,0.0
2024-12-12 23:00:00,13.1333333333333,11.5,0.0,10.1,60,72,6.6,242,10.1,13.0,16.9,0.0,0.0,0.02,0.0016885964912280703,7.2,74,0,4.1,218,5.7,9.0,12.1,0.0
2024-12-13 00:00:00,13.0866666666667,11.55,0.0,10.4,57,49,7.8,226,10.1,12.9,16.9,0.0,0.0,0.03,0.001842105263157895,7.4,70,2,5.0,210,5.8,8.7,12.0,0.0
2024-12-13 01:00:00,13.09,11.5466666666667,0.0,9.2,52,26,8.4,222,9.9,13.0,16.9,0.0,0.0,0.03,0.0019956140350877193,7.3,72,0,4.7,212,5.5,8.4,11.8,0.0
2024-12-13 02:00:00,13.0766666666667,11.4966666666667,0.0,9.9,54,18,8.5,221,9.9,12.9,16.8,0.0,0.0,0.03,0.0021491228070175438,6.9,74,0,4.4,215,5.2,8.1,11.6,0.0
2024-12-13 03:00:00,13.04,11.4333333333333,0.0,8.6,62,23,7.2,224,9.7,12.8,16.8,0.0,0.0,0.02,0.0023026315789473686,6.8,73,0,5.6,207,5.1,7.8,11.4,0.0
2024-12-13 04:00:00,13.0433333333333,11.39,0.0,8.1,67,9,7.6,228,9.5,12.7,16.8,0.0,0.0,0.02,0.002456140350877193,6.7,75,27,4.8,207,5.0,7.6,11.2,0.0
2024-12-13 05:00:00,13.0133333333333,11.3866666666667,0.0,7.4,72,0,6.5,225,9.2,12.6,16.8,0.0,0.0,0.01,0.0026096491228070175,6.7,78,62,4.8,207,5.4,7.5,11.0,0.0
2024-12-13 06:00:00,13.01,11.3966666666667,0.0,6.9,76,0,5.5,230,8.9,12.5,16.8,0.0,0.0,0.0,0.0027631578947368424,6.9,78,68,5.6,207,5.7,7.5,10.8,0.0
2024-12-13 07:00:00,13.01,11.4,0.0,6.8,79,3,5.2,231,8.6,12.3,16.8,0.0,0.0,0.0,0.002916666666666667,7.1,79,50,5.0,210,5.5,7.5,10.7,0.0
2024-12-13 08:00:00,12.9866666666667,11.38,0.0,8.7,75,1,4.5,238,8.7,12.2,16.8,0.0,0.0,0.02,0.0030701754385964912,7.3,80,45,4.9,216,7.0,7.6,10.6,0.0
2024-12-13 09:00:00,12.98,11.3266666666667,0.0,12.6,67,0,5.7,242,10.0,12.1,16.7,0.0,0.0,0.08,0.003223684210526316,10.5,75,33,4.3,228,12.3,8.7,10.5,0.0
2024-12-13 10:00:00,12.97,11.29,0.0,15.6,58,0,5.6,259,11.8,12.2,16.7,0.0,0.0,0.18,0.0033771929824561405,14.3,60,39,5.0,249,17.3,10.6,10.5,0.0
2024-12-13 11:00:00,12.9633333333333,11.2966666666667,0.0,17.4,51,0,6.4,271,13.7,12.3,16.7,0.0,0.0,0.25,0.003530701754385965,16.4,53,32,6.3,246,19.9,12.9,10.8,0.0
2024-12-13 12:00:00,12.9566666666667,11.36,0.0,18.7,47,0,6.0,275,15.3,12.5,16.7,0.0,0.0,0.3,0.00368421052631579,18.1,50,31,4.4,261,21.4,14.9,11.1,0.0
2024-12-13 13:00:00,12.9833333333333,11.4033333333333,0.0,20.1,40,0,5.7,287,16.9,12.8,16.7,0.0,0.0,0.32,0.0038377192982456143,19.2,49,16,4.1,315,21.9,16.2,11.6,0.0
2024-12-13 14:00:00,13.01,11.4,0.0,20.4,38,0,6.0,325,17.6,13.2,16.7,0.0,0.0,0.29,0.003991228070175439,19.6,51,20,7.3,351,21.8,17.1,12.1,0.0
2024-12-13 15:00:00,13.02,11.5033333333333,0.0,18.8,48,0,13.2,14,17.6,13.5,16.7,0.0,0.0,0.24,0.0041447368421052636,18.1,57,1,13.7,30,18.2,17.1,12.5,0.0
2024-12-13 16:00:00,13.0766666666667,11.5566666666667,0.0,16.0,62,1,12.0,25,16.9,13.8,16.7,0.0,0.0,0.13,0.0042982456140350876,16.8,65,0,13.9,31,15.6,16.4,12.9,0.0
2024-12-13 17:00:00,13.11,11.5433333333333,0.0,13.1,78,3,4.9,49,15.5,14.0,16.6,0.0,0.0,0.02,0.004451754385964912,15.0,82,5,8.4,40,12.7,15.3,13.2,0.0
2024-12-13 18:00:00,13.14,11.59,0.0,12.6,81,0,2.9,49,14.1,14.1,16.6,0.0,0.0,0.0,0.004605263157894737,13.5,89,5,4.0,63,11.1,13.8,13.3,0.0
2024-12-13 19:00:00,13.14,11.63,0.0,12.2,82,0,0.9,53,13.0,14.1,16.6,0.0,0.0,0.0,0.004758771929824561,12.3,91,3,2.6,146,10.0,12.8,13.4,0.0
2024-12-13 20:00:00,13.1333333333333,11.6333333333333,0.0,11.2,82,0,1.1,98,12.1,14.1,16.6,0.0,0.0,0.0,0.004912280701754386,10.7,94,0,3.9,248,9.1,11.9,13.3,0.0
2024-12-13 21:00:00,13.1333333333333,11.6,0.0,10.4,83,0,3.2,287,11.4,14.0,16.6,0.0,0.0,0.0,0.005065789473684211,9.1,93,21,5.1,188,7.8,11.0,13.2,0.0
2024-12-13 22:00:00,13.1366666666667,11.56,0.0,9.9,85,0,3.9,234,10.9,13.9,16.6,0.0,0.0,0.0,0.005219298245614035,8.3,91,13,4.7,184,7.3,10.4,13.0,0.0
2024-12-13 23:00:00,13.1366666666667,11.54,0.0,9.7,80,0,2.7,205,10.4,13.7,16.6,0.0,0.0,0.0,0.00537280701754386,7.6,91,17,4.3,180,6.6,9.9,12.9,0.0
2024-12-14 00:00:00,13.1233333333333,11.5433333333333,0.0,9.0,82,4,3.2,288,10.0,13.6,16.6,0.0,0.0,0.0,0.005526315789473685,7.0,89,29,4.7,180,6.1,9.4,12.7,0.0
2024-12-14 01:00:00,13.1166666666667,11.5533333333333,0.0,8.2,80,0,4.4,254,9.6,13.5,16.6,0.0,0.0,0.0,0.005679824561403509,6.4,91,14,4.7,184,5.7,8.9,12.4,0.0
2024-12-14 02:00:00,13.11,11.5566666666667,0.0,7.9,75,1,4.7,234,9.4,13.4,16.6,0.0,0.0,0.0,0.005833333333333334,5.8,92,6,4.5,194,5.2,8.5,12.2,0.0
2024-12-14 03:00:00,13.0733333333333,11.51,0.0,7.5,75,99,3.1,293,9.1,13.2,16.6,0.0,0.0,0.0,0.0059868421052631585,5.3,91,17,4.4,189,4.5,7.9,12.0,0.0
2024-12-14 04:00:00,13.0566666666667,11.4333333333333,0.0,7.2,74,91,3.3,256,9.0,13.0,16.6,0.0,0.0,0.0,0.0061403508771929825,5.0,91,9,4.7,189,4.3,7.6,11.7,0.0
2024-12-14 05:00:00,13.0333333333333,11.4,0.0,6.4,74,99,4.6,223,9.0,12.9,16.6,0.0,0.0,0.0,0.006293859649122807,4.8,89,5,4.3,185,4.1,7.3,11.5,0.0
2024-12-14 06:00:00,13.02,11.39,0.0,5.7,78,82,6.6,258,8.9,12.7,16.6,0.0,0.0,0.0,0.006447368421052632,4.1,91,88,4.5,194,3.6,6.9,11.3,0.0
2024-12-14 07:00:00,13.02,11.4,0.0,6.6,75,49,6.7,220,8.9,12.6,16.5,0.0,0.0,0.0,0.006600877192982456,4.2,92,100,4.7,203,3.5,6.7,11.0,0.0
2024-12-14 08:00:00,13.0166666666667,11.41,0.0,7.7,75,64,6.9,239,9.1,12.4,16.5,0.0,0.0,0.02,0.006754385964912281,4.7,90,87,4.9,197,5.1,6.6,10.8,0.0
2024-12-14 09:00:00,13.0033333333333,11.39,0.0,10.4,75,99,6.2,278,10.0,12.4,16.5,0.0,0.0,0.07,0.006907894736842106,8.2,85,23,4.6,219,10.8,7.7,10.6,0.0
2024-12-14 10:00:00,12.9933333333333,11.3533333333333,0.0,13.5,72,57,6.0,277,11.5,12.4,16.5,0.0,0.0,0.14,0.00706140350877193,11.8,79,5,6.0,237,16.2,9.7,10.6,0.0
2024-12-14 11:00:00,12.9833333333333,11.36,0.0,15.6,61,57,2.7,322,13.4,12.5,16.5,0.0,0.0,0.23,0.007214912280701755,14.6,77,30,4.2,250,18.9,11.9,10.7,0.0
2024-12-14 12:00:00,12.9833333333333,11.4,0.0,16.7,55,60,5.5,9,15.1,12.6,16.5,0.0,0.0,0.28,0.00736842105263158,16.8,71,68,5.8,360,20.7,13.9,11.0,0.0
2024-12-14 13:00:00,12.9933333333333,11.4066666666667,0.0,17.3,57,68,8.8,24,16.2,13.1,16.5,0.0,0.0,0.29,0.007521929824561404,17.4,65,100,10.6,24,20.0,15.3,11.4,0.0
2024-12-14 14:00:00,13.0166666666667,11.4166666666667,0.0,17.2,61,85,10.2,33,16.8,13.4,16.5,0.0,0.0,0.26,0.0076754385964912285,17.0,66,100,12.7,35,18.3,15.8,11.8,0.0
2024-12-14 15:00:00,13.0333333333333,11.5366666666667,0.0,16.8,64,98,11.2,45,16.9,13.6,16.5,0.0,0.0,0.19,0.007828947368421053,17.1,68,45,13.1,37,17.6,15.9,12.1,0.0
2024-12-14 16:00:00,13.0866666666667,11.56,0.0,15.8,67,0,10.6,52,16.4,13.9,16.5,0.0,0.0,0.11,0.007982456140350877,16.3,75,32,12.2,43,15.4,15.5,12.5,0.0
2024-12-14 17:00:00,13.11,11.55,0.0,13.0,83,19,6.3,51,15.2,14.0,16.4,0.0,0.0,0.02,0.008135964912280701,14.7,84,31,7.1,45,12.4,14.7,12.7,0.0
2024-12-14 18:00:00,13.15,11.5733333333333,0.0,12.1,86,21,3.6,64,13.9,14.1,16.4,0.0,0.0,0.0,0.008289473684210527,13.3,90,20,3.8,73,10.9,13.5,12.8,0.0
2024-12-14 19:00:00,13.1466666666667,11.6033333333333,0.0,11.9,82,14,1.9,69,12.9,14.1,16.4,0.0,0.0,0.0,0.008442982456140351,12.1,93,46,3.6,135,10.4,12.6,12.9,0.0
2024-12-14 20:00:00,13.14,11.5966666666667,0.0,11.0,82,60,2.7,99,12.0,14.0,16.4,0.0,0.0,0.0,0.008596491228070175,10.8,95,47,3.6,174,9.7,12.0,12.9,0.0
2024-12-14 21:00:00,13.1366666666667,11.5766666666667,0.0,9.8,87,6,2.6,110,11.4,14.0,16.4,0.0,0.0,0.0,0.00875,9.3,96,44,4.0,185,8.4,11.3,12.8,0.0
2024-12-14 22:00:00,13.1433333333333,11.5466666666667,0.0,9.0,91,62,2.1,37,10.8,13.8,16.4,0.0,0.0,0.0,0.008903508771929825,8.2,97,52,4.3,180,7.6,10.7,12.7,0.0
2024-12-14 23:00:00,13.13,11.5433333333333,0.0,8.8,92,76,2.4,311,10.4,13.7,16.4,0.0,0.0,0.0,0.009057017543859649,7.3,99,65,3.8,197,6.8,10.0,12.6,0.0
2024-12-15 00:00:00,13.13,11.5533333333333,0.0,8.7,90,19,4.7,235,10.0,13.5,16.4,0.0,0.0,0.0,0.009210526315789475,6.8,100,100,4.2,200,6.6,9.6,12.5,0.0
2024-12-15 01:00:00,13.1133333333333,11.5633333333333,0.0,8.6,87,98,4.4,262,9.9,13.6,16.4,0.0,0.0,0.0,0.009364035087719299,6.9,97,100,4.7,180,6.4,9.2,12.3,0.0
2024-12-15 02:00:00,13.0766666666667,11.55,0.0,8.4,86,100,5.0,234,9.7,13.4,16.4,0.0,0.0,0.0,0.009517543859649123,6.7,95,100,3.6,174,6.1,8.9,12.1,0.0
2024-12-15 03:00:00,13.0666666666667,11.5,0.0,8.2,86,100,5.0,216,9.7,13.3,16.4,0.0,0.0,0.0,0.009671052631578948,6.2,95,100,4.4,189,5.6,8.5,11.9,0.0
2024-12-15 04:00:00,13.06,11.4466666666667,0.0,7.9,86,100,4.3,266,9.6,13.1,16.4,0.0,0.0,0.0,0.009824561403508772,6.0,96,90,4.5,194,5.7,8.3,11.7,0.0
2024-12-15 05:00:00,13.0266666666667,11.41,0.0,8.4,84,91,5.5,243,9.7,13.0,16.4,0.0,0.0,0.0,0.009978070175438596,6.1,95,97,4.3,185,5.4,8.1,11.5,0.0
2024-12-15 06:00:00,13.0333333333333,11.3966666666667,0.0,8.4,82,34,4.8,197,9.7,12.9,16.4,0.0,0.0,0.0,0.010131578947368422,6.0,94,56,4.7,189,5.2,7.8,11.3,0.0
2024-12-15 07:00:00,13.02,11.4,0.0,7.9,84,97,4.3,199,9.6,12.8,16.4,0.0,0.0,0.0,0.010285087719298246,6.1,95,77,4.8,193,5.2,7.7,11.2,0.0
2024-12-15 08:00:00,13.0133333333333,11.41,0.0,9.2,80,100,6.5,200,9.9,12.7,16.4,0.0,0.0,0.02,0.01043859649122807,6.1,97,49,4.3,204,6.5,7.6,11.0,0.0
2024-12-15 09:00:00,13.0033333333333,11.41,0.0,11.6,74,30,6.0,193,10.8,12.6,16.3,0.0,0.0,0.06,0.010592105263157896,9.6,93,95,3.5,204,12.3,8.8,10.9,0.0
2024-12-15 10:00:00,12.9833333333333,11.4066666666667,0.0,13.9,70,92,4.3,270,12.2,12.6,16.3,0.0,0.0,0.14,0.01074561403508772,12.7,85,62,3.6,233,16.7,10.6,10.9,0.0
2024-12-15 11:00:00,12.99,11.4066666666667,0.0,15.7,64,36,4.7,14,14.0,12.7,16.3,0.0,0.0,0.23,0.010899122807017544,15.3,76,100,0.7,360,18.7,12.6,11.1,0.0
2024-12-15 12:00:00,12.99,11.4133333333333,0.0,16.9,60,100,10.2,30,15.4,12.9,16.3,0.0,0.0,0.28,0.01105263157894737,16.4,71,90,10.0,38,19.6,14.2,11.3,0.0
2024-12-15 13:00:00,13.01,11.4033333333333,0.0,17.1,60,60,14.9,44,15.7,13.1,16.3,0.0,0.0,0.27,0.011206140350877193,17.0,62,10,15.0,44,19.1,15.3,11.7,0.0
2024-12-15 14:00:00,13.0233333333333,11.4466666666667,0.0,17.1,58,10,14.1,49,16.3,13.3,16.3,0.0,0.0,0.26,0.011359649122807017,16.8,65,29,15.5,46,18.3,15.8,12.1,0.0
2024-12-15 15:00:00,13.0666666666667,11.56,0.0,16.5,62,4,14.5,48,16.5,13.5,16.3,0.0,0.0,0.2,0.011513157894736843,16.4,68,35,13.2,43,16.7,15.7,12.4,0.0
2024-12-15 16:00:00,13.0766666666667,11.56,0.0,15.4,69,19,12.5,50,16.0,13.7,16.3,0.0,0.0,0.12,0.011666666666666667,15.5,73,33,11.2,45,14.5,15.2,12.7,0.0
2024-12-15 17:00:00,13.12,11.5533333333333,0.0,12.4,85,2,6.8,58,14.9,13.9,16.3,0.0,0.0,0.02,0.011820175438596491,13.8,84,30,6.4,38,11.4,14.2,12.9,0.0
2024-12-15 18:00:00,13.15,11.59,0.0,11.0,88,2,6.2,71,13.5,14.0,16.3,0.0,0.0,0.0,0.011973684210526317,12.5,86,7,4.1,52,10.3,13.1,13.0,0.0
2024-12-15 19:00:00,13.15,11.6266666666667,0.0,10.5,89,17,4.6,73,12.4,13.9,16.3,0.0,0.0,0.0,0.012127192982456141,11.4,89,0,3.3,103,9.0,12.1,13.0,0.0
2024-12-15 20:00:00,13.1466666666667,11.6233333333333,0.0,10.3,88,0,3.5,75,11.5,13.9,16.3,0.0,0.0,0.0,0.012280701754385965,10.4,91,6,2.5,135,7.8,11.2,12.9,0.0
2024-12-15 21:00:00,13.1466666666667,11.6,0.0,10.1,89,2,2.6,84,10.8,13.8,16.3,0.0,0.0,0.0,0.01243421052631579,9.2,93,0,2.5,172,7.0,10.4,12.8,0.0
2024-12-15 22:00:00,13.15,11.5666666666667,0.0,9.6,89,2,1.5,75,10.2,13.6,16.3,0.0,0.0,0.0,0.012587719298245615,8.1,95,22,2.9,187,6.3,9.7,12.6,0.0
2024-12-15 23:00:00,13.14,11.55,0.0,9.4,88,37,1.4,63,9.6,13.5,16.3,0.0,0.0,0.0,0.012741228070175439,6.9,94,0,2.9,180,5.5,9.1,12.4,0.0
2024-12-16 00:00:00,13.1133333333333,11.5566666666667,0.0,9.1,86,0,0.4,59,9.2,13.3,16.2,0.0,0.0,0.0,0.012894736842105264,6.0,93,4,3.8,197,5.1,8.7,12.2,0.0
2024-12-16 01:00:00,13.1,11.57,0.0,8.5,83,5,0.7,60,8.7,13.3,16.2,0.0,0.0,0.0,0.013048245614035088,5.3,93,13,3.7,191,4.6,8.2,12.0,0.0
2024-12-16 02:00:00,13.0833333333333,11.5466666666667,0.0,7.8,83,24,0.4,50,8.3,13.1,16.2,0.0,0.0,0.0,0.013201754385964912,4.9,94,6,3.2,180,4.2,7.7,11.7,0.0
2024-12-16 03:00:00,13.0466666666667,11.4766666666667,0.0,7.1,84,5,0.3,39,8.0,12.9,16.2,0.0,0.0,0.0,0.013355263157894738,4.3,95,6,3.7,191,3.6,7.2,11.4,0.0
2024-12-16 04:00:00,13.0366666666667,11.42,0.0,6.6,83,0,0.4,35,7.6,12.6,16.2,0.0,0.0,0.0,0.013508771929824562,3.8,96,23,3.4,198,3.2,6.9,11.2,0.0
2024-12-16 05:00:00,13.03,11.4,0.0,5.8,85,9,1.2,33,7.3,12.4,16.2,0.0,0.0,0.0,0.013662280701754386,3.5,96,21,3.9,202,3.0,6.5,10.9,0.0
2024-12-16 06:00:00,13.0266666666667,11.41,0.0,5.1,88,0,3.3,310,7.1,12.2,16.2,0.0,0.0,0.0,0.013815789473684212,2.8,98,15,4.8,207,2.4,6.0,10.6,0.0
2024-12-16 07:00:00,13.01,11.4166666666667,0.0,4.9,89,0,3.8,297,7.0,12.0,16.2,0.0,0.0,0.0,0.013969298245614036,2.8,94,7,4.5,194,2.1,5.7,10.4,0.0
2024-12-16 08:00:00,12.9766666666667,11.3766666666667,0.0,5.6,86,16,3.9,318,7.2,11.8,16.2,0.0,0.0,0.01,0.01412280701754386,3.3,89,6,3.6,174,3.7,5.6,10.1,0.0
2024-12-16 09:00:00,12.98,11.3,0.0,10.3,78,15,4.5,324,8.4,11.6,16.2,0.0,0.0,0.07,0.014276315789473686,6.5,87,0,2.6,196,9.6,6.7,9.9,0.0
2024-12-16 10:00:00,12.9566666666667,11.2566666666667,0.0,13.9,59,0,6.1,310,10.4,11.6,16.1,0.0,0.0,0.17,0.01442982456140351,11.1,76,0,1.5,256,14.7,8.8,9.9,0.0
2024-12-16 11:00:00,12.9533333333333,11.25,0.0,16.0,48,0,5.4,333,12.4,11.7,16.1,0.0,0.0,0.25,0.014583333333333334,14.2,66,0,2.7,23,17.7,11.1,10.0,0.0
2024-12-16 12:00:00,13.0966666666667,11.3966666666667,0.0,17.2,43,0,6.8,8,14.1,11.9,16.1,0.0,0.0,0.3,0.01473684210526316,16.0,55,0,6.9,28,19.4,13.1,10.3,0.0
2024-12-16 13:00:00,13.1,11.4433333333333,0.0,18.1,42,0,9.3,25,15.7,12.2,16.1,0.0,0.0,0.32,0.014890350877192983,17.4,47,0,9.7,27,19.5,14.5,10.7,0.0
2024-12-16 14:00:00,13.14,11.49,0.0,17.1,46,0,16.6,31,16.2,12.5,16.1,0.0,0.0,0.29,0.015043859649122807,17.2,50,0,13.4,24,18.1,15.1,11.1,0.0
2024-12-16 15:00:00,13.19,11.6033333333333,0.0,16.1,47,0,17.1,35,16.0,12.8,16.1,0.0,0.0,0.23,0.015197368421052631,16.6,51,0,16.9,34,16.1,15.2,11.5,0.0
2024-12-16 16:00:00,13.21,11.5933333333333,0.0,15.1,53,0,14.8,39,15.5,13.0,16.1,0.0,0.0,0.15,0.015350877192982457,15.8,60,0,13.8,33,14.2,14.6,11.8,0.0
2024-12-16 17:00:00,13.2166666666667,11.62,0.0,13.3,59,0,11.3,54,14.4,13.2,16.1,0.0,0.0,0.06,0.015504385964912281,14.1,67,0,8.2,41,11.1,13.7,12.0,0.0
2024-12-16 18:00:00,13.2366666666667,11.69,0.0,12.2,64,0,8.8,65,13.3,13.3,16.1,0.0,0.0,0.03,0.015657894736842107,12.8,70,0,5.8,60,9.4,12.5,12.2,0.0
2024-12-16 19:00:00,13.2666666666667,11.7266666666667,0.0,10.9,65,2,4.8,68,12.1,13.3,16.1,0.0,0.0,0.01,0.01581140350877193,11.9,78,0,2.5,98,7.9,11.4,12.2,0.0
2024-12-16 20:00:00,13.2766666666667,11.71,0.0,9.5,60,6,0.4,44,10.9,13.3,16.0,0.0,0.0,0.0,0.015964912280701755,10.2,82,0,4.7,203,6.9,10.3,12.2,0.0
2024-12-16 21:00:00,13.2666666666667,11.6666666666667,0.0,7.9,60,0,6.7,273,10.1,13.2,16.0,0.0,0.0,0.02,0.01611842105263158,7.6,91,0,4.6,198,6.2,9.6,12.0,0.0
2024-12-16 22:00:00,13.25,11.62,0.0,6.2,64,0,6.2,263,9.6,13.0,16.0,0.0,0.0,0.01,0.016271929824561403,6.9,76,4,3.7,169,5.1,8.9,11.9,0.0
2024-12-16 23:00:00,13.2433333333333,11.59,0.0,5.4,61,0,4.4,285,9.0,12.9,16.0,0.0,0.0,0.01,0.01642543859649123,5.8,62,0,4.5,151,4.2,8.2,11.7,0.0
2024-12-17 00:00:00,13.21,11.59,0.0,5.4,57,0,4.8,267,8.5,12.7,16.0,0.0,0.0,0.01,0.016578947368421054,5.0,61,0,3.8,163,3.2,7.6,11.5,0.0
2024-12-17 01:00:00,13.21,11.6033333333333,0.0,5.3,57,0,4.1,268,8.4,12.6,16.0,0.0,0.0,0.01,0.016732456140350876,4.4,70,0,3.6,174,2.7,6.9,11.2,0.0
2024-12-17 02:00:00,13.2,11.6166666666667,0.0,4.9,54,0,2.9,279,7.8,12.4,16.0,0.0,0.0,0.0,0.016885964912280702,4.0,74,0,4.0,180,2.3,6.4,10.9,0.0
2024-12-17 03:00:00,13.1766666666667,11.6266666666667,0.0,4.4,55,0,3.8,270,7.3,12.2,16.0,0.0,0.0,0.01,0.017039473684210528,3.5,80,0,4.4,189,2.0,5.9,10.7,0.0
2024-12-17 04:00:00,13.1566666666667,11.6066666666667,0.0,4.1,58,13,4.0,274,6.9,12.0,16.0,0.0,0.0,0.01,0.01719298245614035,3.2,77,0,4.7,189,1.7,5.6,10.4,0.0
2024-12-17 05:00:00,13.1433333333333,11.5333333333333,0.0,4.1,59,1,4.8,272,6.7,11.8,16.0,0.0,0.0,0.01,0.017346491228070176,2.9,75,0,4.7,184,1.4,5.3,10.1,0.0
2024-12-17 06:00:00,13.12,11.4733333333333,0.0,4.3,58,5,5.2,265,6.5,11.5,16.0,0.0,0.0,0.01,0.0175,2.5,76,3,5.1,184,1.1,4.9,9.8,0.0
2024-12-17 07:00:00,13.09,11.46,0.0,3.8,60,64,4.7,264,6.2,11.3,15.9,0.0,0.0,0.01,0.017653508771929824,2.2,76,0,4.7,184,0.8,4.6,9.5,0.0
2024-12-17 08:00:00,13.0866666666667,11.47,0.0,5.4,60,39,5.5,264,6.3,11.1,15.9,0.0,0.0,0.02,0.01780701754385965,2.6,76,0,4.4,189,2.5,4.4,9.3,0.0
2024-12-17 09:00:00,13.36,11.4833333333333,0.0,10.2,57,2,5.2,255,7.7,11.0,15.9,0.0,0.0,0.08,0.017960526315789475,6.0,74,3,3.8,197,8.5,5.4,9.1,0.0
2024-12-17 10:00:00,13.51,11.4933333333333,0.0,13.9,45,6,5.4,284,9.7,11.0,15.9,0.0,0.0,0.18,0.018114035087719298,11.0,59,4,3.8,229,14.4,7.7,9.0,0.0
2024-12-17 11:00:00,13.5233333333333,11.7,0.0,16.0,38,9,5.4,314,11.8,11.0,15.9,0.0,0.0,0.26,0.018267543859649123,13.8,50,0,4.4,235,17.3,10.3,9.1,0.0
2024-12-17 12:00:00,13.5433333333333,12.4733333333333,0.0,17.1,35,95,7.6,327,13.5,11.2,15.8,0.0,0.0,0.31,0.01842105263157895,15.9,45,3,2.3,309,18.7,12.3,9.5,0.0
2024-12-17 13:00:00,13.5633333333333,13.17,0.0,17.3,42,100,8.0,342,14.6,11.4,15.8,0.0,0.0,0.3,0.01857456140350877,17.1,46,5,5.1,356,20.0,13.9,9.9,0.0
2024-12-17 14:00:00,13.6,13.6233333333333,0.0,16.9,46,68,7.5,10,15.3,11.7,15.8,0.0,0.0,0.26,0.018728070175438597,17.3,50,44,7.4,14,19.0,14.9,10.3,0.0
2024-12-17 15:00:00,13.6533333333333,13.91,0.0,16.1,51,84,8.0,33,15.5,12.0,15.8,0.0,0.0,0.2,0.018881578947368423,16.8,52,67,9.8,17,16.7,15.2,10.8,0.0
2024-12-17 16:00:00,13.6733333333333,14.1433333333333,0.0,14.5,61,98,5.5,44,14.9,12.3,15.8,0.0,0.0,0.1,0.019035087719298245,15.4,58,100,7.6,25,13.7,14.5,11.2,0.0
2024-12-17 17:00:00,13.69,14.3366666666667,0.0,11.6,71,100,2.9,66,13.6,12.4,15.8,0.0,0.0,0.02,0.01918859649122807,13.7,69,100,2.9,30,10.5,13.4,11.5,0.0
2024-12-17 18:00:00,13.73,14.4766666666667,0.0,11.2,73,100,1.2,54,12.2,12.5,15.8,0.0,0.0,0.0,0.019342105263157897,12.4,70,100,1.0,135,8.2,11.7,11.6,0.0
2024-12-17 19:00:00,13.74,14.54,0.0,11.2,73,99,1.6,123,11.4,12.5,15.8,0.0,0.0,0.0,0.01949561403508772,10.6,77,99,4.0,185,7.7,10.6,11.6,0.0
2024-12-17 20:00:00,13.7733333333333,14.67,0.0,10.7,73,90,2.3,187,10.7,12.5,15.8,0.0,0.0,0.0,0.019649122807017545,8.3,84,70,4.0,175,6.6,9.8,11.6,0.0
2024-12-17 21:00:00,13.7533333333333,14.7333333333333,0.0,9.9,72,19,2.1,246,10.1,12.5,15.7,0.0,0.0,0.0,0.01980263157894737,7.0,81,81,4.3,175,5.5,9.0,11.4,0.0
2024-12-17 22:00:00,13.74,14.7433333333333,0.0,8.8,73,2,3.9,238,9.4,12.4,15.7,0.0,0.0,0.0,0.019956140350877193,6.1,82,10,4.0,185,4.7,8.3,11.3,0.0
2024-12-17 23:00:00,13.7533333333333,14.7866666666667,0.0,8.3,71,7,4.6,224,9.0,12.2,15.7,0.0,0.0,0.0,0.02010964912280702,5.6,85,0,3.6,180,4.1,7.7,11.1,0.0
2024-12-18 00:00:00,13.73,14.8433333333333,0.0,8.0,68,0,4.1,236,8.5,12.1,15.7,0.0,0.0,0.0,0.020263157894736844,5.3,85,0,4.3,185,3.9,7.3,10.9,0.0
2024-12-18 01:00:00,13.7266666666667,14.91,0.0,7.3,70,0,4.7,236,7.8,12.1,15.7,0.0,0.0,0.0,0.020416666666666666,5.1,82,0,4.0,180,3.6,6.9,10.7,0.0
2024-12-18 02:00:00,13.7266666666667,14.9733333333333,0.0,7.1,60,0,4.9,218,7.7,11.9,15.7,0.0,0.0,0.01,0.020570175438596492,4.7,81,0,3.6,180,3.2,6.5,10.5,0.0
2024-12-18 03:00:00,13.69,15.01,0.0,7.1,55,0,4.6,203,7.5,11.7,15.7,0.0,0.0,0.01,0.020723684210526318,3.8,83,0,4.0,185,2.6,6.0,10.2,0.0
2024-12-18 04:00:00,13.6833333333333,15.0333333333333,0.0,7.4,53,0,3.3,224,7.3,11.6,15.7,0.0,0.0,0.01,0.02087719298245614,3.6,84,0,3.7,191,2.3,5.7,10.0,0.0
2024-12-18 05:00:00,13.6833333333333,15.0566666666667,0.0,6.8,58,0,4.8,251,7.1,11.4,15.7,0.0,0.0,0.01,0.021030701754385966,3.4,85,0,3.8,197,2.1,5.5,9.8,0.0
2024-12-18 06:00:00,13.68,15.0733333333333,0.0,6.6,57,0,6.2,228,7.0,11.2,15.7,0.0,0.0,0.02,0.02118421052631579,3.1,86,0,4.6,198,1.8,5.0,9.5,0.0
2024-12-18 07:00:00,13.67,15.0866666666667,0.0,6.4,56,0,5.1,231,6.9,11.1,15.6,0.0,0.0,0.01,0.021337719298245614,3.4,84,0,4.1,195,1.9,4.9,9.3,0.0
2024-12-18 08:00:00,13.65,15.1033333333333,0.0,8.0,56,4,6.1,240,7.0,10.9,15.6,0.0,0.0,0.03,0.02149122807017544,4.0,80,0,3.7,191,3.7,4.9,9.1,0.0
2024-12-18 09:00:00,13.63,15.1166666666667,0.0,12.1,53,0,7.9,243,8.4,10.8,15.6,0.0,0.0,0.1,0.021644736842105265,7.2,76,0,3.7,209,9.5,6.0,8.9,0.0
2024-12-18 10:00:00,13.63,15.13,0.0,15.0,50,0,5.5,262,10.4,10.8,15.6,0.0,0.0,0.17,0.021798245614035087,12.4,67,0,3.9,236,15.5,8.3,8.9,0.0
2024-12-18 11:00:00,13.6166666666667,15.14,0.0,17.1,39,0,4.2,277,12.4,11.0,15.6,0.0,0.0,0.25,0.021951754385964913,15.2,50,0,5.4,233,18.3,10.8,9.1,0.0
2024-12-18 12:00:00,13.61,15.2266666666667,0.0,18.7,36,0,3.8,262,14.2,11.2,15.6,0.0,0.0,0.3,0.02210526315789474,17.1,46,0,5.2,236,19.9,12.9,9.4,0.0
2024-12-18 13:00:00,13.6266666666667,15.28,0.0,19.9,35,1,5.2,273,14.6,11.4,15.5,0.0,0.0,0.31,0.02225877192982456,18.2,47,0,2.1,239,20.2,14.3,9.9,0.0
2024-12-18 14:00:00,13.6466666666667,15.3033333333333,0.0,20.6,33,0,4.7,287,15.8,11.7,15.5,0.0,0.0,0.28,0.022412280701754387,18.9,49,0,1.1,342,20.2,15.3,10.3,0.0
2024-12-18 15:00:00,13.6833333333333,15.3866666666667,0.0,20.6,34,0,2.2,322,16.4,12.1,15.5,0.0,0.0,0.2,0.022565789473684213,19.5,48,0,3.5,24,19.6,16.0,10.8,0.0
2024-12-18 16:00:00,13.6966666666667,15.4,0.0,18.3,60,0,3.4,46,16.2,12.4,15.5,0.0,0.0,0.11,0.022719298245614035,18.3,56,0,4.1,45,15.9,15.7,11.3,0.0
2024-12-18 17:00:00,13.7,15.4933333333333,0.0,14.4,60,0,4.2,74,14.9,12.6,15.5,0.0,0.0,0.03,0.02287280701754386,15.5,66,0,3.8,41,11.8,14.7,11.6,0.0
2024-12-18 18:00:00,13.7566666666667,15.4933333333333,0.0,13.7,62,0,0.8,90,13.4,12.8,15.5,0.0,0.0,0.0,0.023026315789473686,13.3,72,0,2.3,108,9.1,12.8,11.8,0.0
2024-12-18 19:00:00,13.77,15.4866666666667,0.0,12.7,62,0,1.3,184,12.3,12.8,15.5,0.0,0.0,0.0,0.02317982456140351,11.4,80,0,3.3,174,8.3,11.5,11.9,0.0
2024-12-18 20:00:00,13.78,15.4966666666667,0.0,12.2,57,2,2.4,222,11.5,12.8,15.5,0.0,0.0,0.0,0.023333333333333334,9.9,84,0,2.9,180,7.5,10.6,11.9,0.0
2024-12-18 21:00:00,13.7966666666667,15.51,0.0,12.1,49,7,3.0,221,10.8,12.8,15.5,0.0,0.0,0.01,0.02348684210526316,9.4,75,0,3.3,186,6.9,9.9,11.8,0.0
2024-12-18 22:00:00,13.7966666666667,15.52,0.0,12.3,43,0,2.6,232,10.3,12.7,15.5,0.0,0.0,0.01,0.023640350877192982,8.8,72,1,3.3,186,6.4,9.3,11.7,0.0
2024-12-18 23:00:00,13.7833333333333,15.5333333333333,0.0,11.8,43,0,3.9,235,9.9,12.6,15.5,0.0,0.0,0.02,0.023793859649122808,8.7,66,6,2.9,187,5.7,8.8,11.5,0.0
2024-12-19 00:00:00,13.7933333333333,15.5466666666667,0.0,11.3,40,0,5.6,233,9.6,12.5,15.5,0.0,0.0,0.03,0.023947368421052634,7.9,64,8,3.8,197,5.5,8.3,11.3,0.0
2024-12-19 01:00:00,13.7733333333333,15.56,0.0,10.5,37,6,4.4,222,8.4,12.4,15.5,0.0,0.0,0.02,0.024100877192982456,8.0,57,0,3.8,197,5.4,8.0,11.2,0.0
2024-12-19 02:00:00,13.75,15.5733333333333,0.0,9.3,35,0,6.4,240,8.4,12.3,15.5,0.0,0.0,0.04,0.024254385964912282,8.0,54,0,3.9,202,5.2,7.8,11.0,0.0
2024-12-19 03:00:00,13.76,15.5866666666667,0.0,8.8,36,9,6.0,253,8.4,12.1,15.5,0.0,0.0,0.03,0.024407894736842108,7.9,53,0,4.3,204,5.2,7.6,10.8,0.0
2024-12-19 04:00:00,13.7466666666667,15.6033333333333,0.0,9.0,35,23,6.1,243,8.3,12.0,15.5,0.0,0.0,0.04,0.02456140350877193,8.0,53,3,4.2,211,5.2,7.5,10.6,0.0
2024-12-19 05:00:00,13.73,15.6133333333333,0.0,9.2,34,20,7.1,234,8.3,11.8,15.4,0.0,0.0,0.04,0.024714912280701756,8.0,53,3,4.7,212,5.3,7.4,10.5,0.0
2024-12-19 06:00:00,13.7166666666667,15.6266666666667,0.0,9.0,36,2,6.7,257,8.2,11.7,15.4,0.0,0.0,0.04,0.02486842105263158,8.4,49,0,5.8,210,5.7,7.3,10.3,0.0
2024-12-19 07:00:00,13.7233333333333,15.6366666666667,0.0,10.6,30,3,11.4,238,8.3,11.6,15.4,0.0,0.0,0.08,0.025021929824561404,8.6,49,2,5.9,218,5.7,7.4,10.2,0.0
2024-12-19 08:00:00,13.72,15.6466666666667,0.0,12.8,30,12,13.8,225,9.0,11.5,15.4,0.0,0.0,0.11,0.02517543859649123,9.3,50,24,6.9,219,7.4,7.5,10.1,0.0
2024-12-19 09:00:00,13.72,15.6566666666667,0.0,16.2,32,65,13.0,228,10.3,11.5,15.4,0.0,0.0,0.16,0.025328947368421055,13.1,45,14,8.2,218,12.6,8.6,10.0,0.0
2024-12-19 10:00:00,13.7233333333333,16.1066666666667,0.0,19.6,31,43,10.2,235,12.2,11.5,15.4,0.0,0.0,0.24,0.025482456140350877,17.3,38,34,10.5,232,17.5,10.5,10.1,0.0
2024-12-19 11:00:00,13.735,18.42,0.0,21.5,31,32,9.6,242,14.1,11.7,15.4,0.0,0.0,0.31,0.025635964912280703,19.8,33,9,11.9,235,20.0,12.7,10.3,0.0
2024-12-19 12:00:00,13.7366666666667,20.3433333333333,0.0,22.4,28,35,12.3,250,15.8,12.0,15.4,0.0,0.0,0.37,0.02578947368421053,22.1,29,65,14.0,241,22.2,14.6,10.6,0.0
2024-12-19 13:00:00,13.7266666666667,21.3966666666667,0.0,23.1,28,88,9.0,262,16.7,12.3,15.4,0.0,0.0,0.36,0.02594298245614035,23.2,28,83,13.4,264,22.2,16.0,11.1,0.0
2024-12-19 14:00:00,13.7533333333333,21.66,0.0,22.7,33,99,6.3,273,17.3,12.6,15.4,0.0,0.0,0.26,0.026096491228070177,22.4,33,100,11.2,268,19.4,16.7,11.5,0.0
2024-12-19 15:00:00,13.7966666666667,21.7533333333333,0.0,21.4,41,100,4.2,283,17.3,13.0,15.4,0.0,0.0,0.14,0.026250000000000002,22.0,38,100,8.1,283,19.9,16.9,11.9,0.0
2024-12-19 16:00:00,13.81,21.8233333333333,0.0,19.6,49,90,3.1,305,16.6,13.2,15.4,0.0,0.0,0.07,0.026403508771929825,20.3,48,100,5.4,318,17.3,16.6,12.3,0.0
2024-12-19 17:00:00,13.8433333333333,21.8233333333333,0.0,18.2,45,100,2.2,290,15.7,13.4,15.4,0.0,0.0,0.03,0.02655701754385965,17.9,53,99,4.1,315,13.5,15.7,12.6,0.0
2024-12-19 18:00:00,13.8533333333333,21.78,0.0,16.2,57,100,1.6,270,14.7,13.6,15.4,0.1,0.1,0.0,0.026710526315789476,16.0,48,77,7.4,203,12.8,14.6,12.9,0.0
2024-12-19 19:00:00,13.8533333333333,21.7333333333333,0.0,14.5,58,37,6.0,201,13.7,13.6,15.4,0.0,0.0,0.02,0.0268640350877193,14.7,54,26,7.8,193,11.8,13.7,13.0,0.0
2024-12-19 20:00:00,13.8866666666667,21.72,0.0,13.0,59,12,6.9,211,12.9,13.7,15.4,0.0,0.0,0.02,0.027017543859649124,14.2,59,62,7.1,204,11.4,13.0,13.0,0.0
2024-12-19 21:00:00,13.9033333333333,21.6966666666667,0.0,13.1,61,24,7.6,219,12.4,13.6,15.4,0.0,0.0,0.02,0.02717105263157895,13.9,60,99,7.0,192,11.1,12.5,13.0,0.0
2024-12-19 22:00:00,13.9066666666667,21.62,0.0,12.9,66,62,6.8,218,12.1,13.6,15.4,0.0,0.0,0.02,0.027324561403508772,13.4,67,73,6.2,187,10.9,12.2,13.0,0.0
2024-12-19 23:00:00,13.8866666666667,21.59,0.0,13.1,69,94,6.8,223,11.9,13.5,15.4,0.0,0.0,0.01,0.027478070175438598,12.9,71,100,5.7,198,10.6,11.9,12.9,0.0
2024-12-20 00:00:00,13.9,21.5833333333333,0.0,13.4,70,63,6.5,237,11.9,13.5,15.4,0.0,0.0,0.01,0.027631578947368424,13.1,68,95,7.4,194,11.1,12.0,12.9,0.0
2024-12-20 01:00:00,13.8966666666667,21.5133333333333,0.0,14.5,62,98,6.6,262,13.8,13.9,15.4,0.0,0.0,0.02,0.027785087719298246,13.2,67,88,8.1,201,11.1,11.9,12.8,0.0
2024-12-20 02:00:00,13.9,21.47,0.0,15.1,61,100,7.3,255,13.5,13.9,15.4,0.0,0.0,0.03,0.02793859649122807,13.3,67,100,9.0,203,11.0,11.8,12.8,0.0
2024-12-20 03:00:00,13.8966666666667,21.46,0.0,14.4,59,100,7.9,243,13.1,13.9,15.4,0.0,0.0,0.03,0.028092105263157897,13.4,65,100,9.1,198,10.7,11.7,12.7,0.0
2024-12-20 04:00:00,13.8966666666667,21.45,0.0,13.9,60,100,11.4,219,12.9,13.9,15.4,0.0,0.0,0.04,0.02824561403508772,13.6,66,100,7.8,202,11.4,11.7,12.7,0.0
2024-12-20 05:00:00,13.8866666666667,21.3933333333333,0.0,13.7,68,99,11.3,219,12.8,13.8,15.4,0.0,0.0,0.03,0.028399122807017545,13.6,65,100,7.3,200,11.4,11.8,12.7,0.0
2024-12-20 06:00:00,13.8966666666667,21.35,0.0,13.2,76,99,10.0,222,12.6,13.8,15.4,0.0,0.0,0.02,0.02855263157894737,13.8,63,97,7.9,204,11.6,12.1,12.6,0.0
2024-12-20 07:00:00,13.8933333333333,21.33,0.0,12.7,80,96,7.7,232,12.4,13.8,15.4,0.0,0.0,0.0,0.028706140350877193,13.6,59,74,7.2,207,11.4,11.9,12.5,0.0
2024-12-20 08:00:00,13.8866666666667,21.33,0.0,13.1,80,94,5.0,229,12.4,13.7,15.4,0.0,0.0,0.02,0.02885964912280702,13.4,62,64,7.9,210,11.9,11.9,12.5,0.0
2024-12-20 09:00:00,13.8866666666667,21.29,0.0,15.4,74,99,4.0,210,13.2,13.7,15.4,0.0,0.0,0.07,0.029013157894736845,15.8,64,59,9.4,212,15.7,12.7,12.6,0.0
2024-12-20 10:00:00,13.89,21.24,0.0,17.1,66,92,2.4,171,14.4,13.7,15.4,0.0,0.0,0.12,0.029166666666666667,17.7,56,53,10.9,224,19.5,14.0,12.6,0.0
2024-12-20 11:00:00,13.9133333333333,21.21,0.0,18.1,62,81,0.8,198,15.7,13.9,15.4,0.0,0.0,0.19,0.029320175438596493,18.9,55,95,12.4,240,21.4,15.6,12.8,0.0
2024-12-20 12:00:00,13.91,21.21,0.0,19.0,58,86,2.7,340,17.2,14.0,15.4,0.0,0.0,0.28,0.02947368421052632,19.7,54,100,10.1,272,22.8,16.7,13.1,0.0
2024-12-20 13:00:00,13.9533333333333,21.2133333333333,0.0,20.5,51,97,5.2,321,18.5,14.3,15.4,0.0,0.0,0.29,0.02962719298245614,20.4,53,70,10.4,304,23.6,18.0,13.5,0.0
2024-12-20 14:00:00,13.9733333333333,21.2233333333333,0.0,20.5,51,98,8.0,342,18.8,14.5,15.4,0.0,0.0,0.25,0.029780701754385967,20.0,57,36,12.2,332,21.7,18.6,13.9,0.0
2024-12-20 15:00:00,14.0,21.25,0.0,18.7,61,34,12.5,6,18.4,14.8,15.4,0.0,0.0,0.17,0.02993421052631579,18.7,70,20,15.5,356,19.6,18.6,14.3,0.0
2024-12-20 16:00:00,14.0133333333333,21.26,0.0,17.5,68,38,8.5,22,17.9,15.0,15.4,0.0,0.0,0.11,0.030087719298245615,17.6,75,4,13.4,8,17.1,17.8,14.5,0.0
2024-12-20 17:00:00,14.0133333333333,21.24,0.0,15.0,83,66,4.7,37,16.8,15.1,15.4,0.0,0.0,0.02,0.03024122807017544,16.0,83,49,7.2,27,14.1,16.8,14.7,0.0
2024-12-20 18:00:00,14.05,21.21,0.0,14.7,84,54,5.6,77,15.9,15.2,15.4,0.0,0.0,0.0,0.030394736842105263,14.5,90,79,5.4,94,12.8,15.3,14.8,0.0
2024-12-20 19:00:00,14.0666666666667,21.1833333333333,0.0,14.4,84,100,4.2,102,15.3,15.2,15.5,0.0,0.0,0.0,0.03054824561403509,13.7,93,76,5.2,124,12.4,14.5,14.8,0.0
2024-12-20 20:00:00,14.0733333333333,21.1833333333333,0.0,14.4,82,100,3.5,129,15.0,15.2,15.5,0.0,0.0,0.0,0.030701754385964914,13.4,93,84,3.1,144,12.3,13.9,14.7,0.0
2024-12-20 21:00:00,14.0866666666667,21.1466666666667,0.0,14.1,82,100,2.2,165,14.7,15.2,15.5,0.0,0.0,0.0,0.030855263157894736,13.3,86,93,2.9,180,12.3,13.6,14.6,0.0
2024-12-20 22:00:00,14.0766666666667,21.0733333333333,0.0,14.4,79,100,1.1,330,14.4,15.2,15.5,0.0,0.0,0.0,0.031008771929824562,13.1,84,83,1.5,194,12.1,13.4,14.5,0.0
2024-12-20 23:00:00,14.0666666666667,21.05,0.0,14.4,81,100,1.0,352,14.3,15.1,15.5,0.0,0.0,0.0,0.031162280701754388,12.5,91,92,2.3,309,11.6,13.2,14.4,0.0
2024-12-21 00:00:00,14.0733333333333,21.0433333333333,0.0,13.9,83,88,0.4,23,14.1,15.1,15.5,0.0,0.0,0.0,0.031315789473684214,12.1,90,73,0.8,27,9.9,12.6,14.3,0.0
2024-12-21 01:00:00,14.07,20.9766666666667,0.0,12.2,81,88,0.2,29,12.9,15.0,15.5,0.0,0.0,0.0,0.031469298245614036,11.9,87,66,2.3,108,9.2,12.1,14.1,0.0
2024-12-21 02:00:00,14.0766666666667,20.9266666666667,0.0,11.6,82,100,1.7,71,12.4,14.9,15.5,0.0,0.0,0.0,0.03162280701754386,10.9,87,66,3.1,126,8.9,11.5,13.9,0.0
2024-12-21 03:00:00,14.07,20.9266666666667,0.0,11.8,80,100,1.5,72,12.1,14.7,15.5,0.0,0.0,0.0,0.03177631578947369,10.2,86,100,3.3,193,9.6,11.2,13.7,0.0
2024-12-21 04:00:00,14.0533333333333,20.9033333333333,0.0,12.3,81,100,0.7,56,12.2,14.6,15.5,0.0,0.0,0.0,0.03192982456140351,10.5,85,100,1.9,158,10.1,11.2,13.5,0.0
2024-12-21 05:00:00,14.06,20.84,0.0,12.2,83,100,0.6,64,12.2,14.5,15.5,0.0,0.0,0.0,0.03208333333333333,10.8,84,100,2.3,162,10.0,11.3,13.4,0.0
2024-12-21 06:00:00,14.04,20.8066666666667,0.0,12.5,82,100,1.0,71,12.3,14.4,15.6,0.0,0.0,0.0,0.03223684210526316,10.8,82,100,2.9,173,10.3,11.3,13.2,0.0
2024-12-21 07:00:00,14.07,20.8,0.0,12.8,81,100,1.8,68,12.3,14.3,15.6,0.0,0.0,0.0,0.03239035087719298,11.1,84,100,0.5,315,10.5,11.4,13.1,0.0
2024-12-21 08:00:00,14.0566666666667,20.8,0.0,13.1,83,100,4.1,65,12.4,14.2,15.6,0.0,0.0,0.02,0.032543859649122805,11.4,85,100,1.0,315,10.9,11.4,13.0,0.0
2024-12-21 09:00:00,14.0533333333333,21.51,0.0,14.4,79,100,6.8,52,13.0,14.1,15.6,0.0,0.0,0.05,0.032697368421052635,12.8,83,100,1.8,349,13.6,12.1,12.9,0.0
2024-12-21 10:00:00,14.06,23.5233333333333,0.0,15.3,74,100,12.5,46,13.8,14.1,15.6,0.0,0.0,0.1,0.03285087719298246,14.3,81,100,6.2,21,15.8,12.9,12.9,0.0
2024-12-21 11:00:00,14.06,24.14,0.0,16.4,67,100,13.7,45,14.8,14.2,15.6,0.0,0.0,0.18,0.03300438596491228,15.9,77,100,13.0,51,16.9,13.9,13.0,0.0
2024-12-21 12:00:00,14.07,24.1866666666667,0.0,16.9,65,100,13.9,42,15.7,14.3,15.6,0.0,0.0,0.21,0.03315789473684211,16.2,74,83,14.8,45,17.7,14.9,13.1,0.0
2024-12-21 13:00:00,14.0933333333333,24.0566666666667,0.0,17.1,66,93,15.7,44,16.2,14.4,15.6,0.0,0.0,0.25,0.03331140350877193,16.5,70,83,15.8,41,19.0,15.6,13.3,0.0
2024-12-21 14:00:00,14.1433333333333,23.9066666666667,0.0,16.9,67,100,18.0,46,16.9,14.6,15.6,0.0,0.0,0.24,0.03346491228070175,16.7,67,99,16.5,46,18.2,16.1,13.5,0.0
2024-12-21 15:00:00,14.1666666666667,23.76,0.0,16.3,67,100,17.7,52,16.8,14.7,15.6,0.0,0.0,0.17,0.03361842105263158,16.0,68,100,16.3,45,15.9,15.9,13.8,0.0
2024-12-21 16:00:00,14.2,23.6133333333333,0.0,15.5,69,100,14.8,53,16.3,14.8,15.6,0.0,0.0,0.1,0.033771929824561404,15.5,70,100,17.6,55,15.0,15.5,13.9,0.0
2024-12-21 17:00:00,14.2066666666667,23.48,0.0,14.3,74,100,12.7,57,15.6,14.9,15.6,0.0,0.0,0.05,0.03392543859649123,14.6,77,100,15.5,59,13.3,14.9,14.0,0.0
2024-12-21 18:00:00,14.22,23.36,0.0,13.6,78,100,10.3,68,14.9,14.9,15.6,0.0,0.0,0.01,0.034078947368421056,14.0,77,100,12.8,52,12.9,14.3,14.1,0.0
2024-12-21 19:00:00,14.2266666666667,23.24,0.0,13.2,80,99,8.7,67,14.3,14.9,15.6,0.0,0.0,0.01,0.03423245614035088,13.7,79,100,10.7,50,12.8,13.8,14.1,0.0
2024-12-21 20:00:00,14.2433333333333,23.1533333333333,0.0,12.6,82,77,7.7,62,13.7,14.9,15.6,0.0,0.0,0.0,0.0343859649122807,13.1,82,100,9.0,53,11.7,13.4,14.0,0.0
2024-12-21 21:00:00,14.2633333333333,23.0666666666667,0.0,11.9,82,1,7.9,62,13.1,14.8,15.6,0.0,0.0,0.0,0.03453947368421053,12.6,77,100,7.2,53,10.9,13.0,13.9,0.0
2024-12-21 22:00:00,14.28,22.96,0.0,11.0,82,1,5.2,65,12.4,14.7,15.6,0.0,0.0,0.0,0.03469298245614035,11.9,77,52,4.1,45,9.6,12.4,13.8,0.0
2024-12-21 23:00:00,14.2966666666667,22.9066666666667,0.0,10.8,81,0,2.6,48,11.7,14.6,15.6,0.0,0.0,0.0,0.034846491228070174,11.7,75,33,1.5,14,8.0,11.6,13.7,0.0
2024-12-22 00:00:00,14.3233333333333,22.8066666666667,0.0,10.5,81,0,2.2,48,11.2,14.4,15.6,0.0,0.0,0.0,0.035,11.4,75,30,1.8,233,7.2,10.9,13.5,0.0
2024-12-22 01:00:00,14.3533333333333,22.77,0.0,10.5,76,3,1.3,36,11.6,14.4,15.7,0.0,0.0,0.0,0.035153508771929826,9.2,87,3,3.9,202,7.2,10.2,13.3,0.0
2024-12-22 02:00:00,14.3666666666667,22.6766666666667,0.0,9.8,79,18,1.2,7,11.0,14.3,15.7,0.0,0.0,0.0,0.03530701754385965,7.7,95,35,3.7,191,6.6,9.8,13.0,0.0
2024-12-22 03:00:00,14.3866666666667,22.65,0.0,9.1,82,19,2.7,295,10.5,14.1,15.7,0.0,0.0,0.0,0.03546052631578948,7.0,94,31,3.8,197,5.9,9.2,12.8,0.0
2024-12-22 04:00:00,14.4133333333333,22.5566666666667,0.0,8.4,85,1,3.7,295,10.1,13.9,15.7,0.0,0.0,0.0,0.0356140350877193,6.9,94,46,3.3,186,6.0,8.9,12.5,0.0
2024-12-22 05:00:00,14.4266666666667,22.53,0.0,8.3,87,0,5.2,288,10.0,13.7,15.7,0.0,0.0,0.0,0.03576754385964912,6.4,95,27,3.4,198,5.5,8.7,12.3,0.0
2024-12-22 06:00:00,14.4533333333333,22.4833333333333,0.0,7.3,92,0,7.2,256,9.8,13.5,15.7,0.0,0.0,0.0,0.03592105263157895,5.8,96,28,4.1,195,4.9,8.3,12.0,0.0
2024-12-22 07:00:00,14.4966666666667,22.41,0.0,6.9,92,0,5.2,273,9.6,13.3,15.7,0.0,0.0,0.0,0.03607456140350877,5.4,97,27,3.7,191,4.7,8.0,11.8,0.0
2024-12-22 08:00:00,14.52,22.4,0.0,8.0,87,0,1.9,311,9.6,13.2,15.7,0.0,0.0,0.01,0.036228070175438595,5.6,96,6,3.3,174,6.0,7.7,11.6,0.0
2024-12-22 09:00:00,14.5466666666667,22.35,0.0,11.6,76,0,2.4,292,10.6,13.0,15.6,0.0,0.0,0.06,0.036381578947368425,8.6,88,0,2.6,196,11.8,8.7,11.4,0.0
2024-12-22 10:00:00,14.57,22.2866666666667,0.0,14.2,63,0,4.2,315,12.2,13.0,15.6,0.0,0.0,0.16,0.03653508771929825,12.5,73,0,1.9,248,16.5,10.7,11.3,0.0
2024-12-22 11:00:00,14.6,22.2733333333333,0.0,16.1,57,0,6.1,310,13.9,13.1,15.6,0.0,0.0,0.24,0.03668859649122807,15.4,61,0,1.5,315,19.3,12.9,11.5,0.0
2024-12-22 12:00:00,14.66,22.27,0.0,17.0,53,0,9.3,342,15.3,13.2,15.6,0.0,0.0,0.28,0.0368421052631579,16.8,60,0,5.2,12,20.9,14.6,11.7,0.0
2024-12-22 13:00:00,14.71,22.27,0.0,16.9,55,0,9.3,22,15.8,13.3,15.6,0.0,0.0,0.29,0.03699561403508772,17.5,57,0,8.9,21,21.3,16.0,12.0,0.0
2024-12-22 14:00:00,14.78,22.2633333333333,0.0,16.9,57,0,7.7,38,16.6,13.5,15.6,0.0,0.0,0.26,0.03714912280701754,17.2,60,0,12.3,32,19.7,16.7,12.4,0.0
2024-12-22 15:00:00,14.8733333333333,22.26,0.0,16.7,58,0,8.8,42,16.8,13.8,15.6,0.0,0.0,0.2,0.03730263157894737,16.8,62,0,12.3,40,17.9,16.7,12.8,0.0
2024-12-22 16:00:00,14.9333333333333,22.26,0.0,16.1,62,0,4.5,77,16.4,14.0,15.6,0.0,0.0,0.11,0.037456140350877194,16.3,64,0,7.8,56,15.6,16.1,13.1,0.0
2024-12-22 17:00:00,15.0133333333333,22.26,0.0,14.0,69,0,0.7,114,15.2,14.1,15.6,0.0,0.0,0.01,0.037609649122807016,14.8,73,0,3.2,360,11.7,15.1,13.3,0.0
2024-12-22 18:00:00,15.07,22.25,0.0,12.7,74,0,1.3,184,13.8,14.1,15.6,0.0,0.0,0.0,0.037763157894736846,12.7,80,0,3.1,291,9.3,13.4,13.4,0.0
2024-12-22 19:00:00,15.1533333333333,22.1966666666667,0.0,12.3,75,0,0.8,338,12.8,14.1,15.6,0.0,0.0,0.0,0.03791666666666667,10.6,90,0,3.2,243,8.7,12.2,13.4,0.0
2024-12-22 20:00:00,15.1833333333333,22.1266666666667,0.0,11.6,77,0,1.9,288,11.9,14.0,15.6,0.0,0.0,0.0,0.03807017543859649,10.5,87,0,0.7,180,7.4,11.2,13.3,0.0
2024-12-22 21:00:00,15.2366666666667,22.1166666666667,0.0,10.9,79,0,2.3,300,11.3,13.9,15.6,0.0,0.0,0.0,0.03822368421052632,10.7,80,0,2.4,153,6.5,10.4,13.1,0.0
2024-12-22 22:00:00,15.2733333333333,22.0433333333333,0.0,9.8,82,0,4.6,194,10.7,13.8,15.6,0.0,0.0,0.0,0.03837719298245614,9.0,86,0,3.7,169,6.7,9.8,12.9,0.0
2024-12-22 23:00:00,15.3133333333333,21.99,0.0,9.4,83,0,5.1,222,10.4,13.6,15.6,0.0,0.0,0.0,0.038530701754385964,7.7,91,3,3.3,174,6.2,9.4,12.7,0.0
2024-12-23 00:00:00,15.3566666666667,21.9766666666667,0.0,9.1,84,0,5.8,250,10.1,13.5,15.6,0.0,0.0,0.0,0.03868421052631579,6.8,92,5,4.4,189,5.6,8.9,12.4,0.0
2024-12-23 01:00:00,15.3933333333333,21.9033333333333,0.0,9.1,78,0,6.2,224,9.8,13.4,15.6,0.0,0.0,0.0,0.038837719298245615,6.6,91,3,3.9,202,5.2,8.6,12.2,0.0
2024-12-23 02:00:00,15.4366666666667,21.86,0.0,9.7,73,0,9.8,221,9.8,13.3,15.6,0.0,0.0,0.02,0.03899122807017544,6.7,88,3,3.3,186,4.7,8.2,12.0,0.0
2024-12-23 03:00:00,15.4666666666667,21.8533333333333,0.0,9.7,74,0,9.2,231,9.8,13.1,15.6,0.0,0.0,0.01,0.03914473684210527,6.9,85,4,3.3,193,4.4,7.8,11.7,0.0
2024-12-23 04:00:00,15.51,21.7833333333333,0.0,8.9,77,0,6.0,229,9.6,13.0,15.6,0.0,0.0,0.0,0.03929824561403509,7.5,79,3,3.4,162,4.1,7.5,11.5,0.0
2024-12-23 05:00:00,15.53,21.74,0.0,9.0,73,0,1.3,220,9.1,12.8,15.6,0.0,0.0,0.0,0.03945175438596491,7.1,81,0,4.0,153,4.4,7.2,11.3,0.0
2024-12-23 06:00:00,15.56,21.7333333333333,0.0,8.6,73,0,3.4,208,8.8,12.6,15.6,0.0,0.0,0.0,0.03960526315789474,6.5,85,0,5.1,172,4.6,7.2,11.0,0.0
2024-12-23 07:00:00,15.6133333333333,21.72,0.0,8.7,70,0,6.4,225,8.5,12.5,15.6,0.0,0.0,0.01,0.03975877192982456,6.4,82,0,4.0,180,4.2,7.1,10.8,0.0
2024-12-23 08:00:00,15.65,21.6633333333333,0.0,9.9,69,0,2.2,247,8.6,12.3,15.6,0.0,0.0,0.01,0.039912280701754385,7.0,79,0,2.9,180,5.5,6.9,10.6,0.0
2024-12-23 09:00:00,15.6733333333333,21.63,0.0,11.9,66,0,2.3,90,9.9,12.2,15.6,0.0,0.0,0.07,0.040065789473684214,9.5,78,0,2.3,162,11.7,7.9,10.5,0.0
2024-12-23 10:00:00,15.71,21.61,0.0,14.8,57,0,2.4,90,11.7,12.2,15.6,0.0,0.0,0.16,0.04021929824561404,14.3,64,0,0.5,135,17.3,10.1,10.5,0.0
2024-12-23 11:00:00,15.7533333333333,21.61,0.0,17.1,51,0,5.1,63,13.5,12.3,15.6,0.0,0.0,0.25,0.04037280701754386,17.0,56,0,4.1,52,20.4,12.5,10.6,0.0
2024-12-23 12:00:00,15.7733333333333,21.6066666666667,0.0,18.4,51,0,10.9,60,15.1,12.5,15.6,0.0,0.0,0.3,0.04052631578947369,18.6,54,0,5.9,47,22.0,14.6,10.9,0.0
2024-12-23 13:00:00,15.83,21.6,0.0,19.3,48,0,7.3,52,16.6,12.8,15.6,0.0,0.0,0.31,0.04067982456140351,19.2,57,0,10.8,37,21.6,16.0,11.4,0.0
2024-12-23 14:00:00,15.89,21.5933333333333,0.0,19.1,52,0,11.2,48,17.2,13.1,15.6,0.0,0.0,0.29,0.04083333333333333,18.8,60,0,15.9,39,19.9,16.6,11.8,0.0
2024-12-23 15:00:00,15.9566666666667,21.5933333333333,0.0,17.7,57,0,15.5,50,17.2,13.4,15.6,0.0,0.0,0.22,0.04098684210526316,18.2,64,0,16.4,50,18.3,16.7,12.3,0.0
2024-12-23 16:00:00,16.0166666666667,21.61,0.0,16.3,63,0,15.7,56,16.6,13.7,15.6,0.0,0.0,0.14,0.041140350877192984,17.3,58,0,19.2,62,15.9,16.2,12.6,0.0
2024-12-23 17:00:00,16.0633333333333,21.6133333333333,0.0,13.9,73,0,8.5,69,15.5,13.8,15.6,0.0,0.0,0.04,0.041293859649122806,15.3,54,0,14.3,62,12.8,15.2,12.9,0.0
2024-12-23 18:00:00,16.13,21.6066666666667,0.0,12.2,79,0,3.3,72,14.0,13.9,15.6,0.0,0.0,0.0,0.041447368421052636,13.1,71,0,7.1,49,10.6,13.8,13.0,0.0
2024-12-23 19:00:00,16.1733333333333,21.5833333333333,0.0,11.4,80,0,4.8,54,12.7,13.9,15.6,0.0,0.0,0.0,0.04160087719298246,12.3,73,0,1.8,11,8.4,12.5,13.1,0.0
2024-12-23 20:00:00,16.2066666666667,21.57,0.0,11.0,82,0,3.7,70,11.8,13.8,15.6,0.0,0.0,0.0,0.04175438596491228,11.6,75,0,2.2,270,6.8,11.3,13.0,0.0
2024-12-23 21:00:00,16.2366666666667,21.5633333333333,0.0,10.7,81,0,2.2,63,10.9,13.7,15.6,0.0,0.0,0.0,0.04190789473684211,11.4,75,0,1.1,198,5.9,10.3,12.9,0.0
2024-12-23 22:00:00,16.28,21.5,0.0,10.5,79,0,2.2,74,10.3,13.6,15.6,0.0,0.0,0.0,0.04206140350877193,9.4,84,0,3.8,197,5.9,9.5,12.7,0.0
2024-12-23 23:00:00,16.3033333333333,21.45,0.0,10.2,73,0,2.1,78,9.7,13.4,15.6,0.0,0.0,0.0,0.042214912280701754,7.2,92,0,3.6,186,5.5,9.0,12.4,0.0
2024-12-24 00:00:00,16.3133333333333,21.45,0.0,10.0,67,0,1.5,68,9.2,13.2,15.5,0.0,0.0,0.0,0.04236842105263158,5.9,92,1,4.0,185,4.6,8.5,12.2,0.0
2024-12-24 01:00:00,16.33,21.4133333333333,0.0,8.9,73,0,0.4,56,8.4,13.0,15.5,0.0,0.0,0.0,0.042521929824561405,5.2,90,5,4.0,190,4.0,8.0,11.9,0.0
2024-12-24 02:00:00,16.3633333333333,21.35,0.0,8.5,69,0,1.0,63,8.1,12.8,15.5,0.0,0.0,0.0,0.04267543859649123,4.4,88,4,4.0,185,3.4,7.5,11.7,0.0
2024-12-24 03:00:00,16.3733333333333,21.33,0.0,8.0,64,0,1.5,65,7.8,12.6,15.5,0.0,0.0,0.0,0.04282894736842106,3.7,84,3,4.5,194,2.9,7.1,11.4,0.0
2024-12-24 04:00:00,16.3933333333333,21.33,0.0,8.1,59,0,0.4,58,7.5,12.3,15.5,0.0,0.0,0.0,0.04298245614035088,3.1,84,3,4.4,189,2.4,6.6,11.1,0.0
2024-12-24 05:00:00,16.4133333333333,21.31,0.0,8.3,57,0,0.4,58,7.2,12.1,15.5,0.0,0.0,0.0,0.0431359649122807,2.8,82,1,4.3,185,1.9,6.2,10.8,0.0
2024-12-24 06:00:00,16.4366666666667,21.2533333333333,0.0,8.1,56,0,0.2,54,6.9,11.9,15.5,0.0,0.0,0.0,0.04328947368421053,2.1,86,3,4.8,193,1.4,5.6,10.5,0.0
2024-12-24 07:00:00,16.4566666666667,21.2233333333333,0.0,7.5,56,0,0.8,43,6.7,11.6,15.5,0.0,0.0,0.0,0.04344298245614035,1.8,83,2,4.8,193,1.1,5.3,10.3,0.0
2024-12-24 08:00:00,16.4566666666667,21.22,0.0,7.5,62,0,3.4,309,6.8,11.4,15.5,0.0,0.0,0.02,0.043596491228070175,2.2,81,0,4.5,194,2.6,5.1,10.0,0.0
2024-12-24 09:00:00,16.4866666666667,21.22,0.0,10.5,65,0,6.1,285,8.1,11.3,15.5,0.0,0.0,0.07,0.043750000000000004,5.9,80,0,3.5,204,8.9,6.2,9.8,0.0
2024-12-24 10:00:00,16.4966666666667,21.2033333333333,0.0,13.2,54,0,5.9,312,10.0,11.2,15.5,0.0,0.0,0.16,0.043903508771929826,10.9,65,0,3.8,229,14.9,8.3,9.7,0.0
2024-12-24 11:00:00,16.5166666666667,21.1666666666667,0.0,14.9,49,0,5.3,345,11.9,11.3,15.4,0.0,0.0,0.24,0.04405701754385965,14.2,59,0,1.6,243,17.5,10.6,9.8,0.0
2024-12-24 12:00:00,16.5466666666667,21.1533333333333,0.0,15.9,46,0,7.4,8,13.5,11.5,15.4,0.0,0.0,0.29,0.04421052631578948,16.0,55,0,4.0,5,19.2,12.6,10.1,0.0
2024-12-24 13:00:00,16.58,21.16,0.0,16.6,42,0,5.8,10,14.7,11.6,15.4,0.0,0.0,0.3,0.0443640350877193,16.7,50,0,9.0,29,19.1,14.0,10.4,0.0
2024-12-24 14:00:00,16.6266666666667,21.1866666666667,0.0,16.7,43,0,7.2,22,15.4,11.9,15.4,0.0,0.0,0.27,0.04451754385964912,16.8,58,0,11.1,36,18.3,14.8,10.8,0.0
2024-12-24 15:00:00,16.68,21.195,0.0,16.2,50,0,9.8,40,15.5,12.2,15.4,0.0,0.0,0.21,0.04467105263157895,16.5,57,0,11.5,39,16.2,14.8,11.2,0.0
2024-12-24 16:00:00,16.76,21.19,0.0,15.2,59,0,8.6,47,15.1,12.5,15.4,0.0,0.0,0.12,0.044824561403508774,15.7,65,0,10.2,42,14.1,14.4,11.5,0.0
2024-12-24 17:00:00,16.7833333333333,21.18,0.0,12.0,72,0,5.9,58,13.8,12.6,15.4,0.0,0.0,0.03,0.044978070175438596,13.7,73,0,4.8,42,10.5,13.4,11.8,0.0
2024-12-24 18:00:00,16.8166666666667,21.18,0.0,11.4,74,0,3.6,62,12.4,12.7,15.4,0.0,0.0,0.0,0.045131578947368425,12.4,74,0,2.3,18,8.0,12.0,11.9,0.0
2024-12-24 19:00:00,16.8566666666667,21.18,0.0,11.2,75,0,2.4,53,11.3,12.7,15.4,0.0,0.0,0.0,0.04528508771929825,12.0,75,0,0.5,225,6.4,10.7,11.9,0.0
2024-12-24 20:00:00,16.8833333333333,21.18,0.0,11.1,76,0,0.9,41,10.4,12.6,15.4,0.0,0.0,0.0,0.04543859649122807,10.8,79,0,3.5,204,5.6,9.6,11.8,0.0
2024-12-24 21:00:00,16.8933333333333,21.16,0.0,10.1,81,0,1.8,2,9.7,12.5,15.4,0.0,0.0,0.0,0.0455921052631579,7.6,93,14,5.0,201,6.3,9.2,11.7,0.0
2024-12-24 22:00:00,16.9133333333333,21.1066666666667,0.0,9.3,85,0,4.6,289,9.3,12.4,15.4,0.0,0.0,0.0,0.04574561403508772,6.9,93,4,4.6,198,5.5,8.7,11.5,0.0
2024-12-24 23:00:00,16.93,21.0633333333333,0.0,8.5,87,0,5.0,276,9.2,12.3,15.3,0.0,0.0,0.0,0.045899122807017544,6.3,91,4,4.0,190,4.9,8.3,11.4,0.0
2024-12-25 00:00:00,16.9366666666667,21.06,0.0,8.0,83,0,6.4,264,8.9,12.1,15.3,0.0,0.0,0.0,0.04605263157894737,5.5,91,5,4.5,194,4.4,7.8,11.2,0.0
2024-12-25 01:00:00,16.96,21.06,0.0,7.2,82,0,5.9,273,8.2,12.1,15.3,0.0,0.0,0.0,0.046206140350877195,5.1,89,6,4.3,175,3.9,7.4,11.0,0.0
2024-12-25 02:00:00,16.9566666666667,21.02,0.0,6.9,75,0,4.6,285,7.9,11.9,15.3,0.0,0.0,0.0,0.04635964912280702,4.5,88,5,3.7,169,3.3,7.0,10.8,0.0
2024-12-25 03:00:00,16.9766666666667,20.98,0.0,7.0,67,0,2.3,307,7.5,11.7,15.3,0.0,0.0,0.0,0.04651315789473685,3.6,91,6,4.3,185,2.6,6.4,10.5,0.0
2024-12-25 04:00:00,16.9866666666667,20.95,0.0,6.8,62,0,3.6,268,7.2,11.5,15.3,0.0,0.0,0.0,0.04666666666666667,3.2,91,5,4.4,189,2.3,6.1,10.3,0.0
2024-12-25 05:00:00,17.0033333333333,20.95,0.0,6.4,62,0,5.9,258,7.0,11.3,15.3,0.0,0.0,0.01,0.04682017543859649,2.9,89,4,4.8,193,2.0,5.8,10.1,0.0
2024-12-25 06:00:00,17.01,20.95,0.0,6.0,62,0,5.8,257,6.9,11.1,15.3,0.0,0.0,0.01,0.04697368421052632,2.6,86,2,4.8,193,1.6,5.3,9.8,0.0
2024-12-25 07:00:00,17.03,20.92,0.0,5.3,62,0,4.3,273,6.7,11.0,15.3,0.0,0.0,0.0,0.04712719298245614,2.6,85,0,4.7,189,1.5,5.1,9.6,0.0
2024-12-25 08:00:00,17.0366666666667,20.88,0.0,6.7,60,0,3.6,268,6.8,10.8,15.2,0.0,0.0,0.02,0.047280701754385965,2.9,84,0,4.8,193,3.0,5.0,9.4,0.0
2024-12-25 09:00:00,17.04,20.86,0.0,10.8,60,0,6.0,251,8.0,10.7,15.2,0.0,0.0,0.08,0.047434210526315794,6.6,81,0,4.2,200,9.3,6.0,9.2,0.0
2024-12-25 10:00:00,17.0733333333333,20.85,0.0,14.3,57,0,4.3,347,10.0,10.7,15.2,0.0,0.0,0.16,0.047587719298245616,11.5,67,0,4.7,212,15.4,8.1,9.2,0.0
2024-12-25 11:00:00,17.1833333333333,20.87,0.0,16.1,48,0,5.9,6,12.0,10.8,15.2,0.0,0.0,0.24,0.04774122807017544,14.1,61,0,3.6,225,17.7,10.6,9.3,0.0
2024-12-25 12:00:00,17.43,20.93,0.0,17.1,47,0,7.4,360,13.6,11.0,15.2,0.0,0.0,0.29,0.04789473684210527,16.2,66,0,2.2,360,18.9,12.2,9.6,0.0
2024-12-25 13:00:00,17.445,25.9533333333333,0.0,17.0,49,0,9.6,12,14.2,11.2,15.2,0.0,0.0,0.3,0.04804824561403509,17.5,55,0,8.1,21,19.4,13.8,10.0,0.0
2024-12-25 14:00:00,17.53,25.9366666666667,0.0,17.0,54,0,10.6,27,15.0,11.5,15.2,0.0,0.0,0.27,0.04820175438596491,17.2,62,0,12.3,32,17.9,14.5,10.4,0.0
2024-12-25 15:00:00,18.21,25.71,0.0,16.9,55,0,9.9,34,15.3,11.8,15.1,0.0,0.0,0.21,0.04835526315789474,16.4,74,3,12.8,32,16.5,14.5,10.8,0.0
2024-12-25 16:00:00,19.94,25.5033333333333,0.0,15.6,62,0,6.7,43,14.9,12.1,15.1,0.0,0.0,0.12,0.048508771929824564,15.9,76,0,10.7,33,14.6,14.3,11.2,0.0
2024-12-25 17:00:00,20.9233333333333,25.32,0.0,12.5,70,0,4.6,55,13.7,12.3,15.1,0.0,0.0,0.03,0.048662280701754386,13.7,84,0,5.7,18,11.0,13.4,11.4,0.0
2024-12-25 18:00:00,21.96,25.115,0.0,12.1,72,0,2.3,54,12.2,12.3,15.1,0.0,0.0,0.0,0.048815789473684215,12.1,83,0,2.6,344,8.6,12.2,11.6,0.0
2024-12-25 19:00:00,23.05,25.0,0.0,12.2,72,0,1.2,56,11.2,12.4,15.1,0.0,0.0,0.0,0.04896929824561404,11.5,85,0,2.4,243,6.8,10.9,11.7,0.0
2024-12-25 20:00:00,23.5366666666667,24.885,0.0,12.4,72,0,1.5,54,10.4,12.3,15.1,0.0,0.0,0.0,0.04912280701754386,10.1,90,0,3.5,204,6.6,9.8,11.6,0.0
2024-12-25 21:00:00,24.0366666666667,24.7466666666667,0.0,12.1,72,0,1.7,47,9.8,12.2,15.1,0.0,0.0,0.0,0.04927631578947369,8.5,94,8,4.0,190,6.7,9.3,11.5,0.0
2024-12-25 22:00:00,24.4133333333333,24.68,0.0,11.7,73,0,1.9,46,9.3,12.1,15.1,0.0,0.0,0.0,0.04942982456140351,7.4,95,22,4.0,185,6.1,8.9,11.4,0.0
2024-12-25 23:00:00,24.68,24.56,0.0,11.0,75,0,1.3,40,8.8,12.0,15.1,0.0,0.0,0.0,0.04958333333333333,6.9,94,5,3.6,180,5.4,8.5,11.2,0.0
2024-12-26 00:00:00,24.87,24.46,0.0,10.4,78,0,1.5,37,8.4,11.8,15.1,0.0,0.0,0.0,0.04973684210526316,6.5,93,5,4.1,195,5.1,8.1,11.1,0.0
2024-12-26 01:00:00,24.94,24.405,0.0,9.6,78,0,1.1,27,7.4,11.8,15.1,0.0,0.0,0.0,0.049890350877192985,6.0,93,5,4.1,195,4.8,7.8,10.9,0.0
2024-12-26 02:00:00,25.005,24.28,0.0,9.1,78,0,2.5,357,7.3,11.6,15.1,0.0,0.0,0.0,0.05004385964912281,5.7,93,5,4.0,190,4.5,7.5,10.7,0.0
2024-12-26 03:00:00,25.05,24.2,0.0,8.3,80,0,4.8,319,7.3,11.4,15.1,0.0,0.0,0.0,0.050197368421052636,5.3,94,5,4.5,194,4.2,7.2,10.5,0.0
2024-12-26 04:00:00,25.0966666666667,24.14,0.0,8.2,81,0,5.4,311,7.5,11.2,15.1,0.0,0.0,0.0,0.05035087719298246,4.9,94,6,4.4,189,4.0,7.0,10.3,0.0
2024-12-26 05:00:00,25.13,24.0433333333333,0.0,7.6,83,0,4.1,334,7.6,11.1,15.0,0.0,0.0,0.0,0.05050438596491228,4.6,94,6,4.0,190,3.6,6.7,10.2,0.0
2024-12-26 06:00:00,25.1433333333333,23.9933333333333,0.0,7.4,79,0,3.0,14,7.4,10.9,15.0,0.0,0.0,0.0,0.05065789473684211,3.8,96,6,4.7,203,3.1,6.3,10.0,0.0
2024-12-26 07:00:00,25.1533333333333,23.88,0.0,8.1,72,0,1.5,37,7.2,10.8,15.0,0.0,0.0,0.0,0.05081140350877193,3.3,98,36,4.2,200,2.7,6.0,9.8,0.0
2024-12-26 08:00:00,25.17,23.86,0.0,9.6,68,0,0.9,48,7.2,10.6,15.0,0.0,0.0,0.01,0.050964912280701755,3.6,94,26,3.8,197,4.1,5.8,9.6,0.0
2024-12-26 09:00:00,25.2966666666667,23.8566666666667,0.0,12.6,60,0,5.0,39,8.7,10.6,15.0,0.0,0.0,0.08,0.051118421052631584,6.6,91,0,3.3,229,9.8,6.8,9.4,0.0
2024-12-26 10:00:00,25.585,23.86,0.0,15.0,58,0,10.6,34,10.5,10.6,15.0,0.0,0.0,0.18,0.051271929824561406,12.2,71,0,2.3,288,15.9,8.8,9.4,0.0
2024-12-26 11:00:00,25.605,23.83,0.0,15.9,56,0,16.3,45,12.1,10.7,15.0,0.0,0.0,0.25,0.05142543859649123,15.3,66,0,5.4,20,19.0,11.2,9.6,0.0
2024-12-26 12:00:00,25.6166666666667,23.775,0.0,16.3,53,0,16.3,47,13.5,11.0,14.9,0.0,0.0,0.29,0.05157894736842106,16.8,59,0,14.3,41,18.3,13.0,9.9,0.0
2024-12-26 13:00:00,25.6366666666667,23.74,0.0,16.6,54,0,16.6,49,14.5,11.1,14.9,0.0,0.0,0.29,0.05173245614035088,16.7,56,0,17.1,42,17.9,14.0,10.3,0.0
2024-12-26 14:00:00,25.6633333333333,23.72,0.0,16.5,56,0,17.0,53,15.1,11.4,14.9,0.0,0.0,0.27,0.0518859649122807,16.6,58,0,18.4,50,17.3,14.4,10.7,0.0
2024-12-26 15:00:00,25.6833333333333,23.685,0.0,16.2,59,0,16.6,55,15.2,11.7,14.9,0.0,0.0,0.21,0.05203947368421053,16.2,63,0,18.4,50,16.2,14.5,11.1,0.0
2024-12-26 16:00:00,25.6933333333333,23.6133333333333,0.0,15.3,65,0,14.5,55,14.8,12.0,14.9,0.0,0.0,0.13,0.052192982456140354,15.4,68,0,17.0,54,14.2,14.2,11.4,0.0
2024-12-26 17:00:00,25.6966666666667,23.58,0.0,12.9,79,0,8.8,54,13.9,12.2,14.9,0.0,0.0,0.03,0.052346491228070176,13.9,80,0,11.5,49,11.5,13.4,11.7,0.0
2024-12-26 18:00:00,25.695,23.475,0.0,11.0,87,0,6.3,62,12.6,12.3,14.9,0.0,0.0,0.0,0.052500000000000005,12.3,87,0,6.1,45,9.8,12.4,11.8,0.0
2024-12-26 19:00:00,25.695,23.4466666666667,0.0,11.0,86,0,2.7,65,11.5,12.3,14.9,0.0,0.0,0.0,0.05265350877192983,11.9,89,1,2.3,51,8.4,11.4,11.9,0.0
2024-12-26 20:00:00,25.69,23.39,0.0,11.0,83,0,1.7,59,10.6,12.3,14.9,0.0,0.0,0.0,0.05280701754385965,11.5,89,0,2.1,211,6.5,10.4,11.8,0.0
2024-12-26 21:00:00,25.655,23.3033333333333,0.0,10.7,81,0,1.7,49,9.8,12.2,14.9,0.0,0.0,0.0,0.05296052631578948,9.8,91,0,3.3,221,6.2,9.5,11.7,0.0
2024-12-26 22:00:00,25.64,23.2133333333333,0.0,10.1,81,0,0.9,39,9.1,12.1,14.9,0.0,0.0,0.0,0.0531140350877193,7.5,98,51,4.0,190,6.0,9.0,11.6,0.0
2024-12-26 23:00:00,25.6133333333333,23.17,0.0,9.2,85,0,1.0,22,8.6,12.0,14.9,0.0,0.0,0.0,0.05326754385964912,6.5,100,56,4.0,190,5.3,8.6,11.4,0.0
2024-12-27 00:00:00,25.585,23.1033333333333,0.0,8.6,87,0,1.2,22,8.2,11.8,14.9,0.0,0.0,0.0,0.05342105263157895,6.0,98,52,4.6,198,5.1,8.2,11.2,0.0
2024-12-27 01:00:00,25.57,23.045,0.0,7.9,82,0,2.1,5,7.7,11.8,14.9,0.0,0.0,0.0,0.053574561403508775,5.5,100,61,4.5,194,4.8,7.8,11.0,0.0
2024-12-27 02:00:00,25.5566666666667,23.02,0.0,7.5,87,0,8.8,253,7.7,11.6,14.9,0.0,0.0,0.0,0.0537280701754386,5.0,100,62,4.4,189,4.2,7.5,10.8,0.0
2024-12-27 03:00:00,25.5333333333333,22.9533333333333,0.0,6.0,94,0,11.0,263,7.7,11.4,14.9,0.0,0.0,0.0,0.053881578947368426,4.4,100,64,4.8,193,3.9,7.1,10.6,0.0
2024-12-27 04:00:00,25.52,22.91,0.0,5.5,93,0,7.8,265,7.6,11.2,14.8,0.0,0.0,0.0,0.05403508771929825,4.1,99,61,4.4,189,3.5,6.8,10.4,0.0
2024-12-27 05:00:00,25.5,22.9,0.0,5.0,91,11,5.9,261,7.4,11.1,14.8,0.0,0.0,0.0,0.05418859649122807,3.7,100,50,4.0,185,3.1,6.5,10.2,0.0
2024-12-27 06:00:00,25.4733333333333,22.8433333333333,0.0,4.2,90,24,4.4,265,7.1,10.9,14.8,0.0,0.0,0.0,0.0543421052631579,3.1,100,47,4.4,189,2.5,6.0,10.0,0.0
2024-12-27 07:00:00,25.45,22.785,0.0,3.9,84,15,3.9,257,6.8,10.8,14.8,0.0,0.0,0.0,0.05449561403508772,2.7,99,40,4.0,190,2.2,5.7,9.7,0.0
2024-12-27 08:00:00,25.43,22.78,0.0,5.0,75,13,3.8,275,6.8,10.6,14.8,0.0,0.0,0.01,0.054649122807017544,2.9,96,7,4.1,195,3.3,5.4,9.5,0.0
2024-12-27 09:00:00,25.4166666666667,22.78,0.0,8.1,80,25,4.0,347,7.8,10.5,14.8,0.0,0.0,0.05,0.054802631578947374,6.2,90,0,3.2,207,9.3,6.4,9.4,0.0
2024-12-27 10:00:00,25.405,22.73,0.0,11.1,70,3,5.5,6,9.4,10.5,14.8,0.0,0.0,0.13,0.054956140350877196,10.0,82,0,3.4,238,14.1,8.4,9.3,0.0
2024-12-27 11:00:00,25.3933333333333,22.6933333333333,0.0,13.7,57,0,7.7,350,11.2,10.5,14.8,0.0,0.0,0.23,0.05510964912280702,13.2,74,0,2.5,315,17.1,10.6,9.4,0.0
2024-12-27 12:00:00,25.4,22.685,0.0,15.2,53,0,10.9,15,12.7,10.7,14.7,0.0,0.0,0.28,0.05526315789473685,14.8,67,0,8.1,21,18.5,12.4,9.7,0.0
2024-12-27 13:00:00,25.4133333333333,22.69,0.0,15.9,49,0,11.7,37,14.0,11.1,14.7,0.0,0.0,0.3,0.05541666666666667,15.8,56,0,12.8,38,17.7,13.6,10.1,0.0
2024-12-27 14:00:00,25.4133333333333,22.7033333333333,0.0,16.3,45,0,15.9,53,14.6,11.4,14.7,0.0,0.0,0.29,0.05557017543859649,15.9,50,0,16.1,51,16.6,14.0,10.5,0.0
2024-12-27 15:00:00,25.4366666666667,22.7266666666667,0.0,15.8,46,0,18.4,56,14.7,11.7,14.7,0.0,0.0,0.24,0.05572368421052632,16.0,45,0,19.4,55,15.5,14.3,10.9,0.0
2024-12-27 16:00:00,25.4533333333333,22.7366666666667,0.0,14.9,51,0,15.9,58,14.3,11.9,14.7,0.0,0.0,0.16,0.05587719298245614,15.2,49,0,18.7,62,13.5,13.8,11.2,0.0
2024-12-27 17:00:00,25.4666666666667,22.72,0.0,12.8,57,0,10.1,60,13.4,12.1,14.7,0.0,0.0,0.06,0.056030701754385966,13.8,61,1,12.7,61,11.0,13.0,11.4,0.0
2024-12-27 18:00:00,25.465,22.675,0.0,10.7,67,0,7.8,67,12.1,12.2,14.7,0.0,0.0,0.02,0.056184210526315795,12.0,74,0,8.7,60,9.3,11.9,11.5,0.0
2024-12-27 19:00:00,25.47,22.64,0.0,10.0,68,0,7.1,75,10.9,12.2,14.7,0.0,0.0,0.01,0.05633771929824562,11.1,76,0,6.5,71,8.2,11.0,11.6,0.0
2024-12-27 20:00:00,25.4433333333333,22.63,0.0,9.5,71,0,7.7,76,10.0,12.1,14.7,0.0,0.0,0.01,0.05649122807017544,10.3,75,0,4.0,90,6.9,10.2,11.5,0.0
2024-12-27 21:00:00,25.4433333333333,22.61,0.0,9.2,74,0,6.8,63,9.3,12.0,14.7,0.0,0.0,0.01,0.05664473684210527,10.1,75,0,2.0,135,5.3,9.4,11.4,0.0
2024-12-27 22:00:00,25.42,22.5366666666667,0.0,9.2,75,0,3.2,53,8.7,11.9,14.7,0.0,0.0,0.0,0.05679824561403509,8.8,77,0,2.9,187,4.4,8.5,11.3,0.0
2024-12-27 23:00:00,25.3933333333333,22.5,0.0,8.4,78,0,1.5,46,8.1,11.7,14.7,0.0,0.0,0.0,0.05695175438596491,6.0,86,0,4.4,189,4.3,7.9,11.1,0.0
2024-12-28 00:00:00,25.3666666666667,22.4966666666667,0.0,7.5,79,0,0.4,33,7.5,11.5,14.7,0.0,0.0,0.0,0.05710526315789474,5.0,88,0,4.9,197,3.8,7.5,10.9,0.0
2024-12-28 01:00:00,25.35,22.455,0.0,6.4,78,0,3.2,300,7.0,11.5,14.7,0.0,0.0,0.0,0.057258771929824565,5.1,89,4,4.5,194,3.5,7.0,10.6,0.0
2024-12-28 02:00:00,25.3266666666667,22.39,0.0,5.6,79,0,5.1,273,6.8,11.2,14.7,0.0,0.0,0.0,0.05741228070175439,4.5,90,6,4.4,189,3.2,6.7,10.4,0.0
2024-12-28 03:00:00,25.3033333333333,22.3733333333333,0.0,4.7,78,0,5.1,267,6.7,11.0,14.7,0.0,0.0,0.0,0.057565789473684216,4.0,85,4,4.3,185,2.8,6.4,10.2,0.0
2024-12-28 04:00:00,25.2833333333333,22.3633333333333,0.0,4.2,76,0,4.8,255,6.4,10.8,14.6,0.0,0.0,0.0,0.05771929824561404,3.5,81,0,4.0,185,2.3,6.0,9.9,0.0
2024-12-28 05:00:00,25.27,22.3166666666667,0.0,3.8,73,0,4.6,240,6.1,10.6,14.6,0.0,0.0,0.0,0.05787280701754386,3.0,80,0,4.0,180,1.7,5.6,9.7,0.0
2024-12-28 06:00:00,25.2533333333333,22.27,0.0,3.4,73,0,4.5,245,5.8,10.4,14.6,0.0,0.0,0.0,0.05802631578947369,2.7,79,0,4.0,185,1.3,5.2,9.5,0.0
2024-12-28 07:00:00,25.2166666666667,22.2566666666667,0.0,3.0,76,0,4.3,257,5.6,10.2,14.6,0.0,0.0,0.0,0.05817982456140351,2.2,80,0,3.6,186,0.8,4.8,9.2,0.0
2024-12-28 08:00:00,25.1966666666667,22.26,0.0,4.3,73,0,4.8,264,5.6,10.0,14.6,0.0,0.0,0.01,0.058333333333333334,2.2,81,0,3.7,191,2.3,4.6,9.0,0.0
2024-12-28 09:00:00,25.1833333333333,22.255,0.0,8.6,69,0,6.2,266,6.8,9.9,14.6,0.0,0.0,0.07,0.05848684210526316,5.5,79,0,3.7,209,8.4,5.5,8.8,0.0
2024-12-28 10:00:00,25.16,22.2133333333333,0.0,12.1,56,0,7.2,285,8.7,9.8,14.6,0.0,0.0,0.16,0.058640350877192986,10.6,65,0,4.7,238,14.5,7.7,8.7,0.0
2024-12-28 11:00:00,25.1466666666667,22.18,0.0,13.9,46,0,6.2,304,10.6,9.9,14.5,0.0,0.0,0.23,0.05879385964912281,13.4,60,0,3.7,241,17.3,10.3,8.9,0.0
2024-12-28 12:00:00,25.15,22.17,0.0,15.1,41,0,6.5,337,12.2,10.1,14.5,0.0,0.0,0.28,0.05894736842105264,15.0,59,0,2.5,315,18.2,12.0,9.2,0.0
2024-12-28 13:00:00,25.15,22.18,0.0,15.9,38,0,8.3,13,13.6,10.6,14.5,0.0,0.0,0.3,0.05910087719298246,16.1,52,0,7.7,11,19.0,13.5,9.6,0.0
2024-12-28 14:00:00,25.17,22.21,0.0,15.8,40,0,10.1,21,14.3,10.9,14.5,0.0,0.0,0.28,0.05925438596491228,16.0,46,0,11.4,24,17.0,14.2,10.1,0.0
2024-12-28 15:00:00,25.1766666666667,22.2366666666667,0.0,15.1,47,0,10.4,30,14.4,11.1,14.5,0.0,0.0,0.22,0.059407894736842104,15.3,61,0,13.5,29,15.2,14.0,10.5,0.0
2024-12-28 16:00:00,25.21,22.23,0.0,13.9,57,0,8.0,42,14.0,11.4,14.5,0.0,0.0,0.12,0.05956140350877193,14.6,66,0,12.3,40,13.2,13.5,10.8,0.0
2024-12-28 17:00:00,25.22,22.23,0.0,10.8,70,0,3.9,54,12.7,11.6,14.5,0.0,0.0,0.02,0.059714912280701755,12.7,78,0,6.9,47,9.9,12.5,11.1,0.0
2024-12-28 18:00:00,25.2266666666667,22.225,0.0,10.1,71,0,1.5,61,11.2,11.7,14.5,0.0,0.0,0.0,0.05986842105263158,11.1,79,0,3.3,49,7.6,11.2,11.2,0.0
2024-12-28 19:00:00,25.2266666666667,22.2166666666667,0.0,9.4,72,0,0.7,72,10.0,11.6,14.5,0.0,0.0,0.0,0.06002192982456141,10.6,79,0,1.9,158,5.8,9.9,11.2,0.0
2024-12-28 20:00:00,25.2166666666667,22.195,0.0,8.8,72,0,0.6,72,9.1,11.6,14.5,0.0,0.0,0.0,0.06017543859649123,8.5,87,1,3.9,202,5.7,8.9,11.1,0.0
2024-12-28 21:00:00,25.1966666666667,22.1266666666667,0.0,8.5,70,0,0.9,58,8.4,11.4,14.5,0.0,0.0,0.0,0.06032894736842105,6.0,93,25,4.1,195,4.8,8.3,10.9,0.0
2024-12-28 22:00:00,25.1833333333333,22.1,0.0,8.3,69,0,0.4,41,7.8,11.3,14.5,0.0,0.0,0.0,0.06048245614035088,5.5,93,5,4.4,189,4.2,7.7,10.7,0.0
2024-12-28 23:00:00,25.1733333333333,22.1,0.0,8.0,70,2,1.0,18,7.4,11.1,14.5,0.0,0.0,0.0,0.0606359649122807,4.9,92,19,4.3,185,3.8,7.2,10.5,0.0
2024-12-29 00:00:00,25.155,22.0833333333333,0.0,7.1,74,0,3.2,317,7.1,10.9,14.4,0.0,0.0,0.0,0.060789473684210525,4.6,90,22,4.8,193,3.5,6.8,10.3,0.0
2024-12-29 01:00:00,25.1366666666667,22.03,0.0,6.2,71,0,5.0,261,6.9,11.0,14.4,0.0,0.0,0.0,0.060942982456140354,4.3,91,26,5.1,188,3.3,6.5,10.1,0.0
2024-12-29 02:00:00,25.1166666666667,21.9933333333333,0.0,5.2,73,0,6.4,255,6.8,10.8,14.4,0.0,0.0,0.0,0.06109649122807018,4.3,89,17,4.8,193,3.0,6.2,9.9,0.0
2024-12-29 03:00:00,25.0833333333333,21.98,0.0,5.0,72,3,7.1,249,6.7,10.6,14.4,0.0,0.0,0.01,0.06125,4.1,87,0,4.8,193,2.6,5.9,9.7,0.0
2024-12-29 04:00:00,25.0733333333333,21.98,0.0,4.8,70,0,7.6,244,6.5,10.4,14.4,0.0,0.0,0.01,0.06140350877192983,3.9,88,0,4.4,189,2.5,5.7,9.4,0.0
2024-12-29 05:00:00,25.05,21.95,0.0,4.6,69,0,7.4,246,6.4,10.3,14.4,0.0,0.0,0.01,0.06155701754385965,3.7,87,0,4.5,194,2.2,5.4,9.2,0.0
2024-12-29 06:00:00,25.0333333333333,21.9033333333333,0.0,4.1,69,0,7.0,246,6.2,10.1,14.4,0.0,0.0,0.01,0.06171052631578947,3.6,84,0,4.8,193,2.0,5.2,9.0,0.0
2024-12-29 07:00:00,25.0166666666667,21.87,0.0,3.6,71,0,6.8,244,6.0,10.0,14.4,0.0,0.0,0.01,0.0618640350877193,3.5,80,0,4.4,189,1.8,5.0,8.8,0.0
2024-12-29 08:00:00,25.01,21.87,0.0,4.5,71,1,7.0,237,6.0,9.8,14.4,0.0,0.0,0.02,0.062017543859649124,3.6,79,0,4.0,190,3.0,4.8,8.6,0.0
2024-12-29 09:00:00,24.9933333333333,21.87,0.0,9.3,59,4,6.8,233,7.1,9.7,14.3,0.0,0.0,0.07,0.062171052631578946,6.9,75,0,3.1,201,9.3,5.9,8.5,0.0
2024-12-29 10:00:00,24.97,21.8733333333333,0.0,13.2,55,24,4.9,282,8.9,9.7,14.3,0.0,0.0,0.16,0.062324561403508776,11.2,62,2,3.6,233,15.0,8.2,8.5,0.0
2024-12-29 11:00:00,24.9566666666667,21.8666666666667,0.0,15.3,42,60,4.2,353,10.9,9.8,14.3,0.0,0.0,0.24,0.0624780701754386,13.9,55,3,2.4,243,17.4,10.5,8.7,0.0
2024-12-29 12:00:00,24.95,21.86,0.0,16.4,40,67,7.2,8,12.6,10.0,14.3,0.0,0.0,0.29,0.06263157894736843,15.5,51,21,3.7,349,18.8,12.2,9.1,0.0
2024-12-29 13:00:00,24.9666666666667,21.86,0.0,16.8,41,65,10.8,12,14.0,10.4,14.3,0.0,0.0,0.31,0.06278508771929825,16.3,49,53,7.4,23,19.2,13.6,9.5,0.0
2024-12-29 14:00:00,24.97,21.8566666666667,0.0,16.2,45,32,13.1,16,14.6,10.7,14.3,0.0,0.0,0.28,0.06293859649122807,16.2,50,51,10.8,26,17.6,14.3,10.0,0.0
2024-12-29 15:00:00,24.99,21.845,0.0,15.4,52,6,12.0,27,14.6,11.1,14.3,0.0,0.0,0.21,0.0630921052631579,15.6,55,65,14.0,35,15.4,14.2,10.4,0.0
2024-12-29 16:00:00,25.0066666666667,21.8466666666667,0.0,13.9,64,3,9.8,48,14.2,11.3,14.3,0.0,0.0,0.12,0.06324561403508772,15.0,68,39,12.5,44,13.7,13.7,10.7,0.0
2024-12-29 17:00:00,25.0266666666667,21.86,0.0,10.7,75,17,5.4,75,12.9,11.5,14.3,0.0,0.0,0.03,0.06339912280701755,13.3,76,7,7.2,53,10.5,12.8,11.0,0.0
2024-12-29 18:00:00,25.0333333333333,21.86,0.0,9.6,73,24,5.9,85,11.4,11.6,14.3,0.0,0.0,0.0,0.06355263157894737,11.2,78,12,3.7,61,7.9,11.4,11.1,0.0
2024-12-29 19:00:00,25.0366666666667,21.8433333333333,0.0,9.5,71,30,5.1,76,10.2,11.6,14.3,0.0,0.0,0.0,0.0637061403508772,10.6,78,13,1.1,108,5.9,10.1,11.1,0.0
2024-12-29 20:00:00,25.0333333333333,21.83,0.0,9.7,69,5,2.6,64,9.4,11.5,14.2,0.0,0.0,0.0,0.06385964912280702,9.5,81,43,2.4,207,4.6,8.9,11.0,0.0
2024-12-29 21:00:00,25.0266666666667,21.83,0.0,9.1,68,2,1.2,57,8.6,11.4,14.2,0.0,0.0,0.0,0.06401315789473684,7.1,90,62,4.2,200,5.1,8.2,10.9,0.0
2024-12-29 22:00:00,24.9966666666667,21.8266666666667,0.0,7.5,68,5,0.9,54,8.0,11.3,14.2,0.0,0.0,0.0,0.06416666666666666,5.8,92,73,4.7,189,4.5,7.8,10.7,0.0
2024-12-29 23:00:00,24.9766666666667,21.78,0.0,5.7,65,50,3.0,194,7.5,11.1,14.2,0.0,0.0,0.0,0.0643201754385965,5.3,90,66,4.4,189,3.8,7.3,10.5,0.0
2024-12-30 00:00:00,24.9633333333333,21.74,0.0,5.0,67,90,6.6,243,7.3,11.0,14.2,0.0,0.0,0.01,0.06447368421052632,4.5,88,42,4.9,197,3.4,6.9,10.3,0.0
2024-12-30 01:00:00,24.9533333333333,21.715,0.0,5.4,65,90,6.1,247,7.3,10.9,14.2,0.0,0.0,0.01,0.06462719298245614,4.2,86,62,4.7,189,2.9,6.5,10.1,0.0
2024-12-30 02:00:00,24.9266666666667,21.7166666666667,0.0,5.0,65,29,7.1,247,7.1,10.8,14.2,0.0,0.0,0.01,0.06478070175438597,3.8,83,13,4.0,190,2.4,6.1,9.9,0.0
2024-12-30 03:00:00,24.9133333333333,21.7166666666667,0.0,4.5,66,3,7.5,243,6.8,10.6,14.2,0.0,0.0,0.01,0.06493421052631579,3.5,78,18,4.4,189,2.0,5.7,9.6,0.0
2024-12-30 04:00:00,24.8933333333333,21.69,0.0,4.0,67,2,6.7,244,6.6,10.4,14.2,0.0,0.0,0.01,0.06508771929824561,3.1,77,60,4.1,195,1.7,5.3,9.4,0.0
2024-12-30 05:00:00,24.8866666666667,21.64,0.0,3.6,68,6,6.6,240,6.3,10.3,14.2,0.0,0.0,0.01,0.06524122807017545,2.8,77,11,4.1,195,1.3,5.0,9.1,0.0
2024-12-30 06:00:00,24.8633333333333,21.6133333333333,0.0,3.6,68,18,7.1,238,6.1,10.1,14.2,0.0,0.0,0.01,0.06539473684210527,2.5,78,0,4.2,200,1.1,4.6,8.9,0.0
2024-12-30 07:00:00,24.8433333333333,21.61,0.0,3.6,68,11,6.6,235,5.9,9.9,14.2,0.0,0.0,0.01,0.06554824561403509,2.3,80,11,3.9,202,0.8,4.4,8.6,0.0
2024-12-30 08:00:00,24.8166666666667,21.61,0.0,4.6,68,4,8.0,229,5.9,9.8,14.1,0.0,0.0,0.03,0.06570175438596491,2.5,81,28,3.7,209,2.2,4.2,8.4,0.0
2024-12-30 09:00:00,24.83,21.61,0.0,9.3,62,1,9.6,229,7.0,9.6,14.1,0.0,0.0,0.08,0.06585526315789474,5.8,77,1,3.8,221,8.4,5.3,8.3,0.0
2024-12-30 10:00:00,24.8,21.615,0.0,13.4,53,3,6.5,260,8.9,9.6,14.1,0.0,0.0,0.16,0.06600877192982456,10.8,60,4,4.7,238,14.7,7.6,8.2,0.0
2024-12-30 11:00:00,24.7966666666667,28.35,0.0,15.1,42,8,6.1,327,10.8,9.7,14.1,0.0,0.0,0.24,0.0661622807017544,13.7,53,7,3.9,236,17.6,10.1,8.4,0.0
2024-12-30 12:00:00,25.2666666666667,28.05,0.0,15.9,38,18,7.7,358,12.4,10.0,14.1,0.0,0.0,0.29,0.06631578947368422,15.6,48,6,3.6,323,19.2,12.2,8.8,0.0
2024-12-30 13:00:00,26.2233333333333,27.41,0.0,16.4,38,8,8.5,7,13.8,10.3,14.1,0.0,0.0,0.31,0.06646929824561404,16.5,46,4,8.3,5,19.5,13.6,9.2,0.0
2024-12-30 14:00:00,26.8,27.04,0.0,16.2,40,12,10.0,12,14.4,10.6,14.1,0.0,0.0,0.28,0.06662280701754386,16.1,49,9,11.4,13,17.8,14.3,9.7,0.0
2024-12-30 15:00:00,27.12,26.66,0.0,15.4,48,24,10.1,35,14.5,10.9,14.1,0.0,0.0,0.2,0.06677631578947368,15.5,47,9,13.2,26,15.6,14.2,10.2,0.0
2024-12-30 16:00:00,27.2866666666667,26.49,0.0,14.2,57,23,7.4,65,14.0,11.2,14.1,0.0,0.0,0.12,0.0669298245614035,14.5,56,72,11.2,40,13.2,13.6,10.5,0.0
2024-12-30 17:00:00,27.3766666666667,26.2366666666667,0.0,11.4,68,20,3.8,66,12.8,11.4,14.1,0.0,0.0,0.03,0.06708333333333334,12.8,65,38,4.6,39,9.7,12.6,10.8,0.0
2024-12-30 18:00:00,27.41,26.0066666666667,0.0,10.8,68,34,1.2,55,11.4,11.5,14.0,0.0,0.0,0.0,0.06723684210526316,11.4,71,41,1.6,63,7.0,11.1,10.9,0.0
2024-12-30 19:00:00,27.4166666666667,25.8433333333333,0.0,10.0,66,3,1.1,66,10.3,11.5,14.0,0.0,0.0,0.0,0.06739035087719299,10.6,74,30,2.2,180,5.5,9.7,10.9,0.0
2024-12-30 20:00:00,27.4066666666667,25.73,0.0,9.0,64,6,2.3,102,9.4,11.4,14.0,0.0,0.0,0.0,0.06754385964912281,8.1,81,1,4.0,185,5.2,8.7,10.8,0.0
2024-12-30 21:00:00,27.3833333333333,25.5866666666667,0.0,8.1,68,3,2.2,95,8.7,11.3,14.0,0.0,0.0,0.0,0.06769736842105263,5.4,82,15,4.3,185,4.2,8.0,10.7,0.0
2024-12-30 22:00:00,27.35,25.4633333333333,0.0,7.4,71,4,1.6,88,8.1,11.2,14.0,0.0,0.0,0.0,0.06785087719298245,4.5,82,6,4.0,190,3.4,7.3,10.5,0.0
2024-12-30 23:00:00,27.32,25.345,0.0,6.6,74,4,1.8,132,7.6,11.1,14.0,0.0,0.0,0.0,0.06800438596491229,3.9,81,11,4.2,200,2.8,6.7,10.3,0.0
2024-12-31 00:00:00,27.3,25.2666666666667,0.0,6.6,73,3,1.7,313,7.2,10.9,14.0,0.0,0.0,0.0,0.06815789473684211,4.0,79,26,4.5,209,2.7,6.4,10.0,0.0
2024-12-31 01:00:00,27.2766666666667,25.1666666666667,0.0,5.6,71,9,7.3,240,7.1,10.8,14.0,0.0,0.0,0.01,0.06831140350877193,3.8,78,8,4.7,203,2.4,6.0,9.8,0.0
2024-12-31 02:00:00,27.2566666666667,25.1066666666667,0.0,5.0,69,9,6.7,246,6.9,10.6,14.0,0.0,0.0,0.01,0.06846491228070176,3.6,77,15,4.7,203,2.2,5.7,9.6,0.0
2024-12-31 03:00:00,27.2366666666667,25.0166666666667,0.0,4.8,63,68,7.5,240,6.7,10.5,14.0,0.0,0.0,0.02,0.06861842105263158,3.5,73,44,5.2,196,2.1,5.3,9.3,0.0
2024-12-31 04:00:00,27.22,24.9766666666667,0.0,4.4,61,5,6.0,236,6.5,10.3,14.0,0.0,0.0,0.01,0.0687719298245614,3.6,72,46,5.0,201,2.2,5.2,9.1,0.0
2024-12-31 05:00:00,27.19,24.8866666666667,0.0,3.7,63,10,4.7,229,6.2,10.1,14.0,0.0,0.0,0.01,0.06892543859649124,3.7,70,63,5.4,200,2.5,5.1,8.9,0.0
2024-12-31 06:00:00,27.1566666666667,24.8533333333333,0.0,3.9,62,3,6.9,222,6.0,10.0,14.0,0.0,0.0,0.01,0.06907894736842106,4.2,64,68,6.0,197,3.0,5.1,8.7,0.0
2024-12-31 07:00:00,27.13,24.7633333333333,0.0,4.7,58,0,8.3,218,6.0,9.8,14.0,0.0,0.0,0.02,0.06923245614035088,4.8,64,71,5.8,202,3.4,5.2,8.5,0.0
2024-12-31 08:00:00,27.11,24.7233333333333,0.0,6.0,59,1,8.1,224,6.1,9.7,13.9,0.0,0.0,0.03,0.0693859649122807,5.5,66,82,6.5,214,5.0,5.4,8.4,0.0
2024-12-31 09:00:00,27.1033333333333,24.715,0.0,9.4,53,15,9.1,242,7.2,9.6,13.9,0.0,0.0,0.09,0.06953947368421053,8.5,64,79,7.0,215,9.4,6.6,8.3,0.0
2024-12-31 10:00:00,27.0833333333333,24.63,0.0,12.1,48,13,8.4,246,8.8,9.6,13.9,0.0,0.0,0.16,0.06969298245614035,11.2,57,87,9.9,226,13.1,8.3,8.4,0.0
2024-12-31 11:00:00,27.08,24.5933333333333,0.0,14.0,48,16,7.9,272,10.5,9.7,13.9,0.0,0.0,0.23,0.06984649122807018,13.0,55,75,11.0,229,15.5,10.0,8.6,0.0
2024-12-31 12:00:00,27.0766666666667,24.585,0.0,14.8,52,7,5.3,309,12.2,9.9,13.9,0.0,0.0,0.26,0.07,14.8,57,39,8.7,240,19.2,11.9,8.9,0.0
2024-12-31 13:00:00,27.07,24.57,0.0,15.3,52,25,2.8,344,14.1,10.5,13.9,0.0,0.0,0.25,0.07015350877192983,15.5,60,78,4.1,285,18.5,13.4,9.3,0.0
2024-12-31 14:00:00,27.0633333333333,24.51,0.0,15.3,48,40,4.5,2,14.6,10.8,13.9,0.0,0.0,0.21,0.07030701754385965,15.0,63,86,5.2,12,16.8,14.0,9.7,0.0
2024-12-31 15:00:00,27.0433333333333,24.47,0.0,14.9,49,23,8.4,12,14.5,11.1,13.9,0.0,0.0,0.18,0.07046052631578947,15.4,58,27,6.1,3,17.1,14.1,10.2,0.0
2024-12-31 16:00:00,27.0333333333333,24.45,0.0,14.1,54,25,8.7,35,14.0,11.3,13.9,0.0,0.0,0.12,0.0706140350877193,14.6,64,68,8.8,35,13.7,14.0,10.5,0.0
2024-12-31 17:00:00,27.0133333333333,24.3866666666667,0.0,11.9,67,30,8.1,56,13.0,11.5,13.9,0.0,0.0,0.04,0.07076754385964913,13.2,70,71,5.6,50,11.0,13.0,10.8,0.0
2024-12-31 18:00:00,26.9966666666667,24.315,0.0,10.2,76,10,7.4,73,11.9,11.6,13.9,0.0,0.0,0.01,0.07092105263157895,11.5,73,40,5.5,58,8.9,11.9,11.0,0.0
2024-12-31 19:00:00,26.9733333333333,24.24,0.0,9.4,79,17,5.5,77,10.8,11.6,13.9,0.0,0.0,0.0,0.07107456140350878,9.9,83,10,3.7,101,7.3,10.7,11.0,0.0
2024-12-31 20:00:00,26.9366666666667,24.1766666666667,0.0,8.7,80,9,4.6,109,9.9,11.6,13.9,0.0,0.0,0.0,0.0712280701754386,8.5,89,5,3.6,143,6.2,9.6,11.0,0.0
2024-12-31 21:00:00,26.91,24.0966666666667,0.0,8.2,80,26,2.7,100,9.1,11.5,13.9,0.0,0.0,0.0,0.07138157894736842,7.5,91,50,4.3,175,6.3,9.0,10.9,0.0
2024-12-31 22:00:00,26.8633333333333,24.0366666666667,0.0,8.5,79,5,1.3,72,8.6,11.4,13.9,0.0,0.0,0.0,0.07153508771929824,6.9,94,76,3.3,186,5.8,8.5,10.8,0.0
2024-12-31 23:00:00,26.8433333333333,23.9733333333333,0.0,7.7,81,7,0.4,48,8.0,11.2,13.9,0.0,0.0,0.0,0.07168859649122808,6.1,97,53,1.9,202,5.1,8.1,10.6,0.0
2025-01-01 00:00:00,26.8066666666667,23.9033333333333,0.0,7.1,83,11,1.1,12,7.6,11.1,13.9,0.0,0.0,0.0,0.0718421052631579,4.7,99,57,3.9,202,4.0,7.3,10.4,0.0
2025-01-01 01:00:00,26.76,23.8833333333333,0.0,5.4,79,2,4.2,283,7.0,11.0,13.9,0.0,0.0,0.0,0.07199561403508772,4.4,97,54,4.6,198,3.6,6.9,10.2,0.0
2025-01-01 02:00:00,26.73,23.79,0.0,4.9,80,10,6.1,257,6.8,10.8,13.9,0.0,0.0,0.0,0.07214912280701755,4.2,96,44,3.9,202,3.2,6.5,10.0,0.0
2025-01-01 03:00:00,26.7,23.77,0.0,5.2,78,0,6.9,250,6.7,10.6,13.8,0.0,0.0,0.0,0.07230263157894737,3.6,94,25,4.9,197,2.5,6.1,9.8,0.0
2025-01-01 04:00:00,26.68,23.7466666666667,0.0,4.7,78,0,6.2,249,6.4,10.4,13.8,0.0,0.0,0.0,0.07245614035087719,3.3,95,31,5.2,192,2.4,5.7,9.5,0.0
2025-01-01 05:00:00,26.6533333333333,23.6866666666667,0.0,4.5,76,9,6.7,225,6.2,10.3,13.8,0.0,0.0,0.0,0.07260964912280703,3.1,94,28,5.2,192,2.2,5.5,9.3,0.0
2025-01-01 06:00:00,26.63,23.6433333333333,0.0,4.3,76,3,6.4,218,5.9,10.1,13.8,0.0,0.0,0.0,0.07276315789473685,3.0,94,24,5.9,191,2.0,5.2,9.1,0.0
2025-01-01 07:00:00,26.59,23.63,0.0,4.0,81,6,6.2,220,5.7,9.9,13.8,0.0,0.0,0.0,0.07291666666666667,2.9,96,58,5.7,198,2.1,5.0,8.9,0.0
2025-01-01 08:00:00,26.5633333333333,23.62,0.0,5.6,77,42,7.5,219,5.8,9.7,13.8,0.0,0.0,0.02,0.0730701754385965,3.7,94,73,5.2,196,4.1,5.0,8.7,0.0
2025-01-01 09:00:00,26.5466666666667,23.5766666666667,0.0,9.0,72,100,9.4,228,7.0,9.6,13.8,0.0,0.0,0.07,0.07322368421052632,6.6,85,78,4.8,207,8.8,5.9,8.5,0.0
2025-01-01 10:00:00,26.53,23.5366666666667,0.0,11.9,65,79,7.7,239,8.7,9.6,13.8,0.0,0.0,0.14,0.07337719298245614,10.0,74,57,6.4,232,13.5,7.8,8.5,0.0
2025-01-01 11:00:00,26.5233333333333,23.52,0.0,13.7,59,1,4.0,265,10.6,9.7,13.8,0.0,0.0,0.21,0.07353070175438597,12.3,69,63,6.6,257,16.6,9.9,8.7,0.0
2025-01-01 12:00:00,26.5166666666667,23.51,0.0,14.8,56,1,6.1,27,12.3,9.9,13.8,0.0,0.0,0.26,0.0736842105263158,13.9,69,65,5.9,11,17.7,11.7,9.0,0.0
2025-01-01 13:00:00,26.52,23.5166666666667,0.0,15.3,56,10,11.3,47,13.1,10.4,13.8,0.0,0.0,0.27,0.07383771929824562,14.7,64,54,9.8,17,18.1,13.0,9.3,0.0
2025-01-01 14:00:00,26.52,23.5266666666667,0.0,15.0,57,75,13.1,43,13.7,10.6,13.8,0.0,0.0,0.23,0.07399122807017544,14.7,63,59,11.4,24,16.7,13.7,9.8,0.0
2025-01-01 15:00:00,26.53,23.53,0.0,14.7,58,100,13.0,43,13.9,10.9,13.7,0.0,0.0,0.19,0.07414473684210526,14.3,67,100,12.7,29,14.9,13.9,10.2,0.0
2025-01-01 16:00:00,26.54,23.5266666666667,0.0,13.5,66,100,11.8,39,13.6,11.1,13.7,0.0,0.0,0.1,0.07429824561403509,13.5,73,100,10.9,27,13.0,13.4,10.5,0.0
2025-01-01 17:00:00,26.5366666666667,23.5133333333333,0.0,12.1,77,63,7.8,14,12.9,11.3,13.7,0.0,0.0,0.04,0.07445175438596492,12.2,83,76,6.6,22,10.7,12.5,10.7,0.0
2025-01-01 18:00:00,26.5333333333333,23.495,0.0,10.6,88,63,2.1,5,11.9,11.4,13.7,0.0,0.0,0.01,0.07460526315789474,10.9,89,89,3.1,21,9.6,11.4,10.9,0.0
2025-01-01 19:00:00,26.4966666666667,23.49,0.0,10.2,87,67,0.6,350,11.0,11.5,13.7,0.1,0.1,0.0,0.07475877192982457,10.7,91,95,0.8,297,9.4,10.8,10.9,0.0
2025-01-01 20:00:00,26.4833333333333,23.48,0.0,9.9,86,71,1.1,50,10.5,11.5,13.7,0.2,0.2,0.0,0.07491228070175439,10.1,95,91,2.9,263,9.2,10.4,10.9,0.0
2025-01-01 21:00:00,26.46,23.4366666666667,0.0,9.8,89,44,3.5,240,10.2,11.4,13.7,0.1,0.1,0.0,0.07506578947368421,9.8,92,91,2.6,214,8.9,10.2,10.9,0.0
2025-01-01 22:00:00,26.4566666666667,23.4,0.0,8.7,90,34,3.7,232,9.6,11.4,13.7,0.1,0.1,0.0,0.07521929824561403,9.5,94,89,3.9,214,9.1,10.1,10.9,0.0
2025-01-01 23:00:00,26.45,23.3733333333333,0.0,8.4,91,40,5.5,238,9.0,11.3,13.7,0.0,0.0,0.0,0.07537280701754387,9.2,94,90,3.7,209,8.6,9.9,10.9,0.0
2025-01-02 00:00:00,26.4633333333333,23.4333333333333,0.0,8.1,93,22,6.4,234,8.7,11.2,13.7,0.0,0.0,0.0,0.07552631578947369,9.2,93,85,4.1,218,8.7,9.8,10.8,0.0
2025-01-02 01:00:00,26.49,23.55,0.0,7.3,96,22,6.7,222,9.0,11.2,13.7,0.0,0.0,0.0,0.07567982456140351,9.1,94,80,4.9,216,8.4,9.7,10.8,0.0
2025-01-02 02:00:00,26.55,23.6366666666667,0.0,6.8,96,54,7.1,223,8.4,11.1,13.7,0.0,0.0,0.0,0.07583333333333334,8.5,95,83,4.5,209,7.5,9.4,10.7,0.0
2025-01-02 03:00:00,26.5833333333333,23.7,0.0,6.2,96,75,6.6,226,7.9,10.9,13.7,0.0,0.0,0.0,0.07598684210526316,8.1,94,83,4.5,194,7.2,9.0,10.7,0.0
2025-01-02 04:00:00,26.6133333333333,23.7566666666667,0.0,5.7,98,91,7.7,231,7.5,10.8,13.7,0.0,0.0,0.0,0.07614035087719298,7.6,94,61,4.3,185,6.4,8.7,10.6,0.0
2025-01-02 05:00:00,26.63,23.7666666666667,0.0,5.3,100,100,8.7,222,7.3,10.6,13.7,0.0,0.0,0.0,0.07629385964912282,7.3,94,46,4.1,195,6.1,8.3,10.4,0.0
2025-01-02 06:00:00,26.6466666666667,23.77,0.0,5.2,100,99,9.0,219,7.2,10.5,13.7,0.0,0.0,0.0,0.07644736842105264,6.9,94,39,4.0,185,5.4,8.0,10.3,0.0
2025-01-02 07:00:00,26.66,23.77,0.0,5.4,100,97,9.4,223,7.1,10.4,13.7,0.0,0.0,0.0,0.07660087719298246,6.3,95,46,4.3,180,5.1,7.6,10.2,0.0
2025-01-02 08:00:00,26.66,23.77,0.0,6.0,97,24,9.4,225,7.1,10.2,13.7,0.0,0.0,0.01,0.07675438596491228,6.2,96,55,4.0,185,6.1,7.4,10.0,0.0
2025-01-02 09:00:00,26.6666666666667,23.77,0.0,8.5,91,29,9.6,232,7.9,10.1,13.7,0.0,0.0,0.04,0.0769078947368421,9.0,90,38,3.9,202,11.4,8.3,9.9,0.0
2025-01-02 10:00:00,26.6633333333333,23.77,0.0,11.0,87,26,9.6,233,9.4,10.1,13.7,0.0,0.0,0.11,0.07706140350877193,12.2,79,26,6.1,230,16.0,10.0,9.9,0.0
2025-01-02 11:00:00,26.6666666666667,23.77,0.0,13.4,74,3,10.6,256,11.0,10.2,13.7,0.0,0.0,0.19,0.07721491228070176,14.3,72,0,6.4,243,18.5,12.0,10.1,0.0
2025-01-02 12:00:00,26.6733333333333,23.77,0.0,14.8,63,4,6.8,270,12.6,10.4,13.7,0.0,0.0,0.26,0.07736842105263159,15.6,64,35,3.0,256,19.4,13.8,10.4,0.0
2025-01-02 13:00:00,26.68,23.77,0.0,15.9,59,1,3.7,299,14.5,10.7,13.6,0.0,0.0,0.26,0.07752192982456141,16.4,58,24,1.1,18,19.7,14.8,10.8,0.0
2025-01-02 14:00:00,26.6933333333333,23.77,0.0,16.4,56,2,4.4,335,15.2,11.0,13.6,0.0,0.0,0.26,0.07767543859649123,16.9,56,4,4.3,24,20.0,15.6,11.2,0.0
2025-01-02 15:00:00,26.7166666666667,23.77,0.0,16.2,55,1,5.8,1,15.4,11.3,13.6,0.0,0.0,0.2,0.07782894736842105,16.6,60,12,10.6,24,17.5,16.0,11.6,0.0
2025-01-02 16:00:00,26.7166666666667,23.77,0.0,15.3,63,0,6.9,27,15.0,11.6,13.6,0.0,0.0,0.12,0.07798245614035088,15.2,69,6,10.5,27,14.8,15.4,11.9,0.0
2025-01-02 17:00:00,26.7133333333333,23.77,0.0,12.2,78,0,6.3,52,13.9,11.8,13.6,0.0,0.0,0.03,0.07813596491228071,13.7,76,0,6.4,43,11.5,14.3,12.1,0.0
2025-01-02 18:00:00,26.71,23.76,0.0,10.5,84,0,4.7,67,12.4,11.9,13.6,0.0,0.0,0.02,0.07828947368421053,11.8,83,0,3.6,84,9.1,12.7,12.3,0.0
2025-01-02 19:00:00,26.69,23.71,0.0,10.0,83,0,3.1,91,11.2,11.9,13.6,0.0,0.0,0.0,0.07844298245614036,10.4,90,0,3.6,143,8.1,11.5,12.2,0.0
2025-01-02 20:00:00,26.6666666666667,23.64,0.0,9.1,85,0,2.0,113,10.3,11.9,13.6,0.0,0.0,0.0,0.07859649122807018,9.2,93,0,2.6,164,7.0,10.5,12.1,0.0
2025-01-02 21:00:00,26.6433333333333,23.6266666666667,0.0,8.4,86,0,1.2,50,9.5,11.8,13.6,0.0,0.0,0.0,0.07875,7.8,95,17,2.9,180,6.2,9.7,12.0,0.0
2025-01-02 22:00:00,26.6133333333333,23.56,0.0,8.1,87,0,1.9,27,8.9,11.7,13.6,0.0,0.0,0.0,0.07890350877192982,6.5,98,50,2.9,180,5.6,9.1,11.8,0.0
2025-01-02 23:00:00,26.59,23.5,0.0,7.5,87,0,2.8,184,8.5,11.5,13.6,0.0,0.0,0.0,0.07905701754385965,5.7,99,54,2.9,187,5.0,8.5,11.6,0.0
2025-01-03 00:00:00,26.5633333333333,23.49,0.0,6.9,88,0,4.0,222,8.1,11.4,13.6,0.0,0.0,0.0,0.07921052631578948,5.2,99,52,3.5,204,4.6,8.0,11.3,0.0
2025-01-03 01:00:00,26.53,23.4566666666667,0.0,6.4,89,0,5.1,234,7.8,11.3,13.6,0.0,0.0,0.0,0.0793640350877193,4.9,97,46,3.9,202,4.1,7.5,11.1,0.0
2025-01-03 02:00:00,26.51,23.3933333333333,0.0,6.0,90,0,5.6,229,7.5,11.2,13.6,0.0,0.0,0.0,0.07951754385964913,4.8,95,34,3.4,198,3.7,7.1,10.8,0.0
2025-01-03 03:00:00,26.4833333333333,23.3633333333333,0.0,5.8,90,0,5.6,226,7.4,11.0,13.6,0.0,0.0,0.0,0.07967105263157895,4.4,94,25,4.2,200,3.2,6.6,10.5,0.0
2025-01-03 04:00:00,26.4566666666667,23.36,0.0,5.9,87,0,6.3,219,7.2,10.8,13.6,0.0,0.0,0.0,0.07982456140350877,4.1,94,13,3.7,209,2.9,6.3,10.3,0.0
2025-01-03 05:00:00,26.44,23.3466666666667,0.0,5.7,86,0,6.2,221,7.0,10.6,13.6,0.0,0.0,0.0,0.07997807017543859,3.9,93,5,4.0,207,2.5,6.0,10.0,0.0
2025-01-03 06:00:00,26.4166666666667,23.2933333333333,0.0,5.5,85,0,6.7,231,6.9,10.5,13.6,0.0,0.0,0.0,0.08013157894736843,3.9,92,3,4.9,216,2.5,5.7,9.8,0.0
2025-01-03 07:00:00,26.4033333333333,23.25,0.0,5.6,83,0,7.7,237,6.7,10.3,13.6,0.0,0.0,0.0,0.08028508771929825,3.9,91,1,4.9,216,2.4,5.5,9.5,0.0
2025-01-03 08:00:00,26.4,23.2333333333333,0.0,6.9,77,0,8.0,241,6.8,10.2,13.6,0.0,0.0,0.02,0.08043859649122807,4.3,89,0,4.8,222,3.8,5.3,9.3,0.0
2025-01-03 09:00:00,26.3766666666667,23.23,0.0,10.7,67,0,10.0,244,7.9,10.1,13.6,0.0,0.0,0.08,0.0805921052631579,8.1,78,0,4.8,228,10.1,6.5,9.1,0.0
2025-01-03 10:00:00,26.37,23.23,0.0,13.7,58,4,10.5,252,9.6,10.1,13.6,0.0,0.0,0.17,0.08074561403508772,12.8,60,0,7.7,242,15.8,8.6,9.1,0.0
2025-01-03 11:00:00,26.3866666666667,23.23,0.0,15.9,49,0,11.6,258,11.4,10.2,13.6,0.0,0.0,0.26,0.08089912280701754,15.3,49,0,11.9,245,18.1,10.9,9.2,0.0
2025-01-03 12:00:00,26.38,23.23,0.0,17.3,44,13,11.2,260,13.0,10.4,13.6,0.0,0.0,0.31,0.08105263157894738,16.9,46,0,14.6,250,19.6,12.8,9.5,0.0
2025-01-03 13:00:00,26.3833333333333,23.23,0.0,18.6,40,7,11.0,256,14.4,10.7,13.6,0.0,0.0,0.33,0.0812061403508772,18.1,40,0,13.6,253,20.5,14.2,9.9,0.0
2025-01-03 14:00:00,26.3933333333333,23.23,0.0,19.1,36,2,11.1,255,15.2,11.0,13.6,0.0,0.0,0.32,0.08135964912280702,18.8,36,2,12.6,257,20.1,15.3,10.4,0.0
2025-01-03 15:00:00,26.4066666666667,23.23,0.0,19.3,37,5,8.7,265,15.5,11.3,13.6,0.0,0.0,0.25,0.08151315789473684,19.3,34,0,10.1,276,19.1,15.9,10.8,0.0
2025-01-03 16:00:00,26.3966666666667,23.24,0.0,17.5,52,7,4.3,294,15.2,11.6,13.6,0.0,0.0,0.13,0.08166666666666667,18.0,47,0,6.7,324,16.2,15.7,11.2,0.0
2025-01-03 17:00:00,26.385,23.2333333333333,0.0,14.7,51,6,0.9,309,13.9,11.8,13.6,0.0,0.0,0.02,0.08182017543859649,15.0,65,0,4.5,29,11.5,14.7,11.5,0.0
2025-01-03 18:00:00,26.3933333333333,23.2233333333333,0.0,12.7,58,0,0.6,180,12.3,11.9,13.6,0.0,0.0,0.02,0.08197368421052632,12.8,72,0,3.3,139,8.3,12.8,11.7,0.0
2025-01-03 19:00:00,26.3766666666667,23.22,0.0,11.5,55,0,2.4,202,11.1,11.9,13.6,0.0,0.0,0.0,0.08212719298245615,9.8,71,0,4.7,184,7.3,11.4,11.7,0.0
2025-01-03 20:00:00,26.36,23.215,0.0,9.9,55,65,5.8,222,10.1,11.9,13.6,0.0,0.0,0.02,0.08228070175438597,8.9,64,0,5.5,203,6.4,10.2,11.7,0.0
2025-01-03 21:00:00,26.3266666666667,23.1433333333333,0.0,9.2,57,64,6.6,227,9.5,11.8,13.6,0.0,0.0,0.02,0.08243421052631579,9.0,64,0,6.6,202,6.5,9.5,11.6,0.0
2025-01-03 22:00:00,26.3133333333333,23.0933333333333,0.0,9.0,58,76,6.6,230,9.1,11.7,13.6,0.0,0.0,0.02,0.08258771929824561,8.4,67,0,6.2,201,6.0,9.0,11.4,0.0
2025-01-03 23:00:00,26.2933333333333,23.08,0.0,8.8,58,16,6.2,221,8.7,11.5,13.6,0.0,0.0,0.02,0.08274122807017543,7.4,71,9,5.6,207,5.3,8.5,11.3,0.0
2025-01-04 00:00:00,26.2566666666667,23.0466666666667,0.0,9.1,56,29,4.7,225,8.2,11.4,13.6,0.0,0.0,0.01,0.08289473684210527,6.9,73,15,6.2,201,4.9,8.0,11.1,0.0
2025-01-04 01:00:00,26.2233333333333,22.9866666666667,0.0,8.2,57,100,7.2,223,7.8,11.3,13.6,0.0,0.0,0.02,0.0830482456140351,6.3,76,57,5.3,208,4.3,7.6,10.9,0.0
2025-01-04 02:00:00,26.19,22.96,0.0,7.4,58,100,7.9,221,7.7,11.1,13.6,0.0,0.0,0.02,0.08320175438596492,5.8,78,69,5.1,219,4.1,7.3,10.7,0.0
2025-01-04 03:00:00,26.1666666666667,22.96,0.0,6.8,61,97,8.4,221,7.6,10.9,13.6,0.0,0.0,0.02,0.08335526315789474,5.5,77,27,5.6,220,3.5,6.8,10.5,0.0
2025-01-04 04:00:00,26.15,22.9366666666667,0.0,7.0,61,81,9.2,225,7.6,10.8,13.6,0.0,0.0,0.03,0.08350877192982456,5.3,75,21,5.4,222,3.2,6.5,10.2,0.0
2025-01-04 05:00:00,26.1433333333333,22.89,0.0,6.6,63,7,9.3,224,7.5,10.6,13.6,0.0,0.0,0.02,0.08366228070175438,5.3,70,20,6.1,220,3.1,6.2,10.0,0.0
2025-01-04 06:00:00,26.1233333333333,22.85,0.0,6.5,63,12,10.1,226,7.3,10.5,13.6,0.0,0.0,0.03,0.08381578947368422,5.5,69,0,6.6,221,3.3,6.1,9.8,0.0
2025-01-04 07:00:00,26.0966666666667,22.8333333333333,0.0,6.6,62,31,10.5,227,7.2,10.4,13.6,0.0,0.0,0.03,0.08396929824561404,5.4,68,2,6.4,223,3.0,5.9,9.6,0.0
2025-01-04 08:00:00,26.07,22.83,0.0,7.6,61,47,10.8,228,7.3,10.2,13.5,0.0,0.0,0.04,0.08412280701754386,5.8,67,0,6.9,223,4.6,5.8,9.4,0.0
2025-01-04 09:00:00,26.04,22.83,0.0,11.8,56,97,10.9,233,8.3,10.1,13.5,0.0,0.0,0.1,0.08427631578947369,9.3,64,0,6.9,231,10.5,6.7,9.2,0.0
2025-01-04 10:00:00,26.0233333333333,22.805,0.0,15.4,48,97,10.6,243,10.0,10.2,13.5,0.0,0.0,0.18,0.08442982456140351,14.6,46,3,10.3,245,16.7,8.8,9.2,0.0
2025-01-04 11:00:00,26.02,22.79,0.0,17.6,38,58,11.5,263,11.8,10.3,13.5,0.0,0.0,0.28,0.08458333333333333,17.0,36,6,13.9,249,18.9,11.2,9.4,0.0
2025-01-04 12:00:00,26.01,22.78,0.0,19.1,33,91,11.7,265,13.4,10.5,13.5,0.0,0.0,0.34,0.08473684210526317,18.2,33,65,13.1,254,20.1,13.0,9.7,0.0
2025-01-04 13:00:00,26.0166666666667,22.7866666666667,0.0,20.1,31,90,8.8,267,14.6,10.8,13.5,0.0,0.0,0.35,0.08489035087719299,19.3,30,100,11.3,263,20.5,14.4,10.1,0.0
2025-01-04 14:00:00,26.02,22.8033333333333,0.0,20.5,30,99,7.7,286,15.5,11.1,13.5,0.0,0.0,0.32,0.08504385964912281,19.7,32,76,8.0,306,21.0,15.3,10.5,0.0
2025-01-04 15:00:00,26.0333333333333,22.82,0.0,19.5,34,99,8.1,341,15.8,11.4,13.5,0.0,0.0,0.24,0.08519736842105263,18.4,41,84,12.3,357,18.1,16.0,11.0,0.0
2025-01-04 16:00:00,26.0433333333333,22.8133333333333,0.0,16.7,49,98,8.0,24,15.3,11.7,13.5,0.0,0.0,0.14,0.08535087719298246,16.9,55,72,10.9,9,15.4,15.5,11.4,0.0
2025-01-04 17:00:00,26.0433333333333,22.81,0.0,12.8,67,84,4.6,57,14.0,11.9,13.5,0.0,0.0,0.04,0.08550438596491228,14.9,69,69,5.4,48,11.6,14.5,11.7,0.0
2025-01-04 18:00:00,26.0533333333333,22.81,0.0,10.9,70,100,5.1,78,12.4,12.0,13.5,0.0,0.0,0.02,0.08565789473684211,12.5,76,62,4.5,119,9.1,12.9,11.8,0.0
2025-01-04 19:00:00,26.0466666666667,22.8066666666667,0.0,10.0,68,17,4.4,102,11.2,12.0,13.5,0.0,0.0,0.0,0.08581140350877194,10.1,87,26,5.5,148,7.9,11.6,11.9,0.0
2025-01-04 20:00:00,26.0433333333333,22.785,0.0,9.4,67,11,2.7,123,10.2,12.0,13.5,0.0,0.0,0.0,0.08596491228070176,8.6,90,24,4.5,166,6.7,10.5,11.8,0.0
2025-01-04 21:00:00,26.0166666666667,22.73,0.0,9.1,67,97,1.6,120,9.4,11.9,13.5,0.0,0.0,0.0,0.08611842105263158,7.0,91,35,4.8,193,5.5,9.6,11.7,0.0
2025-01-04 22:00:00,25.9933333333333,22.6866666666667,0.0,9.0,67,95,1.5,132,8.8,11.7,13.5,0.0,0.0,0.0,0.0862719298245614,5.6,87,100,4.7,189,4.5,8.8,11.5,0.0
2025-01-04 23:00:00,25.9566666666667,22.68,0.0,8.8,68,99,2.6,151,8.4,11.6,13.5,0.0,0.0,0.0,0.08642543859649122,5.0,79,90,4.5,194,3.9,8.0,11.3,0.0
2025-01-05 00:00:00,25.94,22.67,0.0,8.2,70,100,4.2,187,8.0,11.4,13.5,0.0,0.0,0.0,0.08657894736842106,4.6,74,78,5.2,192,3.3,7.4,11.1,0.0
2025-01-05 01:00:00,25.93,22.62,0.0,7.6,65,100,5.3,201,7.2,11.3,13.5,0.0,0.0,0.01,0.08673245614035088,4.7,71,66,5.2,192,3.3,7.0,10.8,0.0
2025-01-05 02:00:00,25.9,22.58,0.0,7.4,60,100,5.5,216,7.2,11.1,13.5,0.0,0.0,0.01,0.0868859649122807,4.8,70,100,4.9,197,3.5,6.6,10.6,0.0
2025-01-05 03:00:00,25.8866666666667,22.5566666666667,0.0,7.3,54,100,5.9,223,7.2,10.9,13.5,0.0,0.0,0.02,0.08703947368421053,5.3,65,98,5.5,203,3.6,6.6,10.3,0.0
2025-01-05 04:00:00,25.8666666666667,22.5533333333333,0.0,6.9,50,100,6.2,235,7.1,10.7,13.5,0.0,0.0,0.02,0.08719298245614035,5.5,65,100,5.4,200,4.0,6.5,10.1,0.0
2025-01-05 05:00:00,25.84,22.5466666666667,0.0,6.9,49,100,6.6,243,7.0,10.5,13.5,0.0,0.0,0.02,0.08734649122807017,5.7,67,100,4.8,207,3.9,6.4,9.9,0.0
2025-01-05 06:00:00,25.82,22.5066666666667,0.0,7.2,50,100,6.6,248,7.0,10.4,13.5,0.0,0.0,0.03,0.08750000000000001,5.5,67,100,5.0,201,3.8,6.2,9.7,0.0
2025-01-05 07:00:00,25.79,22.4666666666667,0.0,7.1,52,100,6.6,252,7.0,10.2,13.5,0.0,0.0,0.02,0.08765350877192983,5.6,63,100,4.8,207,4.0,6.2,9.5,0.0
2025-01-05 08:00:00,25.77,22.4433333333333,0.0,7.7,57,100,6.1,247,7.1,10.1,13.5,0.0,0.0,0.04,0.08780701754385965,5.9,61,100,5.3,208,4.9,6.2,9.3,0.0
2025-01-05 09:00:00,25.76,22.435,0.0,11.0,54,100,7.1,248,8.0,10.0,13.5,0.0,0.0,0.08,0.08796052631578948,8.3,64,100,4.9,216,8.8,6.9,9.2,0.0
2025-01-05 10:00:00,25.7433333333333,22.43,0.0,14.0,46,100,8.2,254,9.5,10.0,13.5,0.0,0.0,0.16,0.0881140350877193,12.1,60,100,4.3,228,14.2,8.5,9.2,0.0
2025-01-05 11:00:00,25.7433333333333,22.43,0.0,16.1,41,100,6.4,278,11.1,10.1,13.5,0.0,0.0,0.21,0.08826754385964912,14.8,44,100,5.9,232,17.7,10.5,9.3,0.0
2025-01-05 12:00:00,25.73,22.43,0.0,16.9,40,100,6.8,285,12.2,10.3,13.5,0.0,0.0,0.21,0.08842105263157896,16.5,41,100,5.2,236,19.8,12.3,9.6,0.0
2025-01-05 13:00:00,25.7333333333333,22.43,0.0,17.6,39,100,5.9,295,13.1,10.7,13.5,0.0,0.0,0.21,0.08857456140350878,17.6,37,100,7.0,235,18.2,13.7,9.9,0.0
2025-01-05 14:00:00,25.7466666666667,22.42,0.0,18.8,36,100,4.5,320,14.3,10.9,13.5,0.0,0.0,0.26,0.0887280701754386,18.5,37,100,5.4,217,20.5,14.5,10.3,0.0
2025-01-05 15:00:00,25.75,22.42,0.0,18.5,42,100,2.8,322,14.7,11.2,13.5,0.0,0.0,0.17,0.08888157894736842,19.1,35,88,4.0,260,17.6,15.2,10.7,0.0
2025-01-05 16:00:00,25.75,22.42,0.0,17.2,59,99,2.8,40,14.6,11.4,13.5,0.0,0.0,0.1,0.08903508771929824,18.2,45,99,3.4,58,15.5,15.0,11.1,0.0
2025-01-05 17:00:00,25.76,22.4233333333333,0.0,14.1,61,96,3.4,77,13.6,11.6,13.5,0.0,0.0,0.04,0.08918859649122807,15.2,58,99,4.7,99,11.2,14.0,11.4,0.0
2025-01-05 18:00:00,25.7633333333333,22.4233333333333,0.0,12.2,66,75,1.1,175,12.1,11.7,13.5,0.0,0.0,0.01,0.0893421052631579,13.1,60,91,3.6,127,9.5,12.8,11.6,0.0
2025-01-05 19:00:00,25.7633333333333,22.4133333333333,0.0,10.1,60,77,4.1,200,10.9,11.8,13.5,0.0,0.0,0.01,0.08949561403508773,10.6,69,3,3.2,153,7.0,11.4,11.6,0.0
2025-01-05 20:00:00,25.7433333333333,22.4,0.0,9.6,47,9,8.7,209,10.1,11.7,13.5,0.0,0.0,0.04,0.08964912280701755,8.4,70,70,3.7,191,5.6,10.1,11.6,0.0
2025-01-05 21:00:00,25.735,22.4,0.0,11.2,40,18,10.8,211,9.8,11.6,13.5,0.0,0.0,0.06,0.08980263157894737,8.3,56,93,5.2,196,6.1,9.3,11.5,0.0
2025-01-05 22:00:00,25.71,22.39,0.0,11.2,42,90,10.4,212,9.6,11.6,13.5,0.0,0.0,0.06,0.08995614035087719,8.6,50,74,5.3,208,5.9,8.8,11.3,0.0
2025-01-05 23:00:00,25.6866666666667,22.325,0.0,11.1,45,30,9.9,215,9.4,11.5,13.5,0.0,0.0,0.05,0.09010964912280701,8.1,53,51,5.2,214,5.6,8.5,11.2,0.0
2025-01-06 00:00:00,25.6633333333333,22.3,0.0,12.4,43,19,12.4,213,9.4,11.4,13.5,0.0,0.0,0.07,0.09026315789473685,8.2,52,0,5.7,215,5.5,8.3,11.0,0.0
2025-01-06 01:00:00,25.64,22.28,0.0,10.4,50,10,9.4,203,9.6,11.5,13.5,0.0,0.0,0.04,0.09041666666666667,7.8,55,81,5.4,222,5.6,8.0,10.8,0.0
2025-01-06 02:00:00,25.63,22.28,0.0,12.0,46,59,11.4,211,9.5,11.4,13.5,0.0,0.0,0.06,0.0905701754385965,8.7,55,72,6.0,205,6.6,7.9,10.6,0.0
2025-01-06 03:00:00,25.6166666666667,22.28,0.0,14.0,42,100,12.4,212,9.9,11.3,13.5,0.0,0.0,0.08,0.09072368421052632,9.9,55,72,6.6,221,7.6,8.2,10.4,0.0
2025-01-06 04:00:00,25.61,22.27,0.0,15.3,36,63,14.9,213,10.5,11.3,13.5,0.0,0.0,0.11,0.09087719298245614,10.7,53,36,5.9,227,7.8,8.5,10.3,0.0
2025-01-06 05:00:00,25.5833333333333,22.2333333333333,0.0,14.0,37,94,12.2,213,10.6,11.3,13.5,0.0,0.0,0.08,0.09103070175438596,10.9,52,100,6.6,229,7.7,8.6,10.3,0.0
2025-01-06 06:00:00,25.5666666666667,22.2,0.0,13.8,35,97,13.9,221,10.6,11.3,13.5,0.0,0.0,0.1,0.0911842105263158,11.6,46,85,9.2,244,8.5,9.0,10.2,0.0
2025-01-06 07:00:00,25.5566666666667,22.18,0.0,13.9,33,100,15.2,226,10.7,11.3,13.5,0.0,0.0,0.11,0.09133771929824562,12.8,38,100,11.6,248,10.6,9.3,10.2,0.0
2025-01-06 08:00:00,25.5333333333333,22.17,0.0,13.5,36,100,20.3,230,10.9,11.3,13.5,0.0,0.0,0.14,0.09149122807017544,12.6,47,100,8.9,223,10.7,9.8,10.2,0.0
2025-01-06 09:00:00,25.5133333333333,22.16,0.0,14.1,44,91,29.0,227,11.3,11.3,13.5,0.0,0.0,0.17,0.09164473684210526,13.0,59,100,16.3,227,11.8,10.0,10.2,0.0
2025-01-06 10:00:00,25.5033333333333,22.16,0.0,15.6,49,99,23.8,226,12.0,11.4,13.5,0.2,0.2,0.2,0.09179824561403509,14.2,60,100,19.4,228,13.5,10.8,10.3,0.2
2025-01-06 11:00:00,25.5,22.16,0.0,17.3,44,75,29.7,224,13.1,11.5,13.5,0.0,0.0,0.28,0.09195175438596491,16.3,55,97,22.8,239,16.6,11.8,10.5,0.0
2025-01-06 12:00:00,25.4933333333333,22.16,0.0,18.2,44,92,30.3,223,14.3,11.7,13.5,0.0,0.0,0.34,0.09210526315789475,16.7,59,100,25.1,231,16.0,12.5,10.6,0.0
2025-01-06 13:00:00,25.4866666666667,22.1533333333333,0.0,17.2,50,99,28.6,226,13.8,12.1,13.5,0.0,0.0,0.26,0.09225877192982457,17.2,57,100,23.1,233,16.6,13.3,10.9,0.0
2025-01-06 14:00:00,25.4866666666667,22.15,0.0,17.7,50,94,27.1,230,14.5,12.2,13.5,0.0,0.0,0.26,0.09241228070175439,17.5,58,100,21.1,240,16.8,13.9,11.2,0.0
2025-01-06 15:00:00,25.4966666666667,22.15,0.0,18.0,50,96,25.5,236,14.8,12.4,13.5,0.0,0.0,0.23,0.09256578947368421,16.9,64,100,22.6,241,15.8,14.3,11.5,0.0
2025-01-06 16:00:00,25.49,22.1466666666667,0.0,14.6,67,82,14.4,264,14.6,12.6,13.5,0.9,0.9,0.11,0.09271929824561403,15.9,66,19,15.3,246,14.5,14.1,11.8,0.0
2025-01-06 17:00:00,25.4933333333333,22.14,0.0,12.1,81,52,3.3,265,13.7,12.7,13.5,0.0,0.0,0.03,0.09287280701754386,14.5,75,40,9.5,241,12.2,13.5,12.0,0.0
2025-01-06 18:00:00,25.4966666666667,22.14,0.0,11.1,86,2,9.7,188,12.6,12.7,13.5,0.0,0.0,0.02,0.0930263157894737,12.9,80,0,7.1,221,10.3,12.5,12.1,0.0
2025-01-06 19:00:00,25.4966666666667,22.14,0.0,10.5,87,21,7.3,227,11.7,12.7,13.5,0.0,0.0,0.0,0.09317982456140352,12.3,82,1,8.7,232,9.8,11.7,12.1,0.0
2025-01-06 20:00:00,25.4966666666667,22.14,0.0,11.1,80,8,9.6,222,11.2,12.6,13.5,0.0,0.0,0.01,0.09333333333333334,12.1,78,1,10.5,239,9.9,11.3,12.0,0.0
2025-01-06 21:00:00,25.4933333333333,22.14,0.0,10.8,80,10,10.8,217,10.8,12.6,13.5,0.0,0.0,0.01,0.09348684210526316,11.7,79,0,10.3,216,9.6,10.9,12.0,0.0
2025-01-06 22:00:00,25.48,22.14,0.0,10.6,80,13,10.8,221,10.5,12.4,13.5,0.0,0.0,0.01,0.09364035087719298,11.5,79,14,8.9,220,9.2,10.7,11.9,0.0
2025-01-06 23:00:00,25.4633333333333,22.14,0.0,10.5,82,4,11.9,222,10.3,12.3,13.5,0.0,0.0,0.01,0.0937938596491228,11.3,79,12,8.4,223,9.3,10.5,11.8,0.0
2025-01-07 00:00:00,25.45,22.14,0.0,10.3,84,10,12.9,220,10.2,12.2,13.5,0.0,0.0,0.01,0.09394736842105264,11.4,79,22,10.7,222,9.6,10.5,11.7,0.0
2025-01-07 01:00:00,25.4433333333333,22.1266666666667,0.0,10.8,82,5,10.6,225,11.5,12.5,13.6,0.0,0.0,0.01,0.09410087719298246,11.1,81,17,10.2,219,9.1,10.4,11.6,0.0
2025-01-07 02:00:00,25.4166666666667,22.1,0.0,10.5,82,15,8.6,229,11.0,12.5,13.6,0.0,0.0,0.0,0.09425438596491229,10.8,82,23,8.9,227,8.6,10.2,11.5,0.0
2025-01-07 03:00:00,25.4166666666667,22.0766666666667,0.0,10.4,79,29,8.3,226,10.5,12.4,13.6,0.1,0.1,0.01,0.09440789473684211,10.1,83,22,8.0,207,7.9,9.9,11.4,0.0
2025-01-07 04:00:00,25.4033333333333,22.0633333333333,0.0,10.3,81,22,8.5,227,10.3,12.3,13.6,0.0,0.0,0.0,0.09456140350877193,9.8,85,18,8.4,205,7.7,9.7,11.3,0.0
2025-01-07 05:00:00,25.3833333333333,22.05,0.0,10.2,81,21,8.6,235,10.1,12.2,13.6,0.0,0.0,0.0,0.09471491228070175,9.4,87,27,8.2,209,7.4,9.3,11.2,0.0
2025-01-07 06:00:00,25.3833333333333,22.0433333333333,0.0,10.0,81,17,9.3,235,10.0,12.1,13.6,0.0,0.0,0.01,0.09486842105263159,9.6,86,41,8.1,201,7.7,9.4,11.1,0.0
2025-01-07 07:00:00,25.3766666666667,22.04,0.0,9.5,83,18,9.4,231,9.7,11.9,13.6,0.0,0.0,0.0,0.09502192982456141,9.5,87,42,7.8,202,7.5,9.2,11.0,0.0
2025-01-07 08:00:00,25.3666666666667,22.0366666666667,0.0,10.0,82,6,10.4,231,9.7,11.8,13.6,0.0,0.0,0.02,0.09517543859649123,9.7,87,43,7.1,204,8.8,9.1,10.9,0.0
2025-01-07 09:00:00,25.37,22.03,0.0,12.5,76,9,11.6,225,10.5,11.8,13.6,0.0,0.0,0.07,0.09532894736842105,12.2,81,57,6.1,208,13.3,10.1,10.9,0.0
2025-01-07 10:00:00,25.36,22.03,0.0,14.7,65,18,11.3,228,11.9,11.8,13.6,0.0,0.0,0.16,0.09548245614035088,14.1,72,61,7.5,235,16.4,11.6,10.9,0.0
2025-01-07 11:00:00,25.3633333333333,22.03,0.0,15.8,61,34,14.7,261,13.2,11.9,13.6,0.0,0.0,0.22,0.0956359649122807,15.5,67,62,9.0,241,18.3,13.1,11.1,0.0
2025-01-07 12:00:00,25.37,22.045,0.0,16.6,56,50,14.8,256,14.2,12.0,13.6,0.0,0.0,0.26,0.09578947368421054,16.7,59,50,10.6,252,19.7,14.6,11.4,0.0
2025-01-07 13:00:00,25.38,22.0733333333333,0.0,17.7,49,36,12.0,249,15.5,12.3,13.6,0.0,0.0,0.29,0.09594298245614036,17.4,50,59,12.5,258,19.6,15.3,11.7,0.0
2025-01-07 14:00:00,25.3966666666667,22.12,0.0,18.0,45,23,11.3,251,16.1,12.5,13.6,0.0,0.0,0.28,0.09609649122807018,17.8,47,24,12.2,251,19.6,15.9,12.0,0.0
2025-01-07 15:00:00,25.4133333333333,22.13,0.0,18.0,44,6,10.7,257,16.2,12.8,13.6,0.0,0.0,0.24,0.09625,18.0,45,27,9.9,260,18.3,16.1,12.4,0.0
2025-01-07 16:00:00,25.4333333333333,22.1266666666667,0.0,17.2,51,1,4.9,275,15.9,13.0,13.6,0.0,0.0,0.14,0.09640350877192982,17.4,50,1,7.0,291,15.8,15.7,12.7,0.0
2025-01-07 17:00:00,25.4533333333333,22.13,0.0,13.9,63,0,3.6,350,14.7,13.2,13.6,0.0,0.0,0.04,0.09655701754385965,14.9,71,0,6.5,6,11.9,14.8,12.9,0.0
2025-01-07 18:00:00,25.45,22.1366666666667,0.0,11.3,80,37,5.0,36,13.2,13.2,13.6,0.0,0.0,0.02,0.09671052631578948,12.2,83,0,4.9,54,9.3,13.2,12.9,0.0
2025-01-07 19:00:00,25.46,22.13,0.0,10.6,83,87,6.4,90,12.2,13.2,13.6,0.0,0.0,0.0,0.0968640350877193,10.8,89,33,4.7,113,8.4,12.0,12.9,0.0
2025-01-07 20:00:00,25.4466666666667,22.12,0.0,9.6,84,99,4.6,88,11.4,13.1,13.6,0.0,0.0,0.0,0.09701754385964913,9.7,91,53,3.1,144,7.4,11.1,12.8,0.0
2025-01-07 21:00:00,25.43,22.12,0.0,9.6,81,100,1.5,73,10.7,13.0,13.7,0.0,0.0,0.0,0.09717105263157895,8.9,88,20,2.2,171,6.1,10.3,12.6,0.0
2025-01-07 22:00:00,25.42,22.12,0.0,9.3,81,83,0.2,49,10.1,12.8,13.7,0.0,0.0,0.0,0.09732456140350877,8.1,89,4,2.9,187,5.5,9.5,12.4,0.0
2025-01-07 23:00:00,25.3966666666667,22.095,0.0,8.6,81,3,1.1,49,9.5,12.7,13.7,0.0,0.0,0.0,0.0974780701754386,7.3,88,4,3.6,186,5.2,8.9,12.1,0.0
2025-01-08 00:00:00,25.3833333333333,22.0533333333333,0.0,8.1,81,1,1.3,14,9.0,12.5,13.7,0.0,0.0,0.0,0.09763157894736843,5.8,92,5,4.0,190,4.4,8.3,11.9,0.0
2025-01-08 01:00:00,25.3733333333333,22.02,0.0,7.8,83,2,2.1,297,8.6,12.4,13.7,0.0,0.0,0.0,0.09778508771929825,5.3,93,12,3.6,186,3.9,7.9,11.6,0.0
2025-01-08 02:00:00,25.3633333333333,22.0,0.0,6.7,84,42,3.2,254,8.3,12.1,13.7,0.0,0.0,0.0,0.09793859649122807,4.7,95,14,4.0,180,3.5,7.5,11.3,0.0
2025-01-08 03:00:00,25.3466666666667,22.01,0.0,6.0,83,77,3.6,246,7.9,11.9,13.7,0.0,0.0,0.0,0.0980921052631579,4.2,93,16,4.0,190,2.9,7.0,11.0,0.0
2025-01-08 04:00:00,25.3133333333333,22.005,0.0,5.6,81,97,4.9,239,7.7,11.7,13.7,0.0,0.0,0.0,0.09824561403508772,4.1,88,52,3.7,191,2.5,6.6,10.7,0.0
2025-01-08 05:00:00,25.29,21.9766666666667,0.0,5.7,78,40,5.9,246,7.4,11.5,13.7,0.0,0.0,0.0,0.09839912280701754,4.0,87,13,4.0,185,2.3,6.3,10.5,0.0
2025-01-08 06:00:00,25.28,21.9366666666667,0.0,5.8,75,28,6.0,252,7.2,11.3,13.7,0.0,0.0,0.0,0.09855263157894738,3.5,89,12,4.4,189,1.9,5.8,10.2,0.0
2025-01-08 07:00:00,25.27,21.91,0.0,5.6,73,54,6.1,244,7.0,11.1,13.7,0.0,0.0,0.0,0.0987061403508772,3.3,88,19,4.3,185,1.7,5.5,9.9,0.0
2025-01-08 08:00:00,25.24,21.9,0.0,7.0,70,63,5.1,241,7.0,10.8,13.7,0.0,0.0,0.02,0.09885964912280702,3.6,87,52,4.4,189,3.3,5.4,9.6,0.0
2025-01-08 09:00:00,25.2333333333333,21.9,0.0,11.1,66,93,5.8,253,8.3,10.7,13.7,0.0,0.0,0.07,0.09901315789473684,7.3,81,91,3.5,204,10.0,6.4,9.5,0.0
2025-01-08 10:00:00,25.22,21.9,0.0,14.7,56,59,5.4,256,10.2,10.7,13.7,0.0,0.0,0.17,0.09916666666666667,12.8,71,67,2.9,240,16.5,8.6,9.4,0.0
2025-01-08 11:00:00,25.22,25.1233333333333,0.0,17.9,47,16,6.5,281,12.2,10.8,13.6,0.0,0.0,0.26,0.09932017543859649,16.4,52,5,8.0,243,19.5,11.1,9.5,0.0
2025-01-08 12:00:00,25.2266666666667,26.495,0.0,20.5,39,75,8.7,272,14.1,11.0,13.6,0.0,0.0,0.34,0.09947368421052633,18.7,42,86,11.6,265,20.0,13.1,9.8,0.0
2025-01-08 13:00:00,25.4633333333333,26.25,0.0,22.0,31,100,9.8,277,15.2,11.3,13.6,0.0,0.0,0.37,0.09962719298245615,19.5,41,100,11.1,283,20.4,14.3,10.2,0.0
2025-01-08 14:00:00,25.9266666666667,25.9933333333333,0.0,19.7,44,100,14.9,314,15.9,11.6,13.6,0.0,0.0,0.32,0.09978070175438597,19.7,46,34,7.0,305,21.1,15.2,10.6,0.0
2025-01-08 15:00:00,26.3166666666667,25.77,0.0,18.5,54,86,3.3,331,16.2,11.9,13.6,0.0,0.0,0.21,0.09993421052631579,19.0,55,0,5.5,349,19.2,15.6,11.0,0.0
2025-01-08 16:00:00,26.5666666666667,25.6933333333333,0.0,18.0,66,0,1.8,107,16.0,12.2,13.6,0.0,0.0,0.13,0.10008771929824561,17.2,66,0,8.0,36,15.6,15.3,11.4,0.0
2025-01-08 17:00:00,26.7233333333333,25.55,0.0,14.7,72,0,3.4,20,14.8,12.5,13.6,0.0,0.0,0.04,0.10024122807017544,14.5,75,0,6.9,28,11.4,14.3,11.7,0.0
2025-01-08 18:00:00,26.8133333333333,25.41,0.0,13.4,74,0,1.3,4,13.2,12.6,13.6,0.0,0.0,0.02,0.10039473684210527,12.0,84,0,4.1,15,8.5,12.7,11.9,0.0
2025-01-08 19:00:00,26.8833333333333,25.2966666666667,0.0,12.6,80,0,1.4,339,12.0,12.6,13.7,0.0,0.0,0.0,0.1005482456140351,10.8,86,0,3.7,101,7.1,11.4,11.9,0.0
2025-01-08 20:00:00,26.9033333333333,25.1833333333333,0.0,11.5,78,33,2.9,210,11.0,12.5,13.7,0.0,0.0,0.0,0.10070175438596492,8.5,92,2,4.9,144,6.8,10.4,11.8,0.0
2025-01-08 21:00:00,26.9133333333333,25.0633333333333,0.0,10.7,67,12,4.3,238,10.3,12.4,13.7,0.0,0.0,0.0,0.10085526315789474,7.7,91,2,2.9,150,5.6,9.7,11.7,0.0
2025-01-08 22:00:00,26.9133333333333,24.99,0.0,10.3,68,0,0.9,274,9.6,12.3,13.7,0.0,0.0,0.0,0.10100877192982456,7.0,88,4,2.9,150,4.1,8.8,11.6,0.0
2025-01-08 23:00:00,26.9133333333333,24.9,0.0,9.7,67,0,2.2,242,9.0,12.1,13.7,0.0,0.0,0.0,0.10116228070175438,6.6,83,1,3.3,167,3.7,8.1,11.3,0.0
2025-01-09 00:00:00,26.9,24.8233333333333,0.0,8.9,74,0,5.5,231,8.6,12.0,13.7,0.0,0.0,0.0,0.10131578947368422,6.6,85,2,3.0,194,3.3,7.6,11.1,0.0
2025-01-09 01:00:00,26.8966666666667,24.7533333333333,0.0,9.8,71,0,8.2,231,9.0,12.0,13.7,0.0,0.0,0.01,0.10146929824561404,7.0,80,0,2.6,164,2.7,7.0,10.8,0.0
2025-01-09 02:00:00,26.89,24.7133333333333,0.0,9.9,68,7,2.0,252,8.5,11.8,13.7,0.0,0.0,0.0,0.10162280701754386,7.0,75,2,3.2,153,2.3,6.6,10.6,0.0
2025-01-09 03:00:00,26.88,24.6266666666667,0.0,9.6,69,0,1.6,241,8.2,11.7,13.7,0.0,0.0,0.0,0.10177631578947369,6.4,76,21,3.9,158,2.5,6.2,10.3,0.0
2025-01-09 04:00:00,26.87,24.605,0.0,8.8,73,12,7.8,226,7.9,11.5,13.7,0.0,0.0,0.01,0.10192982456140351,5.3,82,0,3.2,180,2.3,6.0,10.1,0.0
2025-01-09 05:00:00,26.8633333333333,24.56,0.0,10.3,69,22,10.2,222,8.1,11.3,13.7,0.0,0.0,0.02,0.10208333333333333,5.1,83,0,3.6,186,2.4,5.8,9.8,0.0
2025-01-09 06:00:00,26.85,24.4933333333333,0.0,11.0,66,35,10.2,222,8.4,11.1,13.7,0.0,0.0,0.03,0.10223684210526317,5.0,85,0,4.4,215,3.1,5.9,9.6,0.0
2025-01-09 07:00:00,26.85,24.465,0.0,11.5,63,87,10.9,219,8.7,11.0,13.7,0.0,0.0,0.03,0.10239035087719299,5.8,83,7,4.1,218,3.5,5.9,9.4,0.0
2025-01-09 08:00:00,26.8466666666667,24.46,0.0,12.3,61,16,10.6,219,9.1,10.9,13.7,0.0,0.0,0.05,0.10254385964912281,7.1,81,68,4.6,225,6.3,6.1,9.2,0.0
2025-01-09 09:00:00,26.8333333333333,24.43,0.0,15.8,54,4,11.6,223,10.2,10.9,13.7,0.0,0.0,0.12,0.10269736842105263,10.9,72,95,4.9,234,11.3,7.6,9.2,0.0
2025-01-09 10:00:00,26.84,24.375,0.0,18.7,47,11,12.1,234,12.0,11.0,13.7,0.0,0.0,0.21,0.10285087719298246,14.8,67,84,6.2,249,15.8,9.3,9.2,0.0
2025-01-09 11:00:00,26.8366666666667,24.3533333333333,0.0,20.5,42,11,12.6,249,13.7,11.2,13.6,0.0,0.0,0.3,0.10300438596491228,18.0,52,75,10.3,241,18.9,11.3,9.4,0.0
2025-01-09 12:00:00,26.84,24.34,0.0,21.7,39,5,11.8,258,15.2,11.4,13.6,0.0,0.0,0.35,0.10315789473684212,20.4,43,36,12.0,249,21.6,13.4,9.7,0.0
2025-01-09 13:00:00,26.8466666666667,24.33,0.0,23.0,34,9,11.5,258,16.5,11.8,13.6,0.0,0.0,0.38,0.10331140350877194,21.5,38,44,11.4,259,22.7,14.8,10.1,0.0
2025-01-09 14:00:00,26.8566666666667,24.33,0.0,23.4,34,10,8.9,276,17.3,12.1,13.6,0.0,0.0,0.34,0.10346491228070176,22.5,33,54,9.4,272,22.4,15.9,10.5,0.0
2025-01-09 15:00:00,26.86,24.3233333333333,0.0,22.6,39,8,7.7,319,17.7,12.5,13.6,0.0,0.0,0.27,0.10361842105263158,23.3,29,52,7.0,291,21.8,17.0,11.0,0.0
2025-01-09 16:00:00,26.86,24.28,0.0,20.1,53,6,4.1,5,17.4,12.8,13.7,0.0,0.0,0.14,0.1037719298245614,21.8,42,35,7.1,345,19.3,16.8,11.4,0.0
2025-01-09 17:00:00,26.8333333333333,24.22,0.0,16.7,61,4,2.8,63,16.2,13.1,13.7,0.0,0.0,0.04,0.10392543859649123,18.6,52,15,6.3,13,14.6,16.1,11.8,0.0
2025-01-09 18:00:00,26.83,24.195,0.0,14.2,68,2,5.1,121,14.6,13.2,13.7,0.0,0.0,0.04,0.10407894736842106,16.3,58,0,3.7,119,10.8,14.7,12.1,0.0
2025-01-09 19:00:00,26.8066666666667,24.1233333333333,0.0,13.5,68,2,3.7,158,13.4,13.3,13.7,0.0,0.0,0.0,0.10423245614035088,12.8,69,5,5.9,166,10.5,13.4,12.2,0.0
2025-01-09 20:00:00,26.7833333333333,24.055,0.0,13.1,66,0,4.0,190,12.5,13.3,13.7,0.0,0.0,0.0,0.10438596491228071,11.5,68,5,4.7,180,9.4,12.4,12.3,0.0
2025-01-09 21:00:00,26.77,24.0,0.0,12.9,64,0,4.7,189,11.9,13.2,13.7,0.0,0.0,0.01,0.10453947368421053,11.6,54,0,5.9,191,9.1,11.7,12.2,0.0
2025-01-09 22:00:00,26.74,23.92,0.0,12.6,63,0,5.4,196,11.4,13.1,13.7,0.0,0.0,0.01,0.10469298245614035,11.8,71,6,5.5,191,9.3,11.2,12.2,0.0
2025-01-09 23:00:00,26.7,23.8866666666667,0.0,12.1,68,5,6.6,202,11.1,13.0,13.7,0.0,0.0,0.01,0.10484649122807017,11.5,83,12,4.9,197,9.0,10.9,12.1,0.0
2025-01-10 00:00:00,26.6666666666667,23.7966666666667,0.0,12.0,78,6,6.9,201,11.0,12.9,13.7,0.0,0.0,0.0,0.10500000000000001,11.0,88,7,5.5,191,8.6,10.6,12.1,0.0
2025-01-10 01:00:00,26.6533333333333,23.77,0.0,11.8,78,0,6.4,200,11.3,13.0,13.7,0.0,0.0,0.0,0.10515350877192983,10.6,91,5,5.4,200,8.6,10.5,12.0,0.0
2025-01-10 02:00:00,26.62,23.695,0.0,11.4,85,0,5.6,201,11.0,12.9,13.7,0.0,0.0,0.0,0.10530701754385965,9.8,93,12,4.8,207,7.9,10.3,11.9,0.0
2025-01-10 03:00:00,26.6033333333333,23.65,0.0,11.3,85,0,4.8,211,10.7,12.8,13.7,0.0,0.0,0.0,0.10546052631578948,9.3,94,24,5.5,203,7.6,10.0,11.8,0.0
2025-01-10 04:00:00,26.5833333333333,23.6366666666667,0.0,11.0,86,1,6.8,223,10.5,12.6,13.7,0.0,0.0,0.0,0.1056140350877193,9.1,92,1,5.2,205,7.2,9.8,11.7,0.0
2025-01-10 05:00:00,26.5433333333333,23.6,0.0,10.8,86,0,7.4,227,10.4,12.5,13.7,0.0,0.0,0.0,0.10576754385964912,8.5,90,0,4.7,212,6.5,9.5,11.6,0.0
2025-01-10 06:00:00,26.53,23.5333333333333,0.0,10.6,86,4,7.4,234,10.3,12.4,13.7,0.0,0.0,0.0,0.10592105263157896,8.2,88,9,5.5,212,6.2,9.2,11.5,0.0
2025-01-10 07:00:00,26.5,23.505,0.0,10.5,84,12,8.2,238,10.1,12.3,13.7,0.0,0.0,0.0,0.10607456140350878,7.9,88,51,5.1,219,5.8,8.9,11.4,0.0
2025-01-10 08:00:00,26.4733333333333,23.5,0.0,11.2,80,2,9.1,237,10.2,12.2,13.7,0.0,0.0,0.02,0.1062280701754386,8.0,85,31,5.1,225,7.5,8.7,11.2,0.0
2025-01-10 09:00:00,26.4666666666667,23.5,0.0,14.5,68,1,10.1,236,11.2,12.1,13.8,0.0,0.0,0.09,0.10638157894736842,12.4,69,1,6.1,230,14.5,9.6,11.1,0.0
2025-01-10 10:00:00,26.4566666666667,23.48,0.0,17.6,58,1,7.6,242,12.8,12.2,13.8,0.0,0.0,0.18,0.10653508771929825,17.0,51,0,9.7,243,19.7,11.3,11.1,0.0
2025-01-10 11:00:00,26.45,23.4533333333333,0.0,19.9,49,0,7.7,271,14.6,12.3,13.8,0.0,0.0,0.28,0.10668859649122807,19.1,45,0,11.1,241,22.1,13.2,11.3,0.0
2025-01-10 12:00:00,26.4533333333333,23.44,0.0,21.3,44,0,8.0,274,16.1,12.5,13.8,0.0,0.0,0.34,0.1068421052631579,20.5,42,0,11.5,250,23.6,14.9,11.5,0.0
2025-01-10 13:00:00,26.45,23.44,0.0,22.4,40,0,7.8,277,17.3,12.6,13.8,0.0,0.0,0.36,0.10699561403508773,21.9,39,0,9.7,255,24.8,16.4,11.8,0.0
2025-01-10 14:00:00,26.46,23.4533333333333,0.0,22.9,38,0,7.5,288,18.1,13.0,13.8,0.0,0.0,0.34,0.10714912280701755,22.6,37,0,8.2,293,24.8,17.5,12.2,0.0
2025-01-10 15:00:00,26.4733333333333,23.47,0.0,22.4,41,0,7.3,332,18.4,13.3,13.8,0.0,0.0,0.27,0.10730263157894737,21.4,43,0,12.2,346,21.3,18.1,12.5,0.0
2025-01-10 16:00:00,26.4733333333333,23.48,0.0,19.7,57,0,8.6,18,18.0,13.6,13.8,0.0,0.0,0.16,0.1074561403508772,19.0,66,0,11.2,6,17.8,17.6,12.9,0.0
2025-01-10 17:00:00,26.48,23.47,0.0,15.7,79,0,4.9,58,16.8,13.8,13.8,0.0,0.0,0.04,0.10760964912280702,16.8,75,0,5.4,48,13.6,16.6,13.1,0.0
2025-01-10 18:00:00,26.4633333333333,23.43,0.0,13.8,85,0,6.0,103,15.3,14.0,13.8,0.0,0.0,0.02,0.10776315789473685,14.0,87,0,4.7,122,10.8,15.1,13.3,0.0
2025-01-10 19:00:00,26.4566666666667,23.3866666666667,0.0,12.5,84,0,4.9,145,14.2,14.0,13.8,0.0,0.0,0.0,0.10791666666666667,12.1,92,7,4.8,167,10.1,13.8,13.4,0.0
2025-01-10 20:00:00,26.4266666666667,23.36,0.0,12.0,81,0,4.5,184,13.2,14.0,13.8,0.0,0.0,0.0,0.1080701754385965,10.6,94,33,4.0,190,8.9,12.8,13.3,0.0
2025-01-10 21:00:00,26.4066666666667,23.3533333333333,0.0,11.9,78,0,5.1,199,12.4,13.9,13.8,0.0,0.0,0.0,0.10822368421052632,9.7,94,9,5.2,192,8.2,12.1,13.3,0.0
2025-01-10 22:00:00,26.3866666666667,23.3033333333333,0.0,12.1,76,0,4.6,206,11.8,13.8,13.8,0.0,0.0,0.0,0.10837719298245614,9.2,93,3,4.8,193,7.6,11.4,13.1,0.0
2025-01-10 23:00:00,26.3633333333333,23.23,0.0,12.2,74,0,4.2,209,11.3,13.7,13.8,0.0,0.0,0.0,0.10853070175438596,8.7,92,0,4.6,198,7.0,10.8,13.0,0.0
2025-01-11 00:00:00,26.3433333333333,23.22,0.0,12.1,74,0,4.0,215,10.9,13.5,13.9,0.0,0.0,0.0,0.1086842105263158,8.7,90,0,5.6,195,6.9,10.4,12.8,0.0
2025-01-11 01:00:00,26.31,23.215,0.0,10.8,79,0,6.3,243,10.4,13.5,13.9,0.0,0.0,0.0,0.10883771929824562,8.5,89,0,4.8,207,6.5,10.0,12.6,0.0
2025-01-11 02:00:00,26.2933333333333,23.1466666666667,0.0,11.2,76,0,9.0,235,10.3,13.3,13.9,0.0,0.0,0.01,0.10899122807017544,8.4,88,0,5.0,210,6.4,9.8,12.5,0.0
2025-01-11 03:00:00,26.2566666666667,23.1033333333333,0.0,10.9,76,0,8.8,222,10.4,13.1,13.9,0.0,0.0,0.01,0.10914473684210527,9.0,83,0,6.4,207,6.9,9.6,12.3,0.0
2025-01-11 04:00:00,26.2366666666667,23.09,0.0,10.4,84,0,8.6,233,10.3,13.0,13.9,0.0,0.0,0.0,0.10929824561403509,9.6,81,0,6.7,216,7.4,9.6,12.1,0.0
2025-01-11 05:00:00,26.21,23.0866666666667,0.0,10.6,89,1,9.8,236,10.3,12.8,13.9,0.0,0.0,0.0,0.10945175438596491,9.8,81,0,7.1,221,7.7,9.6,11.9,0.0
2025-01-11 06:00:00,26.1966666666667,23.0466666666667,0.0,11.2,89,0,9.6,215,10.5,12.7,13.9,0.0,0.0,0.0,0.10960526315789475,10.6,81,0,8.2,209,8.4,9.7,11.8,0.0
2025-01-11 07:00:00,26.1833333333333,23.0,0.0,10.5,91,0,7.2,216,10.4,12.6,13.9,0.0,0.0,0.0,0.10975877192982457,10.6,83,0,7.8,214,8.3,9.8,11.7,0.0
2025-01-11 08:00:00,26.1666666666667,22.9733333333333,0.0,11.4,89,6,11.1,229,10.5,12.5,13.9,0.0,0.0,0.02,0.10991228070175439,11.0,83,0,7.9,219,10.0,9.9,11.6,0.0
2025-01-11 09:00:00,26.14,22.96,0.0,15.3,75,94,12.3,212,11.6,12.4,13.9,0.0,0.0,0.09,0.11006578947368421,14.5,75,73,8.1,225,16.1,10.8,11.6,0.0
2025-01-11 10:00:00,26.1333333333333,22.96,0.0,18.4,62,100,10.3,219,13.3,12.5,13.9,0.0,0.0,0.19,0.11021929824561404,17.5,63,100,10.8,233,19.9,12.5,11.6,0.0
2025-01-11 11:00:00,26.12,22.96,0.0,20.1,55,100,11.7,241,14.9,12.6,13.9,0.0,0.0,0.27,0.11037280701754386,18.6,60,100,12.2,242,19.5,14.0,11.8,0.0
2025-01-11 12:00:00,26.1066666666667,22.96,0.0,20.8,51,100,12.3,259,16.1,12.8,13.9,0.0,0.0,0.28,0.1105263157894737,20.0,54,100,13.4,250,22.1,15.3,12.0,0.0
2025-01-11 13:00:00,26.11,22.95,0.0,21.3,52,28,15.3,281,17.1,13.1,13.9,0.0,0.0,0.31,0.11067982456140352,20.9,52,73,16.4,261,22.9,16.4,12.3,0.0
2025-01-11 14:00:00,26.1233333333333,22.95,0.0,21.7,52,7,14.9,277,17.9,13.4,13.9,0.0,0.0,0.32,0.11083333333333334,21.0,53,38,19.9,283,22.3,17.2,12.7,0.0
2025-01-11 15:00:00,26.1333333333333,22.95,0.0,21.1,56,0,14.5,277,18.2,13.7,13.9,0.0,0.0,0.27,0.11098684210526316,20.2,59,10,18.9,279,20.2,17.4,13.0,0.0
2025-01-11 16:00:00,26.14,22.95,0.0,20.2,60,6,9.3,284,18.0,14.0,13.9,0.0,0.0,0.17,0.11114035087719298,19.9,57,3,13.7,275,18.7,17.2,13.3,0.0
2025-01-11 17:00:00,26.1366666666667,22.94,0.0,17.6,68,3,4.0,293,17.0,14.2,14.0,0.0,0.0,0.05,0.1112938596491228,18.0,64,0,6.0,253,14.6,16.5,13.6,0.0
2025-01-11 18:00:00,26.1433333333333,22.94,0.0,16.1,72,10,3.2,250,15.5,14.3,14.0,0.0,0.0,0.03,0.11144736842105264,15.8,73,0,5.0,210,11.9,15.4,13.7,0.0
2025-01-11 19:00:00,26.14,22.94,0.0,15.8,75,21,8.6,221,14.6,14.3,14.0,0.0,0.0,0.02,0.11160087719298246,13.8,83,15,6.8,180,11.3,14.1,13.8,0.0
2025-01-11 20:00:00,26.1166666666667,22.94,0.0,14.6,83,15,6.8,216,14.1,14.3,14.0,0.0,0.0,0.0,0.11175438596491229,13.6,84,3,6.8,198,11.1,13.4,13.7,0.0
2025-01-11 21:00:00,26.1033333333333,22.9,0.0,13.4,85,23,4.9,193,13.5,14.3,14.0,0.0,0.0,0.0,0.11190789473684211,13.5,83,0,5.7,198,10.7,12.9,13.7,0.0
2025-01-11 22:00:00,26.0866666666667,22.8466666666667,0.0,12.8,87,34,5.0,175,12.9,14.2,14.0,0.0,0.0,0.0,0.11206140350877193,12.4,88,0,4.5,194,9.8,12.5,13.6,0.0
2025-01-11 23:00:00,26.0733333333333,22.815,0.0,12.4,88,17,3.1,180,12.4,14.1,14.0,0.0,0.0,0.0,0.11221491228070175,10.9,93,8,4.6,198,9.2,12.0,13.4,0.0
2025-01-12 00:00:00,26.0466666666667,22.81,0.0,12.4,87,18,1.0,180,11.8,14.0,14.0,0.0,0.0,0.0,0.11236842105263159,10.4,95,36,5.2,196,9.2,11.8,13.3,0.0
2025-01-12 01:00:00,26.0166666666667,22.8,0.0,12.0,85,70,4.4,246,11.6,13.9,14.0,0.0,0.0,0.0,0.11252192982456141,10.0,96,48,5.6,207,8.9,11.4,13.1,0.0
2025-01-12 02:00:00,25.99,22.75,0.0,11.5,87,98,6.0,234,11.3,13.7,14.1,0.0,0.0,0.0,0.11267543859649123,10.3,94,57,5.2,214,8.9,11.1,13.0,0.0
2025-01-12 03:00:00,25.9633333333333,22.71,0.0,11.0,87,81,6.1,239,11.0,13.6,14.1,0.0,0.0,0.0,0.11282894736842106,10.8,92,44,5.6,195,9.3,11.1,12.9,0.0
2025-01-12 04:00:00,25.9466666666667,22.69,0.0,11.6,85,78,7.7,227,11.0,13.4,14.1,0.0,0.0,0.0,0.11298245614035088,11.0,91,49,5.8,202,9.6,11.0,12.7,0.0
2025-01-12 05:00:00,25.93,22.68,0.0,11.7,85,8,7.5,211,11.1,13.3,14.1,0.0,0.0,0.0,0.1131359649122807,11.0,90,39,6.1,208,9.5,11.0,12.6,0.0
2025-01-12 06:00:00,25.9166666666667,22.68,0.0,10.9,86,2,6.5,208,10.9,13.2,14.1,0.0,0.0,0.0,0.11328947368421054,10.7,90,34,6.4,207,8.8,10.8,12.5,0.0
2025-01-12 07:00:00,25.9066666666667,22.66,0.0,10.2,87,14,4.3,192,10.5,13.1,14.1,0.0,0.0,0.0,0.11344298245614036,10.5,91,55,5.2,205,8.9,10.7,12.4,0.0
2025-01-12 08:00:00,25.8733333333333,22.62,0.0,10.9,90,12,4.2,190,10.5,12.9,14.1,0.0,0.0,0.01,0.11359649122807018,11.2,89,68,5.2,196,10.9,10.7,12.3,0.0
2025-01-12 09:00:00,25.86,22.595,0.0,13.7,83,6,6.1,233,11.6,12.8,14.1,0.0,0.0,0.07,0.11375,14.0,84,71,6.1,208,15.5,11.5,12.2,0.0
2025-01-12 10:00:00,25.8466666666667,22.57,0.0,16.0,77,31,2.8,256,13.2,12.8,14.1,0.0,0.0,0.16,0.11390350877192983,16.4,73,78,7.1,225,19.0,12.9,12.2,0.0
2025-01-12 11:00:00,25.8333333333333,22.56,0.0,17.4,73,62,2.1,151,14.9,12.9,14.1,0.0,0.0,0.22,0.11405701754385965,17.7,70,92,6.5,267,20.6,14.4,12.4,0.0
2025-01-12 12:00:00,25.84,22.56,0.0,18.5,67,36,2.6,257,16.4,13.1,14.1,0.0,0.0,0.26,0.11421052631578948,18.9,64,78,8.7,287,21.8,15.5,12.6,0.0
2025-01-12 13:00:00,25.8333333333333,22.5566666666667,0.0,20.0,57,41,9.7,273,17.4,13.4,14.1,0.0,0.0,0.29,0.1143640350877193,19.8,60,80,10.8,272,23.1,16.7,12.9,0.0
2025-01-12 14:00:00,25.84,22.5566666666667,0.0,20.4,54,84,9.6,287,18.0,13.7,14.1,0.0,0.0,0.29,0.11451754385964913,20.1,56,83,9.1,288,22.1,17.4,13.2,0.0
2025-01-12 15:00:00,25.8566666666667,22.58,0.0,18.8,66,0,14.8,353,17.8,14.0,14.1,0.0,0.0,0.17,0.11467105263157895,20.0,58,88,12.2,341,20.1,17.7,13.5,0.0
2025-01-12 16:00:00,25.8666666666667,22.5966666666667,0.0,17.5,76,2,9.9,356,17.5,14.2,14.1,0.0,0.0,0.13,0.11482456140350877,17.9,77,15,12.7,8,17.6,17.2,13.8,0.0
2025-01-12 17:00:00,25.87,22.6033333333333,0.0,15.1,88,5,4.8,11,16.5,14.4,14.1,0.0,0.0,0.04,0.1149780701754386,16.4,85,33,6.2,21,13.8,16.4,14.0,0.0
2025-01-12 18:00:00,25.88,22.595,0.0,13.3,96,99,12.9,34,15.4,14.4,14.1,0.4,0.4,0.01,0.11513157894736843,14.2,92,36,5.2,78,11.8,15.0,14.1,0.0
2025-01-12 19:00:00,25.8633333333333,22.5733333333333,0.0,13.7,94,33,2.8,57,14.7,14.5,14.2,0.1,0.1,0.0,0.11528508771929825,13.2,95,78,5.6,63,12.0,14.1,14.1,0.0
2025-01-12 20:00:00,25.8566666666667,22.55,0.0,12.2,93,30,3.6,88,13.5,14.4,14.2,0.0,0.0,0.0,0.11543859649122808,12.7,96,83,3.6,45,11.6,13.6,14.0,0.0
2025-01-12 21:00:00,25.83,22.5333333333333,0.0,12.1,85,43,4.8,85,12.8,14.3,14.2,0.0,0.0,0.0,0.1155921052631579,12.6,94,82,1.0,315,11.3,13.2,14.0,0.0
2025-01-12 22:00:00,25.8166666666667,22.53,0.0,12.5,76,76,6.8,88,12.5,14.2,14.2,0.0,0.0,0.01,0.11574561403508772,12.5,94,82,1.1,198,10.0,12.8,13.9,0.0
2025-01-12 23:00:00,25.8,22.525,0.0,12.0,71,44,4.4,122,12.2,14.1,14.2,0.0,0.0,0.0,0.11589912280701754,11.0,98,77,3.6,233,9.6,12.2,13.8,0.0
2025-01-13 00:00:00,25.78,22.4933333333333,0.0,11.1,72,89,2.6,121,11.8,14.0,14.2,0.0,0.0,0.0,0.11605263157894738,10.2,97,79,3.4,198,8.8,11.9,13.6,0.0
2025-01-13 01:00:00,25.77,22.45,0.0,11.7,66,56,2.1,110,12.2,14.1,14.2,0.0,0.0,0.0,0.1162061403508772,8.8,96,58,3.4,198,7.5,11.3,13.5,0.0
2025-01-13 02:00:00,25.7433333333333,22.415,0.0,10.3,64,4,0.2,56,11.1,14.0,14.2,0.0,0.0,0.0,0.11635964912280702,7.4,94,39,2.4,207,5.7,10.5,13.3,0.0
2025-01-13 03:00:00,25.72,22.41,0.0,9.9,64,6,1.8,26,10.2,13.8,14.2,0.0,0.0,0.0,0.11651315789473685,6.2,86,31,1.5,194,4.4,9.6,13.0,0.0
2025-01-13 04:00:00,25.7066666666667,22.41,0.0,9.9,68,11,2.1,54,9.4,13.6,14.2,0.0,0.0,0.0,0.11666666666666667,5.7,88,0,3.2,207,3.5,8.8,12.7,0.0
2025-01-13 05:00:00,25.6866666666667,22.3966666666667,0.0,9.6,66,6,3.6,62,8.9,13.3,14.2,0.0,0.0,0.0,0.11682017543859649,5.4,84,0,3.3,186,3.1,8.2,12.4,0.0
2025-01-13 06:00:00,25.6633333333333,22.36,0.0,8.9,66,7,4.6,72,8.4,13.1,14.2,0.0,0.0,0.0,0.11697368421052633,4.2,79,3,4.2,200,2.8,7.7,12.1,0.0
2025-01-13 07:00:00,25.6466666666667,22.32,0.0,8.1,67,4,4.2,100,8.0,12.8,14.2,0.0,0.0,0.0,0.11712719298245615,3.5,82,0,3.9,202,2.2,7.2,11.8,0.0
2025-01-13 08:00:00,25.6333333333333,22.2933333333333,0.0,7.9,73,5,3.8,120,7.9,12.5,14.2,0.0,0.0,0.01,0.11728070175438597,3.0,89,0,3.4,198,3.5,6.8,11.4,0.0
2025-01-13 09:00:00,25.5933333333333,22.29,0.0,11.3,72,28,4.0,115,9.1,12.3,14.2,0.0,0.0,0.07,0.1174342105263158,6.2,85,0,2.5,225,10.1,7.7,11.2,0.0
2025-01-13 10:00:00,25.5633333333333,25.14,0.0,14.0,56,23,4.2,63,11.0,12.2,14.2,0.0,0.0,0.15,0.11758771929824562,11.9,65,26,3.0,346,16.5,9.6,11.1,0.0
2025-01-13 11:00:00,25.5733333333333,26.6633333333333,0.0,14.9,49,6,10.9,53,12.5,12.3,14.2,0.0,0.0,0.23,0.11774122807017544,14.9,54,27,10.5,49,18.6,12.0,11.1,0.0
2025-01-13 12:00:00,25.9266666666667,26.6566666666667,0.0,15.3,43,7,13.2,49,13.9,12.4,14.2,0.0,0.0,0.3,0.11789473684210527,15.7,44,73,13.6,53,18.9,13.6,11.3,0.0
2025-01-13 13:00:00,26.6133333333333,26.4833333333333,0.0,15.7,44,10,12.0,43,15.1,12.4,14.2,0.0,0.0,0.3,0.1180482456140351,15.8,45,0,15.5,48,19.3,14.3,11.6,0.0
2025-01-13 14:00:00,27.05,26.3033333333333,0.0,15.5,43,3,13.6,41,15.6,12.6,14.2,0.0,0.0,0.29,0.11820175438596492,15.8,45,0,16.3,49,18.4,15.0,11.8,0.0
2025-01-13 15:00:00,27.2766666666667,26.1033333333333,0.0,14.9,46,1,14.8,42,15.7,12.8,14.2,0.0,0.0,0.24,0.11835526315789474,15.3,47,0,17.3,45,16.4,15.2,12.1,0.0
2025-01-13 16:00:00,27.4,25.91,0.0,13.7,52,0,14.0,45,15.2,13.0,14.2,0.0,0.0,0.16,0.11850877192982456,14.2,55,0,17.1,48,13.6,14.6,12.4,0.0
2025-01-13 17:00:00,27.44,25.7466666666667,0.0,11.9,61,0,9.3,46,14.2,13.1,14.2,0.0,0.0,0.06,0.11866228070175439,12.6,63,1,14.1,58,10.6,13.7,12.5,0.0
2025-01-13 18:00:00,27.4566666666667,25.6033333333333,0.0,9.7,71,0,7.5,55,12.8,13.2,14.2,0.0,0.0,0.03,0.11881578947368421,10.6,73,3,9.0,74,8.2,12.5,12.6,0.0
2025-01-13 19:00:00,27.4466666666667,25.47,0.0,8.5,76,0,6.7,67,11.5,13.1,14.2,0.0,0.0,0.0,0.11896929824561404,9.1,81,0,5.4,110,6.6,11.3,12.6,0.0
2025-01-13 20:00:00,27.4333333333333,25.36,0.0,8.0,77,0,6.1,82,10.5,13.0,14.2,0.0,0.0,0.0,0.11912280701754387,7.8,86,0,4.7,148,5.4,10.3,12.5,0.0
2025-01-13 21:00:00,27.4133333333333,25.2566666666667,0.0,7.3,79,8,5.4,102,9.7,12.8,14.2,0.0,0.0,0.0,0.11927631578947369,6.3,87,2,4.0,170,4.2,9.3,12.3,0.0
2025-01-13 22:00:00,27.39,25.19,0.0,6.8,81,26,4.9,118,9.1,12.7,14.2,0.0,0.0,0.0,0.11942982456140351,5.3,88,0,3.2,180,3.3,8.6,12.1,0.0
2025-01-13 23:00:00,27.3866666666667,25.07,0.0,6.4,82,11,4.2,124,8.8,12.5,14.2,0.0,0.0,0.0,0.11958333333333333,3.9,90,3,2.5,180,2.3,7.8,11.8,0.0
2025-01-14 00:00:00,27.3533333333333,25.0433333333333,0.0,5.6,82,1,2.8,125,8.3,12.3,14.2,0.0,0.0,0.0,0.11973684210526316,2.8,93,3,4.0,190,2.0,7.4,11.6,0.0
2025-01-14 01:00:00,27.3333333333333,25.02,0.0,4.9,81,0,2.2,103,7.9,12.2,14.2,0.0,0.0,0.0,0.11989035087719299,2.0,92,4,4.1,195,1.2,6.7,11.3,0.0
2025-01-14 02:00:00,27.3166666666667,24.9166666666667,0.0,4.4,81,0,2.0,82,7.5,12.0,14.2,0.0,0.0,0.0,0.12004385964912281,1.5,91,5,4.0,190,0.9,6.2,11.0,0.0
2025-01-14 03:00:00,27.3066666666667,24.89,0.0,4.3,79,2,1.1,51,7.1,11.7,14.2,0.0,0.0,0.0,0.12019736842105264,1.2,89,5,3.9,202,0.5,5.7,10.6,0.0
2025-01-14 04:00:00,27.2933333333333,24.865,0.0,4.3,78,13,2.1,88,6.8,11.5,14.2,0.0,0.0,0.0,0.12035087719298246,0.9,89,4,3.4,198,0.1,5.3,10.3,0.0
2025-01-14 05:00:00,27.27,24.7833333333333,0.0,4.1,77,24,1.9,87,6.4,11.3,14.2,0.0,0.0,0.0,0.12050438596491228,0.3,90,4,3.3,193,-0.4,4.9,10.0,0.0
2025-01-14 06:00:00,27.2566666666667,24.75,0.0,4.2,77,18,2.1,92,6.3,11.1,14.2,0.0,0.0,0.0,0.1206578947368421,-0.1,90,1,4.2,200,-0.7,4.7,9.7,0.0
2025-01-14 07:00:00,27.2366666666667,24.74,0.0,4.2,76,7,1.1,70,6.0,10.8,14.2,0.0,0.0,0.0,0.12081140350877194,-0.6,94,17,3.9,202,-1.1,4.3,9.4,0.0
2025-01-14 08:00:00,27.2166666666667,24.7333333333333,0.0,4.9,77,23,1.5,80,6.0,10.6,14.2,0.0,0.0,0.01,0.12096491228070176,-0.3,92,10,3.4,198,0.7,4.1,9.2,0.0
2025-01-14 09:00:00,27.1966666666667,24.6966666666667,0.0,8.9,67,18,1.5,65,7.3,10.5,14.2,0.0,0.0,0.06,0.12111842105263158,3.5,79,0,3.1,225,7.8,5.0,9.0,0.0
2025-01-14 10:00:00,27.1966666666667,24.65,0.0,11.6,56,4,6.3,51,9.1,10.4,14.2,0.0,0.0,0.16,0.1212719298245614,9.3,59,0,2.6,304,14.6,7.2,8.9,0.0
2025-01-14 11:00:00,27.1766666666667,24.6333333333333,0.0,13.2,48,1,11.8,63,10.9,10.5,14.1,0.0,0.0,0.24,0.12142543859649123,12.5,50,0,8.5,28,18.2,9.7,9.0,0.0
2025-01-14 12:00:00,27.1733333333333,24.62,0.0,13.8,45,16,14.4,56,12.3,10.6,14.1,0.0,0.0,0.29,0.12157894736842105,13.9,48,72,15.1,50,17.2,11.7,9.2,0.0
2025-01-14 13:00:00,27.1633333333333,24.6166666666667,0.0,13.9,46,28,16.7,46,13.2,10.8,14.1,0.0,0.0,0.29,0.12173245614035089,13.4,58,11,17.6,43,16.4,12.6,9.6,0.0
2025-01-14 14:00:00,27.17,24.61,0.0,13.0,52,17,20.5,52,13.6,11.0,14.1,0.0,0.0,0.24,0.12188596491228071,13.6,56,5,19.3,37,16.4,13.1,9.9,0.0
2025-01-14 15:00:00,27.17,24.605,0.0,12.5,54,40,20.5,53,13.6,11.2,14.1,0.0,0.0,0.21,0.12203947368421053,13.0,60,23,22.9,44,14.2,13.2,10.2,0.0
2025-01-14 16:00:00,27.17,24.56,0.0,11.8,57,38,19.5,58,13.1,11.4,14.1,0.0,0.0,0.14,0.12219298245614035,11.4,70,62,23.3,58,11.3,12.6,10.5,0.0
2025-01-14 17:00:00,27.1566666666667,24.49,0.0,11.0,61,43,16.7,61,12.4,11.5,14.1,0.0,0.0,0.08,0.12234649122807018,10.2,76,71,19.7,62,9.0,11.7,10.7,0.0
2025-01-14 18:00:00,27.1366666666667,24.465,0.0,9.7,70,21,8.8,69,11.5,11.6,14.1,0.0,0.0,0.04,0.1225,9.3,80,58,10.9,63,7.7,10.8,10.8,0.0
2025-01-14 19:00:00,27.1,24.3833333333333,0.0,7.9,80,48,5.9,62,10.5,11.6,14.1,0.0,0.0,0.0,0.12265350877192983,8.2,87,44,6.1,62,6.0,10.0,10.9,0.0
2025-01-14 20:00:00,27.0766666666667,24.335,0.0,8.2,81,43,1.5,59,9.7,11.5,14.1,0.0,0.0,0.0,0.12280701754385966,7.4,89,16,2.6,56,4.6,9.0,10.8,0.0
2025-01-14 21:00:00,27.0466666666667,24.28,0.0,7.8,83,31,0.7,53,9.0,11.5,14.1,0.0,0.0,0.0,0.12296052631578948,7.2,87,0,0.8,243,2.4,8.1,10.7,0.0
2025-01-14 22:00:00,27.0333333333333,24.2033333333333,0.0,6.9,85,52,2.3,103,8.4,11.4,14.1,0.0,0.0,0.0,0.1231140350877193,6.3,91,0,3.3,221,1.7,7.1,10.5,0.0
2025-01-14 23:00:00,27.0066666666667,24.19,0.0,6.8,87,24,3.1,281,8.2,11.2,14.1,0.1,0.1,0.0,0.12326754385964912,3.7,97,38,4.6,198,2.7,6.6,10.3,0.0
2025-01-15 00:00:00,26.9833333333333,24.1633333333333,0.0,5.7,92,51,3.0,302,7.8,11.1,14.0,0.1,0.1,0.0,0.12342105263157895,2.7,98,53,4.9,197,2.0,6.4,10.1,0.0
2025-01-15 01:00:00,26.9666666666667,24.1233333333333,0.0,7.8,88,51,2.7,151,8.9,11.2,14.0,0.2,0.2,0.0,0.12357456140350878,2.1,99,81,4.5,194,1.7,5.9,9.9,0.0
2025-01-15 02:00:00,26.9566666666667,24.1033333333333,0.0,6.8,87,10,3.4,219,8.1,11.1,14.0,0.5,0.5,0.0,0.1237280701754386,2.2,98,80,3.9,202,2.0,5.7,9.7,0.0
2025-01-15 03:00:00,26.9533333333333,24.0866666666667,0.0,5.8,93,96,3.1,283,7.4,10.9,14.0,0.1,0.1,0.0,0.12388157894736843,2.6,99,90,4.8,193,2.6,5.7,9.5,0.0
2025-01-15 04:00:00,26.9433333333333,24.085,0.0,6.3,96,27,6.8,213,7.4,10.8,14.0,0.2,0.2,0.0,0.12403508771929825,2.9,98,84,5.2,205,2.9,5.6,9.3,0.1
2025-01-15 05:00:00,26.9433333333333,24.0966666666667,0.0,5.5,96,48,5.9,237,7.0,10.7,14.0,0.0,0.0,0.0,0.12418859649122807,3.2,97,88,5.5,203,3.0,5.6,9.1,0.0
2025-01-15 06:00:00,26.9533333333333,24.11,0.0,5.6,95,24,5.9,237,6.8,10.5,14.0,0.0,0.0,0.0,0.12434210526315789,3.6,96,88,5.7,198,3.0,5.7,9.0,0.0
2025-01-15 07:00:00,26.9466666666667,24.1133333333333,0.0,5.7,94,34,7.3,248,6.6,10.3,14.0,0.0,0.0,0.0,0.12449561403508773,3.7,95,72,5.4,200,2.8,5.7,8.8,0.0
2025-01-15 08:00:00,26.9433333333333,24.11,0.0,6.2,92,88,9.8,247,6.6,10.2,14.0,0.0,0.0,0.01,0.12464912280701755,4.0,94,64,5.0,201,4.0,5.6,8.7,0.0
2025-01-15 09:00:00,26.94,24.1066666666667,0.0,8.1,91,95,11.7,240,7.5,10.1,14.0,0.0,0.0,0.04,0.12480263157894737,7.2,87,42,5.6,207,10.1,6.5,8.6,0.0
2025-01-15 10:00:00,26.9333333333333,24.0966666666667,0.0,10.2,81,10,10.1,237,8.8,10.0,13.9,0.0,0.0,0.1,0.1249561403508772,10.1,75,35,8.1,225,14.5,8.3,8.7,0.0
2025-01-15 11:00:00,26.9266666666667,24.1,0.0,12.2,71,46,7.9,258,10.5,10.1,13.9,0.0,0.0,0.21,0.12510964912280703,12.3,67,24,8.5,242,17.1,10.2,8.8,0.0
2025-01-15 12:00:00,26.9433333333333,24.1533333333333,0.0,13.1,66,42,4.6,265,12.1,10.3,13.9,0.0,0.0,0.23,0.12526315789473685,13.7,61,90,4.1,285,17.9,11.9,9.2,0.0
2025-01-15 13:00:00,26.97,24.19,0.0,14.0,59,40,1.8,302,13.6,10.7,13.9,0.0,0.0,0.23,0.12541666666666668,14.3,57,70,4.2,329,17.3,12.8,9.5,0.0
2025-01-15 14:00:00,26.9733333333333,24.19,0.0,14.5,57,51,3.0,326,14.4,11.0,13.9,0.0,0.0,0.23,0.1255701754385965,14.5,59,95,9.3,344,17.4,13.4,9.9,0.0
2025-01-15 15:00:00,26.9733333333333,24.18,0.0,14.3,57,66,5.1,355,14.5,11.2,13.9,0.0,0.0,0.17,0.12572368421052632,13.5,69,45,11.2,345,14.6,13.4,10.3,0.0
2025-01-15 16:00:00,26.9666666666667,24.1566666666667,0.0,13.5,63,42,8.1,13,14.1,11.5,13.9,0.0,0.0,0.11,0.12587719298245614,13.0,72,28,10.5,352,13.0,13.1,10.6,0.0
2025-01-15 17:00:00,26.96,24.115,0.0,11.5,77,20,4.8,29,13.3,11.6,13.9,0.0,0.0,0.04,0.12603070175438597,11.8,79,0,5.9,14,9.6,12.3,10.8,0.0
2025-01-15 18:00:00,26.9433333333333,24.065,0.0,9.7,84,12,2.9,41,11.9,11.7,13.9,0.0,0.0,0.02,0.1261842105263158,10.0,84,1,1.8,79,6.1,10.9,10.9,0.0
2025-01-15 19:00:00,26.93,24.0566666666667,0.0,8.7,86,4,2.8,117,10.7,11.7,13.9,0.0,0.0,0.0,0.1263377192982456,8.4,90,32,4.0,185,5.5,9.6,10.9,0.0
2025-01-15 20:00:00,26.9066666666667,24.015,0.0,7.4,89,2,3.8,174,9.8,11.7,13.9,0.0,0.0,0.0,0.12649122807017543,6.3,97,44,4.0,190,4.9,8.8,10.8,0.0
2025-01-15 21:00:00,26.87,23.93,0.0,6.5,92,8,5.2,193,9.2,11.6,13.9,0.0,0.0,0.0,0.12664473684210525,5.1,97,47,4.4,189,3.9,8.0,10.7,0.0
2025-01-15 22:00:00,26.8433333333333,23.9166666666667,0.0,5.7,93,16,4.5,216,8.7,11.5,13.9,0.0,0.0,0.0,0.1267982456140351,4.1,98,51,4.5,194,3.2,7.4,10.5,0.0
2025-01-15 23:00:00,26.8166666666667,23.845,0.0,5.7,90,7,5.8,231,8.1,11.3,13.9,0.0,0.0,0.0,0.12695175438596493,3.2,99,56,4.2,200,2.4,6.9,10.3,0.0
2025-01-16 00:00:00,26.7833333333333,23.8,0.0,5.9,89,14,7.2,232,7.8,11.2,13.9,0.0,0.0,0.0,0.12710526315789475,3.0,96,40,4.7,203,1.9,6.4,10.1,0.0
2025-01-16 01:00:00,26.76,23.78,0.0,4.5,90,52,6.1,234,7.2,11.1,13.9,0.0,0.0,0.0,0.12725877192982457,3.0,93,73,4.5,209,1.7,5.9,9.9,0.0
2025-01-16 02:00:00,26.7433333333333,23.75,0.0,4.5,89,98,6.6,231,6.9,10.9,13.8,0.0,0.0,0.0,0.1274122807017544,3.2,92,100,4.5,209,2.0,5.7,9.7,0.0
2025-01-16 03:00:00,26.7233333333333,23.6933333333333,0.0,5.3,86,100,8.2,226,6.9,10.7,13.8,0.0,0.0,0.0,0.12756578947368422,4.0,90,100,4.8,207,3.0,5.7,9.5,0.0
2025-01-16 04:00:00,26.6933333333333,23.6533333333333,0.0,6.3,81,91,8.6,225,7.0,10.6,13.8,0.0,0.0,0.0,0.12771929824561404,4.4,89,95,5.3,208,3.1,5.7,9.3,0.0
2025-01-16 05:00:00,26.67,23.65,0.0,5.8,83,53,7.4,224,6.9,10.4,13.8,0.0,0.0,0.0,0.12787280701754386,4.5,88,90,5.6,220,2.9,5.8,9.1,0.0
2025-01-16 06:00:00,26.65,23.6366666666667,0.0,5.9,80,8,8.6,225,6.8,10.3,13.8,0.0,0.0,0.0,0.12802631578947368,4.3,88,56,6.4,218,2.3,5.6,8.9,0.0
2025-01-16 07:00:00,26.63,23.59,0.0,5.3,80,5,9.4,226,6.6,10.2,13.8,0.0,0.0,0.01,0.1281798245614035,4.1,88,13,6.4,218,2.1,5.4,8.8,0.0
2025-01-16 08:00:00,26.6133333333333,23.56,0.0,6.0,75,7,10.2,225,6.6,10.0,13.8,0.0,0.0,0.03,0.12833333333333333,4.3,85,60,6.4,223,3.7,5.3,8.6,0.0
2025-01-16 09:00:00,26.6133333333333,23.535,0.0,9.9,64,0,10.4,225,7.6,9.9,13.8,0.0,0.0,0.08,0.12848684210526315,8.0,74,29,6.9,231,10.1,6.3,8.5,0.0
2025-01-16 10:00:00,26.61,23.5333333333333,0.0,13.3,50,0,11.3,238,9.4,9.9,13.8,0.0,0.0,0.19,0.128640350877193,11.2,58,72,12.0,237,13.8,8.1,8.5,0.0
2025-01-16 11:00:00,26.5966666666667,23.52,0.0,15.1,40,0,12.7,249,11.1,10.0,13.7,0.0,0.0,0.28,0.12879385964912282,13.1,52,62,14.2,240,16.1,9.8,8.7,0.0
2025-01-16 12:00:00,26.5966666666667,23.52,0.0,16.3,33,21,10.1,264,12.7,10.2,13.7,0.0,0.0,0.33,0.12894736842105264,14.7,45,89,14.2,240,16.9,11.5,8.9,0.0
2025-01-16 13:00:00,26.59,23.51,0.0,16.9,29,66,6.0,304,14.4,10.6,13.7,0.0,0.0,0.34,0.12910087719298247,15.7,38,66,11.9,245,18.3,12.4,9.3,0.0
2025-01-16 14:00:00,26.6,23.5133333333333,0.0,17.0,27,96,8.4,338,15.2,10.9,13.7,0.0,0.0,0.32,0.1292543859649123,16.6,33,92,9.5,261,19.2,13.5,9.6,0.0
2025-01-16 15:00:00,26.6166666666667,23.52,0.0,16.4,31,100,10.3,358,15.3,11.2,13.7,0.0,0.0,0.26,0.1294078947368421,16.3,35,95,10.1,343,15.9,13.8,10.0,0.0
2025-01-16 16:00:00,26.62,23.52,0.0,15.1,41,100,10.0,13,14.8,11.5,13.7,0.0,0.0,0.17,0.12956140350877193,14.8,46,100,9.7,15,13.4,13.4,10.3,0.0
2025-01-16 17:00:00,26.61,23.51,0.0,12.3,58,100,3.7,35,13.6,11.7,13.7,0.0,0.0,0.05,0.12971491228070176,13.1,57,100,3.8,49,10.0,12.6,10.6,0.0
2025-01-16 18:00:00,26.6066666666667,23.505,0.0,11.4,58,99,1.5,59,12.2,11.8,13.7,0.0,0.0,0.02,0.12986842105263158,11.2,60,98,3.3,167,7.4,11.3,10.8,0.0
2025-01-16 19:00:00,26.6,23.5,0.0,10.8,60,100,1.8,106,11.3,11.8,13.7,0.0,0.0,0.0,0.1300219298245614,8.6,68,100,4.3,175,6.6,10.3,10.8,0.0
2025-01-16 20:00:00,26.5633333333333,23.485,0.0,10.0,60,99,3.2,167,10.6,11.8,13.7,0.0,0.0,0.0,0.13017543859649122,7.6,67,100,3.6,180,5.8,9.5,10.8,0.0
2025-01-16 21:00:00,26.55,23.42,0.0,9.4,62,100,4.0,178,10.2,11.8,13.7,0.0,0.0,0.0,0.13032894736842104,7.4,56,100,5.2,192,5.8,8.8,10.7,0.0
2025-01-16 22:00:00,26.5333333333333,23.38,0.0,8.7,68,100,2.9,198,9.8,11.7,13.7,0.0,0.0,0.0,0.1304824561403509,7.3,60,100,3.8,197,5.7,8.5,10.6,0.0
2025-01-16 23:00:00,26.5066666666667,23.37,0.0,9.4,66,100,1.1,333,9.6,11.6,13.7,0.0,0.0,0.0,0.13063596491228072,7.1,65,100,3.3,41,5.4,8.2,10.5,0.0
2025-01-17 00:00:00,26.4833333333333,23.36,0.0,9.6,66,100,1.9,311,9.5,11.5,13.7,0.0,0.0,0.0,0.13078947368421054,8.2,63,100,1.5,194,5.8,8.1,10.4,0.0
2025-01-17 01:00:00,26.4666666666667,23.32,0.0,10.5,62,100,1.8,11,10.3,11.6,13.7,0.0,0.0,0.0,0.13094298245614036,8.1,69,100,2.3,321,6.5,8.0,10.2,0.0
2025-01-17 02:00:00,26.4466666666667,23.265,0.0,9.1,84,100,5.5,50,10.0,11.6,13.7,0.5,0.5,0.0,0.13109649122807018,7.1,83,100,5.1,266,6.8,8.2,10.1,0.0
2025-01-17 03:00:00,26.4333333333333,23.2433333333333,0.0,9.3,89,95,3.0,167,9.8,11.5,13.7,1.3,1.3,0.0,0.13125,7.6,93,100,2.9,187,7.6,8.4,10.1,0.0
2025-01-17 04:00:00,26.4066666666667,23.24,0.0,9.0,96,100,2.4,6,9.7,11.5,13.7,1.3,1.3,0.0,0.13140350877192983,7.5,95,100,4.5,194,7.2,8.5,10.0,0.0
2025-01-17 05:00:00,26.4033333333333,23.23,0.0,8.7,94,98,2.8,188,9.4,11.4,13.7,0.7,0.7,0.0,0.13155701754385965,7.5,96,100,1.3,236,7.1,8.4,10.0,0.0
2025-01-17 06:00:00,26.4,23.2333333333333,0.0,8.2,93,100,0.5,13,8.8,11.3,13.7,0.2,0.2,0.0,0.13171052631578947,7.4,96,100,3.4,198,7.4,8.3,9.9,0.0
2025-01-17 07:00:00,26.4133333333333,23.2433333333333,0.0,8.4,94,100,1.9,329,8.7,11.2,13.7,0.3,0.3,0.0,0.1318640350877193,7.5,95,100,4.8,222,7.3,8.3,9.9,0.0
2025-01-17 08:00:00,26.4433333333333,23.2933333333333,0.0,8.5,95,100,2.6,307,8.7,11.1,13.7,0.3,0.3,0.01,0.13201754385964912,7.8,95,100,3.8,229,7.8,8.3,9.8,0.0
2025-01-17 09:00:00,26.5833333333333,23.9,0.0,9.6,89,81,2.2,352,9.4,11.0,13.7,0.1,0.1,0.04,0.13217105263157894,8.8,95,100,3.7,259,10.0,8.7,9.8,0.0
2025-01-17 10:00:00,27.0533333333333,25.0933333333333,0.0,10.9,81,58,3.3,348,10.4,11.0,13.7,0.1,0.1,0.1,0.1323245614035088,10.1,90,89,3.9,304,12.1,9.4,9.8,0.0
2025-01-17 11:00:00,27.4466666666667,25.5366666666667,0.0,11.3,80,71,3.4,353,11.3,11.0,13.7,0.1,0.1,0.15,0.1324780701754386,11.2,84,92,7.2,360,14.5,10.6,9.9,0.0
2025-01-17 12:00:00,27.68,25.72,0.0,11.9,77,67,4.7,360,12.3,11.1,13.6,0.1,0.1,0.18,0.13263157894736843,11.5,81,89,8.2,15,14.7,11.5,10.1,0.0
2025-01-17 13:00:00,27.83,25.76,0.0,12.5,73,67,7.3,39,12.7,11.3,13.6,0.1,0.1,0.19,0.13278508771929826,11.9,78,80,7.6,19,15.4,12.4,10.3,0.0
2025-01-17 14:00:00,28.13,26.2466666666667,0.0,12.8,69,39,8.5,32,13.4,11.4,13.6,0.0,0.0,0.19,0.13293859649122808,12.1,77,82,8.1,21,14.6,13.0,10.6,0.0
2025-01-17 15:00:00,28.5266666666667,26.48,0.0,12.8,68,25,9.4,39,13.7,11.6,13.6,0.0,0.0,0.17,0.1330921052631579,12.4,74,55,9.5,11,13.4,13.0,10.9,0.0
2025-01-17 16:00:00,28.6833333333333,26.4,0.0,12.5,67,17,11.2,43,13.5,11.7,13.6,0.0,0.0,0.13,0.13324561403508772,12.0,75,46,10.4,20,11.9,12.7,11.1,0.0
2025-01-17 17:00:00,28.71,26.3366666666667,0.0,11.0,74,27,6.5,50,12.8,11.9,13.6,0.0,0.0,0.05,0.13339912280701754,11.1,81,49,9.2,21,9.9,12.0,11.2,0.0
2025-01-17 18:00:00,28.7166666666667,26.2366666666667,0.0,9.1,82,30,3.4,62,11.5,11.9,13.6,0.0,0.0,0.02,0.13355263157894737,9.9,91,100,7.7,28,9.1,11.1,11.3,0.0
2025-01-17 19:00:00,28.7166666666667,26.1533333333333,0.0,8.7,84,54,2.5,84,10.6,11.9,13.6,0.0,0.0,0.0,0.1337061403508772,9.5,93,79,2.8,40,8.1,10.5,11.3,0.0
2025-01-17 20:00:00,28.7,26.0766666666667,0.0,7.9,87,44,2.7,126,9.9,11.8,13.6,0.0,0.0,0.0,0.133859649122807,9.1,93,57,1.8,180,6.5,9.7,11.2,0.0
2025-01-17 21:00:00,28.6866666666667,25.9866666666667,0.0,7.5,89,64,1.0,61,9.4,11.7,13.6,0.0,0.0,0.0,0.13401315789473683,7.7,97,87,3.4,198,6.5,9.0,11.1,0.0
2025-01-17 22:00:00,28.6633333333333,25.9233333333333,0.0,7.1,89,28,1.4,27,8.9,11.6,13.6,0.0,0.0,0.0,0.13416666666666668,6.8,100,100,3.3,193,6.2,8.7,10.9,0.0
2025-01-17 23:00:00,28.6333333333333,25.89,0.0,6.2,91,54,3.0,259,8.4,11.5,13.6,0.0,0.0,0.0,0.1343201754385965,6.0,100,98,4.0,207,5.7,8.2,10.7,0.0
2025-01-18 00:00:00,28.5966666666667,25.8133333333333,0.0,6.7,92,46,5.5,241,8.3,11.3,13.6,0.0,0.0,0.0,0.13447368421052633,5.5,99,65,4.9,197,5.1,7.9,10.6,0.0
2025-01-18 01:00:00,28.58,25.8,0.0,7.4,90,60,4.4,240,8.8,11.4,13.6,0.0,0.0,0.0,0.13462719298245615,5.2,99,81,5.0,201,4.8,7.5,10.4,0.0
2025-01-18 02:00:00,28.58,25.79,0.0,7.6,91,48,6.5,233,8.7,11.3,13.6,0.0,0.0,0.0,0.13478070175438597,5.4,98,92,5.4,200,5.3,7.2,10.2,0.0
2025-01-18 03:00:00,28.5666666666667,25.76,0.0,7.4,90,60,7.7,241,8.5,11.2,13.6,0.0,0.0,0.0,0.1349342105263158,6.1,96,100,6.1,208,5.8,7.3,10.0,0.0
2025-01-18 04:00:00,28.5466666666667,25.75,0.0,6.9,92,81,7.1,243,8.2,11.0,13.6,0.0,0.0,0.0,0.13508771929824562,6.4,93,100,6.4,207,6.2,7.4,9.9,0.0
2025-01-18 05:00:00,28.5366666666667,25.71,0.0,6.7,92,100,6.7,233,8.0,10.9,13.6,0.0,0.0,0.0,0.13524122807017544,6.8,91,100,6.0,213,6.4,7.5,9.7,0.0
2025-01-18 06:00:00,28.5166666666667,25.6466666666667,0.0,7.3,90,100,7.9,233,8.0,10.8,13.6,0.0,0.0,0.0,0.13539473684210526,7.1,93,100,6.3,211,6.3,7.6,9.6,0.0
2025-01-18 07:00:00,28.4866666666667,25.605,0.0,7.2,90,100,8.5,231,8.0,10.7,13.6,0.0,0.0,0.0,0.13554824561403508,7.3,92,100,5.4,217,6.6,7.6,9.5,0.0
2025-01-18 08:00:00,28.47,25.6,0.0,7.7,89,100,9.3,232,8.1,10.6,13.6,0.0,0.0,0.02,0.1357017543859649,7.8,90,100,6.9,223,7.6,7.7,9.5,0.0
2025-01-18 09:00:00,28.4566666666667,25.6,0.0,8.8,87,100,10.1,221,8.6,10.5,13.6,0.3,0.3,0.04,0.13585526315789473,8.9,91,100,6.9,231,8.9,8.3,9.4,0.1
2025-01-18 10:00:00,28.4566666666667,25.5933333333333,0.0,9.5,90,100,9.9,221,9.1,10.5,13.6,0.9,0.9,0.05,0.13600877192982458,10.0,87,100,9.5,233,10.5,9.0,9.4,0.5
2025-01-18 11:00:00,28.4666666666667,25.6033333333333,0.0,9.9,90,100,9.2,218,9.5,10.4,13.6,1.4,1.4,0.05,0.1361622807017544,10.4,86,100,11.4,235,10.6,9.6,9.5,0.4
2025-01-18 12:00:00,28.5533333333333,25.8,0.0,9.9,91,100,9.3,231,9.9,10.5,13.5,0.6,0.6,0.06,0.13631578947368422,11.3,85,98,11.8,239,12.7,10.2,9.6,0.5
2025-01-18 13:00:00,28.66,25.97,0.0,12.1,78,100,8.6,256,11.4,10.7,13.5,0.2,0.2,0.13,0.13646929824561405,11.6,82,94,10.3,245,12.0,10.6,9.8,0.1
2025-01-18 14:00:00,28.6933333333333,26.0466666666667,0.0,12.7,72,99,4.2,297,12.1,10.9,13.5,0.1,0.1,0.15,0.13662280701754387,12.1,78,93,8.0,243,13.2,11.1,9.9,0.0
2025-01-18 15:00:00,28.7033333333333,26.0,0.0,13.2,70,87,1.4,27,12.8,11.0,13.5,0.0,0.0,0.14,0.1367763157894737,12.6,77,100,5.2,254,13.4,11.7,10.1,0.0
2025-01-18 16:00:00,28.7033333333333,25.9833333333333,0.0,13.2,70,30,2.1,12,13.0,11.2,13.5,0.0,0.0,0.11,0.1369298245614035,12.6,76,100,4.0,275,12.0,11.9,10.3,0.0
2025-01-18 17:00:00,28.7033333333333,25.975,0.0,11.6,81,68,2.9,33,12.5,11.3,13.5,0.0,0.0,0.04,0.13708333333333333,12.0,82,72,0.7,270,10.5,11.5,10.5,0.0
2025-01-18 18:00:00,28.7033333333333,25.93,0.0,10.5,82,80,1.7,71,11.6,11.4,13.5,0.0,0.0,0.02,0.13723684210526316,11.0,83,94,1.0,135,8.2,10.6,10.6,0.0
2025-01-18 19:00:00,28.6866666666667,25.92,0.0,9.6,86,100,3.2,174,10.9,11.4,13.5,0.0,0.0,0.0,0.13739035087719298,10.0,86,61,2.9,173,7.6,9.9,10.6,0.0
2025-01-18 20:00:00,28.6633333333333,25.855,0.0,9.0,89,4,3.7,210,10.4,11.4,13.5,0.0,0.0,0.0,0.1375438596491228,8.2,93,65,3.6,180,7.1,9.3,10.6,0.0
2025-01-18 21:00:00,28.6333333333333,25.7833333333333,0.0,7.3,94,0,5.0,235,9.7,11.4,13.5,0.0,0.0,0.0,0.13769736842105262,7.3,94,40,3.6,180,5.9,8.7,10.5,0.0
2025-01-18 22:00:00,28.6066666666667,25.7633333333333,0.0,6.6,94,0,6.1,237,9.1,11.3,13.5,0.0,0.0,0.0,0.13785087719298247,6.3,95,52,4.0,180,5.3,8.2,10.3,0.0
2025-01-18 23:00:00,28.5633333333333,25.69,0.0,6.1,93,0,6.4,223,8.6,11.2,13.5,0.0,0.0,0.0,0.1380043859649123,5.5,95,46,3.8,197,4.6,7.6,10.2,0.0
2025-01-19 00:00:00,28.55,25.63,0.0,5.6,94,0,7.0,218,8.1,11.0,13.5,0.0,0.0,0.0,0.13815789473684212,5.2,95,55,4.0,190,4.3,7.2,10.0,0.0
2025-01-19 01:00:00,28.5266666666667,25.6133333333333,0.0,5.1,95,0,5.3,224,8.2,10.8,13.5,0.0,0.0,0.0,0.13831140350877194,4.8,94,33,3.3,193,3.7,6.7,9.8,0.0
2025-01-19 02:00:00,28.5066666666667,25.5733333333333,0.0,4.9,95,1,4.9,236,7.7,10.6,13.5,0.0,0.0,0.0,0.13846491228070176,4.4,94,35,3.6,186,3.3,6.3,9.6,0.0
2025-01-19 03:00:00,28.4933333333333,25.5033333333333,0.0,4.7,94,1,4.6,240,7.3,10.5,13.5,0.0,0.0,0.0,0.13861842105263159,3.9,96,39,3.7,191,2.8,5.9,9.4,0.0
2025-01-19 04:00:00,28.44,25.4633333333333,0.0,4.5,93,1,4.4,219,6.9,10.3,13.5,0.0,0.0,0.0,0.1387719298245614,3.6,96,35,3.1,201,2.4,5.5,9.2,0.0
2025-01-19 05:00:00,28.4133333333333,25.4533333333333,0.0,4.3,93,2,5.4,219,6.6,10.2,13.4,0.0,0.0,0.0,0.13892543859649123,3.1,97,45,3.3,193,2.1,5.2,8.9,0.0
2025-01-19 06:00:00,28.3766666666667,25.4166666666667,0.0,4.2,93,5,5.4,201,6.4,10.0,13.4,0.0,0.0,0.0,0.13907894736842105,2.7,98,51,3.8,197,2.0,4.9,8.7,0.0
2025-01-19 07:00:00,28.36,25.3566666666667,0.0,4.0,92,5,4.8,194,6.1,9.9,13.4,0.0,0.0,0.0,0.13923245614035087,2.6,98,52,3.8,197,1.8,4.7,8.5,0.0
2025-01-19 08:00:00,28.3366666666667,25.3166666666667,0.0,5.3,89,2,7.4,224,6.2,9.7,13.4,0.0,0.0,0.01,0.1393859649122807,2.8,97,45,3.5,204,3.0,4.5,8.3,0.0
2025-01-19 09:00:00,28.3133333333333,25.3033333333333,0.0,9.4,80,0,8.4,233,7.3,9.6,13.4,0.0,0.0,0.07,0.13953947368421052,6.2,93,22,4.1,225,8.6,5.4,8.1,0.0
2025-01-19 10:00:00,28.3033333333333,25.3,0.0,12.7,68,0,7.7,254,9.2,9.6,13.4,0.0,0.0,0.16,0.13969298245614037,10.5,81,0,6.3,246,13.4,7.4,8.1,0.0
2025-01-19 11:00:00,28.2933333333333,25.2933333333333,0.0,14.6,58,0,7.0,261,11.1,9.7,13.4,0.0,0.0,0.24,0.1398464912280702,12.7,73,0,8.4,245,15.4,9.5,8.2,0.0
2025-01-19 12:00:00,28.2666666666667,25.27,0.0,15.9,54,0,4.9,267,12.9,9.9,13.4,0.0,0.0,0.3,0.14,14.2,70,0,8.0,252,17.1,11.2,8.5,0.0
2025-01-19 13:00:00,28.2266666666667,25.2266666666667,0.0,16.9,51,0,4.4,286,13.9,10.2,13.4,0.0,0.0,0.32,0.14015350877192984,15.2,67,0,7.0,258,18.0,12.5,8.9,0.0
2025-01-19 14:00:00,28.21,25.1866666666667,0.0,17.3,46,0,6.0,298,14.9,10.5,13.3,0.0,0.0,0.3,0.14030701754385966,15.9,62,0,5.3,242,18.1,13.5,9.3,0.0
2025-01-19 15:00:00,28.1866666666667,25.175,0.0,17.3,44,0,5.2,310,15.3,10.9,13.3,0.0,0.0,0.24,0.14046052631578948,16.6,59,0,3.3,276,17.7,14.2,9.8,0.0
2025-01-19 16:00:00,28.1466666666667,25.1,0.0,16.3,53,77,6.4,10,15.1,11.2,13.3,0.0,0.0,0.16,0.1406140350877193,16.2,59,78,1.9,22,15.4,14.2,10.2,0.0
2025-01-19 17:00:00,28.1,25.05,0.0,13.0,74,66,5.9,59,14.0,11.5,13.3,0.0,0.0,0.05,0.14076754385964912,14.0,80,99,5.6,45,11.5,13.4,10.5,0.0
2025-01-19 18:00:00,28.0633333333333,25.0,0.0,10.9,79,92,2.2,78,12.4,11.6,13.3,0.0,0.0,0.01,0.14092105263157895,11.5,87,100,3.3,49,8.8,12.0,10.7,0.0
2025-01-19 19:00:00,28.0033333333333,24.9166666666667,0.0,10.3,80,100,0.9,90,11.1,11.6,13.3,0.0,0.0,0.0,0.14107456140350877,11.1,87,100,0.7,180,8.3,10.8,10.8,0.0
2025-01-19 20:00:00,27.9733333333333,24.87,0.0,10.4,79,100,2.7,185,10.5,11.6,13.3,0.0,0.0,0.0,0.1412280701754386,10.2,91,100,2.7,203,8.2,10.1,10.8,0.0
2025-01-19 21:00:00,27.9433333333333,24.7833333333333,0.0,10.9,74,82,2.0,189,10.3,11.6,13.3,0.0,0.0,0.0,0.1413815789473684,9.1,92,83,3.3,193,7.9,9.8,10.8,0.0
2025-01-19 22:00:00,27.9066666666667,24.76,0.0,9.6,77,66,4.5,235,9.8,11.5,13.3,0.0,0.0,0.0,0.14153508771929826,8.3,90,71,3.4,198,6.8,9.3,10.7,0.0
2025-01-19 23:00:00,27.8733333333333,24.69,0.0,8.6,78,4,5.7,233,9.3,11.4,13.3,0.0,0.0,0.0,0.14168859649122809,7.4,88,42,3.1,201,5.7,8.7,10.6,0.0
2025-01-20 00:00:00,27.8366666666667,24.6533333333333,0.0,7.4,76,0,6.1,230,8.8,11.3,13.3,0.0,0.0,0.0,0.1418421052631579,6.3,87,23,3.9,202,4.7,8.0,10.4,0.0
2025-01-20 01:00:00,27.81,24.6233333333333,0.0,7.7,71,0,5.6,232,9.5,11.5,13.3,0.0,0.0,0.0,0.14199561403508773,5.8,84,37,4.0,190,4.2,7.4,10.2,0.0
2025-01-20 02:00:00,27.7866666666667,24.61,0.0,6.9,73,0,5.5,231,8.9,11.4,13.3,0.0,0.0,0.0,0.14214912280701755,5.5,85,34,3.3,193,3.8,7.0,10.0,0.0
2025-01-20 03:00:00,27.76,24.5833333333333,0.0,6.3,76,2,5.7,228,8.4,11.3,13.3,0.0,0.0,0.0,0.14230263157894738,4.8,90,35,4.2,211,3.4,6.5,9.8,0.0
2025-01-20 04:00:00,27.7366666666667,24.53,0.0,5.7,79,0,5.7,213,8.0,11.1,13.3,0.0,0.0,0.0,0.1424561403508772,4.7,91,4,3.9,214,3.1,6.2,9.6,0.0
2025-01-20 05:00:00,27.7,24.49,0.0,5.4,82,0,5.7,201,7.7,11.0,13.3,0.0,0.0,0.0,0.14260964912280702,4.4,91,25,3.4,212,2.6,5.8,9.4,0.0
2025-01-20 06:00:00,27.6833333333333,24.47,0.0,5.4,83,0,5.9,206,7.4,10.8,13.3,0.0,0.0,0.0,0.14276315789473684,4.0,92,1,4.3,222,2.5,5.5,9.2,0.0
2025-01-20 07:00:00,27.6533333333333,24.47,0.0,5.5,84,0,5.7,211,7.1,10.6,13.3,0.0,0.0,0.0,0.14291666666666666,3.9,91,1,3.6,217,2.3,5.3,8.9,0.0
2025-01-20 08:00:00,27.63,24.4566666666667,0.0,7.2,80,0,5.6,204,7.2,10.5,13.3,0.0,0.0,0.02,0.1430701754385965,4.5,88,3,3.4,212,3.9,5.1,8.7,0.0
2025-01-20 09:00:00,27.6233333333333,24.44,0.0,11.7,71,49,7.0,217,8.5,10.4,13.3,0.0,0.0,0.08,0.1432236842105263,7.9,88,7,3.8,221,10.2,6.2,8.6,0.0
2025-01-20 10:00:00,27.61,24.395,0.0,15.6,57,98,6.8,252,10.4,10.4,13.3,0.0,0.0,0.18,0.14337719298245616,13.5,77,16,4.5,241,16.6,8.4,8.6,0.0
2025-01-20 11:00:00,27.5933333333333,24.3766666666667,0.0,17.9,47,100,7.3,254,12.4,10.5,13.3,0.0,0.0,0.27,0.14353070175438598,16.0,62,75,8.5,242,18.0,10.8,8.8,0.0
2025-01-20 12:00:00,27.5833333333333,24.365,0.0,19.3,39,100,8.7,243,13.8,10.7,13.3,0.0,0.0,0.3,0.1436842105263158,17.7,54,17,10.7,258,19.1,12.6,9.1,0.0
2025-01-20 13:00:00,27.5766666666667,24.3633333333333,0.0,20.7,33,81,10.1,245,14.9,11.0,13.3,0.0,0.0,0.37,0.14383771929824563,18.4,51,77,9.2,259,19.5,13.8,9.5,0.0
2025-01-20 14:00:00,27.5666666666667,24.3433333333333,0.0,21.3,31,68,10.5,239,15.9,11.3,13.3,0.0,0.0,0.36,0.14399122807017545,19.1,48,43,6.0,245,20.3,14.7,10.0,0.0
2025-01-20 15:00:00,27.5566666666667,24.34,0.0,21.5,35,98,8.2,243,16.4,11.7,13.3,0.0,0.0,0.29,0.14414473684210527,19.8,43,81,3.9,292,19.2,15.6,10.4,0.0
2025-01-20 16:00:00,27.5466666666667,24.34,0.0,20.1,47,100,3.8,294,16.4,12.0,13.3,0.0,0.0,0.17,0.1442982456140351,19.1,52,72,3.4,32,17.0,15.5,10.9,0.0
2025-01-20 17:00:00,27.5166666666667,24.3366666666667,0.0,16.7,62,100,4.2,2,15.6,12.3,13.3,0.0,0.0,0.06,0.14445175438596491,16.4,74,100,5.4,42,13.9,14.7,11.2,0.0
2025-01-20 18:00:00,27.4966666666667,24.3,0.0,14.0,75,100,5.5,53,14.2,12.4,13.3,0.0,0.0,0.03,0.14460526315789474,14.3,84,100,3.4,342,11.8,13.6,11.5,0.0
2025-01-20 19:00:00,27.46,24.2366666666667,0.0,13.2,75,100,2.8,29,13.1,12.5,13.3,0.0,0.0,0.0,0.14475877192982456,13.3,89,97,3.3,6,11.8,12.8,11.6,0.0
2025-01-20 20:00:00,27.4233333333333,24.2,0.0,13.6,73,100,0.9,62,12.7,12.6,13.3,0.0,0.0,0.0,0.14491228070175438,13.2,87,100,3.1,69,11.5,12.3,11.7,0.0
2025-01-20 21:00:00,27.39,24.1866666666667,0.0,13.1,72,100,0.4,78,12.1,12.6,13.3,0.0,0.0,0.0,0.1450657894736842,12.7,83,100,2.5,82,9.8,11.6,11.7,0.0
2025-01-20 22:00:00,27.37,24.1233333333333,0.0,11.8,76,99,2.2,343,11.4,12.5,13.3,0.0,0.0,0.0,0.14521929824561405,12.6,79,95,0.7,270,8.5,11.0,11.7,0.0
2025-01-20 23:00:00,27.3566666666667,24.065,0.0,10.6,75,100,3.0,227,10.8,12.4,13.3,0.0,0.0,0.0,0.14537280701754388,11.8,83,24,2.0,225,6.8,10.2,11.6,0.0
2025-01-21 00:00:00,27.3133333333333,24.06,0.0,9.9,73,95,3.0,270,10.4,12.3,13.3,0.0,0.0,0.0,0.1455263157894737,9.8,96,73,2.8,220,6.2,9.4,11.5,0.0
2025-01-21 01:00:00,27.29,24.0366666666667,0.0,10.1,77,100,1.7,170,10.7,12.6,13.3,0.0,0.0,0.0,0.14567982456140352,8.9,97,100,2.2,180,6.0,8.9,11.3,0.0
2025-01-21 02:00:00,27.2633333333333,23.965,0.0,9.3,78,100,1.3,22,10.2,12.5,13.3,0.0,0.0,0.0,0.14583333333333334,9.0,90,100,2.3,162,6.1,8.5,11.1,0.0
2025-01-21 03:00:00,27.24,23.9333333333333,0.0,9.0,79,99,1.1,9,9.8,12.3,13.3,0.0,0.0,0.0,0.14598684210526316,8.7,85,100,2.7,157,5.7,8.1,10.9,0.0
2025-01-21 04:00:00,27.2066666666667,23.92,0.0,9.1,78,99,0.7,42,9.6,12.2,13.3,0.0,0.0,0.0,0.146140350877193,8.7,80,100,2.1,149,5.3,7.9,10.7,0.0
2025-01-21 05:00:00,27.1933333333333,23.9166666666667,0.0,8.6,80,100,2.3,300,9.3,12.0,13.3,0.0,0.0,0.0,0.1462938596491228,8.7,80,100,2.1,149,5.1,7.7,10.5,0.0
2025-01-21 06:00:00,27.18,23.8866666666667,0.0,8.3,80,100,3.5,221,9.1,11.9,13.3,0.0,0.0,0.0,0.14644736842105263,7.8,88,100,3.3,167,5.1,7.4,10.3,0.0
2025-01-21 07:00:00,27.1633333333333,23.835,0.0,8.5,77,100,4.5,213,9.0,11.7,13.3,0.0,0.0,0.0,0.14660087719298245,6.9,89,100,2.9,173,5.1,7.3,10.1,0.0
2025-01-21 08:00:00,27.1366666666667,23.81,0.0,10.0,73,99,6.0,226,9.1,11.6,13.3,0.0,0.0,0.03,0.14675438596491228,7.0,88,100,3.2,180,6.6,7.3,10.0,0.0
2025-01-21 09:00:00,27.1233333333333,23.7866666666667,0.0,13.9,68,100,7.8,234,10.2,11.5,13.3,0.0,0.0,0.08,0.1469078947368421,9.1,88,100,2.4,207,11.2,8.0,9.8,0.0
2025-01-21 10:00:00,27.0966666666667,23.78,0.0,18.1,57,100,7.2,242,12.0,11.5,13.3,0.0,0.0,0.17,0.14706140350877195,13.8,82,100,2.1,239,16.6,9.8,9.8,0.0
2025-01-21 11:00:00,27.0866666666667,23.78,0.0,20.5,45,99,6.3,270,13.8,11.7,13.3,0.0,0.0,0.26,0.14721491228070177,17.9,63,100,4.1,232,20.1,12.1,10.0,0.0
2025-01-21 12:00:00,27.0833333333333,23.77,0.0,21.8,41,100,4.1,305,15.5,11.9,13.3,0.0,0.0,0.31,0.1473684210526316,20.4,52,100,6.8,238,22.1,14.3,10.3,0.0
2025-01-21 13:00:00,27.0733333333333,23.7633333333333,0.0,22.7,42,99,5.3,328,16.2,12.0,13.3,0.0,0.0,0.35,0.14752192982456142,21.5,49,100,5.9,232,22.6,15.7,10.7,0.0
2025-01-21 14:00:00,27.0733333333333,23.7433333333333,0.0,22.9,41,93,4.2,337,17.3,12.4,13.3,0.0,0.0,0.32,0.14767543859649124,22.3,48,100,4.8,207,23.0,16.7,11.1,0.0
2025-01-21 15:00:00,27.0766666666667,23.72,0.0,22.7,44,87,4.6,36,17.9,12.7,13.3,0.0,0.0,0.27,0.14782894736842106,23.4,43,100,4.3,204,22.5,17.8,11.6,0.0
2025-01-21 16:00:00,27.0766666666667,23.7,0.0,21.3,53,96,5.0,49,17.8,13.1,13.3,0.0,0.0,0.17,0.14798245614035088,22.6,53,100,3.0,194,19.9,17.7,12.1,0.0
2025-01-21 17:00:00,27.07,23.685,0.0,17.6,66,89,5.9,83,16.8,13.3,13.4,0.0,0.0,0.07,0.1481359649122807,21.2,57,100,1.8,191,16.1,17.0,12.5,0.0
2025-01-21 18:00:00,27.0433333333333,23.665,0.0,15.9,68,84,2.4,80,15.2,13.5,13.4,0.0,0.0,0.02,0.14828947368421053,19.2,55,100,2.8,40,12.2,15.6,12.7,0.0
2025-01-21 19:00:00,27.0166666666667,23.6533333333333,0.0,15.4,69,100,1.1,74,14.0,13.6,13.4,0.0,0.0,0.0,0.14844298245614035,17.0,60,100,1.5,135,10.5,14.0,12.9,0.0
2025-01-21 20:00:00,26.99,23.64,0.0,15.2,67,87,0.8,63,13.0,13.5,13.4,0.0,0.0,0.0,0.14859649122807017,13.9,71,100,3.6,174,9.9,12.8,12.9,0.0
2025-01-21 21:00:00,26.9633333333333,23.6266666666667,0.0,13.5,71,83,0.4,63,12.2,13.5,13.4,0.0,0.0,0.0,0.14875,10.3,87,100,4.4,189,8.7,11.8,12.8,0.0
2025-01-21 22:00:00,26.9366666666667,23.56,0.0,11.7,71,63,6.2,257,11.7,13.4,13.4,0.0,0.0,0.01,0.14890350877192984,9.2,87,100,4.0,207,7.7,11.1,12.7,0.0
2025-01-21 23:00:00,26.91,23.515,0.0,11.5,67,0,7.9,255,11.4,13.3,13.4,0.0,0.0,0.02,0.14905701754385967,8.9,85,7,2.9,187,6.6,10.4,12.5,0.0
2025-01-22 00:00:00,26.87,23.5033333333333,0.0,10.7,68,0,7.2,240,11.1,13.1,13.4,0.0,0.0,0.01,0.1492105263157895,8.7,86,100,3.2,180,6.4,9.8,12.3,0.0
2025-01-22 01:00:00,26.83,23.4866666666667,0.0,10.6,70,6,6.1,254,10.3,13.1,13.4,0.0,0.0,0.01,0.1493640350877193,8.5,84,100,3.3,186,6.1,9.3,12.1,0.0
2025-01-22 02:00:00,26.8133333333333,23.44,0.0,10.1,70,39,6.4,248,10.1,13.0,13.4,0.0,0.0,0.01,0.14951754385964913,7.7,85,100,4.0,185,5.9,8.9,11.9,0.0
2025-01-22 03:00:00,26.7866666666667,23.39,0.0,9.8,70,64,6.6,233,9.8,12.8,13.5,0.0,0.0,0.01,0.14967105263157895,7.2,82,100,4.0,180,5.6,8.6,11.7,0.0
2025-01-22 04:00:00,26.77,23.37,0.0,9.6,71,100,7.0,228,9.8,12.6,13.5,0.0,0.0,0.01,0.14982456140350878,6.6,83,100,4.0,180,5.2,8.3,11.4,0.0
2025-01-22 05:00:00,26.7366666666667,23.37,0.0,9.1,72,100,7.1,222,9.7,12.4,13.5,0.0,0.0,0.01,0.1499780701754386,6.1,85,100,4.5,194,5.0,8.0,11.2,0.0
2025-01-22 06:00:00,26.71,23.3533333333333,0.0,8.8,71,100,6.9,216,9.5,12.3,13.5,0.0,0.0,0.01,0.15013157894736842,6.5,83,100,5.6,207,5.3,7.9,11.0,0.0
2025-01-22 07:00:00,26.69,23.3,0.0,8.7,68,100,7.5,211,9.4,12.1,13.5,0.0,0.0,0.01,0.15028508771929824,6.9,81,100,5.2,214,5.4,7.8,10.8,0.0
2025-01-22 08:00:00,26.66,23.27,0.0,9.9,65,100,8.2,208,9.5,12.0,13.5,0.0,0.0,0.04,0.15043859649122807,7.6,80,100,5.7,215,7.0,7.8,10.6,0.0
2025-01-22 09:00:00,26.64,23.2466666666667,0.0,14.0,60,100,8.9,200,10.4,11.9,13.5,0.0,0.0,0.1,0.1505921052631579,10.8,75,100,5.4,222,11.9,8.6,10.5,0.0
2025-01-22 10:00:00,26.63,23.24,0.0,18.2,53,100,7.4,207,12.2,11.9,13.5,0.0,0.0,0.19,0.15074561403508774,15.5,66,100,5.3,242,17.2,10.3,10.4,0.0
2025-01-22 11:00:00,26.6266666666667,23.2333333333333,0.0,20.8,41,98,6.7,238,14.0,12.0,13.5,0.0,0.0,0.27,0.15089912280701756,18.4,49,100,8.4,239,19.0,12.3,10.6,0.0
2025-01-22 12:00:00,26.6166666666667,23.2033333333333,0.0,22.4,35,100,8.8,250,15.7,12.2,13.5,0.0,0.0,0.35,0.15105263157894738,20.6,40,100,10.2,238,20.9,14.2,10.8,0.0
2025-01-22 13:00:00,26.62,23.1733333333333,0.0,23.3,31,100,10.6,243,17.0,12.7,13.5,0.0,0.0,0.38,0.1512061403508772,21.7,39,100,11.0,247,21.9,15.4,11.2,0.0
2025-01-22 14:00:00,26.6266666666667,23.1566666666667,0.0,23.4,32,100,8.2,255,17.8,13.0,13.5,0.0,0.0,0.34,0.15135964912280703,22.5,35,100,10.0,249,21.8,16.3,11.5,0.0
2025-01-22 15:00:00,26.6333333333333,23.1466666666667,0.0,22.9,39,100,4.3,293,18.0,13.4,13.5,0.0,0.0,0.24,0.15151315789473685,22.9,36,100,5.4,262,21.2,16.9,11.9,0.0
2025-01-22 16:00:00,26.62,23.13,0.0,21.6,57,99,2.7,339,18.0,13.7,13.5,0.0,0.0,0.14,0.15166666666666667,22.3,48,100,1.0,45,20.1,17.1,12.3,0.0
2025-01-22 17:00:00,26.61,23.12,0.0,19.5,50,97,1.0,32,17.1,13.9,13.5,0.0,0.0,0.05,0.1518201754385965,19.9,58,100,3.3,96,15.5,16.6,12.6,0.0
2025-01-22 18:00:00,26.5966666666667,23.1133333333333,0.0,17.5,53,96,1.7,44,15.6,14.0,13.5,0.0,0.0,0.02,0.15197368421052632,17.6,58,100,2.9,120,12.3,15.3,12.9,0.0
2025-01-22 19:00:00,26.5866666666667,23.1,0.0,16.7,56,97,1.2,66,14.5,14.1,13.5,0.0,0.0,0.0,0.15212719298245614,14.7,61,100,3.8,131,11.4,14.1,13.0,0.0
2025-01-22 20:00:00,26.5533333333333,23.09,0.0,16.4,58,100,1.0,53,13.7,14.1,13.5,0.0,0.0,0.0,0.15228070175438596,12.6,62,100,3.6,143,10.3,13.1,13.0,0.0
2025-01-22 21:00:00,26.54,23.09,0.0,15.8,57,99,0.5,33,13.1,14.0,13.6,0.0,0.0,0.0,0.15243421052631578,10.8,67,100,3.6,174,8.8,12.1,12.9,0.0
2025-01-22 22:00:00,26.5133333333333,23.0766666666667,0.0,14.6,58,95,2.5,315,12.6,13.9,13.6,0.0,0.0,0.0,0.15258771929824563,9.8,73,98,3.8,197,7.9,11.3,12.8,0.0
2025-01-22 23:00:00,26.49,23.02,0.0,12.8,60,78,5.3,254,12.1,13.8,13.6,0.0,0.0,0.01,0.15274122807017546,9.0,74,100,4.0,190,7.3,10.6,12.7,0.0
2025-01-23 00:00:00,26.46,22.99,0.0,11.1,64,33,6.7,241,11.7,13.7,13.6,0.0,0.0,0.02,0.15289473684210528,8.9,75,100,5.8,202,7.5,10.4,12.5,0.0
2025-01-23 01:00:00,26.4366666666667,22.9633333333333,0.0,11.5,60,26,7.7,238,11.2,13.6,13.6,0.0,0.0,0.03,0.1530482456140351,8.3,73,2,5.4,200,6.5,9.8,12.3,0.0
2025-01-23 02:00:00,26.41,22.96,0.0,9.8,64,15,9.6,232,10.9,13.4,13.6,0.0,0.0,0.03,0.15320175438596492,7.9,73,0,4.5,194,5.9,9.4,12.1,0.0
2025-01-23 03:00:00,26.3833333333333,22.9533333333333,0.0,9.3,65,5,6.6,241,10.7,13.3,13.6,0.0,0.0,0.01,0.15335526315789474,7.2,75,0,3.4,198,5.0,8.9,11.9,0.0
2025-01-23 04:00:00,26.3666666666667,22.935,0.0,9.2,64,29,7.3,233,10.3,13.1,13.6,0.0,0.0,0.02,0.15350877192982457,6.9,76,14,4.0,185,4.6,8.4,11.7,0.0
2025-01-23 05:00:00,26.3466666666667,22.88,0.0,9.9,61,58,7.6,234,10.1,12.9,13.6,0.0,0.0,0.02,0.1536622807017544,6.3,78,88,5.2,192,4.7,8.0,11.4,0.0
2025-01-23 06:00:00,26.32,22.8466666666667,0.0,10.6,59,2,11.2,237,10.1,12.8,13.6,0.0,0.0,0.04,0.1538157894736842,6.1,79,98,5.4,200,4.6,7.7,11.2,0.0
2025-01-23 07:00:00,26.2833333333333,22.83,0.0,11.0,55,0,10.7,230,10.2,12.6,13.6,0.0,0.0,0.04,0.15396929824561403,6.0,80,58,5.0,210,4.3,7.4,10.9,0.0
2025-01-23 08:00:00,26.2633333333333,22.83,0.0,11.7,57,0,9.7,231,10.3,12.5,13.6,0.0,0.0,0.05,0.15412280701754386,6.5,80,11,5.0,210,6.2,7.4,10.7,0.0
2025-01-23 09:00:00,26.2433333333333,22.8266666666667,0.0,15.0,55,0,11.3,239,11.3,12.4,13.6,0.0,0.0,0.12,0.15427631578947368,11.1,73,31,5.4,217,12.9,8.6,10.6,0.0
2025-01-23 10:00:00,26.22,22.7733333333333,0.0,18.1,48,0,11.6,243,12.9,12.4,13.6,0.0,0.0,0.22,0.15442982456140353,16.5,54,0,7.9,240,18.8,10.5,10.5,0.0
2025-01-23 11:00:00,26.2166666666667,22.72,0.0,20.6,40,0,12.4,243,14.6,12.5,13.6,0.0,0.0,0.33,0.15458333333333335,19.1,48,0,9.9,237,21.0,12.8,10.7,0.0
2025-01-23 12:00:00,26.2066666666667,22.7,0.0,22.0,37,0,12.0,250,16.2,12.7,13.6,0.0,0.0,0.39,0.15473684210526317,21.0,43,0,9.6,250,22.9,14.7,11.0,0.0
2025-01-23 13:00:00,26.2133333333333,22.6966666666667,0.0,22.8,36,0,7.9,282,17.1,12.9,13.6,0.0,0.0,0.39,0.154890350877193,22.5,38,0,7.2,252,24.5,16.2,11.3,0.0
2025-01-23 14:00:00,26.2233333333333,22.69,0.0,22.9,34,0,6.6,327,18.0,13.2,13.6,0.0,0.0,0.37,0.15504385964912282,23.3,36,0,4.0,280,24.7,17.5,11.8,0.0
2025-01-23 15:00:00,26.23,22.68,0.0,22.6,35,0,5.8,31,18.4,13.6,13.7,0.0,0.0,0.3,0.15519736842105264,23.1,37,0,8.3,360,22.0,18.1,12.2,0.0
2025-01-23 16:00:00,26.2366666666667,22.67,0.0,21.3,50,0,4.8,43,18.2,13.9,13.7,0.0,0.0,0.19,0.15535087719298246,19.9,58,0,12.5,18,18.0,17.7,12.7,0.0
2025-01-23 17:00:00,26.2433333333333,22.6666666666667,0.0,17.9,66,0,4.4,60,17.2,14.1,13.7,0.0,0.0,0.07,0.15550438596491228,17.5,69,0,5.6,50,14.5,16.7,13.0,0.0
2025-01-23 18:00:00,26.24,22.67,0.0,15.5,69,0,3.6,81,15.6,14.2,13.7,0.0,0.0,0.02,0.1556578947368421,15.1,73,0,3.3,49,10.8,15.2,13.2,0.0
2025-01-23 19:00:00,26.2266666666667,22.6633333333333,0.0,14.9,65,0,1.8,75,14.2,14.3,13.7,0.0,0.0,0.0,0.15581140350877193,14.4,74,0,1.1,18,8.4,13.5,13.3,0.0
2025-01-23 20:00:00,26.2133333333333,22.64,0.0,14.4,63,0,1.2,52,13.1,14.2,13.7,0.0,0.0,0.0,0.15596491228070175,12.8,80,0,3.8,287,7.6,12.0,13.2,0.0
2025-01-23 21:00:00,26.1833333333333,22.6,0.0,13.8,65,0,0.6,54,12.2,14.1,13.7,0.0,0.0,0.0,0.15611842105263157,11.4,84,0,2.8,220,6.9,11.0,13.0,0.0
2025-01-23 22:00:00,26.1566666666667,22.57,0.0,12.8,72,0,1.8,354,11.6,13.9,13.7,0.0,0.0,0.0,0.15627192982456142,11.2,80,0,2.9,180,6.1,10.2,12.8,0.0
2025-01-23 23:00:00,26.1266666666667,22.5466666666667,0.0,11.8,72,0,2.3,290,11.1,13.8,13.7,0.0,0.0,0.0,0.15642543859649125,10.9,79,0,1.8,169,5.3,9.6,12.6,0.0
2025-01-24 00:00:00,26.1133333333333,22.5466666666667,0.0,11.0,70,0,2.6,292,10.6,13.6,13.7,0.0,0.0,0.0,0.15657894736842107,9.1,83,0,4.0,170,5.3,8.8,12.3,0.0
2025-01-24 01:00:00,26.0866666666667,22.54,0.0,9.7,71,0,2.4,302,9.8,13.5,13.8,0.0,0.0,0.0,0.1567324561403509,7.4,89,0,4.3,180,5.7,8.7,12.1,0.0
2025-01-24 02:00:00,26.0666666666667,22.51,0.0,9.1,70,0,3.7,265,9.5,13.3,13.8,0.0,0.0,0.0,0.1568859649122807,6.3,92,3,4.7,189,5.0,8.5,11.8,0.0
2025-01-24 03:00:00,26.0333333333333,22.4633333333333,0.0,9.1,68,0,4.1,245,9.2,13.0,13.8,0.0,0.0,0.0,0.15703947368421053,5.3,92,2,4.3,204,4.1,8.0,11.6,0.0
2025-01-24 04:00:00,26.0133333333333,22.44,0.0,8.8,69,0,3.2,267,8.9,12.8,13.8,0.0,0.0,0.0,0.15719298245614036,5.2,90,1,4.2,200,3.7,7.7,11.4,0.0
2025-01-24 05:00:00,25.99,22.43,0.0,8.5,70,0,3.3,270,8.7,12.6,13.8,0.0,0.0,0.0,0.15734649122807018,5.2,87,0,4.0,190,3.5,7.3,11.1,0.0
2025-01-24 06:00:00,25.96,22.43,0.0,7.9,72,0,5.4,260,8.5,12.4,13.8,0.0,0.0,0.0,0.1575,4.9,87,0,4.5,194,3.3,6.9,10.9,0.0
2025-01-24 07:00:00,25.9433333333333,22.425,0.0,7.8,74,0,6.8,255,8.4,12.1,13.8,0.0,0.0,0.01,0.15765350877192982,4.7,87,0,4.5,194,3.1,6.7,10.6,0.0
2025-01-24 08:00:00,25.9333333333333,22.4,0.0,9.4,70,0,7.6,256,8.6,11.9,13.8,0.0,0.0,0.03,0.15780701754385965,5.2,87,0,4.5,194,5.2,6.6,10.4,0.0
2025-01-24 09:00:00,25.92,22.3633333333333,0.0,13.3,61,0,8.6,257,9.9,11.8,13.8,0.0,0.0,0.1,0.15796052631578947,9.4,80,0,4.1,218,12.3,7.7,10.2,0.0
2025-01-24 10:00:00,25.9,22.32,0.0,16.3,56,0,6.2,283,11.8,11.8,13.8,0.0,0.0,0.19,0.1581140350877193,14.8,59,0,4.9,234,18.6,10.0,10.2,0.0
2025-01-24 11:00:00,25.8866666666667,22.3033333333333,0.0,18.3,45,0,5.9,308,13.7,11.9,13.8,0.0,0.0,0.29,0.15826754385964914,17.9,51,0,5.1,231,21.5,12.3,10.3,0.0
2025-01-24 12:00:00,25.8733333333333,22.295,0.0,19.6,41,0,6.3,319,15.4,12.1,13.8,0.0,0.0,0.35,0.15842105263157896,19.8,47,0,2.1,301,22.6,14.2,10.6,0.0
2025-01-24 13:00:00,25.8966666666667,22.2666666666667,0.0,20.4,43,0,7.4,355,16.2,12.4,13.8,0.0,0.0,0.37,0.15857456140350878,21.1,46,0,5.1,356,24.0,15.9,11.0,0.0
2025-01-24 14:00:00,25.8933333333333,22.2266666666667,0.0,20.6,43,0,9.0,7,17.1,12.7,13.8,0.0,0.0,0.36,0.1587280701754386,20.9,51,0,9.1,18,22.6,17.0,11.4,0.0
2025-01-24 15:00:00,25.9066666666667,22.195,0.0,19.9,47,0,10.3,17,17.5,13.0,13.8,0.0,0.0,0.29,0.15888157894736843,19.8,48,0,10.9,27,19.9,17.2,11.9,0.0
2025-01-24 16:00:00,25.9133333333333,22.1833333333333,0.0,18.1,53,0,8.6,32,17.2,13.3,13.8,0.0,0.0,0.19,0.15903508771929825,18.4,52,0,10.1,35,17.1,16.7,12.3,0.0
2025-01-24 17:00:00,25.92,22.18,0.0,14.9,67,0,5.1,45,16.2,13.5,13.8,0.0,0.0,0.07,0.15918859649122807,16.4,66,0,5.3,28,13.5,15.8,12.6,0.0
2025-01-24 18:00:00,25.9166666666667,22.2,0.0,13.2,66,0,2.2,38,14.5,13.7,13.8,0.0,0.0,0.02,0.1593421052631579,13.6,79,0,3.1,21,9.5,14.1,12.7,0.0
2025-01-24 19:00:00,25.91,22.2066666666667,0.0,12.6,66,0,1.8,8,13.2,13.7,13.8,0.0,0.0,0.0,0.15949561403508772,12.6,83,0,1.8,11,7.6,12.5,12.8,0.0
2025-01-24 20:00:00,25.8966666666667,22.19,0.0,11.4,69,0,2.4,320,12.2,13.6,13.8,0.0,0.0,0.0,0.15964912280701754,11.2,87,0,3.7,259,6.5,11.2,12.7,0.0
2025-01-24 21:00:00,25.8733333333333,22.17,0.0,10.9,73,0,1.9,294,11.4,13.5,13.8,0.0,0.0,0.0,0.15980263157894736,9.7,88,0,2.4,207,5.9,10.3,12.5,0.0
2025-01-24 22:00:00,25.8566666666667,22.1466666666667,0.0,9.8,80,0,5.6,277,10.8,13.3,13.8,0.0,0.0,0.0,0.15995614035087719,9.0,89,0,2.6,196,5.1,9.5,12.3,0.0
2025-01-24 23:00:00,25.8333333333333,22.14,0.0,9.5,83,0,6.0,263,10.4,13.2,13.8,0.0,0.0,0.0,0.16010964912280704,7.7,93,0,3.6,186,5.0,8.9,12.1,0.0
2025-01-25 00:00:00,25.8133333333333,22.14,0.0,9.3,80,0,6.5,262,10.1,13.0,13.8,0.0,0.0,0.0,0.16026315789473686,7.3,85,5,3.6,180,5.2,8.6,11.9,0.0
2025-01-25 01:00:00,25.7966666666667,22.14,0.0,9.2,75,0,6.4,256,9.9,13.1,13.8,0.0,0.0,0.0,0.16041666666666668,7.3,80,1,3.3,174,4.5,8.3,11.6,0.0
2025-01-25 02:00:00,25.77,22.1266666666667,0.0,8.6,70,0,4.8,265,9.6,12.9,13.8,0.0,0.0,0.0,0.1605701754385965,7.0,74,0,3.2,153,3.8,7.9,11.4,0.0
2025-01-25 03:00:00,25.75,22.09,0.0,8.3,65,0,4.8,255,9.2,12.7,13.8,0.0,0.0,0.01,0.16072368421052632,5.6,76,0,3.6,174,3.7,7.5,11.1,0.0
2025-01-25 04:00:00,25.7333333333333,22.06,0.0,8.1,63,0,4.3,231,8.9,12.5,13.8,0.0,0.0,0.01,0.16087719298245615,4.9,77,0,3.6,186,3.2,7.2,10.9,0.0
2025-01-25 05:00:00,25.7033333333333,22.0366666666667,0.0,7.6,65,0,4.5,267,8.5,12.3,13.8,0.0,0.0,0.0,0.16103070175438597,5.1,77,0,4.0,185,3.0,6.8,10.6,0.0
2025-01-25 06:00:00,25.6866666666667,22.03,0.0,7.7,62,0,6.5,240,8.3,12.1,13.8,0.0,0.0,0.01,0.1611842105263158,4.8,77,0,4.7,203,3.1,6.6,10.4,0.0
2025-01-25 07:00:00,25.67,22.03,0.0,8.0,56,0,7.4,219,8.2,11.9,13.8,0.0,0.0,0.02,0.1613377192982456,4.8,78,0,3.9,214,2.7,6.4,10.2,0.0
2025-01-25 08:00:00,25.6566666666667,22.03,0.0,9.7,57,6,6.8,235,8.4,11.7,13.8,0.0,0.0,0.04,0.16149122807017544,5.9,75,32,4.1,195,5.2,6.3,9.9,0.0
2025-01-25 09:00:00,25.6466666666667,22.025,0.0,14.2,52,5,7.3,246,9.8,11.5,13.8,0.0,0.0,0.11,0.16164473684210526,10.0,71,0,2.3,252,12.8,7.6,9.8,0.0
2025-01-25 10:00:00,25.6366666666667,21.9566666666667,0.0,17.8,48,2,5.1,243,11.8,11.6,13.8,0.0,0.0,0.2,0.16179824561403508,15.5,61,1,6.3,13,19.2,9.9,9.8,0.0
2025-01-25 11:00:00,25.62,21.9233333333333,0.0,19.7,39,11,12.6,312,13.7,11.7,13.8,0.0,0.0,0.33,0.16195175438596493,17.4,63,3,5.8,22,21.5,12.3,10.0,0.0
2025-01-25 12:00:00,25.6166666666667,21.915,0.0,19.7,39,86,9.7,319,15.2,11.9,13.8,0.0,0.0,0.36,0.16210526315789475,19.3,52,0,1.5,45,22.5,14.4,10.3,0.0
2025-01-25 13:00:00,25.6166666666667,21.9033333333333,0.0,20.4,44,4,3.9,21,16.6,12.4,13.8,0.0,0.0,0.36,0.16225877192982457,20.4,43,15,1.1,18,22.9,15.6,10.7,0.0
2025-01-25 14:00:00,25.63,21.9,0.0,20.6,50,59,10.4,19,17.5,12.7,13.8,0.0,0.0,0.35,0.1624122807017544,20.8,45,0,7.6,8,23.5,16.6,11.1,0.0
2025-01-25 15:00:00,25.64,21.91,0.0,18.7,64,7,10.7,24,17.7,13.0,13.8,0.0,0.0,0.26,0.16256578947368422,18.4,66,5,15.5,4,19.2,16.8,11.6,0.0
2025-01-25 16:00:00,25.64,21.9233333333333,0.0,17.5,75,1,9.8,1,17.4,13.3,13.8,0.0,0.0,0.16,0.16271929824561404,17.4,73,56,14.3,348,17.0,16.4,11.9,0.0
2025-01-25 17:00:00,25.6533333333333,21.9366666666667,0.0,15.9,85,73,2.5,7,16.5,13.6,13.8,0.0,0.0,0.05,0.16287280701754386,16.2,80,95,5.4,356,14.2,15.5,12.2,0.0
2025-01-25 18:00:00,25.65,21.955,0.0,14.4,90,54,5.9,153,15.3,13.7,13.8,0.0,0.0,0.02,0.16302631578947369,14.5,85,81,5.3,152,11.3,14.4,12.4,0.0
2025-01-25 19:00:00,25.67,21.95,0.0,12.4,93,67,5.6,166,14.2,13.8,13.8,0.0,0.0,0.0,0.1631798245614035,12.9,92,100,7.6,175,11.1,13.3,12.5,0.0
2025-01-25 20:00:00,25.65,21.94,0.0,11.4,94,89,5.1,198,13.4,13.8,13.9,0.0,0.0,0.0,0.16333333333333333,12.4,89,63,6.2,187,10.2,12.6,12.6,0.0
2025-01-25 21:00:00,25.6433333333333,21.9166666666667,0.0,11.0,94,60,6.6,210,12.7,13.7,13.9,0.0,0.0,0.0,0.16348684210526315,11.7,87,16,4.8,207,9.2,12.0,12.5,0.0
2025-01-25 22:00:00,25.6266666666667,21.8933333333333,0.0,10.6,93,99,5.7,202,12.2,13.6,13.9,0.0,0.0,0.0,0.16364035087719297,10.0,93,52,3.6,217,8.0,11.3,12.5,0.0
2025-01-25 23:00:00,25.6066666666667,21.8733333333333,0.0,10.9,93,100,5.0,213,11.9,13.5,13.9,0.0,0.0,0.0,0.16379385964912282,9.2,92,37,1.8,191,6.9,10.6,12.4,0.0
2025-01-26 00:00:00,25.6033333333333,21.8633333333333,0.0,11.0,93,100,4.9,208,11.8,13.4,13.9,0.0,0.0,0.0,0.16394736842105265,9.3,88,100,3.3,167,8.2,10.1,12.2,0.0
2025-01-26 01:00:00,25.5833333333333,21.86,0.0,11.1,83,92,2.2,90,12.5,13.6,13.9,0.0,0.0,0.0,0.16410087719298247,9.1,89,65,3.8,163,7.3,9.9,12.1,0.0
2025-01-26 02:00:00,25.5633333333333,21.86,0.0,11.5,77,47,1.8,72,12.0,13.5,13.9,0.0,0.0,0.0,0.1642543859649123,8.2,93,31,3.9,202,6.6,9.6,11.9,0.0
2025-01-26 03:00:00,25.56,21.86,0.0,10.9,74,0,1.1,133,11.3,13.4,13.9,0.0,0.0,0.0,0.16440789473684211,6.9,94,10,4.5,194,5.7,9.0,11.7,0.0
2025-01-26 04:00:00,25.55,21.86,0.0,10.2,76,0,2.2,140,10.7,13.3,13.9,0.0,0.0,0.0,0.16456140350877194,6.4,95,30,4.7,184,5.5,8.7,11.5,0.0
2025-01-26 05:00:00,25.5333333333333,21.86,0.0,10.5,72,0,1.7,122,10.3,13.1,13.9,0.0,0.0,0.0,0.16471491228070176,5.8,96,41,3.6,217,4.9,8.4,11.3,0.0
2025-01-26 06:00:00,25.5166666666667,21.84,0.0,9.6,77,2,4.6,263,9.9,13.0,13.9,0.0,0.0,0.0,0.16486842105263158,5.7,96,43,4.3,228,4.6,8.1,11.2,0.0
2025-01-26 07:00:00,25.49,21.81,0.0,9.1,80,8,5.6,217,9.7,12.8,13.9,0.0,0.0,0.0,0.1650219298245614,6.0,93,9,4.7,203,4.6,7.8,11.0,0.0
2025-01-26 08:00:00,25.4733333333333,21.7833333333333,0.0,9.7,80,3,5.2,247,9.7,12.6,13.9,0.0,0.0,0.02,0.16517543859649123,6.8,90,2,4.1,195,6.8,7.7,10.8,0.0
2025-01-26 09:00:00,25.4466666666667,21.7666666666667,0.0,14.2,69,0,7.1,233,10.9,12.5,13.9,0.0,0.0,0.09,0.16532894736842105,10.5,84,3,2.4,207,13.7,8.8,10.6,0.0
2025-01-26 10:00:00,25.4433333333333,21.7533333333333,0.0,17.2,59,39,4.8,310,12.8,12.5,13.9,0.0,0.0,0.19,0.16548245614035087,15.4,67,4,2.4,243,19.3,10.9,10.6,0.0
2025-01-26 11:00:00,25.43,21.75,0.0,19.1,52,55,3.7,331,14.7,12.6,13.9,0.0,0.0,0.28,0.16563596491228072,18.5,58,100,2.7,247,21.7,13.2,10.8,0.0
2025-01-26 12:00:00,25.4233333333333,21.7433333333333,0.0,20.9,47,57,5.9,317,16.4,12.8,13.9,0.0,0.0,0.36,0.16578947368421054,19.8,53,100,1.9,248,22.3,14.9,11.1,0.0
2025-01-26 13:00:00,25.4266666666667,21.7266666666667,0.0,22.2,44,98,4.4,309,17.5,13.1,13.9,0.0,0.0,0.36,0.16594298245614036,21.3,51,8,2.5,270,24.6,16.3,11.5,0.0
2025-01-26 14:00:00,25.43,21.7133333333333,0.0,23.5,37,86,5.9,294,18.5,13.4,13.9,0.0,0.0,0.35,0.1660964912280702,24.2,34,100,8.7,253,24.8,17.7,11.9,0.0
2025-01-26 15:00:00,25.45,21.71,0.0,22.2,47,100,9.4,352,18.9,13.7,13.9,0.0,0.0,0.31,0.16625,23.3,43,100,10.1,305,21.7,18.1,12.4,0.0
2025-01-26 16:00:00,25.4733333333333,21.7033333333333,0.0,18.8,61,100,10.6,36,18.3,14.0,13.9,0.0,0.0,0.17,0.16640350877192983,18.9,67,100,14.0,23,17.5,17.5,12.8,0.0
2025-01-26 17:00:00,25.4766666666667,21.7,0.0,15.9,70,100,8.2,72,17.3,14.3,13.9,0.0,0.0,0.08,0.16655701754385965,17.0,69,100,7.9,30,14.9,16.4,13.1,0.0
2025-01-26 18:00:00,25.48,21.7,0.0,13.3,80,100,3.5,30,15.7,14.4,13.9,0.0,0.0,0.02,0.16671052631578948,14.6,82,6,6.2,350,11.9,15.1,13.3,0.0
2025-01-26 19:00:00,25.47,21.7,0.0,12.1,86,100,1.8,360,14.4,14.4,14.0,0.0,0.0,0.0,0.1668640350877193,13.2,89,24,2.2,360,10.2,13.7,13.4,0.0
2025-01-26 20:00:00,25.4766666666667,21.7,0.0,11.7,87,100,1.1,114,13.4,14.4,14.0,0.0,0.0,0.0,0.16701754385964912,12.1,92,100,4.5,151,10.7,12.7,13.3,0.0
2025-01-26 21:00:00,25.46,21.7,0.0,12.0,82,100,2.1,204,12.7,14.3,14.0,0.0,0.0,0.0,0.16717105263157894,11.2,95,100,2.2,171,9.2,12.1,13.2,0.0
2025-01-26 22:00:00,25.44,21.6933333333333,0.0,11.7,77,94,4.7,225,12.2,14.2,14.0,0.0,0.0,0.0,0.16732456140350876,11.0,95,38,1.8,180,7.6,11.4,13.1,0.0
2025-01-26 23:00:00,25.43,21.6766666666667,0.0,11.0,70,57,5.3,227,11.6,14.0,14.0,0.0,0.0,0.01,0.16747807017543861,11.1,87,8,1.3,146,6.6,10.6,12.9,0.0
2025-01-27 00:00:00,25.4133333333333,21.6466666666667,0.0,10.9,65,95,6.5,220,11.1,13.8,14.0,0.0,0.0,0.01,0.16763157894736844,10.0,90,32,2.1,211,6.0,10.0,12.7,0.0
2025-01-27 01:00:00,25.3866666666667,21.62,0.0,11.1,70,99,6.6,221,10.6,13.7,14.0,0.0,0.0,0.01,0.16778508771929826,9.5,87,40,1.4,180,5.6,9.5,12.5,0.0
2025-01-27 02:00:00,25.3766666666667,21.6066666666667,0.0,12.9,64,84,9.8,218,10.6,13.6,14.0,0.0,0.0,0.03,0.16793859649122808,9.2,80,20,3.4,162,5.7,9.0,12.2,0.0
2025-01-27 03:00:00,25.3633333333333,21.5933333333333,0.0,16.3,56,99,17.6,217,11.2,13.4,14.0,0.0,0.0,0.08,0.1680921052631579,8.9,77,25,3.9,214,6.4,9.1,12.0,0.0
2025-01-27 04:00:00,25.3433333333333,21.59,0.0,17.7,52,94,23.6,219,12.1,13.3,14.0,0.0,0.0,0.12,0.16824561403508773,9.2,81,27,5.6,225,7.1,9.0,11.8,0.0
2025-01-27 05:00:00,25.33,21.5933333333333,0.0,18.0,49,97,23.8,220,12.9,13.3,14.0,0.0,0.0,0.13,0.16839912280701755,11.2,81,99,9.0,233,8.9,9.2,11.6,0.0
2025-01-27 06:00:00,25.3133333333333,21.5966666666667,0.0,18.1,45,99,22.2,220,13.4,13.3,14.0,0.0,0.0,0.14,0.16855263157894737,13.1,74,96,10.7,237,10.3,9.9,11.5,0.0
2025-01-27 07:00:00,25.3,21.59,0.0,18.1,42,99,20.9,221,13.7,13.3,14.0,0.0,0.0,0.14,0.1687061403508772,14.1,69,100,11.1,241,11.2,10.5,11.4,0.0
2025-01-27 08:00:00,25.2933333333333,21.5766666666667,0.0,18.1,43,86,20.9,222,14.0,13.4,14.0,0.0,0.0,0.15,0.16885964912280702,15.0,67,100,12.4,244,13.0,11.0,11.4,0.0
2025-01-27 09:00:00,25.2866666666667,21.53,0.0,19.7,40,98,20.4,225,14.6,13.4,14.0,0.0,0.0,0.21,0.16901315789473684,17.5,62,100,12.4,244,16.8,12.2,11.4,0.0
2025-01-27 10:00:00,25.28,21.49,0.0,21.5,35,74,23.3,227,15.6,13.6,14.0,0.0,0.0,0.32,0.16916666666666666,20.3,52,100,16.5,247,20.3,13.6,11.6,0.0
2025-01-27 11:00:00,25.28,21.47,0.0,23.2,32,38,26.0,225,16.9,13.7,14.0,0.0,0.0,0.43,0.1693201754385965,22.9,37,62,25.0,242,23.1,15.3,11.9,0.0
2025-01-27 12:00:00,25.2833333333333,21.46,0.0,24.7,29,27,26.5,226,18.1,14.0,14.0,0.0,0.0,0.5,0.16947368421052633,25.0,29,100,33.2,230,25.4,17.2,12.3,0.0
2025-01-27 13:00:00,25.3,21.4533333333333,0.0,25.9,26,67,25.9,231,19.9,14.4,14.1,0.0,0.0,0.54,0.16962719298245615,25.6,27,100,35.2,233,25.6,18.3,12.7,0.0
2025-01-27 14:00:00,25.3266666666667,21.4466666666667,0.0,27.0,22,87,29.7,228,20.5,14.8,14.1,0.0,0.0,0.57,0.16978070175438598,26.3,27,94,35.9,232,25.8,19.1,13.2,0.0
2025-01-27 15:00:00,25.33,21.445,0.0,26.5,24,88,21.6,246,20.7,15.1,14.1,0.0,0.0,0.46,0.1699342105263158,26.6,28,25,28.9,274,25.4,19.8,13.6,0.0
2025-01-27 16:00:00,25.3533333333333,21.4566666666667,0.0,24.4,30,67,10.3,262,20.4,15.4,14.1,0.0,0.0,0.26,0.17008771929824562,23.6,44,35,14.0,316,21.5,19.5,14.1,0.0
2025-01-27 17:00:00,25.37,21.48,0.0,20.9,44,17,6.6,264,19.3,15.6,14.1,0.0,0.0,0.11,0.17024122807017544,22.1,45,65,12.1,293,18.1,18.7,14.4,0.0
2025-01-27 18:00:00,25.3733333333333,21.5,0.0,18.9,39,41,4.5,254,17.6,15.8,14.1,0.0,0.0,0.05,0.17039473684210527,20.8,44,100,14.1,264,17.3,17.8,14.7,0.0
2025-01-27 19:00:00,25.3833333333333,21.5,0.0,17.8,40,47,8.6,244,16.4,15.8,14.2,0.0,0.0,0.06,0.1705482456140351,19.4,52,16,15.7,261,16.4,16.9,14.8,0.0
2025-01-27 20:00:00,25.3633333333333,21.49,0.0,19.6,42,19,15.1,225,16.1,15.8,14.2,0.0,0.0,0.11,0.1707017543859649,19.0,56,3,18.3,254,16.6,16.4,14.9,0.0
2025-01-27 21:00:00,25.3666666666667,21.4666666666667,0.0,19.5,55,37,19.1,222,16.2,15.8,14.2,0.0,0.0,0.1,0.17085526315789473,19.8,54,36,24.6,238,17.7,16.5,14.9,0.0
2025-01-27 22:00:00,25.34,21.45,0.0,19.6,59,28,18.5,228,16.3,15.8,14.2,0.0,0.0,0.09,0.17100877192982455,19.4,56,22,23.0,235,17.3,16.4,15.0,0.0
2025-01-27 23:00:00,25.3333333333333,21.44,0.0,17.1,73,100,10.6,294,16.1,15.8,14.2,0.1,0.1,0.03,0.1711622807017544,17.5,67,78,14.4,307,15.3,16.1,15.0,0.0
2025-01-28 00:00:00,25.3233333333333,21.43,0.0,16.3,82,100,9.0,289,15.8,15.8,14.2,0.3,0.3,0.01,0.17131578947368423,17.0,69,51,13.4,290,14.7,15.8,15.0,0.0
2025-01-28 01:00:00,25.3133333333333,21.43,0.0,16.9,77,100,11.4,274,16.9,16.0,14.2,0.1,0.1,0.02,0.17146929824561405,16.6,78,93,14.4,274,15.5,15.4,15.0,0.0
2025-01-28 02:00:00,25.3,21.43,0.0,16.9,72,100,11.8,263,16.5,16.0,14.3,0.0,0.0,0.03,0.17162280701754387,16.8,67,100,16.7,276,15.9,15.4,15.0,0.0
2025-01-28 03:00:00,25.2933333333333,21.43,0.0,16.4,73,100,10.2,257,16.2,16.0,14.3,0.1,0.1,0.02,0.1717763157894737,16.7,68,95,18.1,276,15.8,15.4,14.9,0.0
2025-01-28 04:00:00,25.2666666666667,21.43,0.0,15.9,77,100,10.4,255,15.9,15.9,14.3,0.1,0.1,0.02,0.17192982456140352,16.3,66,97,18.1,277,15.4,15.4,14.9,0.0
2025-01-28 05:00:00,25.2466666666667,21.43,0.0,15.6,78,100,10.7,257,15.6,15.9,14.3,0.2,0.2,0.02,0.17208333333333334,16.1,59,93,14.4,266,14.9,15.3,14.9,0.0
2025-01-28 06:00:00,25.2433333333333,21.43,0.0,15.2,78,100,11.1,237,15.1,15.8,14.3,0.3,0.3,0.02,0.17223684210526316,15.5,62,87,13.5,254,14.3,15.0,14.8,0.0
2025-01-28 07:00:00,25.2433333333333,21.43,0.0,14.8,76,83,12.4,220,14.7,15.7,14.3,0.1,0.1,0.02,0.17239035087719298,14.9,63,76,12.2,246,13.5,14.7,14.8,0.0
2025-01-28 08:00:00,25.2333333333333,21.43,0.0,14.5,75,34,14.3,216,14.4,15.6,14.4,0.0,0.0,0.05,0.1725438596491228,14.3,70,70,11.5,224,13.5,14.3,14.8,0.0
2025-01-28 09:00:00,25.2266666666667,21.43,0.0,15.6,65,59,11.4,227,14.7,15.5,14.4,0.0,0.0,0.11,0.17269736842105263,15.8,67,75,15.6,230,16.7,14.6,14.7,0.0
2025-01-28 10:00:00,25.21,21.4333333333333,0.0,16.9,61,36,8.1,261,15.6,15.5,14.4,0.0,0.0,0.16,0.17285087719298245,16.9,60,62,17.1,255,19.2,15.3,14.7,0.0
2025-01-28 11:00:00,25.2066666666667,21.43,0.0,18.1,59,1,8.6,274,16.8,15.5,14.4,0.1,0.1,0.25,0.1730043859649123,18.2,58,46,18.4,268,21.1,16.4,14.7,0.0
2025-01-28 12:00:00,25.21,21.43,0.0,19.8,52,2,11.8,259,18.1,15.6,14.4,0.0,0.0,0.35,0.17315789473684212,19.0,57,59,13.7,267,22.8,17.3,14.9,0.0
2025-01-28 13:00:00,25.21,21.4266666666667,0.0,21.4,41,4,13.0,281,19.6,15.7,14.4,0.0,0.0,0.4,0.17331140350877194,20.3,41,72,22.3,291,21.9,18.2,15.1,0.0
2025-01-28 14:00:00,25.22,21.42,0.0,20.9,39,48,22.7,312,19.9,15.9,14.4,0.0,0.0,0.39,0.17346491228070177,19.1,51,74,27.0,315,20.0,18.5,15.3,0.0
2025-01-28 15:00:00,25.2433333333333,21.42,0.0,16.9,66,61,26.4,304,19.2,16.1,14.4,0.0,0.0,0.2,0.1736184210526316,17.7,60,71,36.9,302,17.2,18.2,15.4,0.0
2025-01-28 16:00:00,25.24,21.42,0.0,16.8,66,9,20.2,299,18.6,16.2,14.5,0.0,0.0,0.16,0.1737719298245614,17.2,57,64,29.3,296,16.8,17.4,15.6,0.0
2025-01-28 17:00:00,25.26,21.42,0.0,16.1,62,15,15.6,292,17.8,16.3,14.5,0.0,0.0,0.11,0.17392543859649123,16.6,54,84,18.8,282,15.5,16.8,15.7,0.0
2025-01-28 18:00:00,25.2566666666667,21.4133333333333,0.0,15.1,63,9,11.5,266,16.8,16.3,14.5,0.0,0.0,0.06,0.17407894736842106,15.5,61,55,11.8,247,13.6,16.1,15.7,0.0
2025-01-28 19:00:00,25.24,21.41,0.0,14.6,64,5,13.0,248,16.0,16.3,14.5,0.0,0.0,0.04,0.17423245614035088,14.3,67,67,11.0,218,12.7,15.3,15.6,0.0
2025-01-28 20:00:00,25.23,21.41,0.0,14.0,62,10,9.8,249,15.3,16.2,14.5,0.0,0.0,0.04,0.1743859649122807,13.6,75,58,9.5,233,11.9,14.6,15.5,0.0
2025-01-28 21:00:00,25.2233333333333,21.41,0.0,13.0,64,23,7.9,259,14.5,16.1,14.5,0.0,0.0,0.02,0.17453947368421052,12.8,74,28,6.2,234,10.5,13.8,15.3,0.0
2025-01-28 22:00:00,25.2133333333333,21.41,0.0,12.9,65,3,9.1,276,13.9,16.0,14.6,0.0,0.0,0.03,0.17469298245614034,12.2,76,31,5.6,225,10.1,13.2,15.1,0.0
2025-01-28 23:00:00,25.1866666666667,21.4033333333333,0.0,11.7,73,4,7.2,282,13.2,15.8,14.6,0.0,0.0,0.01,0.1748464912280702,11.5,81,42,5.2,205,9.7,12.7,14.8,0.0
2025-01-29 00:00:00,25.1866666666667,21.3766666666667,0.0,11.3,76,19,4.0,263,12.5,15.6,14.6,0.0,0.0,0.0,0.17500000000000002,11.1,83,59,6.9,189,9.8,12.4,14.6,0.0
2025-01-29 01:00:00,25.1566666666667,21.3433333333333,0.0,12.1,69,32,7.4,222,13.0,15.5,14.6,0.0,0.0,0.01,0.17515350877192984,11.4,83,54,7.5,197,10.3,12.2,14.4,0.0
2025-01-29 02:00:00,25.1466666666667,21.3266666666667,0.0,11.9,71,28,9.4,224,12.8,15.3,14.6,0.0,0.0,0.02,0.17530701754385966,11.6,82,63,7.2,207,10.4,12.1,14.2,0.0
2025-01-29 03:00:00,25.14,21.3133333333333,0.0,11.8,72,51,9.6,235,12.6,15.1,14.6,0.0,0.0,0.02,0.17546052631578948,11.4,82,60,7.8,202,10.2,12.0,14.0,0.0
2025-01-29 04:00:00,25.1133333333333,21.3033333333333,0.0,11.9,74,38,10.8,229,12.5,15.0,14.6,0.0,0.0,0.02,0.1756140350877193,11.4,83,46,8.4,200,10.0,11.9,13.8,0.0
2025-01-29 05:00:00,25.1066666666667,21.31,0.0,11.0,79,99,11.1,229,12.2,14.8,14.6,0.0,0.0,0.01,0.17576754385964913,11.1,83,59,8.0,207,9.6,11.7,13.6,0.0
2025-01-29 06:00:00,25.0866666666667,21.31,0.0,10.6,81,67,10.4,227,12.0,14.7,14.6,0.0,0.0,0.01,0.17592105263157895,11.0,81,98,7.6,205,9.3,11.6,13.5,0.0
2025-01-29 07:00:00,25.0766666666667,21.31,0.0,9.7,85,99,7.4,215,11.6,14.5,14.6,0.0,0.0,0.0,0.17607456140350877,9.9,87,29,6.2,201,7.9,11.2,13.3,0.0
2025-01-29 08:00:00,25.0566666666667,21.27,0.0,10.4,83,63,6.1,212,11.4,14.3,14.6,0.0,0.0,0.02,0.1762280701754386,9.1,90,92,5.2,214,9.1,10.7,13.1,0.0
2025-01-29 09:00:00,25.05,21.4633333333333,0.0,13.6,72,69,4.9,225,12.4,14.2,14.6,0.0,0.0,0.08,0.17638157894736842,11.6,83,100,4.5,241,14.2,11.4,13.0,0.0
2025-01-29 10:00:00,25.0266666666667,23.1433333333333,0.0,15.6,62,78,7.2,241,13.8,14.1,14.7,0.0,0.0,0.18,0.17653508771929824,14.8,69,5,10.2,262,19.2,12.9,12.9,0.0
2025-01-29 11:00:00,25.0266666666667,24.0566666666667,0.0,17.6,53,3,10.2,237,15.4,14.2,14.7,0.0,0.0,0.29,0.1766885964912281,16.5,63,63,11.9,256,19.8,14.8,13.1,0.0
2025-01-29 12:00:00,25.0266666666667,24.2966666666667,0.0,19.4,43,31,11.4,245,16.9,14.3,14.7,0.0,0.0,0.37,0.1768421052631579,18.3,59,54,10.8,274,23.0,16.3,13.3,0.0
2025-01-29 13:00:00,25.0333333333333,24.34,0.0,20.5,39,99,11.0,275,17.9,14.5,14.7,0.0,0.0,0.4,0.17699561403508773,19.8,49,93,12.1,300,23.8,17.6,13.6,0.0
2025-01-29 14:00:00,25.05,24.3266666666667,0.0,19.0,50,100,11.8,342,18.5,14.7,14.7,0.0,0.0,0.33,0.17714912280701756,17.6,61,100,18.2,346,18.3,18.0,14.0,0.0
2025-01-29 15:00:00,25.07,24.2433333333333,0.0,16.4,66,100,12.6,18,18.2,14.9,14.7,0.0,0.0,0.2,0.17730263157894738,16.4,66,100,11.3,17,17.8,17.4,14.3,0.0
2025-01-29 16:00:00,25.0866666666667,24.2066666666667,0.0,15.1,71,100,9.8,31,17.6,15.1,14.7,0.0,0.0,0.13,0.1774561403508772,15.8,68,100,10.4,2,15.8,16.7,14.5,0.0
2025-01-29 17:00:00,25.1033333333333,24.13,0.0,14.2,77,100,3.9,27,16.7,15.2,14.7,0.0,0.0,0.05,0.17760964912280702,15.0,71,100,6.0,25,13.9,15.8,14.6,0.0
2025-01-29 18:00:00,25.1233333333333,24.0666666666667,0.0,13.0,84,100,2.8,34,15.6,15.2,14.7,0.0,0.0,0.02,0.17776315789473685,13.6,77,100,3.4,58,11.9,14.7,14.6,0.0
2025-01-29 19:00:00,25.13,24.0066666666667,0.0,12.2,87,100,3.1,52,14.6,15.2,14.7,0.0,0.0,0.0,0.17791666666666667,12.8,80,100,3.9,68,11.3,13.9,14.6,0.0
2025-01-29 20:00:00,25.14,23.93,0.0,11.8,90,100,4.9,130,14.1,15.2,14.7,0.0,0.0,0.0,0.1780701754385965,12.2,80,100,4.0,100,10.6,13.3,14.5,0.0
2025-01-29 21:00:00,25.1566666666667,23.9033333333333,0.0,11.5,92,100,3.5,219,13.6,15.1,14.7,0.0,0.0,0.0,0.1782236842105263,11.6,81,100,2.1,59,9.8,12.7,14.3,0.0
2025-01-29 22:00:00,25.17,23.8166666666667,0.0,13.8,68,100,14.1,232,13.4,15.0,14.7,0.0,0.0,0.04,0.17837719298245613,11.0,89,100,1.8,79,9.5,12.3,14.1,0.0
2025-01-29 23:00:00,25.1833333333333,23.78,0.0,16.2,48,100,27.9,227,13.7,14.9,14.7,0.0,0.0,0.14,0.17853070175438598,11.6,84,100,0.5,45,8.5,11.9,14.0,0.0
2025-01-30 00:00:00,25.19,23.7433333333333,0.0,14.6,62,99,28.1,224,14.0,14.8,14.7,0.4,0.4,0.09,0.1786842105263158,13.6,59,98,12.4,248,12.2,12.1,13.8,0.0
2025-01-30 01:00:00,25.2066666666667,23.67,0.0,14.7,62,98,24.0,233,15.1,14.9,14.7,0.0,0.0,0.08,0.17883771929824563,14.6,63,81,19.5,236,13.3,12.6,13.7,0.0
2025-01-30 02:00:00,25.2233333333333,23.64,0.0,13.3,76,96,13.3,261,14.5,14.9,14.8,0.5,0.5,0.02,0.17899122807017545,13.6,79,100,20.8,304,12.8,13.0,13.6,0.4
2025-01-30 03:00:00,25.23,23.6366666666667,0.0,12.0,87,100,4.2,283,13.7,14.8,14.8,0.3,0.3,0.0,0.17914473684210527,12.4,85,99,11.1,241,11.7,13.0,13.6,1.1
2025-01-30 04:00:00,25.25,23.59,0.0,12.0,91,100,6.3,223,13.2,14.7,14.8,1.0,1.0,0.0,0.1792982456140351,12.0,89,71,9.9,213,11.0,12.7,13.6,0.1
2025-01-30 05:00:00,25.26,23.5366666666667,0.0,12.1,89,100,3.4,227,12.9,14.6,14.8,0.5,0.5,0.0,0.17945175438596492,11.5,85,79,10.0,229,10.6,12.3,13.5,0.0
2025-01-30 06:00:00,25.2733333333333,23.51,0.0,10.9,92,62,5.2,230,12.4,14.5,14.8,6.5,6.5,0.0,0.17960526315789474,11.0,87,86,7.9,240,10.3,11.9,13.4,0.0
2025-01-30 07:00:00,25.29,23.5,0.0,10.5,89,99,3.0,276,12.1,14.4,14.8,5.1,5.1,0.0,0.17975877192982456,10.4,92,83,7.7,208,9.8,11.5,13.2,0.0
2025-01-30 08:00:00,25.3033333333333,23.5,0.0,10.6,88,56,10.3,224,11.9,14.2,14.8,2.4,2.4,0.03,0.17991228070175438,10.5,93,85,6.4,218,10.6,11.4,13.1,0.0
2025-01-30 09:00:00,25.3166666666667,23.48,0.0,11.7,82,56,11.1,233,12.1,14.1,14.8,0.1,0.1,0.07,0.1800657894736842,11.2,88,91,10.2,252,12.3,11.7,13.0,0.0
2025-01-30 10:00:00,25.3233333333333,23.45,0.0,11.3,76,84,19.6,252,12.5,14.0,14.8,1.6,1.6,0.13,0.18021929824561403,11.8,83,81,15.2,248,13.2,12.3,12.9,0.0
2025-01-30 11:00:00,25.3466666666667,23.4166666666667,0.0,13.2,64,21,19.9,253,13.1,13.9,14.8,0.0,0.0,0.19,0.18037280701754388,12.6,76,97,20.2,248,14.3,13.0,12.9,0.0
2025-01-30 12:00:00,25.3466666666667,23.4,0.0,13.8,62,25,22.7,264,14.0,13.9,14.8,0.1,0.1,0.24,0.1805263157894737,13.1,72,95,22.7,259,13.9,13.3,13.0,0.0
2025-01-30 13:00:00,25.36,23.3933333333333,0.0,14.2,54,55,21.5,263,13.9,13.8,14.8,1.2,1.2,0.23,0.18067982456140352,13.8,65,76,23.5,276,15.3,13.9,13.1,0.0
2025-01-30 14:00:00,25.3766666666667,23.39,0.0,14.4,52,54,22.7,283,14.4,13.8,14.8,0.0,0.0,0.24,0.18083333333333335,13.6,69,71,23.6,289,15.3,14.2,13.2,0.0
2025-01-30 15:00:00,25.4066666666667,23.3833333333333,0.0,13.7,58,56,22.3,293,14.6,13.9,14.8,0.2,0.2,0.2,0.18098684210526317,14.0,66,80,24.3,297,14.8,14.3,13.3,0.0
2025-01-30 16:00:00,25.4233333333333,23.38,0.0,13.5,64,32,17.7,289,14.1,13.9,14.8,0.2,0.2,0.14,0.181140350877193,14.2,61,54,22.6,301,13.8,14.1,13.4,0.0
2025-01-30 17:00:00,25.44,23.37,0.0,13.0,63,29,12.6,284,13.7,13.9,14.8,0.1,0.1,0.09,0.1812938596491228,13.7,62,54,18.0,296,12.5,13.8,13.4,0.0
2025-01-30 18:00:00,25.46,23.3666666666667,0.0,11.8,67,48,8.6,280,12.8,13.9,14.8,0.2,0.2,0.04,0.18144736842105263,12.6,66,24,11.5,272,10.9,13.2,13.5,0.0
2025-01-30 19:00:00,25.4733333333333,23.36,0.0,10.6,79,43,7.2,247,12.0,13.8,14.8,1.0,1.0,0.0,0.18160087719298246,11.3,75,69,7.3,200,9.7,12.4,13.4,0.0
2025-01-30 20:00:00,25.4733333333333,23.36,0.0,9.9,86,25,9.1,208,11.3,13.7,14.8,1.0,1.0,0.0,0.18175438596491228,10.4,78,100,6.5,180,9.1,11.6,13.3,0.0
2025-01-30 21:00:00,25.4733333333333,23.35,0.0,9.4,90,40,11.6,194,10.8,13.5,14.8,0.0,0.0,0.0,0.1819078947368421,9.9,76,29,9.2,191,8.4,11.0,13.1,0.0
2025-01-30 22:00:00,25.48,23.3066666666667,0.0,9.4,84,22,12.3,216,10.5,13.3,14.8,0.0,0.0,0.01,0.18206140350877192,9.7,79,18,9.9,199,8.2,10.6,12.9,0.0
2025-01-30 23:00:00,25.4766666666667,23.27,0.0,9.6,80,71,14.1,208,10.2,13.1,14.8,0.0,0.0,0.02,0.18221491228070177,9.6,83,62,9.9,199,8.1,10.3,12.7,0.0
2025-01-31 00:00:00,25.47,23.24,0.0,9.3,78,83,7.2,211,10.1,13.0,14.7,0.0,0.0,0.0,0.1823684210526316,9.8,79,53,10.3,209,8.5,10.1,12.6,0.0
2025-01-31 01:00:00,25.47,23.23,0.0,9.3,89,93,4.5,189,11.5,13.3,14.8,3.0,3.0,0.0,0.18252192982456142,9.8,77,40,10.9,214,8.4,10.0,12.4,0.0
2025-01-31 02:00:00,25.47,23.23,0.0,8.6,96,97,7.7,144,10.9,13.2,14.8,1.2,1.2,0.0,0.18267543859649124,9.6,75,41,8.9,207,7.9,9.9,12.2,0.0
2025-01-31 03:00:00,25.4733333333333,23.2266666666667,0.0,8.4,88,11,13.9,200,10.3,13.0,14.8,0.1,0.1,0.0,0.18282894736842106,9.2,74,64,8.9,194,7.6,9.6,12.1,0.0
2025-01-31 04:00:00,25.4766666666667,23.2066666666667,0.0,8.1,87,4,9.8,221,9.8,12.8,14.7,0.0,0.0,0.0,0.18298245614035089,9.3,73,91,9.8,204,8.1,9.5,11.9,0.0
2025-01-31 05:00:00,25.4666666666667,23.1633333333333,0.0,7.8,82,22,12.2,220,9.3,12.6,14.7,0.0,0.0,0.01,0.1831359649122807,9.6,71,100,10.0,210,8.6,9.6,11.7,0.0
2025-01-31 06:00:00,25.4666666666667,23.1366666666667,0.0,7.6,81,58,12.4,215,9.0,12.4,14.7,0.0,0.0,0.01,0.18328947368421053,9.7,67,72,7.6,205,8.2,9.7,11.6,0.0
2025-01-31 07:00:00,25.4833333333333,23.1166666666667,0.0,7.8,79,93,9.4,209,8.8,12.2,14.7,0.1,0.1,0.01,0.18344298245614035,9.2,75,100,5.4,82,8.3,9.6,11.5,0.0
2025-01-31 08:00:00,25.4833333333333,23.1033333333333,0.0,7.7,91,100,10.6,101,8.9,12.0,14.7,4.8,4.8,0.02,0.18359649122807017,8.9,89,94,4.6,141,9.2,9.6,11.4,0.2
2025-01-31 09:00:00,25.4866666666667,23.1,0.0,9.1,90,94,11.7,203,9.4,11.9,14.7,5.1,5.1,0.04,0.18375,10.2,84,77,6.6,189,11.2,10.1,11.4,0.1
2025-01-31 10:00:00,25.5066666666667,23.1933333333333,0.0,10.9,79,21,14.1,223,10.3,11.8,14.7,0.1,0.1,0.1,0.18390350877192982,11.4,76,41,12.2,227,13.7,11.0,11.4,0.0
2025-01-31 11:00:00,25.5233333333333,25.36,0.0,11.9,72,63,12.3,239,11.2,11.8,14.7,0.0,0.0,0.15,0.18405701754385967,12.7,75,33,12.1,233,16.4,12.2,11.4,0.0
2025-01-31 12:00:00,26.1133333333333,26.1466666666667,0.0,13.1,63,63,11.8,260,12.4,11.8,14.7,0.0,0.0,0.22,0.1842105263157895,13.3,75,71,10.2,260,16.5,13.2,11.6,0.0
2025-01-31 13:00:00,27.4333333333333,26.2133333333333,0.0,14.7,57,6,6.0,300,13.5,12.0,14.6,0.0,0.0,0.32,0.1843640350877193,13.4,80,80,6.1,273,16.9,14.1,11.9,0.0
2025-01-31 14:00:00,27.9266666666667,26.16,0.0,15.0,55,5,6.8,340,14.7,12.2,14.6,0.0,0.0,0.3,0.18451754385964914,13.2,78,78,4.0,270,16.2,14.5,12.2,0.0
2025-01-31 15:00:00,28.0866666666667,26.0466666666667,0.0,14.7,56,10,10.0,349,15.1,12.5,14.6,0.0,0.0,0.24,0.18467105263157896,13.5,78,84,5.5,337,16.1,14.9,12.5,0.0
2025-01-31 16:00:00,28.1333333333333,25.9366666666667,0.0,13.7,62,25,11.3,357,14.7,12.7,14.6,0.0,0.0,0.15,0.18482456140350878,12.9,78,81,6.8,360,14.0,14.6,12.7,0.0
2025-01-31 17:00:00,28.17,25.84,0.0,12.4,71,29,5.8,24,14.0,12.9,14.6,0.0,0.0,0.07,0.1849780701754386,12.7,78,53,2.6,16,12.2,13.9,12.9,0.0
2025-01-31 18:00:00,28.1766666666667,25.7766666666667,0.0,10.2,79,28,2.5,34,12.7,12.9,14.6,0.1,0.1,0.01,0.18513157894736842,11.8,83,57,2.6,164,10.3,13.0,13.0,0.0
2025-01-31 19:00:00,28.1833333333333,25.6833333333333,0.0,9.2,84,43,2.5,225,11.6,12.9,14.6,0.0,0.0,0.0,0.18528508771929825,10.5,91,69,4.0,185,9.7,12.1,12.9,0.0
2025-01-31 20:00:00,28.1833333333333,25.6466666666667,0.0,8.7,83,70,3.1,280,10.9,12.8,14.6,0.2,0.2,0.0,0.18543859649122807,9.9,95,82,3.6,180,9.7,11.5,12.9,0.0
2025-01-31 21:00:00,28.2,25.64,0.0,9.0,88,59,6.2,235,10.6,12.7,14.6,0.1,0.1,0.0,0.1855921052631579,9.5,96,78,4.0,175,9.5,11.1,12.7,0.0
2025-01-31 22:00:00,28.2366666666667,25.6766666666667,0.0,8.9,92,63,8.5,205,10.4,12.6,14.6,0.1,0.1,0.0,0.1857456140350877,9.3,96,84,5.1,188,9.0,10.8,12.6,0.0
2025-01-31 23:00:00,28.3533333333333,25.8766666666667,0.0,8.5,92,96,6.5,207,10.1,12.4,14.6,0.2,0.2,0.0,0.18589912280701756,9.3,96,87,5.0,201,8.9,10.6,12.5,0.0
2025-02-01 00:00:00,28.4366666666667,25.93,0.0,8.8,92,28,7.9,218,9.9,12.3,14.6,0.2,0.2,0.0,0.1860526315789474,9.0,97,92,3.9,202,8.7,10.4,12.3,0.0
2025-02-01 01:00:00,28.4766666666667,25.93,0.0,9.5,93,43,8.2,225,10.9,12.4,14.6,0.0,0.0,0.0,0.1862061403508772,9.1,95,79,4.7,203,9.0,10.3,12.1,0.0
2025-02-01 02:00:00,28.4933333333333,25.91,0.0,9.0,92,42,8.4,231,10.3,12.4,14.6,0.0,0.0,0.0,0.18635964912280703,9.1,94,92,5.2,205,8.8,10.2,12.0,0.0
2025-02-01 03:00:00,28.5566666666667,25.9766666666667,0.0,8.9,97,98,7.0,226,10.1,12.2,14.6,0.3,0.3,0.0,0.18651315789473685,8.9,96,84,5.6,207,8.5,10.0,11.9,0.0
2025-02-01 04:00:00,28.7,26.1933333333333,0.0,9.2,93,97,8.9,218,10.0,12.1,14.5,0.1,0.1,0.0,0.18666666666666668,8.7,96,83,5.6,207,8.5,9.9,11.8,0.0
2025-02-01 05:00:00,28.9066666666667,26.3766666666667,0.0,8.9,92,45,7.8,223,9.7,12.0,14.5,0.0,0.0,0.0,0.1868201754385965,8.7,95,72,5.0,201,8.0,9.8,11.7,0.0
2025-02-01 06:00:00,29.02,26.38,0.0,8.5,92,39,8.7,217,9.4,11.9,14.5,0.1,0.1,0.0,0.18697368421052632,8.3,95,64,5.2,192,7.4,9.6,11.6,0.0
2025-02-01 07:00:00,29.0333333333333,26.3633333333333,0.0,8.4,91,9,7.9,221,9.2,11.8,14.5,0.0,0.0,0.0,0.18712719298245614,7.8,94,57,4.8,207,6.8,9.1,11.4,0.0
2025-02-01 08:00:00,29.0333333333333,26.28,0.0,9.2,89,12,10.0,224,9.2,11.6,14.5,0.0,0.0,0.02,0.18728070175438596,7.9,94,45,5.0,210,8.2,8.9,11.3,0.0
2025-02-01 09:00:00,29.0266666666667,26.2233333333333,0.0,11.5,86,11,11.1,224,10.2,11.6,14.5,0.0,0.0,0.07,0.1874342105263158,11.2,89,13,6.9,219,13.1,9.8,11.2,0.0
2025-02-01 10:00:00,29.0133333333333,26.1833333333333,0.0,13.6,69,2,11.2,230,11.5,11.6,14.5,0.0,0.0,0.18,0.1875877192982456,13.2,77,7,12.5,229,15.4,11.3,11.2,0.0
2025-02-01 11:00:00,28.9866666666667,26.0933333333333,0.0,15.2,55,0,11.9,238,13.0,11.7,14.5,0.0,0.0,0.27,0.18774122807017546,14.6,67,0,14.4,233,16.7,12.6,11.3,0.0
2025-02-01 12:00:00,28.9433333333333,26.03,0.0,16.1,48,0,12.3,245,14.3,11.9,14.5,0.0,0.0,0.33,0.18789473684210528,15.6,57,5,16.0,234,17.4,13.6,11.6,0.0
2025-02-01 13:00:00,28.9,25.9333333333333,0.0,16.9,45,0,11.4,246,15.5,12.0,14.4,0.0,0.0,0.36,0.1880482456140351,16.2,52,30,15.5,248,18.0,14.4,11.8,0.0
2025-02-01 14:00:00,28.8333333333333,25.8266666666667,0.0,17.4,42,43,13.6,264,16.1,12.4,14.4,0.0,0.0,0.35,0.18820175438596493,16.6,49,58,15.4,259,17.7,15.0,12.1,0.0
2025-02-01 15:00:00,28.7533333333333,25.7266666666667,0.0,16.9,43,3,12.9,295,16.2,12.7,14.4,0.0,0.0,0.29,0.18835526315789475,16.7,47,34,15.6,285,16.7,15.1,12.4,0.0
2025-02-01 16:00:00,28.68,25.63,0.0,15.6,50,0,12.1,327,15.8,12.9,14.4,0.0,0.0,0.2,0.18850877192982457,15.7,46,0,13.5,304,14.6,14.9,12.7,0.0
2025-02-01 17:00:00,28.6166666666667,25.5133333333333,0.0,13.6,68,0,4.3,324,14.9,13.1,14.4,0.0,0.0,0.07,0.1886622807017544,14.2,58,3,10.0,296,12.2,14.2,12.9,0.0
2025-02-01 18:00:00,28.53,25.3966666666667,0.0,11.6,66,0,1.9,241,13.3,13.2,14.4,0.0,0.0,0.01,0.18881578947368421,12.6,65,20,6.4,254,10.1,13.2,13.0,0.0
2025-02-01 19:00:00,28.4766666666667,25.3266666666667,0.0,10.4,70,1,6.4,213,12.2,13.2,14.4,0.0,0.0,0.01,0.18896929824561404,11.0,74,14,6.6,189,9.2,12.1,13.0,0.0
2025-02-01 20:00:00,28.4066666666667,25.2266666666667,0.0,9.9,73,6,8.8,226,11.6,13.1,14.4,0.0,0.0,0.01,0.18912280701754386,10.5,77,37,6.4,196,8.7,11.4,12.9,0.0
2025-02-01 21:00:00,28.3566666666667,25.19,0.0,10.1,77,36,10.3,224,11.2,13.0,14.4,0.0,0.0,0.01,0.18927631578947368,10.8,78,65,6.8,198,9.3,11.0,12.7,0.0
2025-02-01 22:00:00,28.3133333333333,25.1,0.0,10.4,78,30,8.5,242,11.0,12.9,14.4,0.0,0.0,0.01,0.1894298245614035,10.7,82,73,6.4,207,9.6,10.8,12.6,0.0
2025-02-01 23:00:00,28.2866666666667,25.06,0.0,10.3,78,10,9.2,237,10.8,12.8,14.4,0.0,0.0,0.01,0.18958333333333335,10.8,85,72,6.1,220,9.8,10.8,12.5,0.0
2025-02-02 00:00:00,28.2433333333333,25.0433333333333,0.0,9.6,78,15,8.6,225,10.6,12.7,14.4,0.0,0.0,0.01,0.18973684210526318,10.9,83,72,6.8,205,9.6,10.9,12.4,0.0
2025-02-02 01:00:00,28.2266666666667,25.0233333333333,0.0,10.2,76,31,9.7,230,11.4,12.7,14.4,0.3,0.3,0.01,0.189890350877193,10.8,85,60,7.8,202,9.5,10.8,12.3,0.0
2025-02-02 02:00:00,28.29,25.0733333333333,0.0,9.7,79,49,9.6,234,10.8,12.6,14.4,0.5,0.5,0.01,0.19004385964912282,10.8,81,63,9.3,216,9.6,10.7,12.2,0.0
2025-02-02 03:00:00,28.36,25.2033333333333,0.0,9.5,80,62,6.0,222,10.3,12.5,14.4,0.4,0.4,0.0,0.19019736842105264,10.7,77,74,7.8,214,9.2,10.5,12.1,0.0
2025-02-02 04:00:00,28.4866666666667,25.4233333333333,0.0,8.9,82,77,5.8,228,9.9,12.4,14.4,0.0,0.0,0.0,0.19035087719298247,10.5,75,61,6.2,216,8.9,10.3,12.0,0.0
2025-02-02 05:00:00,28.75,25.9833333333333,0.0,9.7,79,48,10.2,231,9.8,12.2,14.4,0.0,0.0,0.01,0.1905043859649123,10.2,74,43,7.9,223,8.6,10.2,11.9,0.0
2025-02-02 06:00:00,29.1166666666667,26.5,0.0,9.2,82,72,8.3,233,9.5,12.1,14.4,0.0,0.0,0.0,0.1906578947368421,9.7,75,42,6.0,197,7.9,10.0,11.8,0.0
2025-02-02 07:00:00,29.2333333333333,26.5333333333333,0.0,9.1,82,66,6.8,236,9.4,12.0,14.4,0.1,0.1,0.0,0.19081140350877193,9.2,78,71,4.7,157,7.8,9.6,11.6,0.0
2025-02-02 08:00:00,29.32,26.53,0.0,10.0,84,67,9.2,232,9.6,11.8,14.3,0.1,0.1,0.02,0.19096491228070175,9.4,83,85,3.6,135,9.0,9.6,11.5,0.0
2025-02-02 09:00:00,29.33,26.4966666666667,0.0,11.3,84,52,8.4,222,10.4,11.8,14.3,0.0,0.0,0.06,0.19111842105263158,11.4,82,80,3.9,158,12.1,10.3,11.4,0.0
2025-02-02 10:00:00,29.3266666666667,26.41,0.0,13.0,70,47,11.2,232,11.4,11.8,14.3,0.0,0.0,0.14,0.1912719298245614,13.1,77,79,3.0,194,15.5,11.4,11.4,0.0
2025-02-02 11:00:00,29.2933333333333,26.37,0.0,14.1,66,38,10.3,240,12.5,11.8,14.3,0.0,0.0,0.2,0.19142543859649125,14.7,66,36,5.6,255,18.4,13.0,11.6,0.0
2025-02-02 12:00:00,29.2566666666667,26.28,0.0,15.0,64,17,8.4,252,13.8,12.0,14.3,0.0,0.0,0.25,0.19157894736842107,15.3,67,88,10.8,285,17.3,14.1,11.8,0.0
2025-02-02 13:00:00,29.2266666666667,26.23,0.0,16.1,61,42,10.4,270,15.2,12.3,14.3,0.1,0.1,0.28,0.1917324561403509,16.2,63,75,11.8,290,18.5,14.8,12.2,0.0
2025-02-02 14:00:00,29.1833333333333,26.12,0.0,16.5,55,39,11.9,285,15.7,12.6,14.3,0.0,0.0,0.27,0.19188596491228072,16.6,61,62,14.4,302,18.4,15.4,12.5,0.0
2025-02-02 15:00:00,29.0966666666667,26.0033333333333,0.0,16.5,56,25,12.0,304,15.8,12.8,14.3,0.0,0.0,0.24,0.19203947368421054,16.2,69,32,14.5,318,17.9,15.7,12.7,0.0
2025-02-02 16:00:00,29.0133333333333,25.9066666666667,0.0,16.0,60,9,7.8,306,15.7,13.1,14.3,0.0,0.0,0.17,0.19219298245614036,15.6,70,32,10.8,323,15.9,15.6,12.9,0.0
2025-02-02 17:00:00,28.94,25.7966666666667,0.0,14.9,69,4,0.8,293,15.1,13.3,14.3,0.0,0.0,0.06,0.19234649122807018,14.7,75,32,5.7,325,13.4,14.9,13.2,0.0
2025-02-02 18:00:00,28.8566666666667,25.6866666666667,0.0,12.3,73,11,1.1,243,13.5,13.3,14.3,0.0,0.0,0.01,0.1925,13.5,81,21,3.1,69,10.9,14.0,13.3,0.0
2025-02-02 19:00:00,28.8033333333333,25.6233333333333,0.0,10.7,76,0,4.5,221,12.3,13.3,14.3,0.0,0.0,0.0,0.19265350877192983,12.3,86,28,2.4,117,9.6,12.8,13.3,0.0
2025-02-02 20:00:00,28.7433333333333,25.5233333333333,0.0,9.8,78,4,5.6,202,11.6,13.2,14.3,0.0,0.0,0.0,0.19280701754385965,11.0,90,25,2.9,180,8.7,11.8,13.3,0.0
2025-02-02 21:00:00,28.7,25.4933333333333,0.0,8.6,83,13,4.3,200,10.9,13.1,14.3,0.0,0.0,0.0,0.19296052631578947,10.6,83,62,5.6,195,9.4,11.5,13.2,0.0
2025-02-02 22:00:00,28.6466666666667,25.4133333333333,0.0,8.5,81,14,5.4,203,10.5,13.0,14.3,0.0,0.0,0.0,0.1931140350877193,10.3,82,45,5.4,200,8.8,11.0,13.0,0.0
2025-02-02 23:00:00,28.6066666666667,25.36,0.0,8.9,78,46,8.9,228,10.2,12.8,14.3,0.0,0.0,0.01,0.19326754385964914,9.8,87,37,4.5,209,8.3,10.7,12.8,0.0
2025-02-03 00:00:00,28.5766666666667,25.3466666666667,0.0,9.9,83,42,12.1,228,10.3,12.7,14.3,0.0,0.0,0.01,0.19342105263157897,9.2,90,52,4.2,200,8.0,10.3,12.6,0.0
2025-02-03 01:00:00,28.54,25.3166666666667,0.0,10.3,87,81,4.8,259,11.8,12.8,14.3,0.1,0.1,0.0,0.1935745614035088,9.2,91,52,4.2,200,7.9,10.0,12.5,0.0
2025-02-03 02:00:00,28.64,25.4666666666667,0.0,10.0,89,100,2.4,256,11.4,12.8,14.3,0.3,0.3,0.0,0.1937280701754386,9.3,91,79,4.0,207,8.3,9.9,12.3,0.0
2025-02-03 03:00:00,28.8166666666667,25.7533333333333,0.0,10.0,87,100,0.5,335,10.8,12.7,14.3,0.0,0.0,0.0,0.19388157894736843,9.7,93,95,3.9,202,9.1,9.9,12.1,0.0
2025-02-03 04:00:00,28.8866666666667,25.8266666666667,0.0,9.6,90,100,1.0,58,10.5,12.6,14.3,0.6,0.6,0.0,0.19403508771929825,10.1,92,100,1.5,194,9.0,10.0,12.0,0.0
2025-02-03 05:00:00,28.9033333333333,25.8333333333333,0.0,9.4,92,97,2.9,182,10.3,12.5,14.3,0.0,0.0,0.0,0.19418859649122808,10.0,93,100,1.6,207,8.6,10.0,11.9,0.0
2025-02-03 06:00:00,28.9133333333333,25.82,0.0,9.0,95,94,3.3,162,10.2,12.3,14.3,0.0,0.0,0.0,0.1943421052631579,9.7,96,64,2.2,279,8.0,9.8,11.7,0.0
2025-02-03 07:00:00,28.9,25.8033333333333,0.0,8.8,97,100,3.1,185,10.0,12.2,14.2,0.0,0.0,0.0,0.19449561403508772,9.1,98,96,0.7,90,7.1,9.5,11.6,0.0
2025-02-03 08:00:00,28.89,25.7833333333333,0.0,9.8,95,100,0.2,28,10.2,12.1,14.2,0.4,0.4,0.01,0.19464912280701754,9.5,93,100,0.7,90,8.7,9.3,11.5,0.0
2025-02-03 09:00:00,28.8866666666667,25.78,0.0,10.4,96,100,0.5,22,10.5,12.0,14.2,0.9,0.9,0.03,0.19480263157894737,10.8,92,100,1.8,307,11.8,10.0,11.4,0.1
2025-02-03 10:00:00,28.8766666666667,25.77,0.0,11.4,93,100,3.4,105,11.1,12.0,14.2,1.6,1.6,0.05,0.1949561403508772,11.7,93,100,4.7,302,12.0,10.9,11.4,0.8
2025-02-03 11:00:00,28.8833333333333,25.77,0.0,12.1,92,100,1.5,113,11.6,12.0,14.2,1.5,1.5,0.06,0.19510964912280704,12.0,92,100,6.3,121,12.4,11.4,11.4,3.3
2025-02-03 12:00:00,28.9633333333333,25.8833333333333,0.0,13.4,90,95,6.1,353,12.4,12.0,14.2,0.1,0.1,0.1,0.19526315789473686,12.8,92,100,9.1,108,12.9,11.8,11.4,1.0
2025-02-03 13:00:00,29.08,26.08,0.0,15.3,77,61,5.9,23,13.5,12.2,14.2,0.0,0.0,0.12,0.19541666666666668,15.1,82,100,0.7,180,16.8,12.6,11.6,0.2
2025-02-03 14:00:00,29.13,26.1166666666667,0.0,15.9,69,83,5.4,39,14.5,12.4,14.2,1.5,1.5,0.22,0.1955701754385965,15.0,88,97,2.6,326,16.7,13.5,11.8,0.4
2025-02-03 15:00:00,29.12,26.1,0.0,15.7,69,94,7.6,334,15.0,12.6,14.2,0.7,0.7,0.22,0.19572368421052633,14.6,88,95,7.6,357,14.5,13.7,12.0,0.0
2025-02-03 16:00:00,29.11,26.0833333333333,0.0,13.0,85,88,7.7,17,14.2,12.8,14.2,2.1,2.1,0.09,0.19587719298245615,13.7,90,100,8.3,18,13.4,13.4,12.2,0.0
2025-02-03 17:00:00,29.1133333333333,26.05,0.0,12.5,89,100,1.9,81,13.5,12.9,14.2,0.1,0.1,0.04,0.19603070175438597,13.3,91,100,5.2,34,12.7,13.1,12.3,0.0
2025-02-03 18:00:00,29.55,26.8766666666667,0.0,11.2,95,99,2.7,39,12.6,12.9,14.2,0.9,0.9,0.01,0.1961842105263158,12.5,93,99,4.8,48,11.5,12.8,12.4,0.0
2025-02-03 19:00:00,29.8866666666667,27.06,0.0,11.2,95,100,1.4,97,12.2,12.9,14.2,0.0,0.0,0.0,0.19633771929824562,12.0,94,100,3.4,252,10.8,12.2,12.4,0.0
2025-02-03 20:00:00,29.94,27.04,0.0,10.7,98,99,6.3,261,11.9,12.9,14.2,1.8,1.8,0.0,0.19649122807017544,11.2,96,100,6.0,253,10.7,11.8,12.4,0.0
2025-02-03 21:00:00,29.93,26.9566666666667,0.0,10.5,98,93,6.1,286,11.6,12.8,14.2,1.3,1.3,0.0,0.19664473684210526,10.8,94,100,6.0,237,10.1,11.5,12.4,0.0
2025-02-03 22:00:00,29.9133333333333,26.8733333333333,0.0,10.3,97,78,8.3,237,11.3,12.7,14.2,0.1,0.1,0.0,0.19679824561403508,10.7,92,100,6.1,230,9.9,11.2,12.3,0.0
2025-02-03 23:00:00,29.8566666666667,26.7533333333333,0.0,10.1,94,99,10.6,219,11.0,12.6,14.2,0.0,0.0,0.0,0.1969517543859649,10.4,90,100,6.1,220,9.6,10.9,12.2,0.0
2025-02-04 00:00:00,29.7966666666667,26.69,0.0,9.9,93,100,11.2,234,10.8,12.5,14.2,0.0,0.0,0.0,0.19710526315789476,10.0,90,99,5.9,218,9.0,10.6,12.1,0.0
2025-02-04 01:00:00,29.7433333333333,26.59,0.0,9.0,90,23,5.0,228,11.0,12.5,14.2,0.0,0.0,0.0,0.19725877192982458,9.9,88,100,5.4,222,9.0,10.5,12.0,0.0
2025-02-04 02:00:00,29.69,26.515,0.0,9.1,90,35,11.4,231,10.3,12.4,14.2,0.0,0.0,0.0,0.1974122807017544,9.6,88,99,5.6,220,8.6,10.3,11.9,0.0
2025-02-04 03:00:00,29.6433333333333,26.4233333333333,0.0,8.5,92,38,10.0,223,9.8,12.3,14.1,0.0,0.0,0.0,0.19756578947368422,9.2,88,89,5.4,217,8.2,9.9,11.8,0.0
2025-02-04 04:00:00,29.5866666666667,26.38,0.0,7.9,92,67,7.3,224,9.5,12.1,14.1,0.0,0.0,0.0,0.19771929824561404,8.9,87,80,5.2,205,7.9,9.7,11.6,0.0
2025-02-04 05:00:00,29.5333333333333,26.3133333333333,0.0,7.7,92,68,6.5,229,9.2,11.9,14.1,0.0,0.0,0.0,0.19787280701754387,8.6,88,93,5.0,210,7.8,9.5,11.5,0.0
2025-02-04 06:00:00,29.4966666666667,26.2333333333333,0.0,7.2,93,81,5.1,220,8.9,11.8,14.1,0.0,0.0,0.0,0.1980263157894737,8.5,88,93,5.5,212,7.8,9.3,11.4,0.0
2025-02-04 07:00:00,29.4466666666667,26.205,0.0,7.1,95,87,5.2,216,8.8,11.6,14.1,0.0,0.0,0.0,0.1981798245614035,8.4,88,91,5.0,210,7.4,9.2,11.2,0.0
2025-02-04 08:00:00,29.39,26.15,0.0,8.3,91,23,9.4,225,8.9,11.4,14.1,0.0,0.0,0.02,0.19833333333333333,8.7,88,89,5.6,220,8.6,9.2,11.1,0.0
2025-02-04 09:00:00,29.36,26.0866666666667,0.0,11.0,83,12,8.0,232,9.9,11.4,14.1,0.0,0.0,0.08,0.19848684210526316,10.9,86,58,5.1,225,12.4,9.9,11.0,0.0
2025-02-04 10:00:00,29.3266666666667,26.06,0.0,13.0,71,11,9.4,253,11.4,11.4,14.1,0.0,0.0,0.18,0.19864035087719298,12.6,77,53,9.4,247,14.8,11.1,11.1,0.0
2025-02-04 11:00:00,29.3033333333333,26.04,0.0,14.3,63,37,11.7,265,12.8,11.5,14.1,0.0,0.0,0.25,0.1987938596491228,13.8,72,50,12.4,248,15.9,12.3,11.2,0.0
2025-02-04 12:00:00,29.25,25.955,0.0,14.9,61,73,9.9,270,14.0,11.7,14.1,0.0,0.0,0.29,0.19894736842105265,14.7,66,75,12.4,260,16.8,13.3,11.4,0.0
2025-02-04 13:00:00,29.2,25.93,0.0,15.9,54,55,4.7,273,15.1,12.1,14.1,0.0,0.0,0.3,0.19910087719298247,15.1,63,76,12.2,256,16.6,14.0,11.6,0.0
2025-02-04 14:00:00,29.1466666666667,25.8366666666667,0.0,15.9,53,51,4.1,312,15.5,12.3,14.1,0.0,0.0,0.22,0.1992543859649123,15.3,60,79,10.2,247,15.5,14.3,11.9,0.0
2025-02-04 15:00:00,29.08,25.775,0.0,15.5,56,90,6.3,360,15.5,12.6,14.0,0.0,0.0,0.19,0.19940789473684212,15.7,60,76,5.9,256,16.4,14.4,12.1,0.0
2025-02-04 16:00:00,29.01,25.6766666666667,0.0,14.7,65,18,9.2,26,15.3,12.8,14.0,0.0,0.0,0.15,0.19956140350877194,15.6,61,90,4.3,312,15.4,14.4,12.4,0.0
2025-02-04 17:00:00,28.9433333333333,25.645,0.0,13.3,73,15,9.0,45,14.6,13.0,14.0,0.0,0.0,0.08,0.19971491228070176,14.0,81,65,10.0,13,13.0,14.1,12.5,0.0
2025-02-04 18:00:00,28.88,25.5233333333333,0.0,10.6,85,12,4.8,56,13.4,13.1,14.0,0.0,0.0,0.01,0.19986842105263158,12.4,83,80,6.4,38,10.8,13.2,12.6,0.0
2025-02-04 19:00:00,28.8,25.4633333333333,0.0,10.2,84,13,2.4,62,12.2,13.1,14.0,0.0,0.0,0.0,0.2000219298245614,11.7,86,74,3.3,77,10.2,12.3,12.7,0.0
2025-02-04 20:00:00,28.7633333333333,25.38,0.0,9.3,87,14,3.1,108,11.3,13.0,14.0,0.0,0.0,0.0,0.20017543859649123,11.3,87,61,1.3,124,9.0,11.7,12.6,0.0
2025-02-04 21:00:00,28.71,25.3566666666667,0.0,8.3,91,7,2.8,151,10.7,12.9,14.0,0.0,0.0,0.0,0.20032894736842105,10.4,90,13,2.6,196,8.2,11.0,12.5,0.0
2025-02-04 22:00:00,28.6666666666667,25.3,0.0,7.6,92,3,4.0,275,10.2,12.7,14.0,0.0,0.0,0.0,0.20048245614035087,8.9,97,33,3.4,212,7.7,10.4,12.4,0.0
2025-02-04 23:00:00,28.6333333333333,25.22,0.0,7.2,92,1,3.9,279,9.8,12.6,14.0,0.0,0.0,0.0,0.2006359649122807,8.1,98,45,3.1,201,7.2,9.9,12.2,0.0
2025-02-05 00:00:00,28.59,25.2033333333333,0.0,7.0,91,2,4.2,239,9.4,12.4,14.0,0.0,0.0,0.0,0.20078947368421055,7.4,98,50,4.0,190,6.7,9.4,12.0,0.0
2025-02-05 01:00:00,28.5633333333333,25.1866666666667,0.0,7.6,91,5,4.5,236,10.1,12.4,14.0,0.0,0.0,0.0,0.20094298245614037,6.9,99,72,4.3,185,6.5,9.1,11.8,0.0
2025-02-05 02:00:00,28.535,25.115,0.0,7.2,91,14,4.8,224,9.7,12.2,14.0,0.0,0.0,0.0,0.2010964912280702,6.7,99,80,4.0,190,6.6,8.8,11.6,0.0
2025-02-05 03:00:00,28.4966666666667,25.0733333333333,0.0,6.8,94,16,5.6,218,9.4,12.1,14.0,0.0,0.0,0.0,0.20125,6.8,100,85,4.0,185,6.7,8.7,11.4,0.0
2025-02-05 04:00:00,28.46,25.05,0.0,6.2,96,18,6.1,216,9.2,11.9,14.0,0.0,0.0,0.0,0.20140350877192983,6.7,99,85,3.7,191,6.6,8.5,11.2,0.0
2025-02-05 05:00:00,28.42,25.04,0.0,5.7,99,9,6.4,219,9.0,11.8,14.0,0.0,0.0,0.0,0.20155701754385966,6.9,99,84,3.7,191,6.9,8.5,11.0,0.0
2025-02-05 06:00:00,28.4133333333333,25.03,0.0,5.9,98,7,6.5,216,8.8,11.6,14.0,0.0,0.0,0.0,0.20171052631578948,6.9,99,84,4.7,203,6.8,8.4,10.9,0.0
2025-02-05 07:00:00,28.3733333333333,24.975,0.0,6.3,95,4,5.6,213,8.7,11.4,14.0,0.0,0.0,0.0,0.2018640350877193,6.7,99,71,4.2,200,6.3,8.3,10.7,0.0
2025-02-05 08:00:00,28.355,24.94,0.0,7.6,90,8,7.1,214,8.9,11.3,14.0,0.0,0.0,0.01,0.20201754385964912,7.0,98,54,3.9,202,7.9,8.2,10.6,0.0
2025-02-05 09:00:00,28.3366666666667,24.91,0.0,10.2,85,22,5.7,225,9.9,11.2,14.0,0.0,0.0,0.07,0.20217105263157895,9.9,96,47,3.4,212,12.8,9.1,10.5,0.0
2025-02-05 10:00:00,28.32,24.8933333333333,0.0,12.8,76,1,5.0,279,11.4,11.2,14.0,0.0,0.0,0.16,0.20232456140350877,12.1,90,42,3.1,234,15.9,10.8,10.5,0.0
2025-02-05 11:00:00,28.31,24.89,0.0,14.4,70,14,3.6,7,13.1,11.4,14.0,0.0,0.0,0.27,0.2024780701754386,14.0,81,49,2.4,27,17.2,12.3,10.7,0.0
2025-02-05 12:00:00,28.31,24.8933333333333,0.0,15.4,66,16,8.2,35,14.5,11.6,13.9,0.0,0.0,0.31,0.20263157894736844,15.0,73,30,7.9,47,17.9,13.6,10.9,0.0
2025-02-05 13:00:00,28.2833333333333,24.9,0.0,15.6,64,28,12.1,36,15.3,11.8,13.9,0.0,0.0,0.29,0.20278508771929826,15.4,71,66,12.3,40,17.9,14.4,11.2,0.0
2025-02-05 14:00:00,28.2733333333333,24.9033333333333,0.0,15.4,65,15,14.2,39,15.7,12.2,13.9,0.0,0.0,0.27,0.20293859649122808,14.9,74,42,14.4,37,16.3,14.7,11.6,0.0
2025-02-05 15:00:00,28.2566666666667,24.9066666666667,0.0,15.2,65,11,14.4,45,15.8,12.5,13.9,0.0,0.0,0.25,0.2030921052631579,15.1,72,32,14.1,40,16.5,14.7,11.9,0.0
2025-02-05 16:00:00,28.2433333333333,24.8766666666667,0.0,14.6,67,13,14.7,48,15.5,12.7,13.9,0.0,0.0,0.18,0.20324561403508773,14.6,73,32,14.8,41,14.6,14.5,12.1,0.0
2025-02-05 17:00:00,28.2,24.81,0.0,13.5,73,9,10.6,51,14.7,12.9,13.9,0.0,0.0,0.08,0.20339912280701755,13.8,73,0,12.8,52,12.4,13.9,12.3,0.0
2025-02-05 18:00:00,28.1666666666667,24.78,0.0,10.9,87,8,6.9,60,13.5,13.0,13.9,0.0,0.0,0.02,0.20355263157894737,12.3,81,6,9.0,61,10.4,13.0,12.4,0.0
2025-02-05 19:00:00,28.1266666666667,24.7433333333333,0.0,9.8,89,12,5.0,85,12.3,13.0,13.9,0.0,0.0,0.0,0.2037061403508772,11.3,87,42,6.4,74,9.6,12.0,12.4,0.0
2025-02-05 20:00:00,28.0666666666667,24.66,0.0,9.3,89,13,4.0,110,11.4,12.9,13.9,0.0,0.0,0.0,0.20385964912280702,10.6,90,26,3.7,101,8.8,11.3,12.4,0.0
2025-02-05 21:00:00,28.03,24.6266666666667,0.0,8.4,91,8,2.8,105,10.7,12.8,13.9,0.0,0.0,0.0,0.20401315789473684,10.0,90,16,2.3,108,7.9,10.7,12.3,0.0
2025-02-05 22:00:00,27.9933333333333,24.59,0.0,8.0,93,6,2.6,103,10.3,12.7,13.9,0.0,0.0,0.0,0.20416666666666666,9.5,91,14,2.2,180,6.9,10.0,12.1,0.0
2025-02-05 23:00:00,27.9666666666667,24.5133333333333,0.0,7.3,95,4,3.3,315,10.0,12.5,13.9,0.0,0.0,0.0,0.20432017543859649,8.6,94,1,3.0,194,6.6,9.5,12.0,0.0
2025-02-06 00:00:00,27.93,24.48,0.0,7.0,94,2,4.0,285,9.6,12.3,13.9,0.0,0.0,0.0,0.20447368421052634,6.7,98,49,4.6,198,6.2,9.1,11.8,0.0
2025-02-06 01:00:00,27.9,24.4766666666667,0.0,8.0,92,1,3.7,292,10.3,12.3,13.9,0.0,0.0,0.0,0.20462719298245616,6.1,99,49,4.8,193,5.7,8.7,11.6,0.0
2025-02-06 02:00:00,27.8733333333333,24.43,0.0,7.6,92,0,4.6,256,9.8,12.2,13.9,0.0,0.0,0.0,0.20478070175438598,5.8,98,49,4.3,185,5.3,8.3,11.4,0.0
2025-02-06 03:00:00,27.8433333333333,24.3733333333333,0.0,6.8,93,0,5.2,244,9.3,12.1,13.9,0.0,0.0,0.0,0.2049342105263158,5.4,100,59,4.8,193,5.1,8.0,11.1,0.0
2025-02-06 04:00:00,27.8066666666667,24.34,0.0,6.4,93,3,5.1,242,8.9,11.9,13.9,0.0,0.0,0.0,0.20508771929824562,5.2,100,58,4.7,189,4.9,7.7,10.9,0.0
2025-02-06 05:00:00,27.79,24.33,0.0,6.1,93,8,5.0,230,8.6,11.7,13.9,0.0,0.0,0.0,0.20524122807017545,4.9,100,62,4.0,190,4.5,7.4,10.7,0.0
2025-02-06 06:00:00,27.7666666666667,24.3266666666667,0.0,6.2,93,11,4.9,221,8.5,11.5,13.9,0.0,0.0,0.0,0.20539473684210527,4.6,100,66,4.4,189,4.3,7.1,10.5,0.0
2025-02-06 07:00:00,27.7466666666667,24.2966666666667,0.0,6.1,93,12,5.3,220,8.3,11.3,13.9,0.0,0.0,0.0,0.2055482456140351,4.4,100,63,4.5,194,4.1,6.9,10.3,0.0
2025-02-06 08:00:00,27.73,24.26,0.0,7.5,88,23,7.7,228,8.6,11.2,13.9,0.0,0.0,0.02,0.2057017543859649,5.0,99,54,3.9,202,6.2,6.8,10.1,0.0
2025-02-06 09:00:00,27.7133333333333,24.22,0.0,9.8,84,30,7.0,226,9.6,11.1,13.8,0.0,0.0,0.07,0.20585526315789474,8.9,95,0,3.3,229,12.1,8.1,9.9,0.0
2025-02-06 10:00:00,27.6666666666667,24.23,0.0,12.3,80,10,6.3,260,11.1,11.1,13.8,0.0,0.0,0.15,0.20600877192982456,11.9,88,0,3.6,264,16.0,9.9,9.9,0.0
2025-02-06 11:00:00,27.59,26.2433333333333,0.0,14.1,70,0,5.1,322,12.8,11.2,13.8,0.0,0.0,0.27,0.20616228070175438,14.1,81,35,1.6,333,17.6,11.9,10.1,0.0
2025-02-06 12:00:00,27.8933333333333,29.9633333333333,0.0,15.0,65,1,6.8,358,14.3,11.5,13.8,0.0,0.0,0.32,0.20631578947368423,15.2,72,33,4.3,24,18.4,13.3,10.4,0.0
2025-02-06 13:00:00,29.1533333333333,29.51,0.0,15.2,67,8,8.3,17,15.3,11.8,13.8,0.0,0.0,0.31,0.20646929824561405,15.7,71,57,8.7,24,18.9,14.3,10.7,0.0
2025-02-06 14:00:00,29.615,29.34,0.0,15.6,65,8,6.0,47,16.0,12.1,13.8,0.0,0.0,0.31,0.20662280701754387,15.3,74,51,12.6,27,17.5,14.8,11.1,0.0
2025-02-06 15:00:00,29.735,29.015,0.0,15.4,65,15,10.2,38,16.1,12.4,13.8,0.0,0.0,0.25,0.2067763157894737,15.3,73,40,13.0,28,17.1,15.0,11.5,0.0
2025-02-06 16:00:00,29.855,28.69,0.0,14.4,72,15,12.0,37,15.7,12.7,13.8,0.0,0.0,0.17,0.20692982456140352,14.7,75,50,11.8,38,15.1,14.7,11.8,0.0
2025-02-06 17:00:00,29.8233333333333,28.4066666666667,0.0,13.2,79,100,8.7,51,14.9,12.9,13.8,0.0,0.0,0.08,0.20708333333333334,13.7,80,85,8.9,47,12.5,14.0,12.0,0.0
2025-02-06 18:00:00,29.78,28.1833333333333,0.0,10.8,89,100,5.4,74,13.6,13.0,13.8,0.0,0.0,0.01,0.20723684210526316,12.5,84,28,4.8,48,10.8,13.1,12.2,0.0
2025-02-06 19:00:00,29.7466666666667,28.0233333333333,0.0,10.4,89,46,3.3,89,12.6,13.0,13.8,0.0,0.0,0.0,0.20739035087719299,11.3,89,38,2.4,63,8.8,12.1,12.2,0.0
2025-02-06 20:00:00,29.7,27.8633333333333,0.0,8.9,90,57,2.2,101,11.4,13.0,13.8,0.0,0.0,0.0,0.2075438596491228,10.7,90,1,1.1,108,7.1,11.0,12.2,0.0
2025-02-06 21:00:00,29.6466666666667,27.7033333333333,0.0,8.3,89,3,0.2,63,10.6,12.8,13.8,0.0,0.0,0.0,0.20769736842105263,8.8,95,0,3.3,193,6.6,9.9,12.0,0.0
2025-02-06 22:00:00,29.6066666666667,27.5533333333333,0.0,7.4,89,0,2.6,349,9.9,12.7,13.8,0.0,0.0,0.0,0.20785087719298245,7.0,100,60,3.4,198,6.3,9.4,11.9,0.0
2025-02-06 23:00:00,29.5633333333333,27.4266666666667,0.0,6.9,92,0,5.5,249,9.5,12.5,13.8,0.0,0.0,0.0,0.20800438596491228,6.3,100,61,3.5,204,5.6,8.9,11.7,0.0
2025-02-07 00:00:00,29.5266666666667,27.33,0.0,6.5,92,1,5.2,259,9.1,12.3,13.8,0.0,0.0,0.0,0.20815789473684213,5.8,98,50,4.1,195,5.2,8.5,11.5,0.0
2025-02-07 01:00:00,29.48,27.2,0.0,6.9,92,5,5.3,244,9.6,12.3,13.8,0.0,0.0,0.0,0.20831140350877195,5.5,96,37,4.0,190,4.8,8.1,11.3,0.0
2025-02-07 02:00:00,29.42,27.1266666666667,0.0,6.1,94,15,6.1,232,9.2,12.1,13.8,0.0,0.0,0.0,0.20846491228070177,5.2,96,37,4.0,180,4.5,7.7,11.0,0.0
2025-02-07 03:00:00,29.3833333333333,27.0133333333333,0.0,5.3,98,19,8.0,227,8.9,11.9,13.8,0.0,0.0,0.0,0.2086184210526316,4.8,97,46,4.0,190,4.1,7.3,10.8,0.0
2025-02-07 04:00:00,29.35,26.9733333333333,0.0,4.9,99,5,9.5,221,8.7,11.8,13.8,0.0,0.0,0.0,0.20877192982456141,4.2,98,51,3.7,191,3.7,7.0,10.6,0.0
2025-02-07 05:00:00,29.3266666666667,26.8733333333333,0.0,5.1,100,4,9.1,219,8.5,11.6,13.8,0.0,0.0,0.0,0.20892543859649124,3.9,98,47,3.3,193,3.2,6.7,10.3,0.0
2025-02-07 06:00:00,29.2966666666667,26.8233333333333,0.0,5.4,97,1,7.7,227,8.3,11.4,13.8,0.0,0.0,0.0,0.20907894736842106,3.8,96,39,4.1,195,3.1,6.4,10.1,0.0
2025-02-07 07:00:00,29.2533333333333,26.76,0.0,5.2,95,7,8.4,238,8.1,11.2,13.8,0.0,0.0,0.0,0.20923245614035088,3.7,95,34,3.9,202,2.9,6.1,9.9,0.0
2025-02-07 08:00:00,29.2233333333333,26.6733333333333,0.0,6.7,86,8,10.7,238,8.2,11.0,13.8,0.0,0.0,0.02,0.2093859649122807,4.4,94,27,3.7,209,5.3,6.0,9.6,0.0
2025-02-07 09:00:00,29.1966666666667,26.6466666666667,0.0,10.6,76,6,8.2,237,9.3,10.9,13.7,0.0,0.0,0.09,0.20953947368421053,8.8,89,0,3.1,225,12.0,7.4,9.5,0.0
2025-02-07 10:00:00,29.16,26.6066666666667,0.0,13.5,66,4,7.4,259,11.0,10.9,13.7,0.0,0.0,0.19,0.20969298245614035,12.5,77,0,6.8,252,16.3,9.5,9.5,0.0
2025-02-07 11:00:00,29.14,26.53,0.0,15.5,60,1,7.6,269,12.8,11.1,13.7,0.0,0.0,0.29,0.20984649122807017,14.8,70,0,9.0,254,18.4,11.6,9.7,0.0
2025-02-07 12:00:00,29.1233333333333,26.5,0.0,16.8,54,0,8.9,278,14.3,11.3,13.7,0.0,0.0,0.35,0.21,15.9,66,0,11.3,253,19.3,13.2,10.0,0.0
2025-02-07 13:00:00,29.0933333333333,26.4166666666667,0.0,17.8,45,0,7.7,274,15.4,11.6,13.7,0.0,0.0,0.38,0.21215277777777777,17.1,61,5,10.2,252,20.5,14.5,10.4,0.0
2025-02-07 14:00:00,29.02,26.3566666666667,0.0,18.2,41,4,6.9,298,16.2,12.0,13.7,0.0,0.0,0.36,0.21430555555555555,17.8,53,11,8.7,246,20.4,15.4,10.8,0.0
2025-02-07 15:00:00,28.99,26.2533333333333,0.0,17.7,48,1,7.1,339,16.5,12.3,13.7,0.0,0.0,0.3,0.21645833333333334,18.7,44,9,7.4,284,19.9,16.2,11.3,0.0
2025-02-07 16:00:00,28.9166666666667,26.1566666666667,0.0,16.2,68,4,8.6,24,16.3,12.6,13.7,0.0,0.0,0.19,0.21861111111111112,17.1,65,0,10.6,350,16.8,16.1,11.7,0.0
2025-02-07 17:00:00,28.87,26.0466666666667,0.0,14.1,79,0,5.9,44,15.4,12.9,13.7,0.0,0.0,0.08,0.22076388888888887,14.9,75,0,8.2,23,13.5,15.2,12.0,0.0
2025-02-07 18:00:00,28.8,25.96,0.0,11.5,85,0,1.4,101,13.8,13.0,13.7,0.0,0.0,0.01,0.22291666666666665,13.1,82,1,2.9,90,10.1,13.9,12.2,0.0
2025-02-07 19:00:00,28.75,25.8566666666667,0.0,10.6,86,9,2.4,158,12.4,13.0,13.7,0.0,0.0,0.0,0.22506944444444443,11.4,89,98,3.8,163,8.9,12.4,12.3,0.0
2025-02-07 20:00:00,28.6966666666667,25.7966666666667,0.0,9.3,84,84,3.9,191,11.4,12.9,13.7,0.0,0.0,0.0,0.22722222222222221,9.7,96,100,4.0,190,8.3,11.4,12.3,0.0
2025-02-07 21:00:00,28.6566666666667,25.7033333333333,0.0,8.8,78,54,4.5,220,10.7,12.8,13.7,0.0,0.0,0.0,0.229375,8.8,94,91,5.1,188,7.7,10.7,12.2,0.0
2025-02-07 22:00:00,28.6133333333333,25.6533333333333,0.0,8.8,72,16,5.3,225,10.1,12.7,13.7,0.0,0.0,0.0,0.23152777777777778,8.1,92,100,4.4,189,6.8,10.0,12.1,0.0
2025-02-07 23:00:00,28.5833333333333,25.6066666666667,0.0,8.5,70,0,6.1,232,9.7,12.5,13.7,0.0,0.0,0.01,0.23368055555555556,7.3,91,0,4.5,194,6.0,9.4,11.9,0.0
2025-02-08 00:00:00,28.5566666666667,25.5333333333333,0.0,8.2,69,0,6.5,235,9.3,12.3,13.7,0.0,0.0,0.01,0.23583333333333334,7.1,87,0,4.7,203,5.7,9.0,11.7,0.0
2025-02-08 01:00:00,28.5166666666667,25.4933333333333,0.0,8.0,68,2,7.8,207,9.6,12.3,13.7,0.0,0.0,0.01,0.23798611111111112,6.6,86,61,4.5,209,5.2,8.5,11.5,0.0
2025-02-08 02:00:00,28.4833333333333,25.4733333333333,0.0,7.4,73,0,7.8,214,9.3,12.2,13.7,0.0,0.0,0.01,0.24013888888888887,6.3,87,0,4.3,222,4.9,8.0,11.3,0.0
2025-02-08 03:00:00,28.4566666666667,25.4133333333333,0.0,7.4,76,0,8.0,221,9.0,12.0,13.7,0.0,0.0,0.01,0.24229166666666666,6.3,82,10,5.4,222,4.7,7.6,11.0,0.0
2025-02-08 04:00:00,28.43,25.36,0.0,7.4,80,1,7.6,221,8.8,11.8,13.7,0.0,0.0,0.0,0.24444444444444444,6.4,76,73,5.6,225,4.9,7.4,10.8,0.0
2025-02-08 05:00:00,28.4066666666667,25.3333333333333,0.0,7.5,84,2,8.0,214,8.6,11.6,13.7,0.0,0.0,0.0,0.24659722222222222,7.0,72,83,5.7,235,5.9,7.4,10.6,0.0
2025-02-08 06:00:00,28.3833333333333,25.32,0.0,7.6,85,19,8.7,211,8.6,11.4,13.7,0.0,0.0,0.0,0.24875,7.9,75,71,7.4,227,6.8,7.5,10.4,0.0
2025-02-08 07:00:00,28.3566666666667,25.31,0.0,8.1,83,9,9.4,215,8.6,11.3,13.7,0.0,0.0,0.0,0.25090277777777775,8.7,74,89,8.7,232,7.4,7.8,10.2,0.0
2025-02-08 08:00:00,28.3466666666667,25.27,0.0,10.1,77,2,11.2,218,9.0,11.2,13.7,0.0,0.0,0.03,0.25305555555555553,10.2,72,73,9.8,234,9.2,8.3,10.1,0.0
2025-02-08 09:00:00,28.33,25.23,0.0,13.9,70,1,11.7,215,10.3,11.1,13.7,0.0,0.0,0.11,0.2552083333333333,13.3,73,39,9.7,231,13.6,9.6,10.1,0.0
2025-02-08 10:00:00,28.3166666666667,25.2,0.0,16.7,60,0,12.2,234,12.0,11.2,13.6,0.0,0.0,0.22,0.2573611111111111,15.9,63,52,14.3,236,16.7,11.1,10.2,0.0
2025-02-08 11:00:00,28.3,25.18,0.0,18.4,50,15,14.1,241,13.7,11.4,13.6,0.0,0.0,0.32,0.2595138888888889,17.2,61,55,16.6,246,18.4,12.6,10.4,0.0
2025-02-08 12:00:00,28.29,25.18,0.0,19.6,42,1,13.3,241,15.1,11.6,13.6,0.0,0.0,0.38,0.26166666666666666,19.0,50,48,17.6,242,19.9,14.0,10.7,0.0
2025-02-08 13:00:00,28.2566666666667,25.18,0.0,20.5,38,0,12.8,247,16.5,12.1,13.6,0.0,0.0,0.42,0.26381944444444444,19.8,46,39,17.1,248,20.4,15.0,11.1,0.0
2025-02-08 14:00:00,28.2366666666667,25.1733333333333,0.0,20.9,37,0,14.3,251,17.2,12.5,13.6,0.0,0.0,0.41,0.2659722222222222,20.3,44,55,14.1,257,20.6,15.8,11.4,0.0
2025-02-08 15:00:00,28.2233333333333,25.1133333333333,0.0,20.8,39,1,11.4,279,17.5,12.8,13.6,0.0,0.0,0.34,0.268125,20.0,50,59,11.8,301,18.7,16.0,11.8,0.0
2025-02-08 16:00:00,28.1766666666667,25.0633333333333,0.0,18.6,63,3,11.9,331,17.3,13.2,13.6,0.0,0.0,0.22,0.2702777777777778,18.2,70,59,12.3,339,17.3,15.9,12.2,0.0
2025-02-08 17:00:00,28.14,25.0533333333333,0.0,16.6,80,14,4.0,334,16.6,13.4,13.6,0.0,0.0,0.09,0.27243055555555556,17.3,79,53,7.3,351,15.7,15.5,12.5,0.0
2025-02-08 18:00:00,28.11,24.98,0.0,14.4,83,25,1.1,337,15.1,13.6,13.6,0.0,0.0,0.01,0.27458333333333335,15.7,85,48,3.8,73,13.0,14.8,12.7,0.0
2025-02-08 19:00:00,28.0733333333333,24.93,0.0,13.4,86,32,3.7,105,14.0,13.7,13.6,0.0,0.0,0.0,0.2767361111111111,13.7,94,45,4.2,121,11.8,13.8,12.8,0.0
2025-02-08 20:00:00,28.02,24.8966666666667,0.0,12.6,88,29,4.2,101,13.3,13.7,13.7,0.0,0.0,0.0,0.2788888888888889,12.6,97,67,3.5,114,11.2,13.0,12.8,0.0
2025-02-08 21:00:00,27.9866666666667,24.8166666666667,0.0,12.3,87,20,3.5,85,12.6,13.6,13.7,0.0,0.0,0.0,0.2810416666666667,12.3,96,70,3.3,131,11.0,12.5,12.8,0.0
2025-02-08 22:00:00,27.9566666666667,24.7766666666667,0.0,11.5,88,17,4.6,99,12.0,13.5,13.7,0.0,0.0,0.0,0.28319444444444447,12.2,95,76,3.5,156,11.0,12.2,12.8,0.0
2025-02-08 23:00:00,27.9233333333333,24.7633333333333,0.0,10.9,91,29,3.7,114,11.6,13.4,13.7,0.0,0.0,0.0,0.28534722222222225,11.8,97,85,2.4,153,10.5,11.9,12.7,0.0
2025-02-09 00:00:00,27.89,24.7066666666667,0.0,10.7,93,34,2.1,97,11.2,13.3,13.7,0.0,0.0,0.0,0.28750000000000003,12.2,94,85,1.9,158,10.1,11.7,12.7,0.0
2025-02-09 01:00:00,27.8733333333333,24.66,0.0,12.1,92,92,3.6,89,12.9,13.4,13.7,0.0,0.0,0.0,0.28965277777777776,11.9,95,78,2.3,162,9.9,11.4,12.6,0.0
2025-02-09 02:00:00,27.8366666666667,24.6333333333333,0.0,12.6,92,100,4.2,102,12.7,13.4,13.7,0.0,0.0,0.0,0.29180555555555554,11.5,96,76,2.5,188,9.9,11.2,12.5,0.0
2025-02-09 03:00:00,27.82,24.63,0.0,13.1,90,100,3.6,101,12.6,13.3,13.7,0.0,0.0,0.0,0.2939583333333333,11.1,95,73,2.9,187,9.8,11.2,12.4,0.0
2025-02-09 04:00:00,27.8033333333333,24.6266666666667,0.0,13.6,87,100,2.6,98,12.6,13.3,13.7,0.0,0.0,0.0,0.2961111111111111,10.3,97,63,3.0,194,9.3,11.0,12.3,0.0
2025-02-09 05:00:00,27.7933333333333,24.6133333333333,0.0,13.6,86,97,2.0,100,12.6,13.2,13.7,0.0,0.0,0.0,0.2982638888888889,9.4,99,77,3.0,194,8.7,10.6,12.2,0.0
2025-02-09 06:00:00,27.7833333333333,24.58,0.0,12.6,90,65,3.5,116,12.4,13.2,13.7,0.0,0.0,0.0,0.30041666666666667,8.9,99,76,3.4,198,8.1,10.4,12.0,0.0
2025-02-09 07:00:00,27.76,24.55,0.0,11.6,94,27,3.4,133,12.1,13.1,13.7,0.0,0.0,0.0,0.30256944444444445,8.3,100,68,3.0,194,7.6,10.0,11.9,0.0
2025-02-09 08:00:00,27.7433333333333,24.52,0.0,11.6,93,24,5.2,150,12.0,13.1,13.7,0.0,0.0,0.01,0.3047222222222222,8.6,99,65,2.7,203,9.8,9.8,11.8,0.0
2025-02-09 09:00:00,27.7166666666667,24.4933333333333,0.0,14.3,83,3,3.9,246,12.9,13.0,13.7,0.0,0.0,0.09,0.306875,12.4,94,1,2.4,243,15.6,11.0,11.7,0.0
2025-02-09 10:00:00,27.7033333333333,24.4833333333333,0.0,15.9,77,0,4.3,333,14.3,13.1,13.7,0.0,0.0,0.2,0.3090277777777778,15.9,81,0,3.1,315,19.5,12.9,11.8,0.0
2025-02-09 11:00:00,27.69,24.48,0.0,17.1,71,14,5.2,18,15.8,13.2,13.7,0.0,0.0,0.29,0.31118055555555557,17.8,74,0,6.8,18,21.5,14.8,12.0,0.0
2025-02-09 12:00:00,27.6866666666667,24.48,0.0,18.1,68,45,6.4,25,17.1,13.5,13.7,0.0,0.0,0.35,0.31333333333333335,17.9,74,19,12.2,28,20.3,15.9,12.3,0.0
2025-02-09 13:00:00,27.6933333333333,24.49,0.0,18.6,66,29,11.5,27,17.7,13.4,13.7,0.0,0.0,0.34,0.31548611111111113,17.9,76,52,15.1,25,20.5,16.5,12.6,0.0
2025-02-09 14:00:00,27.6966666666667,24.49,0.0,17.4,70,0,12.6,30,18.0,13.7,13.7,0.0,0.0,0.29,0.3176388888888889,17.7,76,42,16.5,32,19.8,16.9,13.0,0.0
2025-02-09 15:00:00,27.6933333333333,24.49,0.0,17.5,71,0,10.9,51,18.1,14.0,13.7,0.0,0.0,0.27,0.3197916666666667,17.4,77,39,15.9,33,19.0,17.0,13.3,0.0
2025-02-09 16:00:00,27.69,24.48,0.0,16.8,74,10,12.1,45,17.7,14.3,13.7,0.0,0.0,0.19,0.3219444444444445,16.6,82,47,14.5,35,17.0,16.7,13.5,0.0
2025-02-09 17:00:00,27.67,24.43,0.0,15.4,80,2,10.5,40,16.9,14.5,13.7,0.0,0.0,0.09,0.32409722222222226,15.5,88,71,12.0,39,14.9,16.0,13.7,0.0
2025-02-09 18:00:00,27.63,24.3866666666667,0.0,12.8,93,0,6.1,42,15.6,14.6,13.7,0.0,0.0,0.01,0.32625000000000004,14.4,90,44,7.0,35,12.9,15.1,13.8,0.0
2025-02-09 19:00:00,27.6066666666667,24.36,0.0,11.7,96,14,4.3,45,14.4,14.6,13.8,0.0,0.0,0.0,0.32840277777777777,13.5,93,42,3.9,22,11.9,14.2,13.9,0.0
2025-02-09 20:00:00,27.5633333333333,24.35,0.0,11.5,97,23,1.8,51,13.3,14.5,13.8,0.0,0.0,0.0,0.33055555555555555,12.7,96,36,2.3,342,10.6,13.4,13.9,0.0
2025-02-09 21:00:00,27.5266666666667,24.3,0.0,11.3,97,18,0.5,59,12.5,14.4,13.8,0.0,0.0,0.0,0.33270833333333333,12.1,97,16,1.3,236,8.8,12.3,13.7,0.0
2025-02-09 22:00:00,27.4966666666667,24.2433333333333,0.0,10.3,100,30,1.2,42,12.0,14.2,13.8,0.0,0.0,0.0,0.3348611111111111,11.2,100,70,3.1,225,8.4,11.5,13.6,0.0
2025-02-09 23:00:00,27.4566666666667,24.2133333333333,0.0,10.3,99,45,4.1,241,12.0,14.1,13.8,0.0,0.0,0.0,0.3370138888888889,10.5,100,69,3.3,221,9.1,11.1,13.3,0.0
2025-02-10 00:00:00,27.42,24.2066666666667,0.0,10.3,97,52,5.0,227,11.9,13.9,13.8,0.0,0.0,0.0,0.33916666666666667,9.9,100,69,3.7,209,8.9,11.0,13.2,0.0
2025-02-10 01:00:00,27.3933333333333,24.17,0.0,10.4,97,94,4.7,272,12.3,13.9,13.8,0.0,0.0,0.0,0.34131944444444445,9.5,100,66,3.5,204,8.5,10.7,13.0,0.0
2025-02-10 02:00:00,27.3733333333333,24.11,0.0,10.4,95,92,5.7,243,12.1,13.8,13.8,0.0,0.0,0.0,0.34347222222222223,9.2,100,70,2.9,187,8.2,10.5,12.8,0.0
2025-02-10 03:00:00,27.34,24.07,0.0,10.0,94,72,6.1,240,11.8,13.7,13.8,0.0,0.0,0.0,0.345625,8.6,100,74,3.3,186,7.9,10.1,12.6,0.0
2025-02-10 04:00:00,27.3133333333333,24.06,0.0,9.9,94,95,5.9,240,11.6,13.5,13.8,0.0,0.0,0.0,0.3477777777777778,8.2,100,74,3.0,194,7.6,9.9,12.4,0.0
2025-02-10 05:00:00,27.2866666666667,24.0333333333333,0.0,9.9,94,100,5.4,241,11.4,13.4,13.8,0.0,0.0,0.0,0.3499305555555556,7.8,100,73,2.6,196,7.3,9.6,12.2,0.0
2025-02-10 06:00:00,27.2666666666667,23.98,0.0,9.8,93,100,5.9,240,11.2,13.3,13.8,0.0,0.0,0.0,0.35208333333333336,7.5,100,80,3.4,198,7.5,9.4,12.0,0.0
2025-02-10 07:00:00,27.2466666666667,23.95,0.0,9.9,93,100,6.7,242,11.2,13.1,13.8,0.0,0.0,0.0,0.35423611111111114,7.3,100,88,3.4,198,6.8,9.2,11.8,0.0
2025-02-10 08:00:00,27.23,23.9266666666667,0.0,10.8,91,100,7.9,258,11.5,13.0,13.8,0.0,0.0,0.02,0.3563888888888889,7.7,99,89,3.4,212,8.7,9.1,11.6,0.0
2025-02-10 09:00:00,27.2166666666667,23.92,0.0,11.9,92,100,7.6,272,12.0,13.0,13.8,0.0,0.0,0.05,0.3585416666666667,11.9,93,72,4.1,225,15.2,10.3,11.5,0.0
2025-02-10 10:00:00,27.21,23.92,0.0,13.3,87,71,7.5,286,13.0,12.9,13.8,0.0,0.0,0.1,0.3606944444444445,14.3,86,47,5.6,230,18.3,12.2,11.5,0.0
2025-02-10 11:00:00,27.2033333333333,23.92,0.0,15.2,77,55,6.1,297,14.4,13.0,13.8,0.0,0.0,0.23,0.36284722222222227,16.3,80,81,3.2,243,20.1,14.0,11.7,0.0
2025-02-10 12:00:00,27.2033333333333,24.1533333333333,0.0,16.5,74,4,6.3,327,15.9,13.2,13.8,0.0,0.0,0.33,0.36500000000000005,17.8,72,75,2.0,315,21.1,15.3,11.9,0.0
2025-02-10 13:00:00,27.21,29.21,0.0,17.7,71,39,4.9,351,17.5,13.6,13.9,0.0,0.0,0.37,0.36715277777777783,18.6,71,62,4.7,4,22.2,16.5,12.3,0.0
2025-02-10 14:00:00,28.18,29.14,0.0,17.6,73,37,7.2,16,18.2,13.9,13.9,0.0,0.0,0.33,0.36930555555555555,18.6,72,100,11.0,23,20.8,17.3,12.7,0.0
2025-02-10 15:00:00,29.2,28.9833333333333,0.0,17.0,76,55,10.2,30,18.3,14.2,13.9,0.0,0.0,0.27,0.37145833333333333,17.4,75,26,14.7,31,18.9,17.3,13.1,0.0
2025-02-10 16:00:00,29.4966666666667,28.7133333333333,0.0,16.0,78,69,10.7,34,17.9,14.5,13.9,0.0,0.0,0.18,0.3736111111111111,16.7,79,96,14.0,35,17.1,16.9,13.4,0.0
2025-02-10 17:00:00,29.55,28.38,0.0,14.7,83,76,8.9,33,17.0,14.7,13.9,0.0,0.0,0.09,0.3757638888888889,15.7,85,81,10.8,37,14.9,16.1,13.7,0.0
2025-02-10 18:00:00,29.5366666666667,28.1466666666667,0.0,12.2,94,6,4.8,32,15.6,14.8,13.9,0.0,0.0,0.01,0.3779166666666667,14.1,90,55,5.6,27,12.3,15.1,13.8,0.0
2025-02-10 19:00:00,29.5166666666667,27.9966666666667,0.0,11.4,96,0,1.0,21,14.2,14.8,13.9,0.0,0.0,0.0,0.38006944444444446,13.1,93,22,2.5,352,10.9,13.9,13.8,0.0
2025-02-10 20:00:00,29.47,27.84,0.0,10.5,99,2,1.7,319,13.1,14.7,13.9,0.0,0.0,0.0,0.38222222222222224,12.1,96,23,3.0,284,9.9,12.9,13.8,0.0
2025-02-10 21:00:00,29.4233333333333,27.7166666666667,0.0,9.8,99,19,3.6,270,12.3,14.5,13.9,0.0,0.0,0.0,0.384375,11.1,98,25,2.9,210,9.1,12.2,13.6,0.0
2025-02-10 22:00:00,29.3866666666667,27.5866666666667,0.0,9.1,100,95,3.3,257,11.9,14.3,13.9,0.0,0.0,0.0,0.3865277777777778,10.4,100,70,2.3,198,8.3,11.5,13.5,0.0
2025-02-10 23:00:00,29.35,27.4933333333333,0.0,9.0,100,92,3.7,276,11.6,14.1,13.9,0.0,0.0,0.0,0.3886805555555556,10.6,100,71,1.6,207,7.3,10.8,13.3,0.0
2025-02-11 00:00:00,29.3166666666667,27.41,0.0,9.7,96,77,4.6,265,11.5,14.0,14.0,0.0,0.0,0.0,0.39083333333333337,10.5,100,96,3.1,225,8.4,10.5,13.0,0.0
2025-02-11 01:00:00,29.2966666666667,27.3333333333333,0.0,9.3,98,94,4.9,255,12.6,14.1,14.0,0.0,0.0,0.0,0.39298611111111115,9.5,100,96,3.3,229,9.0,10.4,12.8,0.0
2025-02-11 02:00:00,29.2666666666667,27.2466666666667,0.0,9.6,96,67,4.8,248,12.1,13.9,14.0,0.0,0.0,0.0,0.39513888888888893,9.6,100,90,2.2,189,9.0,10.5,12.6,0.0
2025-02-11 03:00:00,29.2333333333333,27.2066666666667,0.0,9.6,96,73,4.8,247,11.8,13.8,14.0,0.0,0.0,0.0,0.3972916666666667,9.3,100,100,2.5,180,8.9,10.5,12.5,0.0
2025-02-11 04:00:00,29.19,27.0933333333333,0.0,9.5,94,88,4.0,250,11.6,13.7,14.0,0.0,0.0,0.0,0.3994444444444445,9.4,100,100,2.0,225,9.3,10.4,12.3,0.0
2025-02-11 05:00:00,29.1633333333333,27.05,0.0,9.3,94,92,2.4,234,11.4,13.5,14.0,0.0,0.0,0.0,0.40159722222222227,9.6,100,100,2.1,211,9.6,10.5,12.2,0.0
2025-02-11 06:00:00,29.14,27.0266666666667,0.0,9.3,94,100,3.9,240,11.2,13.4,14.0,0.0,0.0,0.0,0.40375000000000005,9.5,100,100,2.6,236,9.6,10.4,12.0,0.0
2025-02-11 07:00:00,29.1233333333333,26.9666666666667,0.0,9.2,96,100,4.8,253,11.0,13.2,14.0,0.0,0.0,0.0,0.40590277777777783,9.4,100,100,2.9,240,9.2,10.4,11.9,0.0
2025-02-11 08:00:00,29.0933333333333,26.9,0.0,10.0,94,100,5.6,256,11.2,13.1,14.0,0.0,0.0,0.01,0.40805555555555556,10.2,99,100,2.4,243,10.9,10.5,11.8,0.0
2025-02-11 09:00:00,29.0766666666667,26.8766666666667,0.0,11.5,92,100,5.8,275,11.9,13.0,14.0,0.0,0.0,0.07,0.41020833333333334,12.4,99,100,2.9,263,14.7,11.5,11.8,0.0
2025-02-11 10:00:00,29.07,26.83,0.0,14.3,77,91,5.6,308,13.2,13.0,14.0,0.0,0.0,0.17,0.4123611111111111,14.6,85,100,4.4,235,17.6,12.8,11.9,0.0
2025-02-11 11:00:00,29.0233333333333,26.76,0.0,16.7,65,98,5.2,327,14.8,13.1,14.0,0.0,0.0,0.27,0.4145138888888889,16.1,81,100,1.9,248,19.4,14.3,12.1,0.0
2025-02-11 12:00:00,29.01,26.7266666666667,0.0,18.3,61,92,5.6,352,16.3,13.3,14.0,0.0,0.0,0.33,0.4166666666666667,17.1,75,100,1.5,346,20.3,15.6,12.4,0.0
2025-02-11 13:00:00,28.9733333333333,26.6833333333333,0.0,17.5,69,81,9.7,11,16.3,13.3,14.0,0.0,0.0,0.31,0.41881944444444447,18.0,74,100,4.7,32,21.5,16.5,12.7,0.0
2025-02-11 14:00:00,28.96,26.6033333333333,0.0,17.1,72,78,9.9,26,17.1,13.6,14.0,0.0,0.0,0.3,0.42097222222222225,18.3,74,100,9.2,39,21.6,17.3,13.1,0.0
2025-02-11 15:00:00,28.91,26.5266666666667,0.0,17.0,72,64,9.1,44,17.5,13.9,14.0,0.0,0.0,0.26,0.42312500000000003,17.3,75,99,11.6,36,19.1,17.4,13.5,0.0
2025-02-11 16:00:00,28.8533333333333,26.4566666666667,0.0,16.7,72,7,8.9,37,17.3,14.1,14.0,0.0,0.0,0.19,0.4252777777777778,16.5,78,28,11.3,37,17.2,17.0,13.8,0.0
2025-02-11 17:00:00,28.7966666666667,26.3533333333333,0.0,15.5,76,0,5.6,42,16.6,14.3,14.0,0.0,0.0,0.09,0.4274305555555556,15.4,86,38,8.7,30,14.9,16.2,14.0,0.0
2025-02-11 18:00:00,28.7533333333333,26.28,0.0,12.7,84,0,2.2,52,15.2,14.4,14.0,0.0,0.0,0.01,0.4295833333333334,13.8,90,0,4.3,5,11.9,15.1,14.1,0.0
2025-02-11 19:00:00,28.7,26.1833333333333,0.0,12.0,85,0,1.8,74,13.8,14.4,14.0,0.0,0.0,0.0,0.43173611111111115,12.6,93,0,1.8,11,10.1,13.8,14.1,0.0
2025-02-11 20:00:00,28.6433333333333,26.1266666666667,0.0,11.8,84,0,0.5,72,12.7,14.3,14.0,0.0,0.0,0.0,0.43388888888888894,12.0,95,0,1.4,180,8.8,12.6,14.0,0.0
2025-02-11 21:00:00,28.61,26.0166666666667,0.0,10.7,85,3,3.6,207,12.0,14.2,14.0,0.0,0.0,0.0,0.4360416666666667,10.6,99,51,3.7,209,9.0,11.8,13.8,0.0
2025-02-11 22:00:00,28.58,25.9933333333333,0.0,10.4,77,3,6.1,202,11.4,14.0,14.0,0.0,0.0,0.0,0.4381944444444445,10.3,100,66,3.5,204,9.0,11.3,13.6,0.0
2025-02-11 23:00:00,28.5333333333333,25.98,0.0,10.4,68,21,7.7,222,11.1,13.8,14.0,0.0,0.0,0.02,0.4403472222222223,9.5,100,65,3.9,214,8.6,11.0,13.4,0.0
2025-02-12 00:00:00,28.5066666666667,25.94,0.0,10.9,63,21,9.9,226,10.9,13.6,14.0,0.0,0.0,0.03,0.44250000000000006,9.1,98,51,4.1,232,8.2,10.8,13.2,0.0
2025-02-12 01:00:00,28.4733333333333,25.8566666666667,0.0,10.6,65,35,8.2,225,10.0,13.6,14.1,0.0,0.0,0.02,0.44465277777777784,9.2,93,37,3.1,201,7.5,10.4,13.0,0.0
2025-02-12 02:00:00,28.4566666666667,25.8066666666667,0.0,10.8,57,36,9.0,214,9.9,13.3,14.1,0.0,0.0,0.03,0.44680555555555557,9.3,85,99,2.6,196,6.7,9.9,12.7,0.0
2025-02-12 03:00:00,28.43,25.78,0.0,11.0,52,86,11.2,214,10.0,13.1,14.1,0.0,0.0,0.05,0.44895833333333335,9.0,79,99,3.6,217,6.5,9.6,12.5,0.0
2025-02-12 04:00:00,28.4066666666667,25.6766666666667,0.0,11.2,51,82,11.3,212,10.2,12.9,14.1,0.0,0.0,0.05,0.45111111111111113,8.7,80,85,2.8,220,6.0,9.2,12.2,0.0
2025-02-12 05:00:00,28.3833333333333,25.6533333333333,0.0,9.6,59,100,7.2,222,10.0,12.8,14.1,0.0,0.0,0.02,0.4532638888888889,8.9,75,82,1.1,270,5.0,8.7,12.0,0.0
2025-02-12 06:00:00,28.3633333333333,25.6466666666667,0.0,9.0,64,100,5.2,234,9.6,12.6,14.1,0.0,0.0,0.01,0.4554166666666667,8.7,70,100,2.6,214,5.0,8.5,11.8,0.0
2025-02-12 07:00:00,28.3366666666667,25.6366666666667,0.0,8.1,69,66,6.4,249,9.1,12.4,14.0,0.0,0.0,0.01,0.4575694444444445,8.2,68,100,3.6,180,5.2,8.0,11.5,0.0
2025-02-12 08:00:00,28.3166666666667,25.6233333333333,0.0,10.9,66,17,8.2,258,9.5,12.2,14.0,0.0,0.0,0.04,0.45972222222222225,8.3,72,22,4.0,185,8.1,8.1,11.3,0.0
2025-02-12 09:00:00,28.2966666666667,25.59,0.0,14.4,65,23,10.3,239,11.0,12.1,14.0,0.0,0.0,0.13,0.46187500000000004,12.0,76,0,4.2,211,14.5,9.6,11.1,0.0
2025-02-12 10:00:00,28.29,25.5466666666667,0.0,16.8,56,1,11.1,232,12.7,12.1,14.0,0.0,0.0,0.23,0.4640277777777778,16.4,58,2,7.2,252,19.1,12.0,11.1,0.0
2025-02-12 11:00:00,28.2666666666667,25.5266666666667,0.0,18.2,57,3,8.8,255,14.4,12.3,14.0,0.0,0.0,0.31,0.4661805555555556,18.1,54,28,10.1,253,20.4,14.1,11.4,0.0
2025-02-12 12:00:00,28.2566666666667,25.5,0.0,19.2,53,5,8.8,265,16.0,12.5,14.0,0.0,0.0,0.38,0.4683333333333334,19.3,52,0,10.2,260,22.4,15.8,11.8,0.0
2025-02-12 13:00:00,28.25,25.5,0.0,20.4,50,14,9.7,290,17.6,13.1,14.0,0.0,0.0,0.41,0.47048611111111116,20.1,52,3,10.0,285,23.2,17.0,12.2,0.0
2025-02-12 14:00:00,28.2366666666667,25.4866666666667,0.0,19.8,59,14,11.5,328,18.2,13.4,14.0,0.0,0.0,0.36,0.47263888888888894,19.8,62,29,15.4,327,21.9,17.8,12.7,0.0
2025-02-12 15:00:00,28.1966666666667,25.4266666666667,0.0,18.1,69,9,15.2,337,18.3,13.8,14.0,0.0,0.0,0.28,0.4747916666666667,18.2,68,36,17.9,335,19.5,17.8,13.2,0.0
2025-02-12 16:00:00,28.17,25.38,0.0,17.5,70,11,9.4,319,17.9,14.1,14.0,0.0,0.0,0.19,0.4769444444444445,17.4,68,58,17.8,313,17.3,17.2,13.5,0.0
2025-02-12 17:00:00,28.13,25.3733333333333,0.0,16.4,74,41,5.0,322,17.1,14.3,14.0,0.0,0.0,0.09,0.4790972222222223,16.6,69,89,14.7,298,15.7,16.4,13.8,0.0
2025-02-12 18:00:00,28.0933333333333,25.31,0.0,14.7,77,36,2.8,291,15.9,14.4,14.1,0.0,0.0,0.02,0.48125000000000007,15.6,68,86,8.0,278,13.8,15.5,14.0,0.0
2025-02-12 19:00:00,28.05,25.2633333333333,0.0,13.6,75,47,6.0,254,14.7,14.5,14.1,0.0,0.0,0.01,0.48340277777777785,14.6,71,68,6.7,216,12.9,14.7,14.0,0.0
2025-02-12 20:00:00,28.0066666666667,25.24,0.0,14.1,72,35,9.0,219,14.2,14.5,14.1,0.0,0.0,0.02,0.48555555555555563,13.9,71,35,8.5,208,12.3,14.0,14.0,0.0
2025-02-12 21:00:00,27.9666666666667,25.23,0.0,13.3,70,39,9.2,212,13.8,14.4,14.1,0.0,0.0,0.02,0.48770833333333335,13.0,71,0,8.7,204,10.8,13.4,14.0,0.0
2025-02-12 22:00:00,27.94,25.2066666666667,0.0,12.7,67,22,9.2,220,13.3,14.4,14.1,0.0,0.0,0.02,0.48986111111111114,12.2,71,1,7.8,202,10.0,12.6,13.9,0.0
2025-02-12 23:00:00,27.9033333333333,25.2033333333333,0.0,12.2,66,0,9.9,221,12.9,14.3,14.1,0.0,0.0,0.03,0.4920138888888889,11.5,70,0,7.2,198,9.3,12.0,13.7,0.0
2025-02-13 00:00:00,27.88,25.1866666666667,0.0,11.4,67,0,11.0,219,12.4,14.1,14.1,0.0,0.0,0.03,0.4941666666666667,11.3,68,0,9.0,196,9.2,11.6,13.5,0.0
2025-02-13 01:00:00,27.8533333333333,25.1466666666667,0.0,11.5,67,0,9.9,212,13.1,14.1,14.1,0.0,0.0,0.03,0.4963194444444445,11.0,69,0,8.8,199,9.0,11.2,13.4,0.0
2025-02-13 02:00:00,27.8266666666667,25.1166666666667,0.0,10.9,68,0,8.5,214,12.4,14.0,14.1,0.0,0.0,0.02,0.49847222222222226,10.5,70,0,7.6,205,8.4,10.9,13.2,0.0
2025-02-13 03:00:00,27.8,25.0733333333333,0.0,10.1,70,0,7.0,215,11.8,13.9,14.1,0.0,0.0,0.01,0.5006250000000001,10.1,68,0,7.2,198,8.0,10.6,13.0,0.0
2025-02-13 04:00:00,27.77,25.0666666666667,0.0,9.5,72,0,5.8,216,11.3,13.7,14.1,0.0,0.0,0.01,0.5027777777777779,9.2,72,0,6.0,197,7.3,10.2,12.7,0.0
2025-02-13 05:00:00,27.7433333333333,25.0533333333333,0.0,9.1,72,0,4.4,203,10.7,13.6,14.1,0.0,0.0,0.0,0.5049305555555557,8.2,77,0,5.4,200,6.5,9.8,12.5,0.0
2025-02-13 06:00:00,27.7233333333333,25.03,0.0,8.7,73,0,4.2,180,10.2,13.4,14.1,0.0,0.0,0.0,0.5070833333333333,7.7,79,0,5.6,195,6.2,9.4,12.3,0.0
2025-02-13 07:00:00,27.6966666666667,24.9666666666667,0.0,8.3,74,0,4.1,166,9.8,13.1,14.1,0.0,0.0,0.0,0.5092361111111111,7.1,82,0,5.7,198,5.9,9.0,12.1,0.0
2025-02-13 08:00:00,27.68,24.9333333333333,0.0,10.4,71,0,4.3,162,10.1,12.9,14.1,0.0,0.0,0.02,0.5113888888888889,7.6,84,0,5.2,205,8.5,8.9,11.8,0.0
2025-02-13 09:00:00,27.6566666666667,24.92,0.0,14.1,66,0,5.4,181,11.5,12.8,14.1,0.0,0.0,0.12,0.5135416666666667,12.2,78,0,4.2,211,15.4,10.3,11.7,0.0
2025-02-13 10:00:00,27.6466666666667,24.9066666666667,0.0,16.3,52,0,1.9,208,13.3,12.8,14.1,0.0,0.0,0.22,0.5156944444444445,15.3,61,0,4.8,228,19.5,12.5,11.7,0.0
2025-02-13 11:00:00,27.6333333333333,26.51,0.0,17.2,49,0,0.5,323,15.1,12.9,14.1,0.0,0.0,0.31,0.5178472222222222,17.4,56,0,3.7,259,21.3,14.6,11.9,0.0
2025-02-13 12:00:00,27.8133333333333,29.18,0.0,17.8,48,0,3.1,33,16.6,13.2,14.1,0.0,0.0,0.37,0.52,18.4,55,16,5.4,312,22.7,16.1,12.3,0.0
2025-02-13 13:00:00,28.72,29.0666666666667,0.0,18.6,49,0,4.4,25,17.9,13.5,14.1,0.0,0.0,0.39,0.5235714285714286,18.9,53,36,9.2,339,23.0,17.4,12.7,0.0
2025-02-13 14:00:00,29.2466666666667,28.8066666666667,0.0,18.6,50,0,6.6,35,18.5,13.9,14.1,0.0,0.0,0.37,0.5271428571428571,18.4,54,12,12.3,357,21.5,17.9,13.1,0.0
2025-02-13 15:00:00,29.3733333333333,28.42,0.0,18.3,52,1,9.1,39,18.6,14.2,14.1,0.0,0.0,0.31,0.5307142857142857,18.0,58,4,12.1,12,20.4,18.0,13.5,0.0
2025-02-13 16:00:00,29.36,28.13,0.0,17.1,57,3,11.1,42,18.1,14.5,14.1,0.0,0.0,0.22,0.5342857142857143,17.1,65,28,11.1,25,18.0,17.7,13.8,0.0
2025-02-13 17:00:00,29.3266666666667,27.8966666666667,0.0,15.6,65,3,8.4,54,17.1,14.7,14.1,0.0,0.0,0.11,0.5378571428571429,16.1,71,5,9.2,42,15.2,16.7,14.1,0.0
2025-02-13 18:00:00,29.2633333333333,27.7466666666667,0.0,12.6,77,2,5.6,63,15.7,14.8,14.1,0.0,0.0,0.02,0.5414285714285715,14.4,77,0,5.6,45,12.1,15.5,14.2,0.0
2025-02-13 19:00:00,29.2266666666667,27.6166666666667,0.0,12.1,77,1,2.0,73,14.2,14.8,14.1,0.0,0.0,0.0,0.545,12.9,84,0,2.8,50,10.3,14.1,14.2,0.0
2025-02-13 20:00:00,29.1733333333333,27.5033333333333,0.0,11.7,76,0,0.9,78,13.1,14.7,14.2,0.0,0.0,0.0,0.5485714285714286,12.4,84,0,1.1,180,8.6,12.9,14.2,0.0
2025-02-13 21:00:00,29.15,27.4366666666667,0.0,11.3,76,0,0.9,83,12.2,14.5,14.2,0.0,0.0,0.0,0.5521428571428572,10.6,89,0,3.3,193,8.2,11.8,14.0,0.0
2025-02-13 22:00:00,29.1033333333333,27.41,0.0,10.5,79,0,3.3,189,11.6,14.3,14.2,0.0,0.0,0.0,0.5557142857142857,9.0,94,12,3.3,186,7.7,11.2,13.8,0.0
2025-02-13 23:00:00,29.0666666666667,27.32,0.0,9.9,80,0,3.3,200,11.0,14.1,14.2,0.0,0.0,0.0,0.5592857142857143,8.8,92,5,2.9,180,6.9,10.6,13.5,0.0
2025-02-14 00:00:00,29.05,27.2433333333333,0.0,9.5,80,0,2.3,190,10.6,13.9,14.2,0.0,0.0,0.0,0.5628571428571428,8.2,90,5,3.6,180,6.5,10.0,13.3,0.0
2025-02-14 01:00:00,29.01,27.2166666666667,0.0,9.6,78,0,3.1,204,10.5,13.8,14.2,0.0,0.0,0.0,0.5664285714285715,7.6,89,4,3.6,180,6.1,9.6,13.0,0.0
2025-02-14 02:00:00,28.9866666666667,27.14,0.0,9.1,78,0,3.9,225,10.1,13.6,14.2,0.0,0.0,0.0,0.5700000000000001,6.9,90,4,3.3,167,5.6,9.2,12.7,0.0
2025-02-14 03:00:00,28.9433333333333,27.07,0.0,8.4,79,0,4.2,243,9.7,13.3,14.2,0.0,0.0,0.0,0.5735714285714286,6.1,91,6,3.6,174,5.0,8.7,12.4,0.0
2025-02-14 04:00:00,28.9333333333333,27.0366666666667,0.0,7.8,80,0,3.8,239,9.4,13.1,14.2,0.0,0.0,0.0,0.5771428571428572,5.6,91,6,3.2,180,4.6,8.3,12.1,0.0
2025-02-14 05:00:00,28.9133333333333,27.02,0.0,7.7,78,0,2.9,225,9.1,12.9,14.2,0.0,0.0,0.0,0.5807142857142857,5.3,90,6,3.3,174,4.3,7.9,11.8,0.0
2025-02-14 06:00:00,28.8866666666667,26.9733333333333,0.0,7.8,75,0,3.4,228,8.8,12.6,14.2,0.0,0.0,0.0,0.5842857142857143,4.6,94,7,3.8,197,3.9,7.4,11.5,0.0
2025-02-14 07:00:00,28.8666666666667,26.91,0.0,7.5,76,0,5.2,236,8.6,12.4,14.2,0.0,0.0,0.0,0.5878571428571429,4.7,93,7,3.4,198,3.7,7.2,11.2,0.0
2025-02-14 08:00:00,28.85,26.8633333333333,0.0,10.3,71,0,5.1,238,9.0,12.2,14.2,0.0,0.0,0.03,0.5914285714285714,5.9,90,6,3.3,193,7.1,7.2,11.0,0.0
2025-02-14 09:00:00,28.82,26.8433333333333,0.0,13.9,67,0,5.1,247,10.6,12.1,14.2,0.0,0.0,0.12,0.595,10.8,84,0,2.4,207,14.4,8.8,10.8,0.0
2025-02-14 10:00:00,28.81,26.83,0.0,16.5,60,0,5.3,292,12.6,12.1,14.1,0.0,0.0,0.23,0.5985714285714286,15.0,69,0,2.9,240,19.0,11.3,10.8,0.0
2025-02-14 11:00:00,28.79,26.7766666666667,0.0,18.0,53,0,5.2,333,14.5,12.2,14.1,0.0,0.0,0.33,0.6021428571428572,17.8,60,0,0.0,270,21.6,13.6,11.0,0.0
2025-02-14 12:00:00,28.7666666666667,26.7166666666667,0.0,19.0,52,0,6.3,1,16.2,12.5,14.1,0.0,0.0,0.39,0.6057142857142858,18.8,59,0,4.9,36,22.6,15.2,11.4,0.0
2025-02-14 13:00:00,28.7366666666667,26.7033333333333,0.0,19.8,52,0,7.5,18,17.1,12.8,14.1,0.0,0.0,0.41,0.6092857142857143,19.8,54,0,9.3,36,23.2,16.7,11.8,0.0
2025-02-14 14:00:00,28.7066666666667,26.6266666666667,0.0,19.6,53,0,9.4,30,17.9,13.1,14.1,0.0,0.0,0.39,0.6128571428571429,19.4,54,0,12.1,37,21.7,17.5,12.3,0.0
2025-02-14 15:00:00,28.6633333333333,26.56,0.0,19.0,53,0,10.1,37,18.2,13.5,14.1,0.0,0.0,0.32,0.6164285714285714,19.0,60,0,13.1,37,20.4,17.6,12.8,0.0
2025-02-14 16:00:00,28.62,26.46,0.0,18.3,56,0,9.1,37,17.9,13.8,14.1,0.0,0.0,0.23,0.62,18.3,60,0,11.3,37,18.2,17.2,13.2,0.0
2025-02-14 17:00:00,28.5566666666667,26.3766666666667,0.0,16.6,69,0,5.3,35,17.1,14.0,14.1,0.0,0.0,0.11,0.6235714285714286,17.0,63,0,7.6,19,15.2,16.5,13.5,0.0
2025-02-14 18:00:00,28.5,26.2966666666667,0.0,13.6,77,0,1.7,32,15.4,14.2,14.1,0.0,0.0,0.01,0.6271428571428572,14.4,69,0,4.4,351,11.4,15.2,13.7,0.0
2025-02-14 19:00:00,28.44,26.2,0.0,12.6,79,0,1.6,339,14.0,14.2,14.1,0.0,0.0,0.0,0.6307142857142858,12.6,79,0,2.5,315,9.3,13.6,13.7,0.0
2025-02-14 20:00:00,28.3833333333333,26.14,0.0,11.5,83,0,2.5,307,12.8,14.1,14.1,0.0,0.0,0.0,0.6342857142857143,11.6,81,0,1.8,281,7.9,12.2,13.6,0.0
2025-02-14 21:00:00,28.35,26.0833333333333,0.0,10.7,86,0,1.9,286,12.0,14.0,14.1,0.0,0.0,0.0,0.6378571428571429,10.8,78,0,1.8,217,6.9,11.2,13.5,0.0
2025-02-14 22:00:00,28.3266666666667,26.0133333333333,0.0,10.1,87,0,3.3,256,11.3,13.9,14.2,0.0,0.0,0.0,0.6414285714285715,10.7,77,0,2.5,180,6.3,10.3,13.2,0.0
2025-02-14 23:00:00,28.2733333333333,25.9766666666667,0.0,9.5,89,0,3.8,263,10.8,13.7,14.2,0.0,0.0,0.0,0.645,10.3,77,0,2.3,162,5.8,9.7,13.0,0.0
2025-02-15 00:00:00,28.2466666666667,25.8933333333333,0.0,9.3,87,0,3.2,273,10.3,13.5,14.2,0.0,0.0,0.0,0.6485714285714286,9.5,79,0,3.0,166,5.6,9.2,12.7,0.0
2025-02-15 01:00:00,28.2166666666667,25.8233333333333,0.0,8.5,84,0,3.8,263,9.6,13.4,14.2,0.0,0.0,0.0,0.6521428571428571,8.6,80,0,3.0,166,5.4,8.9,12.4,0.0
2025-02-15 02:00:00,28.1933333333333,25.81,0.0,8.0,85,0,4.4,269,9.4,13.2,14.2,0.0,0.0,0.0,0.6557142857142857,7.9,79,0,2.9,180,4.9,8.5,12.1,0.0
2025-02-15 03:00:00,28.1633333333333,25.7733333333333,0.0,8.3,79,0,2.7,264,9.1,12.9,14.2,0.0,0.0,0.0,0.6592857142857144,6.7,83,0,2.9,187,4.5,8.1,11.8,0.0
2025-02-15 04:00:00,28.1333333333333,25.73,0.0,8.6,74,0,1.8,265,8.8,12.7,14.2,0.0,0.0,0.0,0.6628571428571429,5.9,85,1,2.9,187,4.1,7.7,11.6,0.0
2025-02-15 05:00:00,28.12,25.72,0.0,8.6,71,0,1.4,279,8.6,12.4,14.2,0.0,0.0,0.0,0.6664285714285715,5.3,91,1,2.3,198,3.8,7.4,11.3,0.0
2025-02-15 06:00:00,28.1,25.7133333333333,0.0,8.6,69,0,1.7,264,8.4,12.2,14.1,0.0,0.0,0.0,0.67,5.1,93,6,3.3,167,3.6,7.0,11.0,0.0
2025-02-15 07:00:00,28.0933333333333,25.72,0.0,8.5,67,0,1.7,248,8.1,12.0,14.1,0.0,0.0,0.0,0.6735714285714286,5.6,88,5,3.1,159,3.4,6.8,10.8,0.0
2025-02-15 08:00:00,28.0733333333333,25.7166666666667,0.0,10.8,69,0,1.8,188,8.7,11.8,14.1,0.0,0.0,0.02,0.6771428571428572,6.1,89,1,3.0,194,7.1,6.9,10.5,0.0
2025-02-15 09:00:00,28.0533333333333,25.7533333333333,0.0,14.1,62,99,4.2,225,10.4,11.7,14.1,0.0,0.0,0.12,0.6807142857142857,10.2,86,9,1.8,217,13.7,8.5,10.4,0.0
2025-02-15 10:00:00,28.0333333333333,25.75,0.0,16.7,56,100,4.7,274,12.4,11.7,14.1,0.0,0.0,0.23,0.6842857142857143,14.4,72,6,1.3,236,18.2,10.8,10.4,0.0
2025-02-15 11:00:00,28.0066666666667,25.7233333333333,0.0,18.9,50,99,3.3,307,14.5,11.9,14.1,0.0,0.0,0.33,0.687857142857143,17.5,63,14,0.5,225,21.1,13.1,10.6,0.0
2025-02-15 12:00:00,27.9933333333333,25.71,0.0,20.3,48,80,4.2,358,16.3,12.2,14.1,0.0,0.0,0.4,0.6914285714285715,19.4,56,7,2.9,30,22.8,14.9,11.0,0.0
2025-02-15 13:00:00,27.9766666666667,25.7166666666667,0.0,21.0,51,100,6.1,14,17.2,12.5,14.1,0.0,0.0,0.43,0.6950000000000001,21.1,52,16,6.3,24,24.4,16.6,11.4,0.0
2025-02-15 14:00:00,27.97,25.6933333333333,0.0,20.7,52,100,9.0,26,18.2,12.9,14.1,0.0,0.0,0.4,0.6985714285714286,21.0,55,81,9.8,28,23.3,17.7,11.9,0.0
2025-02-15 15:00:00,27.97,25.6733333333333,0.0,19.5,53,100,10.2,36,18.2,13.2,14.1,0.0,0.0,0.3,0.7021428571428572,19.3,60,58,11.6,26,20.2,17.6,12.4,0.0
2025-02-15 16:00:00,27.93,25.6733333333333,0.0,17.8,61,100,8.4,26,17.6,13.6,14.1,0.0,0.0,0.16,0.7057142857142857,18.1,65,100,11.2,33,17.4,17.1,12.9,0.0
2025-02-15 17:00:00,27.8866666666667,25.6866666666667,0.0,16.2,73,100,6.3,26,16.8,13.8,14.1,0.0,0.0,0.09,0.7092857142857143,16.6,76,100,8.4,20,15.3,16.2,13.2,0.0
2025-02-15 18:00:00,27.87,25.6666666666667,0.0,12.8,88,100,4.4,26,15.4,14.0,14.1,0.0,0.0,0.01,0.7128571428571429,14.8,87,100,5.0,360,12.9,15.2,13.4,0.0
2025-02-15 19:00:00,27.81,25.6566666666667,0.0,12.4,91,100,2.5,350,14.3,14.0,14.1,0.0,0.0,0.0,0.7164285714285714,13.5,94,97,3.2,360,11.7,14.0,13.5,0.0
2025-02-15 20:00:00,27.7833333333333,25.59,0.0,11.9,91,100,2.0,98,13.5,14.0,14.1,0.0,0.0,0.0,0.7200000000000001,12.9,95,100,2.1,59,10.9,13.2,13.5,0.0
2025-02-15 21:00:00,27.7433333333333,25.55,0.0,12.2,89,100,1.5,108,13.0,13.9,14.1,0.0,0.0,0.0,0.7235714285714286,12.6,95,100,1.6,333,10.0,12.5,13.4,0.0
2025-02-15 22:00:00,27.7166666666667,25.53,0.0,12.2,87,100,2.0,340,12.6,13.9,14.1,0.0,0.0,0.0,0.7271428571428572,12.2,97,100,2.5,270,9.8,11.9,13.3,0.0
2025-02-15 23:00:00,27.6833333333333,25.5166666666667,0.0,11.3,91,100,4.1,297,12.3,13.8,14.1,0.0,0.0,0.0,0.7307142857142858,11.7,99,100,2.2,99,9.1,11.5,13.2,0.0
2025-02-16 00:00:00,27.6533333333333,25.4866666666667,0.0,10.7,92,82,3.1,307,12.0,13.7,14.1,0.0,0.0,0.0,0.7342857142857143,12.0,100,100,0.5,225,8.8,11.1,13.0,0.0
2025-02-16 01:00:00,27.63,25.4233333333333,0.0,9.8,99,73,3.0,302,11.8,13.7,14.1,0.0,0.0,0.0,0.7378571428571429,10.6,100,98,4.4,235,9.2,10.7,12.8,0.0
2025-02-16 02:00:00,27.6,25.3733333333333,0.0,10.0,97,100,6.1,278,11.5,13.6,14.1,0.0,0.0,0.0,0.7414285714285714,9.9,100,94,3.3,174,9.0,10.7,12.7,0.0
2025-02-16 03:00:00,27.59,25.3566666666667,0.0,10.1,97,80,9.3,260,11.4,13.5,14.1,0.0,0.0,0.0,0.745,9.9,100,97,2.3,162,8.9,10.7,12.5,0.0
2025-02-16 04:00:00,27.56,25.3166666666667,0.0,10.5,94,100,8.2,267,11.4,13.4,14.1,0.0,0.0,0.0,0.7485714285714287,9.3,100,100,3.4,198,9.5,10.6,12.4,0.0
2025-02-16 05:00:00,27.55,25.24,0.0,10.9,91,100,7.4,249,11.4,13.2,14.1,0.0,0.0,0.0,0.7521428571428572,9.9,100,100,4.0,207,9.9,10.7,12.3,0.0
2025-02-16 06:00:00,27.5366666666667,25.2233333333333,0.0,10.7,88,100,5.3,236,11.3,13.1,14.1,0.0,0.0,0.0,0.7557142857142858,9.9,99,100,5.7,215,9.7,10.6,12.2,0.0
2025-02-16 07:00:00,27.5233333333333,25.2,0.0,10.3,87,100,7.9,250,11.2,13.0,14.1,0.0,0.0,0.0,0.7592857142857143,10.3,94,100,8.5,216,9.7,10.7,12.1,0.0
2025-02-16 08:00:00,27.51,25.13,0.0,11.1,89,100,12.0,259,11.5,12.9,14.1,0.0,0.0,0.03,0.7628571428571429,11.5,94,100,9.7,219,12.0,10.9,12.0,0.0
2025-02-16 09:00:00,27.4966666666667,25.09,0.0,14.2,75,100,11.1,252,12.3,12.9,14.1,0.0,0.0,0.1,0.7664285714285715,13.8,87,100,12.0,224,14.3,11.7,12.0,0.0
2025-02-16 10:00:00,27.4833333333333,25.0633333333333,0.0,16.6,63,100,16.8,245,13.6,12.9,14.1,0.1,0.1,0.21,0.77,15.5,82,100,12.9,234,16.4,12.7,12.0,0.0
2025-02-16 11:00:00,27.47,25.0466666666667,0.0,17.3,68,100,17.7,261,14.6,13.0,14.1,0.1,0.1,0.21,0.7735714285714286,16.7,78,100,13.7,247,17.7,13.6,12.2,0.0
2025-02-16 12:00:00,27.4533333333333,25.0,0.0,18.1,65,100,17.0,280,15.3,13.2,14.1,0.3,0.3,0.22,0.7771428571428571,16.8,78,100,13.2,259,16.7,14.1,12.3,0.0
2025-02-16 13:00:00,27.45,24.9533333333333,0.0,17.5,73,98,16.8,308,15.4,13.2,14.1,0.9,0.9,0.26,0.7807142857142858,17.1,77,100,12.6,290,17.8,14.8,12.5,0.0
2025-02-16 14:00:00,27.43,24.97,0.0,17.3,75,100,14.2,320,15.7,13.4,14.1,1.5,1.5,0.22,0.7842857142857144,16.3,85,100,10.9,316,16.9,15.1,12.8,0.0
2025-02-16 15:00:00,27.42,24.9866666666667,0.0,17.6,67,100,10.5,331,16.0,13.6,14.1,0.1,0.1,0.23,0.7878571428571429,16.5,83,96,11.5,328,16.8,15.6,13.0,0.0
2025-02-16 16:00:00,27.4033333333333,25.01,0.0,17.3,67,100,8.5,318,16.3,13.8,14.1,0.0,0.0,0.19,0.7914285714285715,16.1,84,100,10.8,334,16.3,15.3,13.2,0.0
2025-02-16 17:00:00,27.3966666666667,25.04,0.0,16.6,72,28,3.9,309,16.1,14.0,14.1,0.0,0.0,0.09,0.795,15.7,85,94,4.1,322,14.9,15.0,13.4,0.0
2025-02-16 18:00:00,27.3866666666667,25.0733333333333,0.0,14.3,78,4,0.2,288,14.9,14.1,14.1,0.0,0.0,0.01,0.7985714285714286,14.7,84,36,4.4,145,12.1,14.5,13.5,0.0
2025-02-16 19:00:00,27.37,25.08,0.0,13.0,82,0,2.0,178,13.7,14.1,14.1,0.0,0.0,0.0,0.8021428571428572,12.9,92,29,5.3,152,11.0,13.5,13.5,0.0
2025-02-16 20:00:00,27.34,25.0866666666667,0.0,11.5,86,0,4.7,181,12.8,14.0,14.1,0.0,0.0,0.0,0.8057142857142857,11.9,88,6,4.0,180,9.9,12.6,13.5,0.0
2025-02-16 21:00:00,27.32,25.1,0.0,10.7,89,0,5.9,187,12.2,13.9,14.1,0.0,0.0,0.0,0.8092857142857143,10.6,82,0,5.1,176,8.9,11.8,13.3,0.0
2025-02-16 22:00:00,27.2933333333333,25.0966666666667,0.0,10.1,89,0,7.2,198,11.7,13.8,14.1,0.0,0.0,0.0,0.812857142857143,9.9,84,0,5.1,184,8.4,11.2,13.2,0.0
2025-02-16 23:00:00,27.28,25.13,0.0,9.8,86,0,6.8,196,11.4,13.6,14.1,0.0,0.0,0.0,0.8164285714285715,9.3,87,0,4.6,198,7.9,10.7,13.0,0.0
2025-02-17 00:00:00,27.2566666666667,25.0733333333333,0.0,9.5,86,0,6.2,202,11.0,13.5,14.1,0.0,0.0,0.0,0.8200000000000001,9.2,85,0,5.2,192,7.7,10.4,12.8,0.0
2025-02-17 01:00:00,27.2433333333333,25.0666666666667,0.0,9.5,83,0,5.2,201,11.3,13.4,14.1,0.0,0.0,0.0,0.8235714285714286,8.6,88,0,4.8,193,7.2,10.0,12.6,0.0
2025-02-17 02:00:00,27.2333333333333,25.0466666666667,0.0,9.4,82,0,5.9,214,10.8,13.3,14.1,0.0,0.0,0.0,0.8271428571428572,8.2,89,0,4.4,189,6.8,9.6,12.4,0.0
2025-02-17 03:00:00,27.2133333333333,25.0166666666667,0.0,9.5,80,0,6.6,227,10.4,13.1,14.1,0.0,0.0,0.0,0.8307142857142857,7.9,89,0,4.8,193,6.5,9.3,12.2,0.0
2025-02-17 04:00:00,27.2033333333333,24.9533333333333,0.0,9.3,79,0,6.6,229,10.1,13.0,14.1,0.0,0.0,0.0,0.8342857142857143,7.6,91,0,4.8,193,6.3,9.0,12.0,0.0
2025-02-17 05:00:00,27.1933333333333,24.92,0.0,9.1,79,0,7.3,231,9.9,12.8,14.1,0.0,0.0,0.0,0.8378571428571429,7.3,91,0,4.7,203,6.0,8.7,11.7,0.0
2025-02-17 06:00:00,27.1666666666667,24.91,0.0,9.1,79,0,7.7,225,9.8,12.6,14.1,0.0,0.0,0.0,0.8414285714285715,7.4,90,0,4.9,197,6.0,8.6,11.5,0.0
2025-02-17 07:00:00,27.1366666666667,24.9033333333333,0.0,8.9,80,0,6.8,227,9.6,12.5,14.1,0.0,0.0,0.0,0.8450000000000001,7.4,89,0,5.0,201,5.9,8.4,11.3,0.0
2025-02-17 08:00:00,27.1266666666667,24.8933333333333,0.0,11.9,71,0,7.1,232,10.1,12.3,14.1,0.0,0.0,0.04,0.8485714285714286,8.5,88,0,4.7,212,9.3,8.5,11.1,0.0
2025-02-17 09:00:00,27.1166666666667,24.88,0.0,15.1,66,0,7.1,236,11.5,12.3,14.1,0.0,0.0,0.13,0.8521428571428572,13.1,82,0,4.1,225,15.8,10.2,11.1,0.0
2025-02-17 10:00:00,27.1,24.8433333333333,0.0,17.4,59,0,7.4,256,13.4,12.3,14.1,0.0,0.0,0.24,0.8557142857142858,16.4,66,0,8.2,241,19.2,12.4,11.2,0.0
2025-02-17 11:00:00,27.09,24.8066666666667,0.0,18.9,52,0,6.5,273,15.2,12.5,14.1,0.0,0.0,0.34,0.8592857142857143,18.3,60,0,8.4,239,21.6,14.4,11.4,0.0
2025-02-17 12:00:00,27.0866666666667,24.7833333333333,0.0,19.8,48,0,4.7,300,16.8,12.8,14.1,0.0,0.0,0.4,0.8628571428571429,19.6,54,0,4.8,297,23.3,16.1,11.8,0.0
2025-02-17 13:00:00,27.0733333333333,24.7733333333333,0.0,20.5,48,0,5.2,360,17.9,13.0,14.1,0.0,0.0,0.42,0.8664285714285714,20.5,51,0,8.3,355,23.9,17.5,12.3,0.0
2025-02-17 14:00:00,27.0766666666667,24.78,0.0,20.3,51,0,9.6,20,18.6,13.4,14.1,0.0,0.0,0.4,0.87,20.0,52,0,12.4,17,22.0,18.2,12.8,0.0
2025-02-17 15:00:00,27.07,24.7666666666667,0.0,19.3,54,0,12.7,28,18.8,13.8,14.1,0.0,0.0,0.33,0.8735714285714287,19.4,52,0,14.2,27,20.6,18.2,13.3,0.0
2025-02-17 16:00:00,27.0666666666667,24.7266666666667,0.0,18.3,55,7,12.1,44,18.4,14.1,14.1,0.0,0.0,0.24,0.8771428571428572,18.4,56,0,14.0,35,18.3,17.8,13.6,0.0
2025-02-17 17:00:00,27.0533333333333,24.6833333333333,0.0,17.0,62,98,8.7,52,17.5,14.3,14.1,0.0,0.0,0.13,0.8807142857142858,17.2,63,0,11.2,48,15.9,16.9,13.9,0.0
2025-02-17 18:00:00,27.0433333333333,24.6633333333333,0.0,14.1,73,100,7.1,65,16.1,14.5,14.1,0.0,0.0,0.03,0.8842857142857143,15.2,68,85,6.5,34,12.7,15.7,14.1,0.0
2025-02-17 19:00:00,27.0333333333333,24.6533333333333,0.0,13.0,77,100,2.9,64,14.8,14.5,14.1,0.0,0.0,0.0,0.8878571428571429,13.7,74,100,3.5,24,11.3,14.4,14.2,0.0
2025-02-17 20:00:00,26.9933333333333,24.6566666666667,0.0,12.7,78,100,0.8,50,13.7,14.5,14.1,0.0,0.0,0.0,0.8914285714285715,13.4,75,100,0.8,27,10.2,13.3,14.1,0.0
2025-02-17 21:00:00,26.9666666666667,24.65,0.0,11.8,82,100,0.4,53,12.9,14.4,14.1,0.0,0.0,0.0,0.895,13.5,70,100,1.1,360,9.7,12.5,14.0,0.0
2025-02-17 22:00:00,26.9333333333333,24.65,0.0,10.7,86,95,0.7,36,12.3,14.3,14.1,0.0,0.0,0.0,0.8985714285714286,13.4,70,86,0.4,270,8.8,11.9,13.8,0.0
2025-02-17 23:00:00,26.91,24.6466666666667,0.0,9.6,90,91,1.7,11,11.7,14.1,14.1,0.0,0.0,0.0,0.9021428571428572,12.6,72,97,2.6,236,7.5,11.2,13.6,0.0
2025-02-18 00:00:00,26.8933333333333,24.64,0.0,9.1,91,99,2.3,340,11.2,14.0,14.2,0.0,0.0,0.0,0.9057142857142858,11.8,74,100,2.2,261,7.7,10.8,13.4,0.0
2025-02-18 01:00:00,26.86,24.64,0.0,9.0,87,93,3.1,321,11.1,13.9,14.2,0.0,0.0,0.0,0.9092857142857144,11.5,75,99,1.3,214,7.1,10.3,13.1,0.0
2025-02-18 02:00:00,26.83,24.6333333333333,0.0,8.8,84,60,2.7,284,10.7,13.7,14.2,0.0,0.0,0.0,0.9128571428571429,11.1,75,76,2.3,162,6.3,9.8,12.9,0.0
2025-02-18 03:00:00,26.82,24.6233333333333,0.0,8.9,80,60,3.5,188,10.2,13.5,14.2,0.0,0.0,0.0,0.9164285714285715,9.9,81,100,0.8,63,5.5,9.0,12.6,0.0
2025-02-18 04:00:00,26.7866666666667,24.6133333333333,0.0,9.1,78,31,4.1,198,9.9,13.3,14.2,0.0,0.0,0.0,0.92,9.3,84,100,1.1,288,5.3,8.7,12.3,0.0
2025-02-18 05:00:00,26.7766666666667,24.5733333333333,0.0,9.4,78,45,4.6,188,9.6,13.1,14.2,0.0,0.0,0.0,0.9235714285714286,9.3,84,100,2.2,180,5.1,8.3,12.0,0.0
2025-02-18 06:00:00,26.7566666666667,24.55,0.0,9.2,80,0,4.9,192,9.5,12.9,14.2,0.0,0.0,0.0,0.9271428571428572,8.9,80,0,2.6,254,4.4,7.9,11.7,0.0
2025-02-18 07:00:00,26.7333333333333,24.5333333333333,0.0,9.0,80,0,5.6,188,9.3,12.7,14.2,0.0,0.0,0.0,0.9307142857142857,7.4,85,0,3.5,246,4.3,7.6,11.4,0.0
2025-02-18 08:00:00,26.7133333333333,24.5133333333333,0.0,12.3,71,16,6.5,192,9.9,12.5,14.2,0.0,0.0,0.04,0.9342857142857144,7.6,85,0,4.1,232,8.5,7.8,11.2,0.0
2025-02-18 09:00:00,26.6966666666667,24.4933333333333,0.0,17.0,63,0,7.3,209,11.6,12.4,14.1,0.0,0.0,0.15,0.937857142857143,13.6,74,0,5.4,250,16.1,9.8,11.1,0.0
2025-02-18 10:00:00,26.66,24.48,0.0,20.8,52,19,5.0,230,13.8,12.5,14.1,0.0,0.0,0.27,0.9414285714285715,18.3,57,11,6.5,273,21.1,12.5,11.1,0.0
2025-02-18 11:00:00,26.65,24.4766666666667,0.0,23.5,34,94,12.6,200,15.9,12.7,14.1,0.0,0.0,0.42,0.9450000000000001,20.7,52,14,6.9,276,23.8,15.0,11.4,0.0
2025-02-18 12:00:00,26.6433333333333,24.4266666666667,0.0,25.2,30,100,12.1,216,17.6,13.0,14.1,0.0,0.0,0.5,0.9485714285714286,21.6,53,63,9.7,329,24.7,16.8,11.8,0.0
2025-02-18 13:00:00,26.64,24.3733333333333,0.0,25.0,32,100,11.3,265,18.7,13.4,14.1,0.0,0.0,0.48,0.9521428571428572,22.3,55,100,9.7,356,25.2,18.3,12.3,0.0
2025-02-18 14:00:00,26.6266666666667,24.35,0.0,23.4,44,100,12.1,335,19.4,13.8,14.1,0.0,0.0,0.42,0.9557142857142857,21.6,61,100,11.8,20,24.1,19.0,12.9,0.0
2025-02-18 15:00:00,26.6133333333333,24.35,0.0,20.6,63,100,9.3,15,19.4,14.1,14.1,0.0,0.0,0.28,0.9592857142857143,20.3,63,100,12.5,39,21.2,18.7,13.4,0.0
2025-02-18 16:00:00,26.6033333333333,24.33,0.0,19.3,65,100,12.1,69,19.0,14.5,14.1,0.0,0.0,0.21,0.962857142857143,19.4,64,100,11.7,43,18.6,18.3,13.8,0.0
2025-02-18 17:00:00,26.5933333333333,24.2833333333333,0.0,17.6,71,100,9.9,41,18.1,14.7,14.2,0.0,0.0,0.11,0.9664285714285715,18.3,68,100,8.0,36,16.7,17.3,14.1,0.0
2025-02-18 18:00:00,26.5866666666667,24.2433333333333,0.0,14.7,83,78,5.6,67,16.8,14.9,14.2,0.0,0.0,0.02,0.9700000000000001,16.6,75,88,5.8,7,14.5,16.3,14.3,0.0
2025-02-18 19:00:00,26.56,24.2233333333333,0.0,15.3,81,92,1.5,79,16.0,15.0,14.2,0.0,0.0,0.0,0.9735714285714286,15.5,79,100,3.7,349,13.8,15.3,14.4,0.0
2025-02-18 20:00:00,26.55,24.22,0.0,15.4,80,93,0.5,77,15.4,15.0,14.2,0.0,0.0,0.0,0.9771428571428572,15.1,81,78,1.5,14,12.6,14.6,14.4,0.0
2025-02-18 21:00:00,26.5233333333333,24.2133333333333,0.0,15.0,81,100,0.6,6,14.9,15.0,14.2,0.0,0.0,0.0,0.9807142857142858,14.8,79,95,1.3,326,12.2,13.8,14.4,0.0
2025-02-18 22:00:00,26.5,24.19,0.0,15.2,80,71,0.7,351,14.6,15.0,14.2,0.0,0.0,0.0,0.9842857142857143,14.3,79,97,2.3,309,12.1,13.4,14.3,0.0
2025-02-18 23:00:00,26.4733333333333,24.15,0.0,13.8,81,60,8.7,264,14.2,14.9,14.2,0.0,0.0,0.01,0.9878571428571429,13.6,80,80,4.3,5,12.0,13.2,14.2,0.0
2025-02-19 00:00:00,26.4633333333333,24.1166666666667,0.0,13.1,81,58,1.1,288,13.7,14.8,14.2,0.0,0.0,0.0,0.9914285714285714,14.0,86,100,1.9,22,11.5,12.9,14.1,0.0
2025-02-19 01:00:00,26.43,24.0933333333333,0.0,13.4,82,74,3.8,276,13.8,14.7,14.2,0.0,0.0,0.0,0.9950000000000001,13.5,95,100,3.6,96,12.2,12.8,13.9,0.0
2025-02-19 02:00:00,26.4066666666667,24.0833333333333,0.0,13.0,83,94,4.3,288,13.3,14.6,14.2,0.0,0.0,0.0,0.9985714285714287,13.5,100,100,3.7,101,12.8,12.9,13.8,0.0
2025-02-19 03:00:00,26.3966666666667,24.0766666666667,0.0,12.2,93,93,2.7,311,12.9,14.5,14.2,0.0,0.0,0.0,1.0021428571428572,14.0,100,100,0.8,63,12.9,13.1,13.7,0.0
2025-02-19 04:00:00,26.3833333333333,24.07,0.0,11.3,89,84,5.4,247,12.4,14.4,14.2,0.0,0.0,0.0,1.0057142857142858,13.6,100,100,4.3,246,13.0,13.1,13.7,0.0
2025-02-19 05:00:00,26.3566666666667,24.07,0.0,11.7,87,90,4.9,257,12.3,14.3,14.2,0.0,0.0,0.0,1.0092857142857143,13.2,99,100,2.6,236,12.3,13.1,13.6,0.0
2025-02-19 06:00:00,26.3333333333333,24.07,0.0,11.9,84,100,4.6,251,12.3,14.1,14.3,0.0,0.0,0.0,1.012857142857143,13.1,98,100,4.1,225,12.6,13.0,13.5,0.0
2025-02-19 07:00:00,26.3166666666667,24.07,0.0,11.8,84,99,5.2,230,12.1,14.0,14.3,0.0,0.0,0.02,1.0164285714285715,13.0,99,98,3.1,216,12.4,13.0,13.5,0.0
2025-02-19 08:00:00,26.31,24.07,0.0,13.5,83,91,8.1,241,12.5,13.9,14.3,0.0,0.0,0.04,1.02,13.5,99,93,3.6,180,14.4,13.1,13.4,0.0
2025-02-19 09:00:00,26.2966666666667,24.0633333333333,0.0,15.8,80,92,6.0,239,13.6,13.9,14.3,0.0,0.0,0.11,1.0235714285714286,15.3,91,86,3.1,234,18.3,14.0,13.4,0.0
2025-02-19 10:00:00,26.2766666666667,24.0366666666667,0.0,17.2,73,85,6.4,256,15.0,13.9,14.3,0.0,0.0,0.2,1.0271428571428571,16.5,85,84,6.4,286,19.7,15.1,13.5,0.0
2025-02-19 11:00:00,26.2533333333333,23.99,0.0,18.7,64,10,7.6,289,16.7,14.0,14.3,0.0,0.0,0.33,1.0307142857142857,17.2,81,84,7.9,313,20.4,16.1,13.7,0.0
2025-02-19 12:00:00,26.2433333333333,23.95,0.0,19.3,59,24,6.5,322,18.0,14.3,14.3,0.0,0.0,0.36,1.0342857142857143,17.8,78,80,10.8,339,20.3,17.2,13.9,0.0
2025-02-19 13:00:00,26.23,23.93,0.0,19.6,56,55,10.0,319,18.4,14.3,14.3,0.0,0.0,0.36,1.0378571428571428,18.0,75,100,10.2,8,22.3,17.7,14.2,0.0
2025-02-19 14:00:00,26.2266666666667,23.93,0.0,17.4,77,89,11.2,43,18.5,14.6,14.3,0.7,0.7,0.27,1.0414285714285716,17.5,79,100,9.8,24,21.4,18.0,14.5,0.0
2025-02-19 15:00:00,26.2133333333333,23.9166666666667,0.0,17.2,79,79,3.4,83,18.1,14.8,14.3,0.1,0.1,0.2,1.0450000000000002,17.9,77,84,11.4,13,19.9,18.2,14.7,0.0
2025-02-19 16:00:00,26.19,23.8633333333333,0.0,17.3,80,35,9.6,25,17.8,15.0,14.3,0.1,0.1,0.14,1.0485714285714287,17.5,75,51,11.0,19,18.7,17.9,14.9,0.0
2025-02-19 17:00:00,26.1866666666667,23.8166666666667,0.0,16.2,85,41,8.3,6,17.2,15.2,14.3,0.0,0.0,0.09,1.0521428571428573,16.6,78,48,9.5,25,16.2,17.3,15.1,0.0
2025-02-19 18:00:00,26.17,23.8,0.0,13.9,94,30,3.1,19,16.2,15.3,14.3,0.0,0.0,0.01,1.0557142857142858,15.3,84,64,6.6,41,13.7,16.4,15.2,0.0
2025-02-19 19:00:00,26.1633333333333,23.7966666666667,0.0,13.2,96,37,1.0,22,15.1,15.3,14.3,0.0,0.0,0.0,1.0592857142857144,14.2,91,45,3.1,36,12.6,15.3,15.2,0.0
2025-02-19 20:00:00,26.15,23.78,0.0,13.1,97,29,1.7,58,14.4,15.2,14.3,0.0,0.0,0.0,1.062857142857143,13.5,92,39,1.5,14,11.1,14.4,15.1,0.0
2025-02-19 21:00:00,26.13,23.74,0.0,12.8,98,47,1.4,90,13.9,15.1,14.3,0.0,0.0,0.0,1.0664285714285715,13.2,91,41,1.1,198,10.2,13.6,15.0,0.0
2025-02-19 22:00:00,26.1066666666667,23.7,0.0,12.3,99,34,0.2,66,13.3,15.0,14.3,0.0,0.0,0.0,1.07,12.5,94,49,2.8,220,9.9,12.8,14.8,0.0
2025-02-19 23:00:00,26.0866666666667,23.67,0.0,11.3,100,99,2.4,225,13.0,14.9,14.3,0.0,0.0,0.0,1.0735714285714286,11.1,98,67,3.1,234,10.0,12.4,14.6,0.0
2025-02-20 00:00:00,26.0766666666667,23.6533333333333,0.0,11.3,100,95,6.2,214,13.0,14.7,14.3,0.0,0.0,0.0,1.0771428571428572,10.4,98,72,3.6,217,9.7,12.2,14.4,0.0
2025-02-20 01:00:00,26.0433333333333,23.65,0.0,11.0,98,72,4.7,244,12.6,14.6,14.4,0.0,0.0,0.0,1.0807142857142857,10.0,98,74,3.8,197,9.3,11.9,14.2,0.0
2025-02-20 02:00:00,26.02,23.65,0.0,11.4,95,63,3.7,221,12.5,14.5,14.4,0.0,0.0,0.0,1.0842857142857143,9.5,99,78,3.3,186,9.0,11.5,14.0,0.0
2025-02-20 03:00:00,26.01,23.6333333333333,0.0,11.4,92,67,3.5,210,12.4,14.3,14.4,0.0,0.0,0.0,1.0878571428571429,9.5,98,73,3.6,180,8.9,11.3,13.8,0.0
2025-02-20 04:00:00,25.98,23.6,0.0,11.1,93,60,3.0,217,12.3,14.2,14.4,0.0,0.0,0.0,1.0914285714285714,9.0,100,81,3.2,180,8.6,11.1,13.6,0.0
2025-02-20 05:00:00,25.9666666666667,23.57,0.0,10.8,95,62,3.1,219,12.0,14.1,14.4,0.0,0.0,0.0,1.095,8.7,100,71,3.3,193,8.1,10.8,13.4,0.0
2025-02-20 06:00:00,25.95,23.5466666666667,0.0,10.9,94,100,3.8,209,11.9,13.9,14.4,0.0,0.0,0.0,1.0985714285714285,8.3,100,66,4.1,195,7.9,10.6,13.2,0.0
2025-02-20 07:00:00,25.9366666666667,23.5266666666667,0.0,10.6,93,100,4.2,215,11.7,13.8,14.4,0.0,0.0,0.01,1.1021428571428573,7.9,100,66,4.0,207,7.6,10.3,13.0,0.0
2025-02-20 08:00:00,25.9066666666667,23.52,0.0,12.0,90,100,5.9,217,12.0,13.7,14.4,0.0,0.0,0.03,1.1057142857142859,8.7,98,61,3.4,212,10.6,10.3,12.8,0.0
2025-02-20 09:00:00,25.9,23.51,0.0,13.6,86,72,5.6,229,12.9,13.6,14.4,0.0,0.0,0.09,1.1092857142857144,12.6,88,30,3.9,236,16.4,11.4,12.6,0.0
2025-02-20 10:00:00,25.8766666666667,23.51,0.0,15.6,80,10,4.7,256,14.3,13.6,14.4,0.0,0.0,0.19,1.112857142857143,15.6,81,7,1.8,270,19.7,13.5,12.7,0.0
2025-02-20 11:00:00,25.86,23.51,0.0,17.3,74,1,4.8,333,16.1,13.8,14.4,0.0,0.0,0.31,1.1164285714285715,17.5,73,42,3.5,24,21.6,15.3,12.8,0.0
2025-02-20 12:00:00,25.8466666666667,23.4966666666667,0.0,18.4,69,0,6.9,5,17.6,14.0,14.4,0.0,0.0,0.38,1.12,18.4,69,43,7.7,28,23.0,16.7,13.1,0.0
2025-02-20 13:00:00,25.8333333333333,23.4633333333333,0.0,18.8,66,26,7.7,27,18.5,14.3,14.4,0.0,0.0,0.39,1.1232142857142857,18.7,67,72,11.4,28,22.7,17.9,13.5,0.0
2025-02-20 14:00:00,25.8266666666667,23.43,0.0,18.9,66,31,8.4,34,19.2,14.6,14.4,0.0,0.0,0.36,1.1264285714285716,18.0,73,53,13.9,31,21.4,18.3,13.9,0.0
2025-02-20 15:00:00,25.8133333333333,23.4033333333333,0.0,18.1,70,14,12.5,37,19.3,14.9,14.4,0.0,0.0,0.29,1.1296428571428572,17.9,73,39,14.1,32,20.6,18.4,14.3,0.0
2025-02-20 16:00:00,25.8066666666667,23.3766666666667,0.0,17.0,75,6,12.8,41,18.9,15.2,14.4,0.0,0.0,0.21,1.132857142857143,17.2,73,23,13.3,41,18.4,18.0,14.6,0.0
2025-02-20 17:00:00,25.7966666666667,23.37,0.0,15.9,80,7,10.2,43,18.1,15.4,14.4,0.0,0.0,0.11,1.1360714285714286,16.3,79,38,12.0,46,16.0,17.2,14.8,0.0
2025-02-20 18:00:00,25.7933333333333,23.3666666666667,0.0,13.4,93,10,5.3,49,16.7,15.5,14.4,0.0,0.0,0.01,1.1392857142857145,14.9,83,26,8.4,43,13.2,16.2,14.9,0.0
2025-02-20 19:00:00,25.79,23.32,0.0,12.3,95,10,4.3,58,15.3,15.5,14.4,0.0,0.0,0.0,1.1425,13.7,90,27,4.4,35,11.9,15.0,14.9,0.0
2025-02-20 20:00:00,25.7766666666667,23.2733333333333,0.0,11.9,96,2,1.9,60,14.2,15.4,14.4,0.0,0.0,0.0,1.145714285714286,12.8,92,3,2.4,27,10.5,13.9,14.9,0.0
2025-02-20 21:00:00,25.7533333333333,23.2433333333333,0.0,11.6,96,0,1.0,51,13.3,15.3,14.4,0.0,0.0,0.0,1.1489285714285715,12.7,90,0,1.1,270,9.2,13.0,14.7,0.0
2025-02-20 22:00:00,25.74,23.23,0.0,11.2,97,0,0.8,40,12.4,15.1,14.5,0.0,0.0,0.0,1.1521428571428571,11.8,95,0,3.1,234,8.5,12.1,14.5,0.0
2025-02-20 23:00:00,25.72,23.23,0.0,10.6,99,20,1.3,5,12.0,14.9,14.5,0.0,0.0,0.0,1.155357142857143,10.0,100,52,3.4,212,8.6,11.5,14.2,0.0
2025-02-21 00:00:00,25.7,23.21,0.0,11.0,98,100,6.0,259,12.0,14.7,14.5,0.0,0.0,0.0,1.1585714285714286,9.1,100,63,3.7,191,8.3,11.3,14.0,0.0
2025-02-21 01:00:00,25.6733333333333,23.1933333333333,0.0,11.1,99,100,5.9,247,12.5,14.7,14.5,0.0,0.0,0.0,1.1617857142857144,8.7,100,66,3.3,193,8.0,10.9,13.7,0.0
2025-02-21 02:00:00,25.65,23.15,0.0,10.5,98,96,3.5,241,12.4,14.5,14.5,0.0,0.0,0.0,1.165,8.2,100,65,2.9,173,7.4,10.5,13.5,0.0
2025-02-21 03:00:00,25.64,23.12,0.0,10.6,97,98,3.2,250,12.3,14.4,14.5,0.0,0.0,0.0,1.1682142857142859,7.9,99,43,3.2,180,7.3,10.3,13.2,0.0
2025-02-21 04:00:00,25.6266666666667,23.1,0.0,10.7,98,100,3.1,259,12.2,14.3,14.5,0.0,0.0,0.0,1.1714285714285715,7.5,100,58,2.9,180,6.9,9.9,13.0,0.0
2025-02-21 05:00:00,25.6133333333333,23.1,0.0,10.3,97,100,1.9,228,11.9,14.1,14.5,0.0,0.0,0.0,1.1746428571428573,8.0,100,69,3.3,186,7.1,9.6,12.7,0.0
2025-02-21 06:00:00,25.5833333333333,23.1,0.0,10.5,95,96,1.9,233,11.8,14.0,14.5,0.0,0.0,0.0,1.177857142857143,8.6,100,68,3.1,201,7.1,9.4,12.5,0.0
2025-02-21 07:00:00,25.5766666666667,23.0966666666667,0.0,10.5,94,90,2.5,273,11.7,13.8,14.5,0.0,0.0,0.01,1.1810714285714285,8.6,100,67,2.6,196,6.9,9.3,12.3,0.0
2025-02-21 08:00:00,25.56,23.0866666666667,0.0,11.6,92,86,4.0,313,12.1,13.7,14.5,0.0,0.0,0.02,1.1842857142857144,9.1,99,66,3.0,194,10.5,9.5,12.1,0.0
2025-02-21 09:00:00,25.55,23.0766666666667,0.0,14.1,86,59,6.1,324,13.2,13.7,14.5,0.0,0.0,0.1,1.1875,12.7,96,52,1.3,236,16.3,11.0,11.9,0.0
2025-02-21 10:00:00,25.5466666666667,23.07,0.0,16.1,79,57,5.4,352,14.5,13.7,14.5,0.0,0.0,0.18,1.1907142857142858,16.4,79,2,1.5,14,20.2,13.3,12.0,0.0
2025-02-21 11:00:00,25.5366666666667,23.06,0.0,18.2,74,25,6.7,14,16.1,13.8,14.5,0.0,0.0,0.29,1.1939285714285715,18.5,69,2,4.3,48,22.6,15.4,12.3,0.0
2025-02-21 12:00:00,25.5066666666667,23.02,0.0,20.3,71,97,5.4,20,17.8,14.1,14.5,0.0,0.0,0.38,1.1971428571428573,19.5,64,5,10.9,34,23.4,17.1,12.7,0.0
2025-02-21 13:00:00,25.4866666666667,22.9833333333333,0.0,20.5,70,100,13.2,21,18.9,14.3,14.5,0.0,0.0,0.38,1.200357142857143,20.1,64,12,14.2,30,23.5,18.3,13.2,0.0
2025-02-21 14:00:00,25.4766666666667,22.9633333333333,0.0,19.8,68,100,14.9,27,19.5,14.6,14.5,0.0,0.0,0.36,1.2035714285714287,19.6,62,100,14.3,28,21.7,18.7,13.7,0.0
2025-02-21 15:00:00,25.47,22.9533333333333,0.0,18.6,67,100,12.6,25,19.3,14.9,14.5,0.0,0.0,0.26,1.2067857142857144,18.0,64,100,10.3,25,18.4,17.5,14.0,0.0
2025-02-21 16:00:00,25.4566666666667,22.9466666666667,0.0,17.9,70,100,8.1,70,18.8,15.2,14.5,0.0,0.0,0.17,1.2100000000000002,17.7,68,78,8.9,21,18.1,17.2,14.3,0.0
2025-02-21 17:00:00,25.4666666666667,22.9166666666667,0.0,17.7,74,100,5.6,61,18.2,15.4,14.5,0.0,0.0,0.1,1.2132142857142858,16.8,75,100,7.4,29,15.8,16.6,14.6,0.0
2025-02-21 18:00:00,25.45,22.86,0.0,15.2,84,88,3.4,55,17.0,15.5,14.5,0.0,0.0,0.02,1.2164285714285714,15.6,82,100,4.7,23,13.8,15.7,14.7,0.0
2025-02-21 19:00:00,25.44,22.8233333333333,0.0,15.0,84,38,0.5,94,15.8,15.5,14.5,0.0,0.0,0.0,1.2196428571428573,14.3,89,0,3.5,336,12.1,14.7,14.7,0.0
2025-02-21 20:00:00,25.4366666666667,22.81,0.0,13.4,90,14,3.3,309,14.7,15.5,14.5,0.0,0.0,0.0,1.2228571428571429,13.0,90,0,3.6,307,11.1,13.7,14.6,0.0
2025-02-21 21:00:00,25.4233333333333,22.81,0.0,12.5,93,4,1.0,290,13.8,15.4,14.6,0.0,0.0,0.0,1.2260714285714287,13.3,83,0,1.8,270,9.8,13.0,14.5,0.0
2025-02-21 22:00:00,25.4066666666667,22.8033333333333,0.0,11.6,91,3,3.1,273,13.1,15.2,14.6,0.0,0.0,0.0,1.2292857142857143,12.9,84,0,1.0,135,9.0,12.2,14.3,0.0
2025-02-21 23:00:00,25.3933333333333,22.77,0.0,11.4,89,25,2.3,295,12.5,15.1,14.6,0.0,0.0,0.0,1.2325000000000002,12.5,85,53,1.5,135,9.0,11.5,14.0,0.0
2025-02-22 00:00:00,25.3833333333333,22.7233333333333,0.0,11.7,86,4,1.5,236,12.2,14.9,14.6,0.0,0.0,0.0,1.2357142857142858,10.0,98,31,2.9,173,8.7,11.0,13.8,0.0
2025-02-22 01:00:00,25.3533333333333,22.6933333333333,0.0,11.3,91,24,2.4,324,11.8,14.9,14.6,0.0,0.0,0.0,1.2389285714285716,9.2,100,49,3.3,186,8.5,10.8,13.5,0.0
2025-02-22 02:00:00,25.33,22.68,0.0,10.7,91,42,4.0,274,11.6,14.7,14.6,0.0,0.0,0.0,1.2421428571428572,9.1,97,7,1.8,180,7.9,10.5,13.3,0.0
2025-02-22 03:00:00,25.33,22.68,0.0,10.5,88,100,5.3,253,11.5,14.5,14.6,0.0,0.0,0.0,1.2453571428571428,8.8,95,96,3.1,225,7.8,10.4,13.0,0.0
2025-02-22 04:00:00,25.31,22.68,0.0,10.4,80,100,5.2,230,11.4,14.3,14.6,0.0,0.0,0.0,1.2485714285714287,9.4,92,100,0.7,180,8.3,10.2,12.8,0.0
2025-02-22 05:00:00,25.2966666666667,22.6766666666667,0.0,10.6,73,100,4.7,202,11.4,14.1,14.6,0.0,0.0,0.0,1.2517857142857143,10.3,87,100,0.7,360,8.2,10.1,12.6,0.0
2025-02-22 06:00:00,25.28,22.6666666666667,0.0,11.0,76,100,3.8,220,11.3,13.9,14.6,0.0,0.0,0.0,1.2550000000000001,10.2,89,100,1.8,37,8.1,9.9,12.4,0.0
2025-02-22 07:00:00,25.2633333333333,22.64,0.0,11.6,75,100,0.7,241,11.2,13.8,14.6,0.0,0.0,0.01,1.2582142857142857,10.8,88,100,5.1,94,9.0,10.0,12.2,0.0
2025-02-22 08:00:00,25.24,22.6166666666667,0.0,13.5,72,100,1.5,270,11.7,13.6,14.6,0.0,0.0,0.03,1.2614285714285716,11.2,92,100,4.2,110,11.3,10.4,12.1,0.0
2025-02-22 09:00:00,25.23,22.5966666666667,0.0,15.5,66,100,2.8,9,12.9,13.6,14.6,0.0,0.0,0.1,1.2646428571428572,13.5,91,100,2.5,135,15.0,11.6,12.1,0.0
2025-02-22 10:00:00,25.2233333333333,22.5833333333333,0.0,16.9,70,100,6.0,354,14.2,13.6,14.6,0.0,0.0,0.16,1.267857142857143,15.9,86,100,3.7,29,18.5,13.3,12.1,0.0
2025-02-22 11:00:00,25.2133333333333,22.5733333333333,0.0,17.8,74,100,7.8,360,15.6,13.7,14.6,0.0,0.0,0.23,1.2710714285714286,17.2,85,100,7.0,12,20.6,14.8,12.4,0.0
2025-02-22 12:00:00,25.2,22.5533333333333,0.0,18.4,69,100,3.9,13,16.7,13.9,14.6,0.0,0.0,0.26,1.2742857142857142,17.7,82,100,8.2,23,20.4,16.1,12.7,0.0
2025-02-22 13:00:00,25.1933333333333,22.55,0.0,18.7,74,100,10.0,16,16.9,14.2,14.6,0.0,0.0,0.16,1.2775,17.9,77,100,8.1,32,19.4,16.6,13.1,0.0
2025-02-22 14:00:00,25.1866666666667,22.5433333333333,0.0,17.6,75,100,11.5,35,17.1,14.4,14.6,0.0,0.0,0.16,1.2807142857142857,17.6,77,100,11.7,18,18.4,16.6,13.4,0.0
2025-02-22 15:00:00,25.1833333333333,22.5166666666667,0.0,18.0,71,100,10.1,46,17.5,14.6,14.6,0.0,0.0,0.22,1.2839285714285715,17.4,74,100,11.6,30,17.4,16.9,13.8,0.0
2025-02-22 16:00:00,25.1666666666667,22.46,0.0,16.1,81,100,9.9,338,17.1,14.7,14.6,0.8,0.8,0.12,1.2871428571428571,16.4,83,100,10.8,26,15.9,16.4,14.0,0.2
2025-02-22 17:00:00,25.1633333333333,22.42,0.0,15.1,93,98,4.5,89,16.0,14.8,14.6,0.6,0.6,0.03,1.290357142857143,15.6,90,100,9.8,54,15.0,15.7,14.2,0.3
2025-02-22 18:00:00,25.1533333333333,22.4066666666667,0.0,14.4,96,97,7.9,39,15.3,14.9,14.6,0.6,0.6,0.02,1.2935714285714286,15.0,93,100,10.5,16,14.6,15.2,14.2,1.4
2025-02-22 19:00:00,25.1533333333333,22.4,0.0,13.9,92,100,2.4,159,14.7,14.9,14.6,1.4,1.4,0.0,1.2967857142857144,14.3,96,100,4.1,105,14.1,14.8,14.3,4.0
2025-02-22 20:00:00,25.1566666666667,22.4,0.0,13.6,92,91,3.4,213,14.2,14.8,14.6,0.4,0.4,0.0,1.3,13.9,96,79,5.0,210,13.1,14.4,14.3,0.0
2025-02-22 21:00:00,25.1333333333333,22.4,0.0,12.8,92,2,9.9,212,13.5,14.8,14.6,0.0,0.0,0.0,1.3032142857142857,13.4,96,53,6.6,209,12.3,13.9,14.3,0.0
2025-02-22 22:00:00,25.1266666666667,22.4,0.0,11.9,87,10,10.1,213,12.8,14.7,14.6,0.0,0.0,0.0,1.3064285714285715,12.7,82,27,9.4,198,11.0,13.3,14.2,0.0
2025-02-22 23:00:00,25.1233333333333,22.3966666666667,0.0,11.5,83,17,10.1,223,12.2,14.5,14.6,0.2,0.2,0.01,1.309642857142857,12.0,84,49,9.5,205,10.5,12.7,14.1,0.0
2025-02-23 00:00:00,25.1133333333333,22.3866666666667,0.0,11.1,85,21,9.7,225,11.7,14.3,14.6,0.1,0.1,0.0,1.312857142857143,11.9,82,12,11.1,205,10.3,12.4,13.9,0.0
2025-02-23 01:00:00,25.0933333333333,22.36,0.0,11.8,79,24,9.7,238,12.1,14.3,14.6,0.0,0.0,0.01,1.3160714285714286,11.6,81,32,11.9,209,10.1,12.0,13.8,0.0
2025-02-23 02:00:00,25.0866666666667,22.3366666666667,0.0,11.4,80,23,9.4,243,11.7,14.1,14.6,0.0,0.0,0.01,1.3192857142857144,11.4,82,11,11.9,209,9.9,11.7,13.6,0.0
2025-02-23 03:00:00,25.07,22.3133333333333,0.0,10.8,84,36,9.7,238,11.4,14.0,14.6,0.0,0.0,0.0,1.3225,11.0,82,15,10.9,207,9.3,11.4,13.5,0.0
2025-02-23 04:00:00,25.0666666666667,22.3,0.0,10.9,85,25,11.0,237,11.2,13.8,14.6,0.0,0.0,0.01,1.3257142857142858,10.6,83,47,7.6,205,9.0,11.1,13.3,0.0
2025-02-23 05:00:00,25.06,22.29,0.0,10.8,85,23,10.4,234,11.2,13.6,14.6,0.0,0.0,0.0,1.3289285714285715,10.1,85,49,5.8,202,8.7,10.8,13.1,0.0
2025-02-23 06:00:00,25.0433333333333,22.28,0.0,10.1,92,80,6.8,185,11.0,13.5,14.6,2.5,2.5,0.0,1.3321428571428573,9.9,84,77,6.2,190,9.0,10.7,12.9,0.0
2025-02-23 07:00:00,25.0433333333333,22.28,0.0,9.9,95,72,5.9,204,10.9,13.3,14.6,0.8,0.8,0.01,1.335357142857143,10.2,84,73,7.9,183,9.2,10.6,12.8,0.0
2025-02-23 08:00:00,25.0333333333333,22.28,0.0,11.0,88,64,12.4,237,11.0,13.2,14.6,0.0,0.0,0.03,1.3385714285714285,11.3,82,56,6.4,196,11.5,10.8,12.6,0.0
2025-02-23 09:00:00,25.0266666666667,22.28,0.0,12.3,83,92,2.7,191,11.8,13.1,14.6,0.5,0.5,0.07,1.3417857142857144,13.1,82,100,5.6,140,13.7,12.0,12.6,0.0
2025-02-23 10:00:00,25.02,22.28,0.0,13.5,78,12,6.0,191,12.8,13.1,14.6,0.9,0.9,0.15,1.345,13.9,81,70,5.5,203,16.3,12.8,12.6,0.0
2025-02-23 11:00:00,25.0,22.2633333333333,0.0,15.5,69,14,6.3,274,14.5,13.1,14.6,0.0,0.0,0.3,1.3482142857142858,15.7,76,24,8.6,237,20.9,14.3,12.7,0.0
2025-02-23 12:00:00,24.99,22.22,0.0,16.4,65,5,5.7,311,15.9,13.3,14.6,0.0,0.0,0.33,1.3514285714285714,16.4,75,64,4.1,322,20.0,15.9,12.9,0.0
2025-02-23 13:00:00,24.99,22.2166666666667,0.0,17.3,61,18,10.6,352,17.5,13.7,14.6,0.0,0.0,0.38,1.3546428571428573,16.2,79,75,8.4,353,20.6,16.7,13.2,0.0
2025-02-23 14:00:00,24.9933333333333,22.18,0.0,17.0,63,32,10.6,6,17.8,14.0,14.6,0.5,0.5,0.34,1.3578571428571429,15.6,82,83,9.8,8,18.8,17.0,13.5,0.0
2025-02-23 15:00:00,24.97,22.16,0.0,16.6,64,19,9.7,19,17.6,14.2,14.6,0.2,0.2,0.29,1.3610714285714287,16.7,72,77,7.9,16,20.3,17.3,13.8,0.0
2025-02-23 16:00:00,24.9633333333333,22.14,0.0,16.3,65,1,8.2,24,17.4,14.5,14.6,0.0,0.0,0.21,1.3642857142857143,16.3,72,54,8.5,28,17.7,17.1,14.1,0.0
2025-02-23 17:00:00,24.9766666666667,22.13,0.0,15.5,68,0,6.4,46,16.7,14.6,14.6,0.0,0.0,0.12,1.3675,15.8,73,43,8.2,38,15.4,16.6,14.3,0.0
2025-02-23 18:00:00,24.95,22.13,0.0,12.6,83,0,5.2,46,15.4,14.7,14.6,0.0,0.0,0.02,1.3707142857142858,14.5,81,1,6.5,56,12.7,15.6,14.4,0.0
2025-02-23 19:00:00,24.9666666666667,22.13,0.0,11.5,88,0,3.9,61,14.1,14.7,14.6,0.0,0.0,0.0,1.3739285714285714,12.9,88,0,4.3,85,11.2,14.5,14.5,0.0
2025-02-23 20:00:00,24.96,22.13,0.0,11.0,87,0,1.5,81,13.0,14.6,14.6,0.0,0.0,0.0,1.3771428571428572,12.2,90,11,2.3,39,10.1,13.5,14.4,0.0
2025-02-23 21:00:00,24.9533333333333,22.13,0.0,10.5,88,8,1.1,8,12.2,14.5,14.6,0.0,0.0,0.0,1.3803571428571428,11.7,91,23,1.8,281,8.9,12.5,14.3,0.0
2025-02-23 22:00:00,24.9366666666667,22.1233333333333,0.0,10.1,90,1,1.4,3,11.7,14.3,14.6,0.0,0.0,0.0,1.3835714285714287,10.4,96,24,2.9,277,8.8,11.8,14.1,0.0
2025-02-23 23:00:00,24.9366666666667,22.1,0.0,9.6,90,10,2.7,315,11.2,14.1,14.6,0.0,0.0,0.0,1.3867857142857143,10.0,96,56,2.9,187,8.5,11.3,13.9,0.0
2025-02-24 00:00:00,24.9266666666667,22.07,0.0,9.3,91,21,3.4,238,11.0,13.9,14.6,0.0,0.0,0.0,1.3900000000000001,9.2,98,57,5.1,172,8.7,11.0,13.7,0.0
2025-02-24 01:00:00,24.92,22.0433333333333,0.0,10.0,92,18,3.5,167,11.9,13.9,14.6,0.0,0.0,0.0,1.3932142857142857,8.7,97,42,4.4,171,8.1,10.8,13.5,0.0
2025-02-24 02:00:00,24.91,22.0466666666667,0.0,9.0,92,1,2.1,126,11.4,13.8,14.6,0.0,0.0,0.0,1.3964285714285714,8.1,98,47,2.9,210,7.4,10.4,13.3,0.0
2025-02-24 03:00:00,24.9066666666667,22.0266666666667,0.0,8.4,92,0,1.4,79,10.9,13.6,14.6,0.0,0.0,0.0,1.3996428571428572,7.3,100,65,4.2,211,7.1,10.1,13.0,0.0
2025-02-24 04:00:00,24.8966666666667,22.01,0.0,8.1,92,0,2.1,345,10.4,13.4,14.6,0.0,0.0,0.0,1.4028571428571428,6.9,100,59,4.3,204,6.7,9.7,12.8,0.0
2025-02-24 05:00:00,24.8866666666667,22.01,0.0,8.2,92,9,5.1,254,10.1,13.2,14.6,0.0,0.0,0.0,1.4060714285714286,6.9,98,45,4.0,185,6.5,9.4,12.6,0.0
2025-02-24 06:00:00,24.8833333333333,22.01,0.0,7.6,95,12,5.9,222,10.0,13.1,14.6,0.0,0.0,0.0,1.4092857142857143,6.9,97,37,4.0,185,6.3,9.2,12.4,0.0
2025-02-24 07:00:00,24.8766666666667,22.01,0.0,6.9,97,1,4.1,226,9.7,12.9,14.6,0.0,0.0,0.01,1.4125,6.4,98,47,3.7,191,6.1,8.9,12.2,0.0
2025-02-24 08:00:00,24.87,22.0133333333333,0.0,9.6,90,2,5.5,255,10.2,12.7,14.6,0.0,0.0,0.03,1.4157142857142857,7.5,97,23,3.1,216,9.7,9.0,11.9,0.0
2025-02-24 09:00:00,24.8566666666667,22.0066666666667,0.0,14.0,78,2,5.8,261,11.7,12.6,14.6,0.0,0.0,0.13,1.4189285714285715,12.3,84,4,4.5,241,16.1,10.6,11.8,0.0
2025-02-24 10:00:00,24.8433333333333,21.9866666666667,0.0,15.9,69,15,4.2,278,13.6,12.7,14.6,0.0,0.0,0.24,1.4221428571428572,15.2,78,4,3.5,246,19.2,12.6,11.9,0.0
2025-02-24 11:00:00,24.82,21.94,0.0,17.3,64,10,5.0,335,15.4,12.8,14.6,0.0,0.0,0.33,1.4253571428571428,17.1,68,4,1.3,304,20.7,14.4,12.1,0.0
2025-02-24 12:00:00,24.8,22.0266666666667,0.0,18.0,63,78,9.3,343,16.8,13.1,14.6,0.0,0.0,0.36,1.4285714285714286,18.2,64,35,3.6,354,22.1,15.9,12.4,0.0
2025-02-24 13:00:00,24.79,26.03,0.0,17.4,65,90,10.9,5,17.3,13.3,14.5,0.0,0.0,0.29,1.4317857142857142,18.6,65,55,9.0,23,22.7,17.0,12.7,0.0
2025-02-24 14:00:00,24.7833333333333,26.6,0.0,17.4,67,100,10.4,50,17.9,13.6,14.5,0.0,0.0,0.32,1.435,18.5,65,93,12.6,37,22.6,17.8,13.1,0.0
2025-02-24 15:00:00,24.7833333333333,26.7433333333333,0.0,17.5,66,100,9.6,40,18.1,14.0,14.5,0.0,0.0,0.28,1.4382142857142857,18.1,67,100,14.4,32,19.5,17.9,13.5,0.0
2025-02-24 16:00:00,24.78,26.7666666666667,0.0,17.1,68,100,10.7,40,17.9,14.2,14.5,0.0,0.0,0.21,1.4414285714285715,17.2,71,100,13.5,44,17.0,17.3,13.9,0.0
2025-02-24 17:00:00,24.7933333333333,26.6833333333333,0.0,15.7,72,100,9.1,42,17.0,14.5,14.5,0.0,0.0,0.1,1.4446428571428571,16.3,77,100,10.7,45,15.5,16.4,14.1,0.0
2025-02-24 18:00:00,24.79,26.5366666666667,0.0,13.5,84,100,4.4,44,15.9,14.6,14.6,0.0,0.0,0.02,1.447857142857143,15.2,81,100,6.0,17,13.5,15.7,14.2,0.0
2025-02-24 19:00:00,24.79,26.4166666666667,0.0,12.7,87,46,1.9,55,14.5,14.6,14.6,0.0,0.0,0.0,1.4510714285714286,13.9,87,29,2.4,27,11.7,14.6,14.3,0.0
2025-02-24 20:00:00,24.79,26.2966666666667,0.0,12.2,88,0,1.5,80,13.4,14.6,14.6,0.0,0.0,0.0,1.4542857142857144,13.4,87,0,0.8,117,10.1,13.6,14.3,0.0
2025-02-24 21:00:00,24.77,26.1733333333333,0.0,11.7,89,4,1.0,22,12.6,14.5,14.6,0.0,0.0,0.0,1.4575,12.8,85,0,2.0,225,9.0,12.6,14.1,0.0
2025-02-24 22:00:00,24.78,26.0733333333333,0.0,10.9,90,0,2.2,328,11.9,14.3,14.6,0.0,0.0,0.0,1.4607142857142856,10.9,94,0,4.0,207,9.3,11.9,14.0,0.0
2025-02-24 23:00:00,24.77,25.9833333333333,0.0,9.9,86,0,2.9,200,11.4,14.1,14.6,0.0,0.0,0.0,1.4639285714285715,9.5,96,28,4.4,189,8.7,11.5,13.8,0.0
2025-02-25 00:00:00,24.7633333333333,25.91,0.0,9.0,86,0,4.4,242,11.0,14.0,14.6,0.0,0.0,0.0,1.467142857142857,8.8,96,34,4.5,194,8.1,11.1,13.6,0.0
2025-02-25 01:00:00,24.7633333333333,25.83,0.0,9.2,88,2,4.9,236,11.2,13.9,14.6,0.0,0.0,0.0,1.470357142857143,8.4,95,33,4.7,203,7.6,10.6,13.4,0.0
2025-02-25 02:00:00,24.7533333333333,25.7966666666667,0.0,8.9,87,19,6.0,251,10.9,13.7,14.6,0.0,0.0,0.0,1.4735714285714285,8.3,93,4,4.7,203,7.3,10.3,13.2,0.0
2025-02-25 03:00:00,24.7666666666667,25.7266666666667,0.0,9.2,84,21,8.1,246,10.7,13.5,14.6,0.0,0.0,0.0,1.4767857142857144,8.1,91,4,4.7,203,7.0,9.9,13.0,0.0
2025-02-25 04:00:00,24.7733333333333,25.68,0.0,9.6,81,37,9.0,236,10.6,13.4,14.6,0.0,0.0,0.0,1.48,8.0,91,5,4.6,198,6.8,9.6,12.7,0.0
2025-02-25 05:00:00,24.7766666666667,25.6733333333333,0.0,9.5,80,77,8.2,232,10.4,13.2,14.6,0.0,0.0,0.0,1.4832142857142858,7.8,91,8,3.9,202,6.6,9.4,12.5,0.0
2025-02-25 06:00:00,24.7833333333333,25.66,0.0,9.3,81,99,8.3,237,10.3,13.0,14.6,0.0,0.0,0.0,1.4864285714285714,7.7,91,5,5.2,205,6.5,9.1,12.3,0.0
2025-02-25 07:00:00,24.79,25.6466666666667,0.0,9.0,85,96,9.0,240,10.1,12.9,14.5,0.0,0.0,0.02,1.489642857142857,7.8,91,86,4.7,212,6.6,8.9,12.1,0.0
2025-02-25 08:00:00,24.8033333333333,25.6033333333333,0.0,11.7,78,100,10.9,234,10.7,12.7,14.5,0.0,0.0,0.05,1.4928571428571429,9.4,88,31,4.6,219,10.4,9.2,11.9,0.0
2025-02-25 09:00:00,24.8133333333333,25.5333333333333,0.0,15.5,70,100,9.1,239,12.2,12.7,14.5,0.0,0.0,0.15,1.4960714285714285,14.3,81,40,6.3,239,16.7,10.9,11.8,0.0
2025-02-25 10:00:00,24.81,25.5033333333333,0.0,18.4,57,100,13.7,247,14.0,12.8,14.5,0.0,0.0,0.28,1.4992857142857143,17.0,71,85,11.9,245,19.5,13.0,11.9,0.0
2025-02-25 11:00:00,24.8133333333333,25.46,0.0,19.9,49,100,14.5,252,15.7,12.9,14.5,0.0,0.0,0.38,1.5025,18.8,63,65,14.2,249,21.2,14.8,12.1,0.0
2025-02-25 12:00:00,24.8166666666667,25.3566666666667,0.0,20.5,47,100,12.3,262,17.1,13.2,14.5,0.0,0.0,0.43,1.5057142857142858,20.5,53,93,14.1,251,23.5,16.3,12.4,0.0
2025-02-25 13:00:00,24.8233333333333,25.2666666666667,0.0,21.6,44,100,10.1,260,18.3,13.5,14.5,0.0,0.0,0.43,1.5089285714285714,21.4,46,87,13.0,268,24.0,17.6,12.8,0.0
2025-02-25 14:00:00,24.8333333333333,25.1833333333333,0.0,21.6,47,100,11.3,286,18.8,13.9,14.5,0.0,0.0,0.36,1.5121428571428572,21.8,44,89,15.0,287,23.4,18.5,13.2,0.0
2025-02-25 15:00:00,24.84,25.0833333333333,0.0,20.9,49,94,10.0,326,19.1,14.2,14.5,0.0,0.0,0.34,1.5153571428571428,21.3,43,96,16.1,312,21.3,18.8,13.7,0.0
2025-02-25 16:00:00,24.84,24.99,0.0,20.0,47,91,9.5,338,18.9,14.5,14.5,0.0,0.0,0.26,1.5185714285714285,20.5,38,100,13.8,313,19.5,18.7,14.1,0.0
2025-02-25 17:00:00,24.8533333333333,24.9233333333333,0.0,18.6,64,98,1.9,328,18.2,14.8,14.5,0.0,0.0,0.12,1.5217857142857143,19.2,44,100,7.5,305,17.0,17.9,14.4,0.0
2025-02-25 18:00:00,24.8766666666667,24.8333333333333,0.0,16.3,57,98,0.8,311,16.7,15.0,14.5,0.0,0.0,0.02,1.525,17.3,45,100,5.6,225,13.4,16.8,14.6,0.0
2025-02-25 19:00:00,24.89,24.8,0.0,15.3,57,100,2.7,264,15.2,15.0,14.5,0.0,0.0,0.0,1.5282142857142857,14.8,48,100,7.9,196,12.5,15.3,14.7,0.0
2025-02-25 20:00:00,24.91,24.78,0.0,14.6,60,100,8.2,229,14.3,15.0,14.5,0.0,0.0,0.03,1.5314285714285714,14.7,50,99,7.6,199,12.5,14.5,14.7,0.0
2025-02-25 21:00:00,24.9233333333333,24.7133333333333,0.0,14.1,61,21,11.4,203,13.9,14.9,14.5,0.0,0.0,0.04,1.5346428571428572,14.6,51,55,7.5,197,12.3,14.2,14.6,0.0
2025-02-25 22:00:00,24.9266666666667,24.6633333333333,0.0,13.5,65,19,9.9,211,13.6,14.8,14.5,0.0,0.0,0.03,1.5378571428571428,14.0,57,93,7.1,195,12.0,13.7,14.6,0.0
2025-02-25 23:00:00,24.9266666666667,24.65,0.0,12.8,71,27,6.0,237,13.2,14.7,14.5,0.0,0.0,0.01,1.5410714285714286,14.0,64,95,6.9,186,12.7,13.5,14.5,0.0
2025-02-26 00:00:00,24.935,24.6366666666667,0.0,12.8,71,84,1.8,262,12.7,14.6,14.5,0.0,0.0,0.0,1.5442857142857143,14.2,70,78,6.7,196,12.7,13.4,14.4,0.0
2025-02-26 01:00:00,24.93,24.6,0.0,14.2,71,95,1.2,272,14.6,14.7,14.6,0.0,0.0,0.0,1.5474999999999999,13.6,77,50,6.5,186,11.7,13.2,14.3,0.0
2025-02-26 02:00:00,24.9366666666667,24.5466666666667,0.0,13.6,76,99,4.0,236,14.1,14.6,14.6,0.2,0.2,0.0,1.5507142857142857,13.3,82,74,6.2,190,11.8,13.0,14.2,0.0
2025-02-26 03:00:00,24.9533333333333,24.5133333333333,0.0,13.2,81,100,6.6,193,13.6,14.6,14.6,0.2,0.2,0.0,1.5539285714285713,12.9,86,100,5.8,187,11.1,12.7,14.1,0.0
2025-02-26 04:00:00,24.9366666666667,24.5,0.0,12.8,87,100,5.6,197,13.3,14.5,14.6,0.0,0.0,0.0,1.5571428571428572,12.4,90,100,4.7,189,10.7,12.4,14.0,0.0
2025-02-26 05:00:00,24.95,24.4966666666667,0.0,12.3,94,92,6.3,191,13.0,14.4,14.6,0.1,0.1,0.0,1.5603571428571428,12.2,90,99,2.2,180,10.7,12.2,13.8,0.0
2025-02-26 06:00:00,24.9566666666667,24.4866666666667,0.0,11.5,96,100,5.9,173,12.7,14.3,14.6,0.1,0.1,0.0,1.5635714285714286,12.3,92,96,2.6,146,10.4,12.2,13.7,0.0
2025-02-26 07:00:00,24.9666666666667,24.46,0.0,11.0,98,100,6.6,152,12.3,14.2,14.6,0.1,0.1,0.01,1.5667857142857142,11.7,94,64,3.5,156,10.5,12.0,13.5,0.0
2025-02-26 08:00:00,24.9766666666667,24.4166666666667,0.0,12.9,93,22,6.9,179,12.6,14.1,14.6,0.0,0.0,0.03,1.57,12.5,94,64,2.5,180,13.8,12.1,13.4,0.0
2025-02-26 09:00:00,24.9733333333333,24.3766666666667,0.0,15.1,81,37,3.7,199,13.7,14.0,14.6,0.0,0.0,0.12,1.5732142857142857,16.2,81,36,3.9,236,19.4,13.6,13.4,0.0
2025-02-26 10:00:00,24.9566666666667,24.3533333333333,0.0,16.8,73,13,1.5,229,15.2,14.1,14.6,0.0,0.0,0.24,1.5764285714285715,17.7,71,62,3.5,294,20.7,15.4,13.5,0.0
2025-02-26 11:00:00,24.9366666666667,24.32,0.0,17.7,67,42,4.8,9,16.7,14.2,14.6,0.1,0.1,0.31,1.5796428571428571,18.4,67,78,5.4,352,22.3,16.6,13.7,0.0
2025-02-26 12:00:00,24.9266666666667,24.24,0.0,18.4,65,47,6.3,4,17.9,14.4,14.6,0.1,0.1,0.35,1.5828571428571427,18.6,66,78,7.2,18,21.9,17.6,14.0,0.0
2025-02-26 13:00:00,24.92,24.2033333333333,0.0,19.0,59,21,7.0,360,18.4,14.5,14.6,0.0,0.0,0.32,1.5860714285714286,18.8,65,82,10.2,18,21.7,18.3,14.3,0.0
2025-02-26 14:00:00,24.9066666666667,24.1066666666667,0.0,19.2,57,12,8.7,13,19.1,14.8,14.6,0.0,0.0,0.36,1.5892857142857142,18.7,67,45,12.2,28,22.6,18.5,14.6,0.0
2025-02-26 15:00:00,24.8766666666667,24.0633333333333,0.0,18.5,59,30,10.8,29,19.3,15.1,14.6,0.0,0.0,0.31,1.5925,18.5,67,42,15.5,36,20.9,18.8,14.9,0.0
2025-02-26 16:00:00,24.8633333333333,23.9733333333333,0.0,17.7,59,2,11.1,48,19.0,15.3,14.6,0.0,0.0,0.24,1.5957142857142856,17.8,69,46,16.3,45,18.7,18.4,15.2,0.0
2025-02-26 17:00:00,24.86,23.9333333333333,0.0,16.8,64,0,11.0,63,18.2,15.5,14.6,0.0,0.0,0.14,1.5989285714285715,16.8,77,30,15.3,51,16.5,17.7,15.3,0.0
2025-02-26 18:00:00,24.85,23.8866666666667,0.0,14.2,77,0,6.6,61,17.0,15.6,14.6,0.0,0.0,0.03,1.602142857142857,15.2,81,7,9.2,42,13.6,16.6,15.4,0.0
2025-02-26 19:00:00,24.8633333333333,23.83,0.0,12.2,85,0,5.4,87,15.5,15.6,14.6,0.0,0.0,0.0,1.605357142857143,13.7,85,20,4.4,35,12.0,15.4,15.4,0.0
2025-02-26 20:00:00,24.8633333333333,23.8033333333333,0.0,12.1,81,2,1.9,90,14.3,15.6,14.6,0.0,0.0,0.0,1.6085714285714285,13.1,86,0,1.5,14,10.4,14.2,15.4,0.0
2025-02-26 21:00:00,24.8766666666667,23.79,0.0,11.6,80,89,0.3,76,13.3,15.4,14.6,0.0,0.0,0.0,1.6117857142857142,12.3,87,0,3.2,270,9.3,13.2,15.2,0.0
2025-02-26 22:00:00,24.87,23.78,0.0,10.6,84,80,1.9,345,12.6,15.3,14.6,0.0,0.0,0.0,1.615,10.1,97,25,3.5,246,9.3,12.5,15.0,0.0
2025-02-26 23:00:00,24.88,23.74,0.0,9.8,88,98,4.8,261,12.1,15.1,14.6,0.0,0.0,0.0,1.6182142857142856,9.5,97,43,3.3,221,8.7,11.9,14.7,0.0
2025-02-27 00:00:00,24.89,23.6966666666667,0.0,9.6,88,99,5.3,259,11.7,14.8,14.6,0.0,0.0,0.0,1.6214285714285714,9.6,94,35,3.6,186,8.5,11.6,14.5,0.0
2025-02-27 01:00:00,24.8933333333333,23.6633333333333,0.0,10.1,87,100,5.2,262,12.4,14.8,14.6,0.0,0.0,0.0,1.624642857142857,9.6,94,70,2.7,157,9.0,11.3,14.2,0.0
2025-02-27 02:00:00,24.8833333333333,23.65,0.0,10.0,86,100,3.8,256,12.0,14.6,14.6,0.0,0.0,0.0,1.627857142857143,9.7,94,91,2.6,164,9.4,11.2,14.0,0.0
2025-02-27 03:00:00,24.8966666666667,23.65,0.0,9.9,86,98,4.4,281,11.5,14.4,14.6,0.0,0.0,0.0,1.6310714285714285,9.6,94,69,2.9,187,8.9,11.0,13.8,0.0
2025-02-27 04:00:00,24.9033333333333,23.6066666666667,0.0,9.6,88,78,4.8,283,11.2,14.2,14.7,0.0,0.0,0.0,1.6342857142857143,9.3,94,70,2.2,189,8.7,10.9,13.5,0.0
2025-02-27 05:00:00,24.9033333333333,23.5,0.0,9.8,85,100,6.6,265,11.1,14.1,14.7,0.0,0.0,0.0,1.6375,8.9,94,94,2.6,196,8.1,10.7,13.3,0.0
2025-02-27 06:00:00,24.9,23.4566666666667,0.0,9.8,83,100,6.0,263,11.0,13.9,14.7,0.0,0.0,0.0,1.6407142857142856,8.7,96,100,3.1,201,8.4,10.4,13.1,0.0
2025-02-27 07:00:00,24.89,23.41,0.0,9.9,82,100,5.7,260,10.8,13.7,14.6,0.0,0.0,0.02,1.6439285714285714,9.2,94,100,2.9,180,8.3,10.3,12.9,0.0
2025-02-27 08:00:00,24.91,23.3866666666667,0.0,12.2,76,99,7.1,262,11.3,13.6,14.6,0.0,0.0,0.05,1.647142857142857,10.5,91,89,2.2,171,11.8,10.5,12.8,0.0
2025-02-27 09:00:00,24.9033333333333,23.38,0.0,14.9,70,98,5.2,265,12.8,13.5,14.6,0.0,0.0,0.14,1.6503571428571429,13.9,85,83,0.7,270,17.1,12.1,12.7,0.0
2025-02-27 10:00:00,24.9,23.3733333333333,0.0,16.9,62,100,5.9,291,14.5,13.5,14.6,0.0,0.0,0.24,1.6535714285714285,16.3,77,89,1.1,342,19.7,13.9,12.8,0.0
2025-02-27 11:00:00,24.8533333333333,23.3366666666667,0.0,18.6,59,100,7.4,274,16.2,13.7,14.6,0.0,0.0,0.33,1.6567857142857143,18.0,71,41,2.3,342,21.9,15.6,13.0,0.0
2025-02-27 12:00:00,24.84,23.26,0.0,20.0,54,100,8.0,288,17.6,13.9,14.6,0.0,0.0,0.38,1.66,19.0,69,100,5.0,330,22.3,17.0,13.3,0.0
2025-02-27 13:00:00,24.8066666666667,23.2333333333333,0.0,20.4,57,100,8.3,343,18.7,14.2,14.6,0.0,0.0,0.4,1.6637499999999998,19.7,69,100,9.4,2,23.4,18.2,13.7,0.0
2025-02-27 14:00:00,24.7833333333333,23.1666666666667,0.0,19.0,68,100,13.2,15,19.0,14.5,14.6,0.0,0.0,0.29,1.6675,18.8,72,100,13.2,17,21.6,18.7,14.1,0.0
2025-02-27 15:00:00,24.7533333333333,23.1033333333333,0.0,17.4,72,100,12.2,32,18.9,14.8,14.6,0.0,0.0,0.23,1.67125,17.9,73,100,14.6,20,19.7,18.3,14.4,0.0
2025-02-27 16:00:00,24.74,23.1933333333333,0.0,16.8,75,100,10.3,32,18.4,15.0,14.6,0.0,0.0,0.17,1.6749999999999998,17.1,75,100,13.6,22,17.7,18.0,14.7,0.0
2025-02-27 17:00:00,24.7233333333333,22.89,0.0,15.6,79,100,10.9,31,17.7,15.2,14.6,0.0,0.0,0.1,1.67875,16.2,79,100,10.6,24,15.9,17.1,14.9,0.0
2025-02-27 18:00:00,24.73,22.8333333333333,0.0,13.8,89,100,3.3,43,16.5,15.3,14.6,0.0,0.0,0.02,1.6824999999999999,15.2,85,100,7.8,22,13.9,16.3,15.1,0.0
2025-02-27 19:00:00,24.7366666666667,22.82,0.0,12.8,92,100,3.2,44,15.3,15.3,14.7,0.0,0.0,0.0,1.68625,13.9,93,100,4.0,27,12.5,15.2,15.1,0.0
2025-02-27 20:00:00,24.73,22.8166666666667,0.0,12.5,94,100,1.0,46,14.2,15.3,14.7,0.0,0.0,0.0,1.69,13.3,93,87,1.3,34,11.1,14.3,15.0,0.0
2025-02-27 21:00:00,24.7433333333333,22.81,0.0,12.2,94,100,1.1,46,13.4,15.2,14.7,0.0,0.0,0.0,1.6937499999999999,12.9,93,100,0.5,135,10.0,13.4,14.9,0.0
2025-02-27 22:00:00,24.7333333333333,22.8033333333333,0.0,11.8,95,100,1.1,4,12.8,15.0,14.7,0.0,0.0,0.0,1.6975,12.4,95,98,1.3,124,9.6,12.7,14.7,0.0
2025-02-27 23:00:00,24.7366666666667,22.7766666666667,0.0,11.0,97,100,1.8,342,12.3,14.9,14.7,0.0,0.0,0.0,1.70125,11.8,97,100,1.9,248,9.7,12.3,14.5,0.0
2025-02-28 00:00:00,24.74,22.7433333333333,0.0,10.5,96,100,2.9,243,11.9,14.7,14.7,0.0,0.0,0.0,1.7049999999999998,10.7,100,100,1.8,217,8.2,11.6,14.3,0.0
2025-02-28 01:00:00,24.7333333333333,22.7166666666667,0.0,10.0,96,100,3.1,325,12.0,14.6,14.7,0.0,0.0,0.0,1.70875,10.6,100,100,3.1,216,8.7,11.2,14.1,0.0
2025-02-28 02:00:00,24.7266666666667,22.6966666666667,0.0,9.8,96,100,2.6,257,11.7,14.5,14.7,0.0,0.0,0.0,1.7125,10.3,99,100,3.7,259,10.0,11.2,13.8,0.0
2025-02-28 03:00:00,24.7266666666667,22.69,0.0,10.4,94,100,3.8,280,11.7,14.3,14.7,0.0,0.0,0.0,1.7162499999999998,10.3,100,100,4.3,175,9.9,11.4,13.7,0.0
2025-02-28 04:00:00,24.7266666666667,22.69,0.0,10.0,97,99,3.2,287,11.7,14.2,14.7,0.0,0.0,0.0,1.72,10.2,100,100,3.4,162,9.8,11.4,13.5,0.0
2025-02-28 05:00:00,24.71,22.69,0.0,9.0,98,14,2.0,68,11.5,14.0,14.7,0.0,0.0,0.0,1.72375,10.5,99,100,3.1,144,10.3,11.4,13.3,0.0
2025-02-28 06:00:00,24.7133333333333,22.69,0.0,8.6,99,13,2.8,70,11.0,13.8,14.7,0.0,0.0,0.0,1.7275,10.6,100,99,1.8,143,9.8,11.3,13.2,0.0
2025-02-28 07:00:00,24.7066666666667,22.685,0.0,9.2,96,68,5.5,64,10.7,13.7,14.7,0.0,0.0,0.01,1.73125,10.2,100,82,2.5,225,9.4,11.1,13.1,0.0
2025-02-28 08:00:00,24.71,22.6766666666667,0.0,11.9,91,100,7.7,45,11.4,13.5,14.7,0.0,0.0,0.04,1.7349999999999999,10.8,100,100,3.6,270,13.3,11.3,12.9,0.0
2025-02-28 09:00:00,24.7033333333333,22.6633333333333,0.0,14.1,85,94,6.8,22,12.8,13.5,14.7,0.0,0.0,0.13,1.73875,13.1,97,100,3.2,270,16.5,12.4,12.9,0.0
2025-02-28 10:00:00,24.69,22.6366666666667,0.0,16.1,76,89,9.5,19,14.5,13.5,14.7,0.0,0.0,0.24,1.7425,15.6,83,100,7.9,51,17.0,13.8,13.0,0.0
2025-02-28 11:00:00,24.66,22.5766666666667,0.0,17.9,64,31,11.1,17,16.1,13.6,14.7,0.0,0.0,0.33,1.7462499999999999,17.4,75,100,8.4,40,21.2,15.0,13.1,0.0
2025-02-28 12:00:00,24.6366666666667,22.5466666666667,0.0,19.1,55,56,12.8,22,17.6,13.9,14.7,0.0,0.0,0.41,1.75,18.6,70,100,9.0,355,22.6,16.7,13.4,0.0
2025-02-28 13:00:00,24.58,22.4666666666667,0.0,18.1,69,100,8.9,16,18.3,14.2,14.7,0.0,0.0,0.34,1.75375,18.6,66,100,14.5,19,21.7,17.5,13.7,0.0
2025-02-28 14:00:00,24.5533333333333,22.41,0.0,17.8,71,100,8.1,341,18.5,14.5,14.7,0.0,0.0,0.25,1.7574999999999998,18.2,69,100,13.4,36,20.5,17.8,14.0,0.0
2025-02-28 15:00:00,24.5266666666667,22.3666666666667,0.0,18.1,69,100,8.8,288,18.2,14.7,14.7,0.0,0.0,0.17,1.76125,17.2,76,100,13.8,20,18.4,17.3,14.3,0.0
2025-02-28 16:00:00,24.51,22.2833333333333,0.0,18.1,70,99,7.7,303,17.8,14.9,14.7,0.0,0.0,0.12,1.765,16.6,80,100,14.7,25,17.1,17.0,14.5,0.0
2025-02-28 17:00:00,24.5,22.27,0.0,17.0,77,99,10.6,304,17.4,15.1,14.7,0.0,0.0,0.09,1.76875,15.7,86,100,3.8,287,15.6,16.4,14.6,0.1
2025-02-28 18:00:00,24.4833333333333,22.26,0.0,14.7,88,100,7.7,261,16.4,15.2,14.7,0.5,0.5,0.03,1.7725,14.9,92,100,4.0,333,14.2,15.7,14.7,0.4
2025-02-28 19:00:00,24.4833333333333,22.2533333333333,0.0,14.4,87,100,8.0,223,15.4,15.2,14.7,0.2,0.2,0.0,1.7762499999999999,14.1,94,100,6.6,229,13.9,15.1,14.8,0.0
2025-02-28 20:00:00,24.48,22.23,0.0,13.6,89,100,7.0,230,14.6,15.2,14.7,0.1,0.1,0.0,1.78,13.8,95,100,5.2,245,13.5,14.6,14.8,0.0
2025-02-28 21:00:00,24.4766666666667,22.2166666666667,0.0,13.4,88,98,8.5,229,14.0,15.1,14.7,0.0,0.0,0.0,1.78375,13.4,96,100,3.6,225,13.1,14.2,14.7,0.0
2025-02-28 22:00:00,24.4833333333333,22.2033333333333,0.0,11.8,90,84,4.5,230,13.3,15.0,14.7,0.0,0.0,0.0,1.7874999999999999,13.1,97,100,3.6,180,12.7,13.9,14.6,0.0
2025-02-28 23:00:00,24.48,22.19,0.0,10.8,91,90,4.0,233,12.5,14.9,14.7,0.0,0.0,0.0,1.79125,13.0,96,100,2.9,187,12.4,13.6,14.5,0.0
2025-03-01 00:00:00,24.4766666666667,22.1766666666667,0.0,10.2,93,98,3.9,252,11.8,14.7,14.7,0.0,0.0,0.0,1.795,12.9,96,100,4.3,246,12.3,13.4,14.4,0.0
2025-03-01 01:00:00,24.4733333333333,22.1633333333333,0.0,11.7,89,98,4.1,212,13.0,14.9,14.7,0.0,0.0,0.0,1.7987499999999998,12.7,96,100,5.6,220,12.1,13.2,14.3,0.0
2025-03-01 02:00:00,24.47,22.1533333333333,0.0,11.8,90,97,3.5,235,12.8,14.8,14.7,0.0,0.0,0.0,1.8025,12.6,95,88,3.9,202,12.0,13.1,14.2,0.0
2025-03-01 03:00:00,24.4666666666667,22.14,0.0,10.5,93,71,6.4,249,12.1,14.6,14.7,0.0,0.0,0.0,1.80625,11.5,96,28,3.6,217,10.1,12.6,14.1,0.0
2025-03-01 04:00:00,24.46,22.14,0.0,9.4,94,36,6.2,249,11.5,14.4,14.7,0.0,0.0,0.0,1.81,10.8,94,43,3.8,221,9.3,12.1,14.0,0.0
2025-03-01 05:00:00,24.4533333333333,22.14,0.0,8.7,93,14,7.2,242,10.9,14.2,14.7,0.0,0.0,0.0,1.81375,10.1,92,5,3.7,209,8.5,11.5,13.8,0.0
2025-03-01 06:00:00,24.45,22.14,0.0,9.0,86,9,9.5,229,10.5,14.0,14.7,0.0,0.0,0.0,1.8175,9.3,90,1,4.8,207,8.1,11.0,13.6,0.0
2025-03-01 07:00:00,24.45,22.14,0.0,9.2,81,0,11.9,232,10.1,13.8,14.7,0.0,0.0,0.03,1.82125,9.0,88,2,4.2,200,7.9,10.6,13.4,0.0
2025-03-01 08:00:00,24.4333333333333,22.1366666666667,0.0,11.6,74,86,21.2,236,10.5,13.6,14.7,0.0,0.0,0.07,1.825,10.6,87,43,4.9,197,11.7,10.6,13.2,0.0
2025-03-01 09:00:00,24.4233333333333,22.1266666666667,0.0,13.0,79,96,16.8,244,11.6,13.4,14.7,0.2,0.2,0.1,1.8287499999999999,13.5,86,46,6.4,223,15.9,11.8,13.0,0.0
2025-03-01 10:00:00,24.4066666666667,22.08,0.0,13.3,79,100,15.4,245,12.4,13.4,14.7,0.5,0.5,0.12,1.8325,15.1,79,51,12.7,245,16.9,13.2,13.0,0.0
2025-03-01 11:00:00,24.3933333333333,22.0233333333333,0.0,13.2,78,100,14.4,236,12.7,13.3,14.7,0.2,0.2,0.1,1.83625,15.9,73,72,16.1,260,16.9,14.2,13.1,0.0
2025-03-01 12:00:00,24.36,22.0066666666667,0.0,14.8,64,100,15.1,254,13.6,13.4,14.7,0.0,0.0,0.2,1.8399999999999999,16.4,68,69,18.1,264,17.9,15.1,13.3,0.0
2025-03-01 13:00:00,24.3566666666667,21.99,0.0,15.3,69,93,6.6,262,15.7,14.0,14.7,0.2,0.2,0.17,1.84375,16.7,64,72,17.7,275,18.0,15.6,13.5,0.0
2025-03-01 14:00:00,24.35,21.9633333333333,0.0,15.9,60,66,10.6,289,16.0,14.1,14.7,0.0,0.0,0.21,1.8475,16.2,67,71,15.7,286,17.0,15.8,13.7,0.0
2025-03-01 15:00:00,24.35,21.95,0.0,16.3,60,50,13.2,297,16.5,14.2,14.7,0.0,0.0,0.25,1.85125,15.4,72,98,13.7,305,15.2,15.8,13.9,0.0
2025-03-01 16:00:00,24.36,21.94,0.0,15.2,67,34,12.1,305,16.4,14.4,14.7,0.2,0.2,0.19,1.855,15.0,77,91,9.4,317,15.3,15.6,14.0,0.0
2025-03-01 17:00:00,24.3566666666667,21.9333333333333,0.0,14.5,70,32,6.4,330,16.0,14.5,14.7,0.0,0.0,0.11,1.85875,14.4,83,100,8.5,324,14.4,15.1,14.2,0.0
2025-03-01 18:00:00,24.36,21.93,0.0,12.6,81,37,1.0,2,15.0,14.6,14.7,0.0,0.0,0.02,1.8625,13.6,87,98,6.2,324,13.2,14.7,14.3,0.0
2025-03-01 19:00:00,24.36,21.93,0.0,11.8,85,84,2.6,140,14.1,14.6,14.7,0.0,0.0,0.0,1.86625,13.4,88,97,1.3,214,12.9,14.1,14.3,0.0
2025-03-01 20:00:00,24.3566666666667,21.93,0.0,11.6,86,100,3.8,165,13.6,14.5,14.7,0.0,0.0,0.0,1.8699999999999999,13.2,89,94,1.0,135,12.6,13.8,14.2,0.0
2025-03-01 21:00:00,24.3666666666667,21.9266666666667,0.0,10.9,89,100,4.5,202,13.1,14.5,14.7,0.0,0.0,0.0,1.87375,12.5,92,84,2.6,164,11.9,13.3,14.2,0.0
2025-03-01 22:00:00,24.3566666666667,21.9166666666667,0.0,10.9,87,97,3.6,230,12.8,14.4,14.7,0.0,0.0,0.0,1.8775,12.0,91,61,3.8,221,10.9,13.0,14.1,0.0
2025-03-01 23:00:00,24.36,21.91,0.0,10.7,86,49,3.6,252,12.4,14.3,14.7,0.0,0.0,0.0,1.8812499999999999,11.2,92,47,4.2,239,9.9,12.5,14.0,0.0
2025-03-02 00:00:00,24.36,21.9066666666667,0.0,10.0,87,43,4.5,231,11.9,14.1,14.7,0.0,0.0,0.0,1.885,10.1,92,27,4.1,195,8.8,11.7,13.7,0.0
2025-03-02 01:00:00,24.35,21.9,0.0,10.5,79,3,0.9,261,11.9,14.2,14.7,0.0,0.0,0.0,1.88875,9.5,92,13,4.2,200,8.4,11.2,13.6,0.0
2025-03-02 02:00:00,24.3466666666667,21.8966666666667,0.0,10.2,79,6,1.0,308,11.3,14.0,14.7,0.0,0.0,0.0,1.8925,9.0,92,18,4.5,209,8.0,10.8,13.4,0.0
2025-03-02 03:00:00,24.3433333333333,21.8866666666667,0.0,9.4,83,5,3.1,256,10.8,13.8,14.7,0.0,0.0,0.0,1.89625,8.6,92,4,4.5,209,7.6,10.4,13.2,0.0
2025-03-02 04:00:00,24.3433333333333,21.88,0.0,8.6,85,1,2.9,252,10.3,13.6,14.7,0.0,0.0,0.0,1.9,8.2,92,3,3.8,197,7.1,10.0,13.0,0.0
2025-03-02 05:00:00,24.3366666666667,21.88,0.0,7.8,87,0,2.2,270,9.9,13.4,14.7,0.0,0.0,0.0,1.90375,7.5,94,35,3.4,198,6.6,9.7,12.8,0.0
2025-03-02 06:00:00,24.33,21.88,0.0,7.1,90,52,2.2,293,9.6,13.2,14.7,0.0,0.0,0.0,1.9075,6.9,96,90,3.3,193,6.2,9.2,12.5,0.0
2025-03-02 07:00:00,24.33,21.88,0.0,7.3,90,100,1.7,53,9.3,13.0,14.7,0.0,0.0,0.01,1.91125,6.8,95,100,2.9,187,6.4,8.9,12.3,0.0
2025-03-02 08:00:00,24.3266666666667,21.88,0.0,11.1,80,100,1.5,59,10.1,12.8,14.7,0.0,0.0,0.04,1.915,8.1,94,100,2.5,180,9.9,9.1,12.1,0.0
2025-03-02 09:00:00,24.3133333333333,21.88,0.0,14.1,74,100,4.1,355,11.7,12.8,14.7,0.0,0.0,0.13,1.91875,11.6,92,100,0.8,207,14.1,10.3,11.9,0.0
2025-03-02 10:00:00,24.3133333333333,21.8766666666667,0.0,16.2,65,100,5.9,354,13.5,12.8,14.7,0.0,0.0,0.23,1.9224999999999999,14.0,77,100,1.5,14,16.9,11.9,11.9,0.0
2025-03-02 11:00:00,24.3033333333333,21.85,0.0,17.8,56,99,8.1,5,15.1,12.9,14.7,0.0,0.0,0.3,1.92625,15.9,72,100,5.9,47,18.9,13.5,12.1,0.0
2025-03-02 12:00:00,24.28,21.7866666666667,0.0,19.3,52,100,7.0,5,16.5,13.1,14.7,0.0,0.0,0.36,1.93,16.9,69,100,10.6,35,20.0,14.9,12.3,0.0
2025-03-02 13:00:00,24.26,21.7533333333333,0.0,18.9,55,100,13.9,25,17.2,13.5,14.7,0.0,0.0,0.34,1.93375,17.8,67,100,14.1,32,19.9,16.0,12.6,0.0
2025-03-02 14:00:00,24.2266666666667,21.74,0.0,17.9,56,99,19.1,34,17.6,13.8,14.7,0.0,0.0,0.32,1.9375,17.7,64,61,18.3,32,19.6,16.5,13.0,0.0
2025-03-02 15:00:00,24.1933333333333,21.67,0.0,17.8,59,87,18.1,45,17.9,14.1,14.7,0.0,0.0,0.3,1.94125,17.4,67,39,21.8,39,18.5,16.5,13.3,0.0
2025-03-02 16:00:00,24.16,21.61,0.0,17.0,63,57,17.3,58,17.5,14.3,14.7,0.0,0.0,0.21,1.945,17.2,69,21,21.4,48,17.2,16.4,13.6,0.0
2025-03-02 17:00:00,24.15,21.5933333333333,0.0,16.3,68,2,15.9,67,17.0,14.5,14.7,0.0,0.0,0.13,1.94875,16.6,79,34,15.5,54,15.9,16.0,13.8,0.0
2025-03-02 18:00:00,24.1533333333333,21.59,0.0,14.7,79,23,8.1,69,16.1,14.6,14.7,0.0,0.0,0.04,1.9525,15.7,83,66,11.5,39,14.0,15.5,14.0,0.0
2025-03-02 19:00:00,24.16,21.59,0.0,13.0,89,83,5.3,40,14.9,14.7,14.7,0.0,0.0,0.0,1.95625,14.4,93,45,7.4,23,12.8,14.6,14.1,0.0
2025-03-02 20:00:00,24.16,21.5866666666667,0.0,13.0,95,100,3.2,24,14.0,14.7,14.7,0.0,0.0,0.0,1.96,14.0,95,100,5.4,8,12.7,14.0,14.1,0.0
2025-03-02 21:00:00,24.16,21.58,0.0,12.6,98,100,2.2,35,13.3,14.6,14.7,0.0,0.0,0.0,1.9637499999999999,13.9,95,96,2.9,300,12.7,13.6,14.0,0.0
2025-03-02 22:00:00,24.1566666666667,21.5766666666667,0.0,13.0,97,97,0.8,17,13.0,14.5,14.7,0.0,0.0,0.0,1.9675,13.5,95,99,3.2,270,11.9,13.3,14.0,0.0
2025-03-02 23:00:00,24.16,21.5666666666667,0.0,12.5,97,100,5.0,290,12.8,14.4,14.7,0.0,0.0,0.0,1.97125,12.9,97,100,5.8,240,12.3,13.1,13.9,0.0
2025-03-03 00:00:00,24.16,21.5566666666667,0.0,12.6,96,100,10.5,266,12.9,14.3,14.7,0.0,0.0,0.0,1.975,13.2,99,100,4.2,239,13.0,13.0,13.8,0.0
2025-03-03 01:00:00,24.1633333333333,21.5433333333333,0.0,13.2,98,100,9.6,259,14.0,14.4,14.7,0.0,0.0,0.0,1.97875,13.1,99,100,4.2,239,12.4,13.0,13.8,0.0
2025-03-03 02:00:00,24.1666666666667,21.5366666666667,0.0,13.0,96,100,10.2,257,13.7,14.4,14.7,0.0,0.0,0.0,1.9825,13.0,99,100,4.4,215,12.3,13.0,13.7,0.0
2025-03-03 03:00:00,24.1633333333333,21.53,0.0,13.1,96,100,8.7,252,13.6,14.4,14.7,0.0,0.0,0.0,1.98625,12.4,99,100,4.5,209,11.7,12.9,13.7,0.0
2025-03-03 04:00:00,24.1633333333333,21.52,0.0,12.6,92,100,6.3,244,13.4,14.3,14.7,0.0,0.0,0.0,1.99,12.4,99,100,4.3,204,11.8,12.7,13.6,0.0
2025-03-03 05:00:00,24.17,21.51,0.0,11.9,85,100,5.9,242,13.1,14.3,14.7,0.0,0.0,0.0,1.99375,12.1,98,100,4.5,194,11.2,12.5,13.5,0.0
2025-03-03 06:00:00,24.16,21.5066666666667,0.0,11.4,82,99,5.4,256,12.8,14.2,14.7,0.0,0.0,0.0,1.9975,12.1,100,100,4.0,180,11.8,12.5,13.5,0.0
2025-03-03 07:00:00,24.17,21.4933333333333,0.0,11.6,82,95,5.2,261,12.6,14.1,14.7,0.0,0.0,0.02,2.00125,11.6,98,97,4.3,175,11.1,12.3,13.4,0.0
2025-03-03 08:00:00,24.1666666666667,21.4833333333333,0.0,13.3,84,79,6.5,264,13.0,14.0,14.7,0.0,0.0,0.04,2.005,12.9,96,63,3.6,180,14.2,12.5,13.3,0.0
2025-03-03 09:00:00,24.15,21.4766666666667,0.0,15.1,88,69,5.7,302,14.0,14.0,14.7,0.0,0.0,0.11,2.00875,15.9,90,52,3.1,216,18.7,13.8,13.3,0.0
2025-03-03 10:00:00,24.15,21.47,0.0,17.4,77,37,7.1,333,15.7,14.1,14.7,0.0,0.0,0.26,2.0125,17.9,83,52,5.5,259,21.0,15.4,13.5,0.0
2025-03-03 11:00:00,24.1166666666667,21.4333333333333,0.0,19.6,66,22,8.0,345,17.3,14.2,14.7,0.0,0.0,0.36,2.01625,19.5,72,36,6.5,251,22.7,16.8,13.7,0.0
2025-03-03 12:00:00,24.0766666666667,21.345,0.0,20.4,64,20,12.1,352,18.8,14.5,14.7,0.0,0.0,0.42,2.02,20.4,64,33,7.5,287,23.5,18.1,14.0,0.0
2025-03-03 13:00:00,24.04,23.2,0.0,20.5,65,30,9.3,7,19.9,14.7,14.7,0.0,0.0,0.44,2.02375,21.1,62,16,6.6,319,24.5,19.0,14.4,0.0
2025-03-03 14:00:00,24.0333333333333,27.3533333333333,0.0,20.5,65,34,10.1,25,20.5,15.1,14.7,0.0,0.0,0.41,2.0275,19.7,76,98,13.7,357,22.1,19.6,14.8,0.0
2025-03-03 15:00:00,24.02,27.25,0.0,19.6,67,5,12.3,40,20.6,15.4,14.7,0.0,0.0,0.32,2.03125,19.2,75,100,15.0,17,20.9,19.5,15.1,0.0
2025-03-03 16:00:00,24.0166666666667,27.1066666666667,0.0,18.6,68,13,12.1,31,20.2,15.7,14.7,0.0,0.0,0.25,2.035,18.1,79,100,13.8,28,18.4,18.8,15.4,0.0
2025-03-03 17:00:00,24.0166666666667,26.98,0.0,17.4,71,39,8.1,27,19.3,16.0,14.7,0.0,0.0,0.13,2.03875,17.3,82,100,10.7,42,17.1,18.0,15.6,0.0
2025-03-03 18:00:00,24.0233333333333,26.735,0.0,15.5,81,51,1.9,43,18.0,16.1,14.7,0.0,0.0,0.03,2.0425,16.3,89,100,7.5,35,15.2,17.2,15.7,0.0
2025-03-03 19:00:00,24.0233333333333,26.5866666666667,0.0,14.4,85,100,3.1,63,16.6,16.1,14.7,0.0,0.0,0.0,2.04625,15.3,92,74,2.5,360,13.9,16.3,15.7,0.0
2025-03-03 20:00:00,24.0266666666667,26.465,0.0,14.3,86,99,5.2,58,15.9,16.1,14.7,0.0,0.0,0.0,2.05,14.3,95,73,3.7,11,13.1,15.4,15.7,0.0
2025-03-03 21:00:00,24.0333333333333,26.3166666666667,0.0,14.8,75,90,5.8,66,15.4,16.1,14.8,0.0,0.0,0.0,2.05375,14.2,94,91,3.2,360,12.4,14.8,15.7,0.0
2025-03-03 22:00:00,24.0366666666667,26.1966666666667,0.0,14.0,76,99,5.2,60,14.8,16.0,14.8,0.0,0.0,0.0,2.0575,13.7,97,100,1.1,288,12.5,14.3,15.5,0.0
2025-03-03 23:00:00,24.0366666666667,26.075,0.0,13.8,78,51,5.4,48,14.5,15.9,14.8,0.0,0.0,0.0,2.06125,13.8,98,100,4.6,18,13.5,14.1,15.4,0.0
2025-03-04 00:00:00,24.045,26.0,0.0,13.0,87,22,4.0,42,14.0,15.7,14.8,0.0,0.0,0.0,2.065,14.5,97,100,5.1,39,14.3,14.3,15.2,0.0
2025-03-04 01:00:00,24.0533333333333,25.9466666666667,0.0,13.4,91,100,5.2,56,15.1,15.8,14.8,0.0,0.0,0.0,2.06875,14.6,97,100,6.4,47,14.3,14.4,15.1,0.0
2025-03-04 02:00:00,24.0466666666667,25.8533333333333,0.0,13.3,90,100,3.6,48,14.3,15.7,14.8,0.0,0.0,0.0,2.0725,14.4,97,100,6.1,28,13.9,14.4,15.0,0.0
2025-03-04 03:00:00,24.06,25.8133333333333,0.0,14.4,94,100,8.3,46,14.3,15.6,14.8,0.0,0.0,0.0,2.07625,14.4,99,100,11.6,26,14.3,14.4,14.9,0.0
2025-03-04 04:00:00,24.0733333333333,25.75,0.0,14.3,94,100,5.6,45,14.4,15.5,14.8,0.0,0.0,0.0,2.08,14.5,97,100,9.7,45,14.2,14.4,14.9,0.0
2025-03-04 05:00:00,24.1,25.6833333333333,0.0,13.9,97,100,4.3,34,14.2,15.4,14.8,0.0,0.0,0.0,2.08375,14.6,95,100,13.3,38,14.3,14.5,14.8,0.0
2025-03-04 06:00:00,24.1033333333333,25.6366666666667,0.0,13.5,99,100,0.6,57,14.0,15.3,14.8,0.0,0.0,0.0,2.0875,14.7,97,100,6.4,38,14.4,14.5,14.8,0.0
2025-03-04 07:00:00,24.11,25.545,0.0,13.9,96,100,0.4,32,14.0,15.2,14.8,0.1,0.1,0.01,2.09125,14.6,97,100,3.6,360,14.4,14.5,14.7,0.0
2025-03-04 08:00:00,24.15,25.5266666666667,0.0,14.5,94,100,4.0,261,14.3,15.1,14.8,0.3,0.3,0.03,2.095,15.1,96,100,5.1,8,15.5,14.6,14.7,0.0
2025-03-04 09:00:00,24.1666666666667,25.4766666666667,0.0,15.1,97,100,7.4,272,14.8,15.1,14.8,0.5,0.5,0.06,2.09875,15.7,94,100,5.2,25,16.7,14.9,14.7,0.0
2025-03-04 10:00:00,24.1966666666667,25.39,0.0,15.8,92,99,5.6,265,15.4,15.1,14.8,0.8,0.8,0.12,2.1025,16.4,89,100,8.0,5,18.0,15.6,14.7,0.1
2025-03-04 11:00:00,24.21,25.375,0.0,17.5,75,72,4.0,266,16.7,15.2,14.8,0.4,0.4,0.29,2.10625,17.0,88,98,6.9,351,19.4,16.5,14.8,0.0
2025-03-04 12:00:00,24.2333333333333,25.3,0.0,19.2,59,100,7.1,274,18.3,15.3,14.9,0.1,0.1,0.41,2.11,16.8,87,94,5.2,326,19.2,17.2,15.0,0.0
2025-03-04 13:00:00,24.2666666666667,25.2433333333333,0.0,17.1,79,100,6.0,345,18.2,15.4,14.8,0.4,0.4,0.2,2.11375,17.0,85,96,6.2,306,19.2,17.4,15.2,0.0
2025-03-04 14:00:00,24.28,25.1933333333333,0.0,17.9,73,99,6.1,346,18.2,15.6,14.9,0.5,0.5,0.26,2.1175,17.0,84,98,4.3,246,19.1,17.5,15.4,0.0
2025-03-04 15:00:00,24.3066666666667,25.08,0.0,17.6,71,63,6.2,337,17.9,15.7,14.9,0.2,0.2,0.17,2.12125,16.7,87,98,1.3,146,18.3,17.4,15.5,0.0
2025-03-04 16:00:00,24.3133333333333,24.9766666666667,0.0,17.8,66,42,2.3,322,18.0,15.8,14.9,0.1,0.1,0.18,2.125,16.8,84,93,2.9,360,17.9,17.2,15.6,0.0
2025-03-04 17:00:00,24.3466666666667,24.94,0.0,17.6,68,14,4.5,170,17.8,16.0,14.9,0.1,0.1,0.12,2.12875,16.5,85,85,5.2,335,16.2,16.9,15.7,0.0
2025-03-04 18:00:00,24.3733333333333,24.8766666666667,0.0,15.5,82,10,2.7,171,16.9,16.0,14.9,0.0,0.0,0.03,2.1325,15.7,90,72,4.7,351,14.7,16.4,15.8,0.0
2025-03-04 19:00:00,24.4133333333333,24.81,0.0,14.0,87,3,0.7,270,15.7,16.0,14.9,0.0,0.0,0.0,2.13625,14.7,95,79,2.9,330,13.6,15.6,15.8,0.0
2025-03-04 20:00:00,24.4466666666667,24.8,0.0,13.2,88,12,0.4,330,14.6,15.9,14.9,0.0,0.0,0.0,2.14,14.1,96,77,3.1,324,13.1,14.9,15.7,0.0
2025-03-04 21:00:00,24.4766666666667,24.8,0.0,12.8,88,6,1.2,304,13.9,15.8,14.9,0.0,0.0,0.0,2.14375,13.7,95,72,1.5,284,12.3,14.3,15.5,0.0
2025-03-04 22:00:00,24.5166666666667,24.7166666666667,0.0,12.1,89,13,3.1,243,13.3,15.6,14.9,0.0,0.0,0.0,2.1475,13.5,95,47,2.1,211,11.8,13.9,15.4,0.0
2025-03-04 23:00:00,24.5466666666667,24.6833333333333,0.0,11.5,90,14,5.5,244,12.8,15.5,14.9,0.0,0.0,0.0,2.15125,13.0,97,66,3.1,201,12.1,13.5,15.2,0.0
2025-03-05 00:00:00,24.58,24.6833333333333,0.0,11.2,93,19,5.9,248,12.5,15.3,14.9,0.0,0.0,0.0,2.155,12.8,99,74,3.8,229,12.4,13.6,15.1,0.0
2025-03-05 01:00:00,24.6033333333333,24.66,0.0,12.7,88,4,1.0,340,13.8,15.8,15.0,0.0,0.0,0.0,2.15875,12.3,98,64,4.1,218,11.4,13.3,14.9,0.0
2025-03-05 02:00:00,24.64,24.65,0.0,12.0,91,1,1.8,279,13.1,15.6,15.0,0.0,0.0,0.0,2.1625,11.9,97,56,3.9,158,11.1,13.0,14.7,0.0
2025-03-05 03:00:00,24.67,24.6466666666667,0.0,11.7,90,7,1.1,90,12.5,15.4,15.0,0.0,0.0,0.0,2.1662500000000002,11.7,100,83,3.1,144,11.1,12.9,14.6,0.0
2025-03-05 04:00:00,24.6933333333333,24.635,0.0,11.4,91,26,0.4,54,12.0,15.2,15.0,0.0,0.0,0.0,2.17,11.2,100,97,2.3,162,10.6,12.5,14.4,0.0
2025-03-05 05:00:00,24.72,24.5933333333333,0.0,11.1,93,35,1.3,77,11.6,15.0,15.0,0.0,0.0,0.0,2.17375,11.2,100,91,2.9,150,10.6,12.3,14.2,0.0
2025-03-05 06:00:00,24.7433333333333,24.54,0.0,10.9,94,11,1.8,18,11.4,14.8,15.0,0.0,0.0,0.0,2.1775,11.3,100,89,1.1,180,10.9,12.2,14.1,0.0
2025-03-05 07:00:00,24.7666666666667,24.5266666666667,0.0,11.0,94,30,1.3,13,11.2,14.6,15.0,0.0,0.0,0.01,2.18125,11.7,100,85,2.3,198,10.7,12.0,13.9,0.0
2025-03-05 08:00:00,24.7966666666667,24.51,0.0,13.2,89,36,3.3,346,12.1,14.4,15.0,0.0,0.0,0.05,2.185,12.3,100,71,2.5,172,14.3,12.4,13.8,0.0
2025-03-05 09:00:00,24.8166666666667,24.5,0.0,15.3,81,5,4.3,318,13.6,14.3,15.0,0.0,0.0,0.15,2.18875,14.9,97,56,0.8,27,18.1,13.8,13.7,0.0
2025-03-05 10:00:00,24.8566666666667,24.4966666666667,0.0,17.5,75,3,5.1,356,15.5,14.4,15.0,0.0,0.0,0.27,2.1925,17.1,85,32,4.4,35,21.0,15.6,13.8,0.0
2025-03-05 11:00:00,24.89,24.4666666666667,0.0,19.6,67,13,8.3,357,17.4,14.5,15.0,0.0,0.0,0.37,2.19625,18.3,79,43,3.3,41,21.4,17.0,14.1,0.0
2025-03-05 12:00:00,24.9033333333333,24.43,0.0,19.6,67,32,9.5,2,18.8,14.8,15.0,0.0,0.0,0.39,2.2,19.3,77,78,7.9,30,22.1,17.9,14.4,0.0
2025-03-05 13:00:00,24.9166666666667,24.3833333333333,0.0,22.4,50,41,2.1,196,19.5,15.2,15.0,0.0,0.0,0.4,2.20375,19.4,77,45,11.7,47,22.5,18.7,14.8,0.0
2025-03-05 14:00:00,24.93,24.36,0.0,20.6,63,65,15.4,71,20.1,15.5,15.0,0.9,0.9,0.36,2.2075,19.5,74,44,14.6,50,21.8,19.0,15.1,0.0
2025-03-05 15:00:00,24.9366666666667,24.36,0.0,19.5,67,74,5.7,352,20.0,15.7,15.0,0.2,0.2,0.3,2.21125,19.5,78,100,12.5,39,21.8,18.9,15.4,0.0
2025-03-05 16:00:00,24.97,24.3566666666667,0.0,19.0,70,78,11.4,30,19.4,16.0,15.0,0.0,0.0,0.18,2.215,19.0,79,79,11.3,27,19.5,18.9,15.7,0.0
2025-03-05 17:00:00,24.9766666666667,24.34,0.0,18.4,73,88,1.1,108,19.0,16.2,15.0,0.3,0.3,0.1,2.21875,18.0,84,83,9.5,11,17.6,18.2,16.0,0.0
2025-03-05 18:00:00,25.0066666666667,24.305,0.0,16.8,82,69,8.8,83,17.8,16.3,15.0,0.2,0.2,0.04,2.2225,16.7,90,48,6.2,339,15.5,17.3,16.1,0.0
2025-03-05 19:00:00,25.0133333333333,24.2866666666667,0.0,15.3,89,45,2.6,67,16.7,16.3,15.0,0.0,0.0,0.01,2.22625,15.6,94,100,3.7,331,14.3,16.3,16.1,0.0
2025-03-05 20:00:00,25.0366666666667,24.26,0.0,14.6,91,79,9.9,275,15.7,16.3,15.0,0.0,0.0,0.0,2.23,14.9,95,100,3.1,306,13.8,15.5,16.0,0.0
2025-03-05 21:00:00,25.0433333333333,24.2433333333333,0.0,14.3,94,69,4.3,271,15.3,16.2,15.0,0.1,0.1,0.0,2.23375,14.6,94,61,5.2,295,13.5,15.0,15.9,0.0
2025-03-05 22:00:00,25.0566666666667,24.23,0.0,13.2,94,94,5.8,250,14.6,16.1,15.1,0.0,0.0,0.0,2.2375,14.3,96,100,6.2,249,14.2,14.8,15.8,0.0
2025-03-05 23:00:00,25.0633333333333,24.22,0.0,13.0,93,3,8.4,259,14.1,16.0,15.1,0.0,0.0,0.0,2.24125,14.3,93,100,3.6,276,13.8,14.8,15.6,0.0
2025-03-06 00:00:00,25.0666666666667,24.22,0.0,12.6,94,5,6.9,254,13.7,15.8,15.1,0.0,0.0,0.0,2.245,14.2,93,84,3.1,54,13.5,14.5,15.5,0.0
2025-03-06 01:00:00,25.09,24.22,0.0,12.0,95,19,3.3,177,14.4,15.6,15.1,0.0,0.0,0.0,2.2487500000000002,13.9,94,100,2.0,135,13.4,14.4,15.4,0.0
2025-03-06 02:00:00,25.0933333333333,24.21,0.0,11.3,96,23,3.9,260,13.7,15.5,15.1,0.0,0.0,0.0,2.2525,13.6,97,93,2.6,196,13.4,14.2,15.2,0.0
2025-03-06 03:00:00,25.1033333333333,24.21,0.0,10.9,95,3,3.9,262,13.2,15.3,15.1,0.0,0.0,0.0,2.25625,13.5,98,100,4.8,207,13.4,14.1,15.1,0.0
2025-03-06 04:00:00,25.11,24.2,0.0,11.1,94,9,5.6,253,12.8,15.2,15.1,0.0,0.0,0.0,2.2600000000000002,13.6,97,73,3.3,193,12.8,14.0,15.0,0.0
2025-03-06 05:00:00,25.12,24.17,0.0,10.8,93,14,4.1,255,12.5,15.0,15.1,0.0,0.0,0.0,2.26375,13.4,96,84,1.3,146,12.2,13.7,14.9,0.0
2025-03-06 06:00:00,25.1233333333333,24.15,0.0,10.8,91,10,2.0,277,12.0,14.8,15.1,0.0,0.0,0.0,2.2675,13.0,97,88,3.1,111,12.4,13.4,14.8,0.0
2025-03-06 07:00:00,25.1266666666667,24.125,0.0,11.1,90,6,2.5,282,11.8,14.7,15.1,0.0,0.0,0.01,2.27125,12.4,99,92,2.4,153,12.3,13.3,14.6,0.0
2025-03-06 08:00:00,25.1266666666667,24.11,0.0,13.7,85,0,4.4,268,12.6,14.5,15.1,0.0,0.0,0.05,2.275,13.3,98,97,2.3,141,14.9,13.5,14.5,0.0
2025-03-06 09:00:00,25.1333333333333,24.095,0.0,16.2,78,11,4.7,293,14.2,14.5,15.1,0.0,0.0,0.16,2.27875,15.1,94,100,0.4,180,17.0,14.5,14.5,0.0
2025-03-06 10:00:00,25.1333333333333,24.08,0.0,18.0,72,25,7.9,312,15.9,14.5,15.1,0.0,0.0,0.27,2.2825,16.8,86,99,3.2,297,20.0,15.7,14.5,0.0
2025-03-06 11:00:00,25.1433333333333,24.07,0.0,19.4,64,71,6.6,314,17.7,14.7,15.1,0.0,0.0,0.37,2.28625,17.9,81,95,3.5,294,20.5,16.9,14.7,0.0
2025-03-06 12:00:00,25.13,24.0633333333333,0.0,19.0,68,95,8.2,307,18.7,14.9,15.1,0.2,0.2,0.33,2.29,18.4,77,96,7.0,348,19.9,17.6,14.9,0.0
2025-03-06 13:00:00,25.1166666666667,23.99,0.0,19.4,68,72,7.0,10,19.3,15.2,15.1,0.3,0.3,0.3,2.291904761904762,17.7,86,100,10.4,2,20.5,17.9,15.2,0.0
2025-03-06 14:00:00,25.1133333333333,23.94,0.0,17.5,76,92,4.9,282,18.8,15.4,15.1,3.0,3.0,0.28,2.2938095238095237,17.1,87,100,6.3,13,18.3,17.9,15.4,0.0
2025-03-06 15:00:00,25.1,23.93,0.0,18.0,70,99,2.5,180,18.8,15.6,15.1,0.0,0.0,0.24,2.295714285714286,17.3,85,100,6.3,329,19.0,18.0,15.6,0.0
2025-03-06 16:00:00,25.1,23.9066666666667,0.0,16.6,79,100,7.9,312,18.2,15.8,15.1,0.2,0.2,0.12,2.2976190476190474,16.6,89,100,5.6,297,17.5,17.6,15.8,0.0
2025-03-06 17:00:00,25.1166666666667,23.87,0.0,15.3,84,100,8.7,246,17.2,15.9,15.1,3.1,3.1,0.08,2.2995238095238095,16.1,88,100,5.4,290,16.2,17.1,15.9,0.0
2025-03-06 18:00:00,25.095,23.865,0.0,14.7,92,100,6.4,245,16.1,15.9,15.1,2.4,2.4,0.02,2.3014285714285716,15.5,91,100,6.3,246,15.0,16.4,15.9,0.0
2025-03-06 19:00:00,25.1,23.815,0.0,14.3,93,100,8.0,265,15.4,15.9,15.1,0.3,0.3,0.02,2.3033333333333332,15.1,92,100,6.4,232,14.7,15.9,15.9,0.0
2025-03-06 20:00:00,26.35,24.14,0.0,13.7,92,98,9.7,253,14.7,15.8,15.1,0.3,0.3,0.0,2.3052380952380953,14.7,92,86,7.1,229,14.1,15.4,15.8,0.0
2025-03-06 21:00:00,30.56,27.93,0.0,13.7,89,100,11.0,247,14.3,15.7,15.1,0.2,0.2,0.0,2.3071428571428574,14.2,92,100,6.5,214,13.6,14.9,15.7,0.0
2025-03-06 22:00:00,30.85,28.455,0.0,13.4,93,100,11.5,250,14.1,15.6,15.1,0.5,0.5,0.0,2.309047619047619,14.0,91,79,6.4,207,13.4,14.7,15.6,0.0
2025-03-06 23:00:00,30.89,28.41,0.0,13.5,93,100,9.9,250,14.0,15.5,15.1,0.5,0.5,0.0,2.310952380952381,13.9,90,83,7.3,213,13.5,14.5,15.5,0.0
2025-03-07 00:00:00,30.77,28.2666666666667,0.0,13.4,94,100,9.6,244,13.9,15.4,15.1,0.5,0.5,0.0,2.3128571428571427,13.8,89,91,8.9,207,13.4,14.2,15.4,0.0
2025-03-07 01:00:00,30.695,28.1166666666667,0.0,13.8,87,100,9.1,242,14.0,15.1,15.1,0.2,0.2,0.0,2.314761904761905,13.8,89,93,9.3,216,13.3,14.2,15.3,0.0
2025-03-07 02:00:00,30.62,27.9966666666667,0.0,13.6,91,99,7.5,240,13.9,15.0,15.1,0.5,0.5,0.0,2.316666666666667,13.7,90,98,9.7,225,13.4,14.1,15.2,0.0
2025-03-07 03:00:00,30.52,27.9033333333333,0.0,13.3,91,93,6.4,241,13.6,14.9,15.1,0.4,0.4,0.0,2.3185714285714285,13.7,90,92,8.8,235,13.3,14.0,15.1,0.0
2025-03-07 04:00:00,30.4866666666667,27.83,0.0,13.3,84,100,6.4,232,13.4,14.8,15.1,0.1,0.1,0.0,2.3204761904761906,13.7,89,92,8.6,237,13.3,14.0,15.0,0.0
2025-03-07 05:00:00,30.47,27.78,0.0,13.0,85,62,4.6,235,13.2,14.7,15.1,0.0,0.0,0.0,2.322380952380952,13.8,87,95,7.7,233,13.2,13.9,14.9,0.0
2025-03-07 06:00:00,30.39,27.7366666666667,0.0,12.5,84,32,2.0,243,12.8,14.6,15.1,0.0,0.0,0.0,2.3242857142857143,13.7,87,88,5.4,233,13.1,13.9,14.8,0.0
2025-03-07 07:00:00,30.34,27.6,0.0,12.3,85,42,1.3,264,12.4,14.5,15.1,0.0,0.0,0.01,2.3261904761904764,13.6,88,95,4.0,243,13.1,13.8,14.7,0.0
2025-03-07 08:00:00,30.29,27.57,0.0,14.0,84,62,3.5,252,13.1,14.4,15.1,0.0,0.0,0.05,2.328095238095238,14.0,88,86,3.0,256,14.5,13.9,14.7,0.0
2025-03-07 09:00:00,30.18,27.485,0.0,15.8,77,100,2.7,247,14.3,14.4,15.1,0.0,0.0,0.14,2.33,15.4,86,77,4.8,283,17.6,14.5,14.6,0.0
2025-03-07 10:00:00,30.1466666666667,27.405,0.0,17.4,68,99,2.2,298,15.9,14.4,15.1,0.0,0.0,0.27,2.3319047619047617,17.1,77,100,7.1,285,20.5,16.0,14.7,0.0
2025-03-07 11:00:00,30.0633333333333,27.35,0.0,18.8,61,100,3.5,284,17.6,14.6,15.1,0.0,0.0,0.38,2.333809523809524,18.3,72,95,8.6,272,22.2,17.1,14.8,0.0
2025-03-07 12:00:00,29.97,27.245,0.0,20.2,54,100,4.5,287,19.0,14.9,15.1,0.0,0.0,0.43,2.335714285714286,19.1,68,100,5.8,263,22.7,18.0,15.0,0.0
2025-03-07 13:00:00,29.8633333333333,27.0966666666667,0.0,20.4,51,100,6.1,267,19.2,15.3,15.1,0.0,0.0,0.32,2.3376190476190475,19.4,68,100,5.8,292,21.9,18.6,15.3,0.0
2025-03-07 14:00:00,29.7633333333333,26.9766666666667,0.0,20.5,50,100,6.0,295,19.6,15.5,15.1,0.0,0.0,0.32,2.3395238095238096,19.3,68,100,6.5,357,20.2,18.8,15.6,0.0
2025-03-07 15:00:00,29.6833333333333,26.9,0.0,19.5,63,97,8.8,20,19.6,15.8,15.1,0.0,0.0,0.26,2.3414285714285716,19.2,76,85,8.6,15,21.9,18.9,15.8,0.0
2025-03-07 16:00:00,29.5833333333333,26.7966666666667,0.0,18.4,72,7,10.6,42,19.4,16.0,15.1,0.0,0.0,0.21,2.3433333333333333,18.1,78,80,10.4,44,19.2,18.6,16.0,0.0
2025-03-07 17:00:00,29.5,26.74,0.0,17.6,73,0,10.1,54,18.8,16.2,15.1,0.0,0.0,0.15,2.3452380952380953,17.9,81,54,8.4,50,17.8,18.2,16.2,0.0
2025-03-07 18:00:00,29.44,26.64,0.0,15.4,82,3,7.5,63,17.7,16.4,15.1,0.0,0.0,0.04,2.347142857142857,16.5,85,0,7.0,55,15.0,17.4,16.3,0.0
2025-03-07 19:00:00,29.3833333333333,26.6033333333333,0.0,13.4,90,0,4.7,81,16.4,16.4,15.2,0.0,0.0,0.02,2.349047619047619,14.9,92,0,4.2,20,13.4,16.3,16.3,0.0
2025-03-07 20:00:00,29.3266666666667,26.54,0.0,12.6,92,2,0.6,35,15.2,16.3,15.2,0.0,0.0,0.0,2.350952380952381,13.9,96,0,3.0,346,12.4,15.4,16.2,0.0
2025-03-07 21:00:00,29.28,26.4833333333333,0.0,11.5,94,2,2.7,310,14.3,16.2,15.2,0.0,0.0,0.0,2.3528571428571428,13.4,98,30,1.5,315,11.2,14.5,16.1,0.0
2025-03-07 22:00:00,29.2366666666667,26.4533333333333,0.0,11.1,89,0,2.7,218,13.6,16.0,15.2,0.0,0.0,0.0,2.354761904761905,12.6,100,100,2.1,239,10.6,13.7,15.9,0.0
2025-03-07 23:00:00,29.1866666666667,26.37,0.0,10.6,86,4,4.1,227,13.0,15.8,15.2,0.0,0.0,0.0,2.3566666666666665,12.1,100,100,2.5,172,10.4,13.2,15.7,0.0
2025-03-08 00:00:00,29.1533333333333,26.3233333333333,0.0,10.1,85,11,4.4,211,12.6,15.6,15.2,0.0,0.0,0.0,2.3585714285714285,10.8,98,100,2.9,173,10.2,12.9,15.4,0.0
2025-03-08 01:00:00,29.1066666666667,26.31,0.0,10.3,87,7,5.4,186,13.7,15.5,15.2,0.0,0.0,0.0,2.3604761904761906,10.0,96,100,2.9,180,9.5,12.5,15.2,0.0
2025-03-08 02:00:00,29.07,26.2833333333333,0.0,9.4,90,2,5.8,165,13.2,15.3,15.2,0.0,0.0,0.0,2.3623809523809522,9.7,95,39,3.2,180,9.1,12.1,15.0,0.0
2025-03-08 03:00:00,29.0333333333333,26.2066666666667,0.0,8.7,94,0,7.0,191,12.8,15.2,15.2,0.0,0.0,0.0,2.3642857142857143,9.0,98,51,3.6,180,8.4,11.4,14.7,0.0
2025-03-08 04:00:00,29.01,26.16,0.0,9.5,89,88,7.4,204,12.5,15.0,15.2,0.0,0.0,0.0,2.3661904761904764,8.7,97,49,3.6,180,8.3,11.1,14.4,0.0
2025-03-08 05:00:00,28.9766666666667,26.1433333333333,0.0,9.7,87,68,7.6,181,12.3,14.8,15.2,0.0,0.0,0.0,2.368095238095238,8.3,98,90,4.3,185,8.1,10.9,14.2,0.0
2025-03-08 06:00:00,28.9433333333333,26.1133333333333,0.0,9.4,86,87,8.3,188,12.0,14.6,15.2,0.0,0.0,0.0,2.37,8.1,99,100,4.5,194,8.0,10.6,13.9,0.0
2025-03-08 07:00:00,28.9066666666667,26.04,0.0,10.1,78,36,8.6,195,11.8,14.5,15.2,0.0,0.0,0.03,2.3719047619047617,8.5,95,100,4.3,204,8.4,10.4,13.7,0.0
2025-03-08 08:00:00,28.8633333333333,26.01,0.0,14.6,65,47,9.5,195,12.5,14.3,15.2,0.0,0.0,0.08,2.373809523809524,11.1,90,100,3.9,202,12.6,10.8,13.5,0.0
2025-03-08 09:00:00,28.84,25.985,0.0,19.9,54,62,13.8,190,14.2,14.3,15.2,0.0,0.0,0.23,2.375714285714286,16.0,82,100,4.8,257,18.1,12.6,13.4,0.0
2025-03-08 10:00:00,28.8166666666667,25.97,0.0,22.1,40,0,19.7,189,15.9,14.4,15.2,0.0,0.0,0.38,2.3776190476190475,19.0,68,100,8.9,243,20.6,14.5,13.5,0.0
2025-03-08 11:00:00,28.7866666666667,25.9166666666667,0.0,23.9,36,14,22.2,194,17.6,14.5,15.2,0.0,0.0,0.5,2.3795238095238096,21.3,61,77,12.5,231,21.8,16.2,13.6,0.0
2025-03-08 12:00:00,28.7266666666667,25.84,0.0,25.3,34,0,17.5,204,19.2,14.8,15.2,0.0,0.0,0.55,2.3814285714285712,23.5,50,64,11.0,229,24.9,18.0,13.9,0.0
2025-03-08 13:00:00,28.67,25.7533333333333,0.0,25.5,33,4,15.1,231,20.5,15.0,15.2,0.0,0.0,0.56,2.3833333333333333,24.2,45,25,11.9,272,25.4,19.2,14.3,0.0
2025-03-08 14:00:00,28.6266666666667,25.68,0.0,25.6,33,7,15.1,241,21.2,15.4,15.2,0.0,0.0,0.54,2.3852380952380954,24.5,40,92,17.7,250,24.1,19.9,14.7,0.0
2025-03-08 15:00:00,28.5566666666667,25.585,0.0,24.0,40,54,17.7,277,21.3,15.7,15.2,0.0,0.0,0.44,2.387142857142857,24.1,45,83,18.0,307,22.8,20.3,15.2,0.0
2025-03-08 16:00:00,28.4966666666667,25.5433333333333,0.0,18.2,68,88,16.5,295,20.4,16.1,15.2,0.0,0.0,0.2,2.389047619047619,20.9,58,97,27.0,304,19.2,19.8,15.5,0.0
2025-03-08 17:00:00,28.44,25.475,0.0,16.2,79,99,10.5,320,19.0,16.3,15.2,0.9,0.9,0.1,2.390952380952381,14.4,81,99,21.9,327,14.2,18.1,15.8,0.0
2025-03-08 18:00:00,28.4,25.4233333333333,0.0,15.1,85,100,3.5,308,17.5,16.4,15.2,0.2,0.2,0.03,2.392857142857143,14.3,87,100,4.0,350,14.7,16.9,15.9,0.1
2025-03-08 19:00:00,28.3466666666667,25.4,0.0,14.5,93,86,6.9,48,16.5,16.4,15.2,0.2,0.2,0.02,2.394761904761905,14.1,90,100,5.2,78,14.4,16.1,15.9,0.0
2025-03-08 20:00:00,28.2833333333333,25.3933333333333,0.0,14.1,96,100,1.5,209,15.7,16.3,15.2,0.9,0.9,0.0,2.3966666666666665,14.1,92,100,0.8,63,14.3,15.6,15.8,0.0
2025-03-08 21:00:00,28.32,25.35,0.0,13.9,95,100,3.9,210,15.2,16.3,15.2,0.8,0.8,0.0,2.3985714285714286,13.9,91,100,1.8,127,13.9,15.1,15.8,0.5
2025-03-08 22:00:00,29.41,25.7666666666667,0.0,13.6,91,96,4.2,180,14.7,16.1,15.2,0.5,0.5,0.0,2.4004761904761907,13.7,93,100,4.8,193,13.5,14.9,15.7,0.1
2025-03-08 23:00:00,30.3633333333333,27.1866666666667,0.0,13.5,83,100,10.0,192,14.3,16.0,15.2,0.1,0.1,0.01,2.4023809523809523,13.6,89,99,7.5,197,13.1,14.6,15.6,0.1
2025-03-09 00:00:00,30.6833333333333,27.8033333333333,0.0,13.1,79,100,11.1,206,13.7,15.9,15.2,0.1,0.1,0.01,2.4042857142857144,13.1,80,100,7.9,196,12.3,14.2,15.5,0.1
2025-03-09 01:00:00,30.72,27.89,0.0,13.1,86,100,2.4,200,13.7,15.8,15.2,0.0,0.0,0.0,2.406190476190476,12.6,77,100,8.4,205,11.8,13.8,15.4,0.1
2025-03-09 02:00:00,30.67,27.7866666666667,0.0,12.5,91,99,4.3,198,13.5,15.6,15.2,0.4,0.4,0.0,2.408095238095238,12.3,79,100,7.1,204,11.7,13.5,15.2,0.2
2025-03-09 03:00:00,30.6633333333333,27.7666666666667,0.0,12.4,82,12,8.1,203,13.1,15.5,15.3,0.0,0.0,0.0,2.41,12.4,77,100,8.2,209,11.4,13.2,15.1,0.1
2025-03-09 04:00:00,30.6233333333333,27.75,0.0,11.7,79,61,11.9,218,12.5,15.3,15.3,0.0,0.0,0.01,2.4119047619047618,12.2,75,93,8.7,210,11.2,13.0,14.9,0.0
2025-03-09 05:00:00,30.5566666666667,27.6433333333333,0.0,11.6,77,95,12.0,224,12.1,15.1,15.3,0.0,0.0,0.02,2.413809523809524,11.9,73,57,11.4,215,10.3,12.7,14.8,0.0
2025-03-09 06:00:00,30.5,27.5766666666667,0.0,11.8,72,83,17.0,223,11.9,14.9,15.3,0.0,0.0,0.04,2.4157142857142855,11.2,74,15,11.2,213,9.5,12.2,14.6,0.0
2025-03-09 07:00:00,30.4233333333333,27.48,0.0,12.5,65,44,23.1,223,12.0,14.7,15.3,0.0,0.0,0.09,2.4176190476190476,11.1,75,0,12.0,213,9.7,11.8,14.4,0.0
2025-03-09 08:00:00,30.3533333333333,27.4033333333333,0.0,13.6,60,17,26.9,221,12.5,14.6,15.3,0.0,0.0,0.13,2.4195238095238096,12.7,73,0,13.4,216,12.9,12.0,14.3,0.0
2025-03-09 09:00:00,30.29,27.34,0.0,15.4,55,7,27.9,215,13.6,14.5,15.3,0.0,0.0,0.22,2.4214285714285713,14.8,68,0,19.9,225,15.7,12.9,14.1,0.0
2025-03-09 10:00:00,30.1833333333333,27.215,0.0,16.6,50,15,29.2,218,14.8,14.5,15.2,0.0,0.0,0.31,2.4233333333333333,16.0,60,0,25.7,227,17.0,14.0,14.1,0.0
2025-03-09 11:00:00,30.1033333333333,27.0933333333333,0.0,17.5,47,30,28.6,225,16.1,14.6,15.2,0.0,0.0,0.38,2.4252380952380954,16.9,55,0,30.7,230,18.4,14.9,14.2,0.0
2025-03-09 12:00:00,30.0,27.01,0.0,17.9,46,18,30.0,228,16.9,14.7,15.2,0.3,0.3,0.41,2.427142857142857,17.9,52,9,31.8,232,19.2,15.7,14.3,0.0
2025-03-09 13:00:00,29.89,26.87,0.0,18.4,43,16,31.6,232,17.5,14.9,15.2,0.0,0.0,0.42,2.429047619047619,18.6,47,6,29.8,242,19.7,16.5,14.4,0.0
2025-03-09 14:00:00,29.78,26.75,0.0,19.1,41,15,29.6,236,18.1,15.1,15.2,0.0,0.0,0.43,2.4309523809523808,19.0,45,20,28.0,250,19.7,17.0,14.6,0.0
2025-03-09 15:00:00,29.6866666666667,26.6333333333333,0.0,18.8,41,36,18.5,261,18.5,15.3,15.2,0.0,0.0,0.38,2.432857142857143,19.3,44,77,23.1,259,19.6,17.3,14.8,0.0
2025-03-09 16:00:00,29.58,26.54,0.0,18.6,42,22,11.6,256,18.4,15.5,15.2,0.0,0.0,0.28,2.434761904761905,19.0,45,9,16.0,256,18.4,17.3,15.0,0.0
2025-03-09 17:00:00,29.4933333333333,26.46,0.0,17.6,49,100,6.5,237,17.9,15.7,15.2,0.0,0.0,0.15,2.4366666666666665,18.2,53,4,10.4,284,16.8,17.1,15.2,0.0
2025-03-09 18:00:00,29.4233333333333,26.3933333333333,0.0,15.3,57,98,4.8,233,16.8,15.8,15.3,0.0,0.0,0.05,2.4385714285714286,15.7,71,37,7.1,24,13.7,16.4,15.3,0.0
2025-03-09 19:00:00,29.3566666666667,26.32,0.0,14.5,57,98,7.4,240,15.8,15.8,15.3,0.0,0.0,0.06,2.4404761904761902,13.4,85,29,5.6,63,11.9,15.3,15.3,0.0
2025-03-09 20:00:00,29.3066666666667,26.2966666666667,0.0,13.2,64,99,6.2,231,15.1,15.8,15.3,0.0,0.0,0.02,2.4423809523809523,12.4,88,60,1.3,124,10.7,14.3,15.3,0.0
2025-03-09 21:00:00,29.2633333333333,26.24,0.0,12.7,70,92,3.3,225,14.5,15.7,15.3,0.0,0.0,0.0,2.4442857142857144,12.1,78,82,3.7,169,10.2,13.3,15.1,0.0
2025-03-09 22:00:00,29.2066666666667,26.1733333333333,0.0,11.6,72,99,5.3,190,13.9,15.6,15.3,0.0,0.0,0.0,2.446190476190476,12.4,70,100,4.7,189,10.7,12.9,15.0,0.0
2025-03-09 23:00:00,29.17,26.1433333333333,0.0,11.9,70,98,6.6,213,13.6,15.4,15.3,0.0,0.0,0.01,2.448095238095238,12.8,69,100,5.6,225,10.8,12.6,14.8,0.0
2025-03-10 00:00:00,29.1366666666667,26.1166666666667,0.0,12.2,68,90,7.3,247,13.4,15.3,15.3,0.0,0.0,0.02,2.45,12.5,71,100,2.0,225,10.0,12.1,14.6,0.0
2025-03-10 01:00:00,29.1,26.06,0.0,12.5,77,60,5.3,208,13.7,15.2,15.3,1.4,1.4,0.0,2.451904761904762,12.7,71,100,2.7,247,10.7,12.1,14.5,0.0
2025-03-10 02:00:00,29.06,26.0133333333333,0.0,12.3,77,82,8.9,219,13.1,15.0,15.3,1.0,1.0,0.01,2.453809523809524,12.6,74,100,4.6,225,11.0,12.2,14.3,0.1
2025-03-10 03:00:00,29.0166666666667,25.9833333333333,0.0,12.6,77,99,14.6,195,12.7,14.9,15.3,1.8,1.8,0.02,2.4557142857142855,13.8,69,100,9.2,206,12.1,12.5,14.2,0.5
2025-03-10 04:00:00,29.0,25.97,0.0,13.5,69,100,17.1,212,12.6,14.8,15.3,0.0,0.0,0.05,2.4576190476190476,14.6,67,100,18.8,227,13.2,12.8,14.1,0.1
2025-03-10 05:00:00,28.9666666666667,25.9666666666667,0.0,14.0,63,100,23.2,216,12.6,14.6,15.3,0.0,0.0,0.08,2.4595238095238097,14.5,69,77,13.8,227,12.9,13.1,14.0,0.0
2025-03-10 06:00:00,28.9433333333333,25.9466666666667,0.0,14.2,64,85,23.0,215,12.9,14.5,15.3,0.0,0.0,0.07,2.4614285714285713,13.8,72,1,10.3,216,11.5,13.1,14.0,0.0
2025-03-10 07:00:00,28.9266666666667,25.89,0.0,14.4,63,19,21.3,217,13.1,14.4,15.3,0.0,0.0,0.09,2.4633333333333334,13.1,74,5,9.4,220,11.3,12.8,14.0,0.0
2025-03-10 08:00:00,28.9033333333333,25.85,0.0,15.2,61,10,21.8,219,13.6,14.4,15.3,0.0,0.0,0.13,2.465238095238095,14.8,71,6,13.5,224,14.6,12.9,13.9,0.0
2025-03-10 09:00:00,28.8666666666667,25.8133333333333,0.0,16.9,57,9,24.5,222,14.6,14.4,15.3,0.0,0.0,0.22,2.467142857142857,16.8,63,5,21.7,222,17.2,13.9,13.9,0.0
2025-03-10 10:00:00,28.81,25.77,0.0,17.9,53,5,27.7,222,15.7,14.4,15.3,0.0,0.0,0.31,2.469047619047619,17.9,55,3,26.5,225,18.8,14.9,13.9,0.0
2025-03-10 11:00:00,28.7833333333333,25.7066666666667,0.0,18.8,49,7,27.9,225,16.8,14.6,15.3,0.0,0.0,0.39,2.470952380952381,18.7,50,66,26.3,240,19.8,15.9,14.1,0.0
2025-03-10 12:00:00,28.74,25.665,0.0,19.8,46,6,26.8,228,17.9,14.8,15.3,0.0,0.0,0.45,2.472857142857143,20.0,46,46,25.1,235,21.9,17.0,14.3,0.0
2025-03-10 13:00:00,28.7033333333333,25.5866666666667,0.0,20.5,42,4,26.8,237,18.7,14.9,15.2,0.0,0.0,0.48,2.4747619047619045,20.4,44,35,25.8,234,21.5,17.7,14.5,0.0
2025-03-10 14:00:00,28.6566666666667,25.5233333333333,0.0,21.0,41,14,23.6,236,19.4,15.2,15.2,0.0,0.0,0.47,2.4766666666666666,21.1,41,8,24.6,235,22.2,18.2,14.8,0.0
2025-03-10 15:00:00,28.59,25.445,0.0,20.9,40,42,22.5,237,19.5,15.5,15.2,0.0,0.0,0.41,2.4785714285714286,21.6,39,11,22.6,239,21.9,18.8,15.1,0.0
2025-03-10 16:00:00,28.53,25.3933333333333,0.0,20.6,42,54,14.4,239,19.3,15.8,15.3,0.0,0.0,0.29,2.4804761904761903,21.4,39,5,17.6,247,20.7,18.9,15.3,0.0
2025-03-10 17:00:00,28.49,25.3766666666667,0.0,19.7,44,71,12.7,232,18.8,16.0,15.3,0.0,0.0,0.21,2.4823809523809524,20.2,49,22,10.5,322,18.9,18.6,15.5,0.0
2025-03-10 18:00:00,28.45,25.3433333333333,0.0,18.1,46,99,13.6,214,17.8,16.1,15.3,0.0,0.0,0.12,2.4842857142857144,17.2,62,64,8.1,32,15.3,17.9,15.7,0.0
2025-03-10 19:00:00,28.41,25.2933333333333,0.0,18.3,46,46,21.6,220,17.3,16.2,15.3,0.0,0.0,0.15,2.486190476190476,14.9,75,38,6.1,50,13.5,16.7,15.8,0.0
2025-03-10 20:00:00,28.37,25.27,0.0,16.8,55,83,21.9,216,16.7,16.2,15.3,0.0,0.0,0.1,2.488095238095238,13.7,84,100,1.3,56,12.0,15.5,15.8,0.0
2025-03-10 21:00:00,28.34,25.24,0.0,16.2,58,98,21.2,218,16.2,16.2,15.3,0.0,0.0,0.09,2.4899999999999998,14.7,69,96,6.0,213,13.0,14.8,15.7,0.0
2025-03-10 22:00:00,28.3,25.2366666666667,0.0,16.2,59,83,21.5,213,15.9,16.2,15.3,0.0,0.0,0.09,2.491904761904762,15.2,62,100,9.2,219,13.3,14.5,15.6,0.0
2025-03-10 23:00:00,28.26,25.2266666666667,0.0,15.8,62,89,20.2,215,15.6,16.1,15.3,0.0,0.0,0.08,2.493809523809524,15.1,64,89,10.3,216,13.0,14.3,15.5,0.0
2025-03-11 00:00:00,28.23,25.19,0.0,15.9,63,90,21.6,216,15.5,16.1,15.3,0.0,0.0,0.08,2.4957142857142856,14.6,65,3,10.8,217,12.6,14.1,15.4,0.0
2025-03-11 01:00:00,28.1933333333333,25.15,0.0,15.5,66,44,19.4,216,15.8,16.1,15.3,0.0,0.0,0.06,2.4976190476190476,14.3,68,1,10.2,219,12.3,13.9,15.3,0.0
2025-03-11 02:00:00,28.1666666666667,25.11,0.0,15.5,65,80,22.2,217,15.5,16.1,15.3,0.0,0.0,0.07,2.4995238095238093,14.0,71,100,10.4,226,12.1,13.7,15.2,0.0
2025-03-11 03:00:00,28.1366666666667,25.0833333333333,0.0,15.8,65,89,24.5,219,15.4,16.0,15.3,0.0,0.0,0.08,2.5014285714285713,14.6,70,100,14.3,223,13.0,13.4,15.1,0.0
2025-03-11 04:00:00,28.1033333333333,25.08,0.0,15.8,63,65,25.2,224,15.2,15.9,15.3,0.0,0.0,0.09,2.5033333333333334,15.6,64,100,18.1,227,14.2,13.8,15.0,0.0
2025-03-11 05:00:00,28.0766666666667,25.0766666666667,0.0,15.6,63,67,24.5,224,15.1,15.9,15.3,0.0,0.0,0.08,2.505238095238095,15.4,65,33,17.7,231,13.7,14.0,14.9,0.0
2025-03-11 06:00:00,28.05,25.05,0.0,15.9,62,72,24.1,224,15.1,15.8,15.3,0.0,0.0,0.09,2.507142857142857,15.5,64,46,19.1,224,13.8,14.2,14.8,0.0
2025-03-11 07:00:00,28.0266666666667,25.0066666666667,0.0,16.7,59,27,27.8,224,15.2,15.8,15.3,0.0,0.0,0.13,2.509047619047619,15.6,64,81,18.6,224,14.0,14.2,14.8,0.0
2025-03-11 08:00:00,28.0066666666667,24.9566666666667,0.0,17.5,58,43,28.5,228,15.6,15.7,15.3,0.0,0.0,0.16,2.510952380952381,16.7,64,79,22.7,229,16.3,14.4,14.8,0.0
2025-03-11 09:00:00,27.9933333333333,24.9266666666667,0.0,18.4,57,25,27.4,225,16.3,15.7,15.3,0.0,0.0,0.23,2.512857142857143,18.3,58,56,27.8,230,18.7,15.3,14.8,0.0
2025-03-11 10:00:00,27.9533333333333,24.88,0.0,19.4,55,100,24.3,226,17.2,15.8,15.3,0.0,0.0,0.29,2.5147619047619045,19.7,52,22,31.2,231,20.9,16.3,14.9,0.0
2025-03-11 11:00:00,27.91,24.7966666666667,0.0,18.9,57,100,20.9,225,17.3,15.9,15.4,0.0,0.0,0.2,2.5166666666666666,20.9,48,43,32.4,233,22.8,17.4,15.0,0.0
2025-03-11 12:00:00,27.8833333333333,24.7766666666667,0.0,18.9,59,100,17.1,225,17.4,16.0,15.4,0.0,0.0,0.17,2.5185714285714287,21.4,48,98,29.1,229,22.7,18.3,15.2,0.0
2025-03-11 13:00:00,27.8466666666667,24.7033333333333,0.0,20.2,49,100,18.7,223,17.9,16.1,15.4,0.0,0.0,0.21,2.5204761904761903,20.7,50,100,29.1,229,20.0,18.7,15.4,0.0
2025-03-11 14:00:00,27.8,24.6466666666667,0.0,18.7,61,98,15.9,234,17.7,16.2,15.4,0.4,0.4,0.18,2.5223809523809524,20.7,52,97,30.6,221,21.9,18.6,15.6,0.0
2025-03-11 15:00:00,27.7666666666667,24.64,0.0,18.2,66,100,25.5,226,17.5,16.3,15.4,1.4,1.4,0.2,2.524285714285714,19.8,55,100,28.5,225,19.0,18.3,15.8,0.0
2025-03-11 16:00:00,27.7333333333333,24.6266666666667,0.0,16.7,75,100,17.9,221,16.5,16.3,15.4,2.7,2.7,0.09,2.526190476190476,19.4,60,100,31.3,224,18.4,18.2,16.0,0.0
2025-03-11 17:00:00,27.7033333333333,24.605,0.0,17.0,72,100,18.1,228,16.1,16.3,15.4,1.9,1.9,0.1,2.528095238095238,18.0,71,100,25.5,226,16.8,17.7,16.1,0.4
2025-03-11 18:00:00,27.6733333333333,24.5666666666667,0.0,15.6,85,100,24.4,237,15.5,16.3,15.4,1.5,1.5,0.05,2.53,16.6,80,100,17.6,227,15.4,16.9,16.2,0.7
2025-03-11 19:00:00,27.65,24.55,0.0,15.1,86,100,19.0,230,15.1,16.2,15.4,2.3,2.3,0.04,2.531904761904762,16.4,81,100,11.6,240,15.2,16.3,16.2,0.6
2025-03-11 20:00:00,27.6233333333333,24.535,0.0,15.8,78,99,20.9,217,14.9,16.1,15.4,0.2,0.2,0.04,2.5338095238095235,15.8,86,100,6.6,283,15.0,16.0,16.1,0.2
2025-03-11 21:00:00,27.5966666666667,24.52,0.0,15.7,78,100,16.7,225,14.8,16.0,15.4,0.0,0.0,0.03,2.5357142857142856,15.0,91,100,6.3,294,14.7,15.6,16.1,0.3
2025-03-11 22:00:00,27.5866666666667,24.51,0.0,15.6,76,0,16.4,227,14.7,15.9,15.4,0.0,0.0,0.03,2.5376190476190477,15.0,90,90,3.6,264,14.2,15.4,16.0,0.4
2025-03-11 23:00:00,27.5766666666667,24.5,0.0,14.0,84,17,10.3,230,14.3,15.8,15.4,0.0,0.0,0.01,2.5395238095238093,14.6,91,86,6.7,324,14.1,15.1,15.9,0.0
2025-03-12 00:00:00,27.5633333333333,24.5,0.0,13.5,85,15,11.3,230,14.0,15.6,15.4,0.0,0.0,0.01,2.5414285714285714,14.5,90,90,4.7,261,13.8,15.1,15.9,0.0
2025-03-12 01:00:00,27.5633333333333,24.5,0.0,12.9,90,18,6.5,249,14.2,15.9,15.4,0.0,0.0,0.0,2.5433333333333334,14.4,89,88,3.1,249,13.4,14.8,15.8,0.0
2025-03-12 02:00:00,27.5666666666667,24.5,0.0,12.7,89,26,8.0,226,13.7,15.8,15.4,0.0,0.0,0.0,2.545238095238095,14.4,85,77,4.0,265,13.0,14.5,15.7,0.0
2025-03-12 03:00:00,27.5633333333333,24.49,0.0,12.4,86,25,9.3,227,13.3,15.6,15.4,0.0,0.0,0.0,2.547142857142857,14.0,84,81,2.1,239,12.5,14.2,15.6,0.0
2025-03-12 04:00:00,27.5566666666667,24.49,0.0,12.1,84,34,8.7,225,13.0,15.4,15.5,0.0,0.0,0.0,2.549047619047619,13.8,84,78,1.4,180,12.1,13.9,15.4,0.0
2025-03-12 05:00:00,27.5533333333333,24.4833333333333,0.0,11.3,88,31,6.6,236,12.6,15.3,15.5,0.0,0.0,0.0,2.550952380952381,13.5,84,69,1.9,158,11.5,13.6,15.3,0.0
2025-03-12 06:00:00,27.5566666666667,24.48,0.0,11.1,89,40,5.8,232,12.3,15.1,15.5,0.0,0.0,0.0,2.552857142857143,12.3,95,76,3.7,151,11.8,13.5,15.1,0.0
2025-03-12 07:00:00,27.5566666666667,24.47,0.0,11.6,88,59,6.1,226,12.2,14.9,15.4,0.0,0.0,0.02,2.5547619047619046,12.0,97,75,1.9,158,12.1,13.3,15.0,0.0
2025-03-12 08:00:00,27.55,24.47,0.0,14.0,83,78,6.7,226,13.0,14.8,15.4,0.1,0.1,0.06,2.5566666666666666,13.6,95,48,1.3,214,15.7,13.6,14.9,0.0
2025-03-12 09:00:00,27.5333333333333,24.4433333333333,0.0,16.1,73,98,6.7,222,14.3,14.7,15.4,0.0,0.0,0.16,2.5585714285714283,16.2,82,100,3.6,264,19.3,15.0,14.9,0.0
2025-03-12 10:00:00,27.53,24.3966666666667,0.0,17.8,64,100,11.0,219,15.8,14.7,15.4,0.0,0.0,0.27,2.5604761904761904,17.6,72,99,8.6,248,20.8,16.3,14.9,0.0
2025-03-12 11:00:00,27.5233333333333,24.3666666666667,0.0,18.9,55,100,16.0,238,16.8,14.9,15.4,0.0,0.0,0.3,2.5623809523809524,18.3,67,100,10.6,252,20.1,17.2,15.1,0.0
2025-03-12 12:00:00,27.4966666666667,24.35,0.0,19.9,53,99,14.0,237,17.6,15.0,15.4,0.0,0.0,0.32,2.564285714285714,19.9,54,75,15.8,243,21.0,17.7,15.3,0.0
2025-03-12 13:00:00,27.4866666666667,24.3466666666667,0.0,21.3,46,100,11.5,268,18.6,15.3,15.4,0.0,0.0,0.28,2.566190476190476,21.2,53,76,11.9,267,24.5,18.5,15.5,0.0
2025-03-12 14:00:00,27.48,24.3333333333333,0.0,20.1,50,99,9.3,249,18.7,15.5,15.4,0.0,0.0,0.23,2.568095238095238,19.5,63,100,12.2,332,20.4,19.1,15.7,0.0
2025-03-12 15:00:00,27.46,24.28,0.0,20.5,54,100,9.9,239,19.2,15.7,15.4,0.0,0.0,0.29,2.57,17.6,70,100,11.7,9,18.5,18.8,15.9,0.0
2025-03-12 16:00:00,27.4533333333333,24.2733333333333,0.0,20.2,57,100,9.6,263,19.0,15.9,15.4,0.0,0.0,0.19,2.571904761904762,16.4,76,100,7.1,24,16.8,18.0,16.1,0.0
2025-03-12 17:00:00,27.4366666666667,24.26,0.0,17.9,76,99,3.2,288,18.2,16.1,15.4,0.4,0.4,0.08,2.5738095238095235,15.7,84,100,7.9,39,15.9,17.2,16.2,0.2
2025-03-12 18:00:00,27.4366666666667,24.25,0.0,16.0,87,79,2.7,280,17.4,16.2,15.4,0.0,0.0,0.03,2.5757142857142856,15.5,83,100,6.6,29,15.2,16.7,16.2,0.0
2025-03-12 19:00:00,27.4133333333333,24.2466666666667,0.0,14.8,89,57,1.3,234,16.2,16.2,15.5,0.0,0.0,0.02,2.5776190476190477,14.6,88,100,2.9,360,13.6,16.0,16.2,0.0
2025-03-12 20:00:00,27.38,24.24,0.0,14.2,88,29,3.6,232,15.3,16.2,15.5,0.0,0.0,0.0,2.5795238095238093,13.6,91,30,2.2,99,12.3,15.3,16.1,0.0
2025-03-12 21:00:00,27.3733333333333,24.23,0.0,13.7,86,41,3.5,241,14.6,16.1,15.5,0.0,0.0,0.0,2.5814285714285714,12.3,96,32,3.6,53,11.4,14.4,16.0,0.0
2025-03-12 22:00:00,27.35,24.2233333333333,0.0,13.4,87,63,0.5,226,14.0,15.9,15.5,0.0,0.0,0.0,2.583333333333333,11.8,97,100,4.2,20,11.5,13.9,15.9,0.0
2025-03-12 23:00:00,27.3366666666667,24.22,0.0,13.6,83,31,8.1,217,13.5,15.8,15.5,0.0,0.0,0.0,2.585238095238095,11.4,98,100,1.5,14,11.3,13.5,15.7,0.0
2025-03-13 00:00:00,27.3166666666667,24.21,0.0,15.3,72,37,13.5,228,13.6,15.6,15.5,0.0,0.0,0.03,2.587142857142857,12.7,92,86,2.0,225,11.6,13.5,15.5,0.0
2025-03-13 01:00:00,27.3033333333333,24.21,0.0,16.2,67,99,20.4,224,15.2,15.7,15.5,0.0,0.0,0.07,2.589047619047619,13.8,84,100,4.1,232,11.6,13.2,15.3,0.0
2025-03-13 02:00:00,27.2833333333333,24.21,0.0,16.5,67,51,19.7,224,15.2,15.7,15.5,0.0,0.0,0.07,2.590952380952381,14.8,81,100,9.2,239,12.9,13.3,15.2,0.0
2025-03-13 03:00:00,27.28,24.21,0.0,16.5,66,93,22.8,220,15.1,15.7,15.5,0.0,0.0,0.08,2.592857142857143,15.0,81,100,9.3,234,13.1,13.4,15.0,0.0
2025-03-13 04:00:00,27.2633333333333,24.21,0.0,16.1,67,91,14.7,205,15.1,15.6,15.5,0.0,0.0,0.05,2.5947619047619046,15.1,80,100,8.6,237,13.0,13.6,14.9,0.0
2025-03-13 05:00:00,27.2466666666667,24.2066666666667,0.0,16.1,66,60,13.2,210,15.1,15.6,15.5,0.0,0.0,0.05,2.5966666666666667,15.2,76,100,7.7,233,13.0,13.6,14.8,0.0
2025-03-13 06:00:00,27.23,24.2,0.0,15.4,71,26,11.2,227,14.9,15.5,15.5,0.0,0.0,0.03,2.5985714285714283,14.8,79,100,6.0,237,12.6,13.5,14.7,0.0
2025-03-13 07:00:00,27.22,24.2,0.0,14.3,78,30,8.7,222,14.5,15.5,15.5,0.0,0.0,0.03,2.6004761904761904,14.5,82,83,5.1,225,12.7,13.4,14.6,0.0
2025-03-13 08:00:00,27.2033333333333,24.19,0.0,16.8,71,17,12.3,221,15.0,15.4,15.5,0.0,0.0,0.09,2.6023809523809525,16.0,83,10,4.9,253,16.8,13.8,14.6,0.0
2025-03-13 09:00:00,27.1966666666667,24.1833333333333,0.0,19.5,58,37,17.0,225,16.1,15.5,15.5,0.0,0.0,0.23,2.604285714285714,18.8,74,3,10.5,232,20.1,15.1,14.6,0.0
2025-03-13 10:00:00,27.19,24.115,0.0,20.8,53,18,21.2,220,17.4,15.5,15.5,0.0,0.0,0.33,2.606190476190476,20.8,56,0,26.6,232,21.0,16.6,14.7,0.0
2025-03-13 11:00:00,27.1866666666667,24.0833333333333,0.0,21.5,48,27,25.7,227,18.6,15.7,15.5,0.0,0.0,0.42,2.608095238095238,20.9,53,70,33.2,243,21.2,17.5,14.9,0.0
2025-03-13 12:00:00,27.1633333333333,24.06,0.0,21.3,44,43,35.6,237,19.3,15.9,15.5,0.1,0.1,0.46,2.61,21.3,53,3,35.1,231,23.0,18.3,15.1,0.0
2025-03-13 13:00:00,27.18,24.0433333333333,0.0,21.2,50,13,33.7,230,19.4,16.0,15.5,0.1,0.1,0.43,2.610535714285714,22.3,42,31,34.7,241,23.2,19.1,15.4,0.0
2025-03-13 14:00:00,27.1566666666667,23.98,0.0,22.3,41,26,34.2,236,20.0,16.3,15.5,0.0,0.0,0.49,2.6110714285714285,22.6,40,8,34.1,248,23.5,19.6,15.8,0.0
2025-03-13 15:00:00,27.1433333333333,23.9333333333333,0.0,22.0,42,43,28.8,243,20.2,16.5,15.5,0.1,0.1,0.43,2.611607142857143,22.5,41,13,33.6,249,22.6,20.0,16.0,0.0
2025-03-13 16:00:00,27.1333333333333,23.92,0.0,20.5,45,1,19.1,244,19.9,16.7,15.5,0.2,0.2,0.31,2.612142857142857,21.7,41,1,29.3,254,21.0,19.8,16.3,0.0
2025-03-13 17:00:00,27.1133333333333,23.9166666666667,0.0,19.9,48,6,12.5,250,19.3,16.9,15.5,0.0,0.0,0.2,2.6126785714285714,20.7,43,1,22.4,266,19.4,19.4,16.6,0.0
2025-03-13 18:00:00,27.08,23.9033333333333,0.0,16.8,62,5,5.8,239,18.2,17.0,15.5,0.0,0.0,0.06,2.6132142857142857,19.1,46,0,15.0,260,16.7,18.6,16.7,0.0
2025-03-13 19:00:00,27.0766666666667,23.8866666666667,0.0,15.4,63,7,1.4,235,16.8,17.0,15.5,0.0,0.0,0.02,2.61375,16.8,58,0,6.8,252,14.2,17.4,16.8,0.0
2025-03-13 20:00:00,27.0633333333333,23.88,0.0,14.2,67,4,0.6,232,15.6,16.9,15.5,0.0,0.0,0.0,2.6142857142857143,15.4,65,0,4.0,185,12.8,16.2,16.8,0.0
2025-03-13 21:00:00,27.0466666666667,23.86,0.0,12.8,72,7,3.4,167,14.7,16.7,15.6,0.0,0.0,0.0,2.6148214285714286,14.4,65,0,4.7,189,12.0,15.2,16.6,0.0
2025-03-13 22:00:00,27.0333333333333,23.8433333333333,0.0,11.6,77,5,3.1,180,14.0,16.6,15.6,0.0,0.0,0.0,2.615357142857143,13.7,67,0,4.2,200,11.2,14.4,16.4,0.0
2025-03-13 23:00:00,27.0166666666667,23.83,0.0,11.3,78,10,5.3,193,13.4,16.4,15.6,0.0,0.0,0.0,2.6158928571428572,12.9,69,0,4.7,203,10.7,13.8,16.2,0.0
2025-03-14 00:00:00,27.0066666666667,23.8166666666667,0.0,10.8,81,13,7.9,202,13.1,16.1,15.6,0.0,0.0,0.0,2.616428571428571,12.3,70,16,5.0,180,10.3,13.2,15.9,0.0
2025-03-14 01:00:00,26.9933333333333,23.81,0.0,11.4,84,42,6.4,187,13.7,16.1,15.6,0.0,0.0,0.0,2.6169642857142854,12.0,72,19,4.3,180,9.9,12.8,15.7,0.0
2025-03-14 02:00:00,26.97,23.795,0.0,10.6,89,94,8.3,212,13.3,16.0,15.6,0.0,0.0,0.0,2.6174999999999997,11.5,76,28,4.2,200,9.6,12.4,15.4,0.0
2025-03-14 03:00:00,26.9566666666667,23.79,0.0,10.9,87,66,6.2,205,13.2,15.8,15.6,0.0,0.0,0.0,2.618035714285714,11.2,79,86,4.0,207,9.6,12.1,15.2,0.0
2025-03-14 04:00:00,26.95,23.7833333333333,0.0,11.3,85,97,3.6,255,13.0,15.6,15.6,0.0,0.0,0.0,2.6185714285714283,11.6,80,94,4.8,222,10.5,12.1,14.9,0.0
2025-03-14 05:00:00,26.9233333333333,23.78,0.0,11.4,86,100,4.2,228,12.9,15.4,15.6,0.0,0.0,0.0,2.6191071428571426,12.2,78,96,7.9,227,11.0,12.2,14.7,0.0
2025-03-14 06:00:00,26.8966666666667,23.78,0.0,13.0,74,50,10.4,204,12.9,15.3,15.6,0.0,0.0,0.02,2.619642857142857,13.7,70,50,21.6,224,12.3,12.2,14.5,0.0
2025-03-14 07:00:00,26.8933333333333,23.78,0.0,13.7,67,39,27.4,225,12.9,15.1,15.6,0.5,0.5,0.09,2.6201785714285712,14.0,68,0,26.2,224,12.8,12.7,14.4,0.0
2025-03-14 08:00:00,26.88,23.7733333333333,0.0,15.0,60,19,33.8,223,13.3,15.0,15.6,0.0,0.0,0.15,2.6207142857142856,14.7,63,0,32.1,224,14.3,13.2,14.3,0.0
2025-03-14 09:00:00,26.87,23.7133333333333,0.0,16.6,54,10,30.7,223,14.4,14.9,15.6,0.0,0.0,0.24,2.62125,16.0,58,0,35.4,225,16.6,14.0,14.3,0.0
2025-03-14 10:00:00,26.8466666666667,23.645,0.0,17.9,48,46,33.2,229,15.6,15.0,15.6,0.0,0.0,0.34,2.621785714285714,17.3,52,0,35.4,227,18.7,15.0,14.3,0.0
2025-03-14 11:00:00,26.8333333333333,23.6366666666667,0.0,18.8,44,21,35.8,230,16.9,15.1,15.6,0.0,0.0,0.42,2.6223214285714285,18.7,48,0,37.0,229,20.4,16.1,14.5,0.0
2025-03-14 12:00:00,26.81,23.62,0.0,19.1,44,29,36.5,227,17.7,15.2,15.6,0.0,0.0,0.42,2.6228571428571428,19.8,43,35,35.1,238,20.8,17.1,14.6,0.0
2025-03-14 13:00:00,26.8066666666667,23.5333333333333,0.0,20.0,39,50,36.7,241,18.8,15.6,15.6,0.0,0.0,0.46,2.623392857142857,20.3,43,62,35.9,243,21.5,17.9,14.9,0.0
2025-03-14 14:00:00,26.7866666666667,23.5033333333333,0.0,20.3,41,80,33.6,245,19.2,15.8,15.6,0.1,0.1,0.45,2.6239285714285714,20.1,43,61,35.3,245,20.4,18.2,15.2,0.0
2025-03-14 15:00:00,26.75,23.49,0.0,19.6,42,91,28.3,248,19.2,16.0,15.6,0.1,0.1,0.37,2.6244642857142857,19.9,44,80,31.2,259,19.9,18.3,15.4,0.0
2025-03-14 16:00:00,26.7433333333333,23.4766666666667,0.0,18.5,47,70,19.2,258,18.8,16.2,15.6,0.0,0.0,0.25,2.625,18.5,56,96,22.7,273,18.2,18.1,15.7,0.0
2025-03-14 17:00:00,26.73,23.44,0.0,17.7,50,87,15.7,249,18.3,16.3,15.6,0.0,0.0,0.19,2.6255357142857143,17.7,65,100,14.2,286,17.5,17.7,15.8,0.0
2025-03-14 18:00:00,26.7166666666667,23.41,0.0,16.2,55,99,10.1,245,17.4,16.4,15.6,0.0,0.0,0.09,2.6260714285714286,16.5,70,57,7.1,294,14.9,17.2,15.9,0.0
2025-03-14 19:00:00,26.7,23.4033333333333,0.0,15.1,58,100,13.5,237,16.5,16.4,15.6,0.0,0.0,0.08,2.626607142857143,14.9,77,100,3.3,283,13.1,16.0,16.0,0.0
2025-03-14 20:00:00,26.69,23.4,0.0,14.4,60,93,16.6,233,15.8,16.4,15.6,0.0,0.0,0.06,2.6271428571428572,13.8,80,48,4.1,308,11.9,15.0,15.9,0.0
2025-03-14 21:00:00,26.6866666666667,23.3866666666667,0.0,13.8,64,54,17.1,233,15.3,16.3,15.6,0.0,0.0,0.06,2.6276785714285715,12.6,91,69,4.3,5,12.2,14.3,15.8,0.0
2025-03-14 22:00:00,26.6633333333333,23.38,0.0,12.7,69,5,11.3,243,14.7,16.2,15.6,0.0,0.0,0.03,2.628214285714286,12.6,87,63,1.8,217,10.7,13.8,15.6,0.0
2025-03-14 23:00:00,26.6433333333333,23.37,0.0,12.3,72,2,14.2,231,14.1,16.1,15.6,0.0,0.0,0.03,2.62875,11.9,82,54,4.4,279,10.8,13.2,15.4,0.0
2025-03-15 00:00:00,26.6333333333333,23.3633333333333,0.0,12.6,68,3,20.6,220,13.8,15.9,15.6,0.0,0.0,0.05,2.629285714285714,11.3,83,39,2.8,220,9.5,12.6,15.2,0.0
2025-03-15 01:00:00,26.61,23.36,0.0,12.3,77,22,14.3,224,13.9,15.7,15.6,0.2,0.2,0.02,2.6298214285714283,10.9,83,51,3.6,217,9.0,12.1,15.0,0.0
2025-03-15 02:00:00,26.5966666666667,23.36,0.0,12.4,68,17,16.9,223,13.3,15.6,15.6,0.0,0.0,0.05,2.6303571428571426,10.8,78,13,6.9,231,9.1,11.7,14.7,0.0
2025-03-15 03:00:00,26.5766666666667,23.36,0.0,12.1,68,7,15.2,222,13.0,15.4,15.6,0.0,0.0,0.04,2.630892857142857,10.9,75,41,7.1,240,9.1,11.4,14.5,0.0
2025-03-15 04:00:00,26.56,23.36,0.0,11.3,72,8,12.4,224,12.6,15.2,15.6,0.0,0.0,0.03,2.6314285714285712,10.4,75,31,4.7,261,8.4,11.3,14.3,0.0
2025-03-15 05:00:00,26.5533333333333,23.3566666666667,0.0,11.2,74,8,11.7,223,12.3,15.1,15.6,0.0,0.0,0.02,2.6319642857142855,10.0,77,64,4.3,246,8.5,11.0,14.1,0.0
2025-03-15 06:00:00,26.53,23.35,0.0,11.2,74,3,13.8,220,12.2,14.9,15.6,0.0,0.0,0.03,2.6325,10.4,74,66,4.4,235,8.8,11.1,13.9,0.0
2025-03-15 07:00:00,26.52,23.34,0.0,11.7,73,4,13.8,220,12.1,14.8,15.6,0.0,0.0,0.05,2.633035714285714,10.5,77,66,3.6,233,9.7,11.0,13.7,0.0
2025-03-15 08:00:00,26.5166666666667,23.3333333333333,0.0,13.8,68,19,13.6,227,12.8,14.6,15.6,0.0,0.0,0.1,2.6335714285714285,12.1,78,82,2.4,243,13.9,11.5,13.5,0.0
2025-03-15 09:00:00,26.5033333333333,23.2833333333333,0.0,15.4,62,26,15.5,245,14.0,14.6,15.6,0.0,0.0,0.19,2.6341071428571428,14.8,64,81,6.4,297,17.2,13.1,13.5,0.0
2025-03-15 10:00:00,26.5033333333333,23.23,0.0,16.7,56,34,16.0,254,15.4,14.6,15.6,0.2,0.2,0.29,2.634642857142857,16.2,58,68,9.0,286,19.4,14.6,13.6,0.0
2025-03-15 11:00:00,26.4733333333333,23.22,0.0,17.4,56,35,15.4,258,16.5,14.7,15.6,0.0,0.0,0.33,2.6351785714285714,16.8,63,68,10.1,268,20.7,16.1,13.8,0.0
2025-03-15 12:00:00,26.45,23.22,0.0,18.5,52,89,12.2,266,17.9,14.9,15.6,0.1,0.1,0.42,2.6357142857142857,18.0,57,79,12.4,300,21.0,17.3,14.0,0.0
2025-03-15 13:00:00,26.45,23.2066666666667,0.0,16.5,66,60,10.6,327,18.4,15.3,15.6,1.8,1.8,0.37,2.63625,16.4,69,58,16.1,340,20.7,17.4,14.3,0.0
2025-03-15 14:00:00,26.4366666666667,23.1533333333333,0.0,16.1,65,94,10.0,336,17.9,15.4,15.6,4.7,4.7,0.31,2.6367857142857143,16.9,65,68,13.5,318,21.4,17.9,14.6,0.0
2025-03-15 15:00:00,26.4266666666667,23.105,0.0,15.5,68,35,9.9,18,17.5,15.6,15.6,0.1,0.1,0.22,2.6373214285714286,16.2,66,81,12.0,319,18.6,17.8,14.8,0.0
2025-03-15 16:00:00,26.4033333333333,23.0866666666667,0.0,15.9,66,49,5.4,349,17.7,15.7,15.6,0.0,0.0,0.22,2.637857142857143,16.0,63,85,11.6,324,16.9,17.4,15.0,0.0
2025-03-15 17:00:00,26.4033333333333,23.08,0.0,15.5,67,86,6.8,318,17.3,15.8,15.6,0.0,0.0,0.13,2.638392857142857,15.5,64,94,10.0,319,15.6,16.7,15.2,0.0
2025-03-15 18:00:00,26.3966666666667,23.08,0.0,14.3,77,86,1.2,320,16.5,15.9,15.6,0.0,0.0,0.03,2.6389285714285715,15.1,67,69,3.6,323,14.1,16.0,15.3,0.0
2025-03-15 19:00:00,26.3933333333333,23.08,0.0,13.1,80,73,3.4,184,15.5,15.9,15.6,0.0,0.0,0.02,2.639464285714286,14.3,69,73,2.5,172,12.6,15.2,15.3,0.0
2025-03-15 20:00:00,26.3766666666667,23.08,0.0,12.8,86,43,5.8,191,14.9,15.8,15.6,0.0,0.0,0.0,2.64,13.3,77,74,2.9,187,11.8,14.4,15.3,0.0
2025-03-15 21:00:00,26.37,23.08,0.0,11.8,87,38,6.0,203,14.2,15.8,15.6,0.0,0.0,0.0,2.6405357142857144,12.2,82,64,4.7,180,11.0,13.6,15.1,0.0
2025-03-15 22:00:00,26.36,23.08,0.0,11.2,80,22,7.3,212,13.6,15.6,15.6,0.0,0.0,0.0,2.6410714285714287,11.7,78,55,4.8,193,10.2,13.1,15.0,0.0
2025-03-15 23:00:00,26.3433333333333,23.08,0.0,10.7,77,14,7.4,217,13.0,15.5,15.6,0.0,0.0,0.01,2.641607142857143,11.0,77,39,4.2,200,9.3,12.5,14.8,0.0
2025-03-16 00:00:00,26.33,23.08,0.0,10.0,79,7,5.8,226,12.5,15.3,15.6,0.0,0.0,0.0,2.642142857142857,10.2,81,59,4.0,190,8.9,12.0,14.7,0.0
2025-03-16 01:00:00,26.3133333333333,23.08,0.0,9.5,86,27,3.1,244,12.4,15.1,15.6,0.0,0.0,0.0,2.642678571428571,9.5,85,45,3.0,194,8.2,11.5,14.5,0.0
2025-03-16 02:00:00,26.2933333333333,23.0766666666667,0.0,9.0,89,94,4.0,200,11.9,14.9,15.6,0.0,0.0,0.0,2.6432142857142855,8.6,90,22,2.5,172,7.3,11.0,14.3,0.0
2025-03-16 03:00:00,26.2933333333333,23.07,0.0,8.3,92,7,4.5,183,11.5,14.7,15.6,0.0,0.0,0.0,2.64375,7.8,93,22,2.5,188,6.8,10.5,14.0,0.0
2025-03-16 04:00:00,26.26,23.0566666666667,0.0,8.0,93,87,6.5,201,11.1,14.5,15.6,0.0,0.0,0.0,2.644285714285714,7.3,93,4,2.3,198,6.0,10.0,13.8,0.0
2025-03-16 05:00:00,26.2533333333333,23.04,0.0,8.2,89,54,7.3,216,10.8,14.3,15.6,0.0,0.0,0.0,2.6448214285714284,7.0,93,4,2.9,210,5.5,9.5,13.5,0.0
2025-03-16 06:00:00,26.2333333333333,23.0233333333333,0.0,8.6,85,72,7.8,210,10.6,14.1,15.6,0.0,0.0,0.0,2.6453571428571427,6.7,94,24,3.7,209,5.5,9.0,13.2,0.0
2025-03-16 07:00:00,26.23,23.0033333333333,0.0,10.4,78,29,11.6,213,10.6,13.9,15.6,0.0,0.0,0.03,2.645892857142857,7.2,90,1,3.9,214,6.8,8.8,13.0,0.0
2025-03-16 08:00:00,26.2166666666667,22.99,0.0,14.1,66,0,14.6,220,11.7,13.7,15.6,0.0,0.0,0.11,2.6464285714285714,10.5,83,1,4.6,231,12.7,9.5,12.7,0.0
2025-03-16 09:00:00,26.2033333333333,22.98,0.0,16.7,58,16,19.4,230,13.3,13.7,15.5,0.0,0.0,0.23,2.6469642857142857,15.7,68,3,12.1,233,18.1,11.8,12.6,0.0
2025-03-16 10:00:00,26.1833333333333,22.95,0.0,17.9,53,13,20.5,237,14.9,13.8,15.5,0.0,0.0,0.33,2.6475,17.9,56,38,21.2,238,19.4,13.7,12.7,0.0
2025-03-16 11:00:00,26.1733333333333,22.9433333333333,0.0,18.8,48,13,20.2,240,16.4,13.9,15.5,0.0,0.0,0.42,2.6480357142857143,19.0,49,31,24.7,241,21.1,15.3,12.9,0.0
2025-03-16 12:00:00,26.15,22.8833333333333,0.0,19.7,45,58,20.2,244,17.6,14.2,15.5,0.0,0.0,0.46,2.6485714285714286,19.7,45,45,22.0,238,21.7,16.5,13.2,0.0
2025-03-16 13:00:00,26.14,22.83,0.0,20.5,43,44,18.2,250,18.5,14.3,15.5,0.0,0.0,0.43,2.649107142857143,20.5,43,78,20.4,238,22.9,17.4,13.5,0.0
2025-03-16 14:00:00,26.1233333333333,22.81,0.0,20.7,41,74,12.6,270,19.1,14.6,15.5,0.0,0.0,0.42,2.649642857142857,21.1,40,48,14.8,274,21.8,18.3,13.9,0.0
2025-03-16 15:00:00,26.1066666666667,22.8033333333333,0.0,19.5,48,53,11.4,339,19.4,14.9,15.5,0.0,0.0,0.36,2.6501785714285715,19.0,46,33,16.3,352,20.5,18.3,14.2,0.0
2025-03-16 16:00:00,26.0966666666667,22.77,0.0,17.8,52,4,14.8,13,19.0,15.2,15.5,0.0,0.0,0.27,2.650714285714286,18.2,48,0,14.7,17,18.9,18.1,14.6,0.0
2025-03-16 17:00:00,26.0933333333333,22.72,0.0,16.0,54,28,10.3,38,18.2,15.5,15.5,0.0,0.0,0.18,2.65125,17.1,52,1,10.2,23,16.7,17.5,14.8,0.0
2025-03-16 18:00:00,26.0833333333333,22.7066666666667,0.0,14.2,68,1,4.6,75,16.9,15.6,15.5,0.0,0.0,0.05,2.6517857142857144,15.9,57,4,6.0,33,13.9,16.7,15.0,0.0
2025-03-16 19:00:00,26.0733333333333,22.7066666666667,0.0,12.5,71,3,4.8,87,15.4,15.6,15.5,0.0,0.0,0.03,2.6523214285714287,14.0,68,1,4.1,75,11.5,15.3,15.1,0.0
2025-03-16 20:00:00,26.07,22.71,0.0,12.1,73,2,2.3,65,14.2,15.6,15.5,0.0,0.0,0.0,2.652857142857143,12.4,75,0,3.4,122,10.2,14.1,15.0,0.0
2025-03-16 21:00:00,26.0566666666667,22.71,0.0,12.1,72,3,1.0,52,13.3,15.4,15.5,0.0,0.0,0.0,2.6533928571428573,10.8,77,39,3.6,135,9.2,13.1,14.9,0.0
2025-03-16 22:00:00,26.0533333333333,22.7033333333333,0.0,11.8,73,30,1.1,45,12.5,15.3,15.5,0.0,0.0,0.0,2.6539285714285716,9.9,80,0,2.8,140,8.3,12.2,14.8,0.0
2025-03-16 23:00:00,26.0366666666667,22.6933333333333,0.0,11.1,75,32,1.9,81,11.9,15.1,15.5,0.0,0.0,0.0,2.654464285714286,9.6,78,21,2.1,149,7.4,11.5,14.5,0.0
2025-03-17 00:00:00,26.02,22.6833333333333,0.0,10.6,76,9,0.2,59,11.4,14.9,15.5,0.0,0.0,0.0,2.655,10.1,74,38,2.7,203,7.3,11.0,14.3,0.0
2025-03-17 01:00:00,26.0133333333333,22.6733333333333,0.0,9.8,80,20,3.5,205,12.2,14.7,15.5,0.0,0.0,0.0,2.655535714285714,9.3,79,44,3.0,194,7.5,10.5,14.0,0.0
2025-03-17 02:00:00,25.99,22.67,0.0,9.0,85,83,4.3,224,11.7,14.6,15.5,0.0,0.0,0.0,2.6560714285714284,9.1,80,67,2.3,162,7.7,10.3,13.8,0.0
2025-03-17 03:00:00,25.9733333333333,22.67,0.0,9.7,82,31,4.5,232,11.6,14.4,15.5,0.0,0.0,0.0,2.6566071428571427,8.9,82,66,2.3,198,7.6,10.2,13.5,0.0
2025-03-17 04:00:00,25.9666666666667,22.67,0.0,9.1,85,70,3.2,207,11.3,14.2,15.5,0.0,0.0,0.0,2.657142857142857,9.0,82,69,2.4,207,7.5,10.1,13.3,0.0
2025-03-17 05:00:00,25.96,22.67,0.0,9.5,83,83,3.2,228,11.2,14.1,15.5,0.0,0.0,0.0,2.6576785714285713,9.1,81,74,2.9,187,7.9,10.0,13.1,0.0
2025-03-17 06:00:00,25.9366666666667,22.6633333333333,0.0,9.4,84,12,1.5,297,11.0,13.9,15.5,0.0,0.0,0.0,2.6582142857142856,9.4,79,79,3.1,201,8.5,10.0,12.9,0.0
2025-03-17 07:00:00,25.93,22.65,0.0,9.7,83,1,3.2,192,10.9,13.7,15.5,0.0,0.0,0.01,2.65875,9.9,80,71,3.1,201,9.1,10.0,12.7,0.0
2025-03-17 08:00:00,25.9066666666667,22.6233333333333,0.0,13.7,78,0,4.9,220,11.9,13.6,15.4,0.0,0.0,0.08,2.6592857142857143,11.9,80,73,3.7,191,13.2,10.7,12.6,0.0
2025-03-17 09:00:00,25.9,22.56,0.0,17.9,61,0,4.0,248,13.8,13.6,15.4,0.0,0.0,0.21,2.6598214285714286,17.0,61,69,5.6,243,19.7,12.8,12.6,0.0
2025-03-17 10:00:00,25.87,22.5333333333333,0.0,20.2,51,6,4.9,258,15.9,13.7,15.4,0.0,0.0,0.34,2.660357142857143,19.5,54,68,8.6,255,21.5,14.9,12.8,0.0
2025-03-17 11:00:00,25.86,22.5,0.0,22.0,47,11,7.0,266,17.9,14.0,15.4,0.0,0.0,0.44,2.660892857142857,21.4,48,56,10.0,244,25.0,16.8,13.1,0.0
2025-03-17 12:00:00,25.8366666666667,22.4166666666667,0.0,23.4,39,86,12.6,266,19.4,14.3,15.4,0.0,0.0,0.53,2.6614285714285715,22.2,48,43,6.1,273,26.4,18.5,13.5,0.0
2025-03-17 13:00:00,25.8266666666667,22.39,0.0,24.7,35,9,11.1,260,20.7,14.7,15.4,0.0,0.0,0.56,2.661964285714286,24.2,40,9,7.9,231,28.5,19.9,14.0,0.0
2025-03-17 14:00:00,25.81,22.3033333333333,0.0,23.2,45,43,9.4,1,21.4,15.1,15.4,0.0,0.0,0.47,2.6625,24.7,35,79,13.5,261,26.3,21.1,14.5,0.0
2025-03-17 15:00:00,25.79,22.2566666666667,0.0,21.3,54,46,16.0,40,21.3,15.5,15.4,0.0,0.0,0.37,2.6630357142857144,23.8,43,19,13.4,355,25.9,21.7,15.0,0.0
2025-03-17 16:00:00,25.77,22.2466666666667,0.0,19.8,55,41,12.6,31,20.7,15.8,15.4,0.0,0.0,0.26,2.6635714285714287,21.7,46,100,16.5,36,21.0,21.2,15.5,0.0
2025-03-17 17:00:00,25.7633333333333,22.24,0.0,18.1,59,73,12.0,36,19.8,16.1,15.4,0.0,0.0,0.18,2.664107142857143,18.7,60,100,13.4,14,18.3,19.9,15.8,0.0
2025-03-17 18:00:00,25.7666666666667,22.2366666666667,0.0,16.5,67,75,7.3,70,18.5,16.3,15.4,0.0,0.0,0.06,2.6646428571428573,17.0,68,100,10.0,13,15.9,18.6,16.1,0.0
2025-03-17 19:00:00,25.7666666666667,22.23,0.0,14.8,77,10,4.0,44,17.1,16.4,15.4,0.0,0.0,0.03,2.6651785714285716,15.5,77,61,7.2,357,14.3,17.2,16.2,0.0
2025-03-17 20:00:00,25.7533333333333,22.24,0.0,13.9,80,29,1.0,48,15.8,16.3,15.4,0.0,0.0,0.0,2.665714285714286,14.9,82,83,4.1,345,13.9,16.2,16.2,0.0
2025-03-17 21:00:00,25.7533333333333,22.2333333333333,0.0,13.2,81,1,1.5,53,14.8,16.2,15.4,0.0,0.0,0.0,2.6662500000000002,14.0,85,47,2.6,286,12.6,15.5,16.1,0.0
2025-03-17 22:00:00,25.74,22.24,0.0,12.6,82,5,3.6,229,14.0,16.1,15.4,0.0,0.0,0.0,2.6667857142857145,13.0,89,31,3.1,234,11.5,14.7,16.0,0.0
2025-03-17 23:00:00,25.7266666666667,22.24,0.0,11.8,86,29,6.0,254,13.5,16.0,15.4,0.0,0.0,0.0,2.667321428571429,12.5,90,40,1.8,233,10.8,14.0,15.9,0.0
2025-03-18 00:00:00,25.7066666666667,22.24,0.0,11.3,87,29,5.0,259,13.1,15.8,15.4,0.0,0.0,0.0,2.6678571428571427,12.1,87,42,2.1,211,9.8,13.2,15.6,0.0
2025-03-18 01:00:00,25.6866666666667,22.2233333333333,0.0,12.1,80,93,5.2,207,13.6,15.5,15.4,0.0,0.0,0.0,2.668392857142857,11.4,87,0,2.9,180,9.2,12.6,15.4,0.0
2025-03-18 02:00:00,25.68,22.2033333333333,0.0,11.4,83,94,5.8,216,13.1,15.4,15.4,0.0,0.0,0.0,2.6689285714285713,10.9,87,0,4.0,170,9.2,12.1,15.2,0.0
2025-03-18 03:00:00,25.67,22.1733333333333,0.0,11.7,80,54,9.6,226,12.8,15.3,15.4,0.0,0.0,0.01,2.6694642857142856,12.6,73,16,6.9,208,10.4,12.2,14.9,0.0
2025-03-18 04:00:00,25.6466666666667,22.1433333333333,0.0,14.5,67,53,16.0,222,13.0,15.1,15.4,0.0,0.0,0.05,2.67,13.9,68,1,10.2,222,11.5,12.3,14.7,0.0
2025-03-18 05:00:00,25.63,22.1266666666667,0.0,16.2,54,30,23.4,221,13.4,15.0,15.4,0.0,0.0,0.11,2.6705357142857142,14.3,67,0,13.9,217,12.2,12.6,14.5,0.0
2025-03-18 06:00:00,25.6266666666667,22.12,0.0,16.0,54,53,25.6,221,13.8,14.9,15.4,0.0,0.0,0.11,2.6710714285714285,14.9,65,9,17.9,214,12.8,13.0,14.4,0.0
2025-03-18 07:00:00,25.6066666666667,22.12,0.0,15.9,57,92,30.4,218,14.1,14.9,15.4,0.0,0.0,0.13,2.671607142857143,15.5,62,50,21.1,224,14.3,13.3,14.3,0.0
2025-03-18 08:00:00,25.59,22.12,0.0,16.8,57,88,28.2,218,14.6,14.9,15.4,0.0,0.0,0.16,2.672142857142857,16.8,60,91,21.1,227,16.3,14.1,14.3,0.0
2025-03-18 09:00:00,25.57,22.0766666666667,0.0,18.0,55,39,30.4,219,15.6,14.9,15.4,0.0,0.0,0.26,2.6726785714285715,19.0,52,66,24.0,230,19.5,15.4,14.4,0.0
2025-03-18 10:00:00,25.5466666666667,21.9866666666667,0.0,19.3,49,2,26.9,225,16.8,15.0,15.4,0.0,0.0,0.36,2.6732142857142858,20.3,48,32,20.6,243,22.8,16.7,14.5,0.0
2025-03-18 11:00:00,25.5266666666667,21.9466666666667,0.0,20.3,47,13,23.8,237,18.1,15.1,15.4,0.0,0.0,0.44,2.67375,21.3,44,43,18.9,239,24.1,18.1,14.8,0.0
2025-03-18 12:00:00,25.48,21.85,0.0,21.5,44,27,23.3,245,19.2,15.4,15.4,0.0,0.0,0.48,2.6742857142857144,22.4,39,90,20.9,246,24.0,19.5,15.1,0.0
2025-03-18 13:00:00,25.45,21.79,0.0,22.2,42,27,14.6,263,20.3,15.7,15.4,0.0,0.0,0.47,2.6748214285714287,22.2,47,84,16.0,301,24.5,20.2,15.5,0.0
2025-03-18 14:00:00,25.4433333333333,21.7266666666667,0.0,21.6,44,39,10.3,308,20.7,16.0,15.4,0.0,0.0,0.4,2.675357142857143,20.5,61,57,15.8,348,23.2,20.4,15.8,0.0
2025-03-18 15:00:00,25.4266666666667,21.7066666666667,0.0,20.0,60,37,14.2,354,20.8,16.3,15.4,0.0,0.0,0.31,2.6758928571428573,20.1,61,46,17.7,20,23.9,20.4,16.1,0.0
2025-03-18 16:00:00,25.41,21.6866666666667,0.0,18.9,63,5,13.5,44,20.5,16.5,15.4,0.0,0.0,0.26,2.6764285714285716,19.4,63,45,13.1,32,21.8,20.5,16.4,0.0
2025-03-18 17:00:00,25.4,21.6733333333333,0.0,18.2,65,1,11.0,63,19.8,16.7,15.4,0.0,0.0,0.17,2.676964285714286,18.6,64,0,12.2,43,19.0,19.8,16.7,0.0
2025-03-18 18:00:00,25.3866666666667,21.68,0.0,16.4,75,1,8.5,33,18.7,16.8,15.5,0.0,0.0,0.06,2.6775,17.3,69,3,10.1,27,15.9,18.7,16.8,0.0
2025-03-18 19:00:00,25.39,21.5766666666667,0.0,14.2,86,5,4.0,40,17.3,16.9,15.5,0.0,0.0,0.02,2.6780357142857145,15.4,79,2,5.9,47,13.7,17.3,16.9,0.0
2025-03-18 20:00:00,25.3866666666667,21.58,0.0,13.3,88,2,5.2,76,16.1,16.8,15.5,0.0,0.0,0.0,2.678571428571429,14.1,85,0,6.2,111,12.7,16.1,16.8,0.0
2025-03-18 21:00:00,25.3766666666667,21.5766666666667,0.0,12.7,89,0,5.3,82,15.2,16.7,15.5,0.0,0.0,0.0,2.679107142857143,13.4,80,0,5.1,135,11.9,15.1,16.6,0.0
2025-03-18 22:00:00,25.3633333333333,21.565,0.0,12.7,86,0,2.3,63,14.4,16.6,15.5,0.0,0.0,0.0,2.6796428571428574,12.8,79,0,3.8,131,11.1,14.4,16.4,0.0
2025-03-18 23:00:00,25.3466666666667,21.56,0.0,12.7,84,2,1.5,58,13.7,16.4,15.5,0.0,0.0,0.0,2.6801785714285717,12.0,80,1,2.8,130,10.2,13.7,16.2,0.0
2025-03-19 00:00:00,25.33,21.55,0.0,12.7,82,0,1.0,46,13.1,16.2,15.5,0.0,0.0,0.0,2.6807142857142856,11.3,81,0,2.4,117,9.5,13.1,16.0,0.0
2025-03-19 01:00:00,25.3166666666667,21.55,0.0,11.8,81,0,1.4,59,13.1,16.0,15.5,0.0,0.0,0.0,2.68125,10.8,82,2,2.4,117,9.0,12.5,15.7,0.0
2025-03-19 02:00:00,25.3066666666667,21.55,0.0,10.3,87,5,1.1,65,12.5,15.8,15.5,0.0,0.0,0.0,2.681785714285714,10.5,82,0,2.2,171,8.3,12.0,15.4,0.0
2025-03-19 03:00:00,25.3,21.55,0.0,9.4,92,0,1.9,360,12.1,15.6,15.5,0.0,0.0,0.0,2.6823214285714285,9.5,86,0,3.8,221,7.9,11.3,15.1,0.0
2025-03-19 04:00:00,25.2633333333333,21.55,0.0,9.3,93,0,3.2,315,11.9,15.4,15.5,0.0,0.0,0.0,2.682857142857143,8.8,89,7,3.9,202,7.6,11.0,14.8,0.0
2025-03-19 05:00:00,25.25,21.55,0.0,9.0,94,0,4.8,283,11.6,15.2,15.5,0.0,0.0,0.0,2.683392857142857,8.7,90,35,2.9,187,7.4,10.7,14.5,0.0
2025-03-19 06:00:00,25.2366666666667,21.54,0.0,8.9,92,4,4.0,283,11.4,14.9,15.5,0.0,0.0,0.0,2.6839285714285714,8.5,88,2,2.5,188,6.7,10.2,14.2,0.0
2025-03-19 07:00:00,25.225,21.52,0.0,9.9,88,8,4.8,283,11.4,14.7,15.5,0.0,0.0,0.01,2.6844642857142857,8.9,87,17,2.2,180,8.3,10.0,13.9,0.0
2025-03-19 08:00:00,25.21,21.5033333333333,0.0,14.3,77,1,4.2,305,12.5,14.6,15.5,0.0,0.0,0.08,2.685,11.2,84,19,2.5,180,14.5,10.9,13.7,0.0
2025-03-19 09:00:00,25.1733333333333,21.4566666666667,0.0,17.7,64,96,5.0,351,14.4,14.5,15.5,0.0,0.0,0.21,2.6855357142857144,16.2,68,9,1.8,360,20.2,13.1,13.6,0.0
2025-03-19 10:00:00,25.1566666666667,21.41,0.0,20.0,57,83,8.3,356,16.5,14.6,15.5,0.0,0.0,0.34,2.6860714285714287,18.9,58,88,7.4,23,23.4,15.6,13.7,0.0
2025-03-19 11:00:00,25.155,21.27,0.0,21.5,52,93,11.9,3,18.3,14.8,15.5,0.0,0.0,0.44,2.686607142857143,20.0,59,100,12.2,34,23.7,17.5,14.0,0.0
2025-03-19 12:00:00,25.1433333333333,21.32,0.0,22.1,53,100,14.6,11,19.7,15.1,15.5,0.0,0.0,0.48,2.6871428571428573,20.3,59,100,15.5,25,24.4,18.5,14.3,0.0
2025-03-19 13:00:00,25.1333333333333,22.1833333333333,0.0,20.7,53,100,19.2,18,20.1,15.3,15.5,0.0,0.0,0.45,2.6876785714285716,21.1,53,91,18.2,30,25.5,19.6,14.7,0.0
2025-03-19 14:00:00,25.1333333333333,22.6666666666667,0.0,19.7,58,100,17.6,32,20.3,15.6,15.5,0.0,0.0,0.37,2.688214285714286,21.2,55,100,19.2,34,24.6,20.3,15.1,0.0
2025-03-19 15:00:00,25.1266666666667,22.925,0.0,19.5,62,100,17.6,40,20.3,15.8,15.5,0.0,0.0,0.3,2.68875,20.2,64,100,19.9,35,22.3,20.0,15.5,0.0
2025-03-19 16:00:00,25.1366666666667,23.07,0.0,19.1,66,100,14.0,39,20.0,16.1,15.5,0.0,0.0,0.22,2.6892857142857145,19.3,67,100,18.5,33,19.9,19.5,15.9,0.0
2025-03-19 17:00:00,25.12,23.09,0.0,18.1,72,100,11.4,29,19.4,16.3,15.5,0.0,0.0,0.14,2.689821428571429,17.7,76,100,12.4,8,17.5,18.7,16.1,0.0
2025-03-19 18:00:00,25.12,23.14,0.0,16.4,81,83,7.2,8,18.4,16.4,15.5,0.0,0.0,0.05,2.690357142857143,16.7,82,100,9.9,10,15.8,17.8,16.3,0.0
2025-03-19 19:00:00,25.13,23.18,0.0,14.5,90,35,4.4,333,17.1,16.5,15.5,0.0,0.0,0.02,2.6908928571428574,15.1,92,10,5.4,340,13.6,16.6,16.3,0.0
2025-03-19 20:00:00,25.1233333333333,23.1966666666667,0.0,13.3,93,11,4.5,310,16.1,16.5,15.5,0.0,0.0,0.0,2.6914285714285717,14.2,94,0,2.0,315,12.0,15.5,16.2,0.0
2025-03-19 21:00:00,25.135,23.2,0.0,12.9,90,91,3.5,288,15.0,16.4,15.5,0.0,0.0,0.0,2.691964285714286,13.1,98,38,3.6,315,11.9,14.7,16.1,0.0
2025-03-19 22:00:00,25.12,23.2,0.0,12.5,86,100,4.9,261,14.3,16.3,15.5,0.0,0.0,0.0,2.6925000000000003,12.3,98,44,3.1,324,11.3,14.0,15.9,0.0
2025-03-19 23:00:00,25.1233333333333,23.1933333333333,0.0,12.7,82,99,2.6,203,13.8,16.1,15.5,0.0,0.0,0.0,2.6930357142857146,12.4,97,68,1.1,342,10.0,13.4,15.7,0.0
2025-03-20 00:00:00,25.115,23.19,0.0,13.2,78,99,1.3,187,13.3,16.0,15.5,0.0,0.0,0.0,2.6935714285714285,12.3,98,100,7.3,327,11.7,13.5,15.5,0.0
2025-03-20 01:00:00,25.1133333333333,23.1633333333333,0.0,13.4,90,97,1.9,220,14.6,15.9,15.5,0.0,0.0,0.0,2.694107142857143,12.3,99,100,6.6,331,11.8,13.4,15.3,0.0
2025-03-20 02:00:00,25.115,23.135,0.0,14.0,83,93,4.3,186,14.1,15.8,15.5,0.0,0.0,0.0,2.694642857142857,12.3,96,100,5.2,335,11.0,13.1,15.2,0.0
2025-03-20 03:00:00,25.105,23.11,0.0,16.6,43,90,11.8,184,13.8,15.7,15.5,0.0,0.0,0.08,2.6951785714285714,13.6,88,100,4.7,293,11.2,13.1,15.0,0.0
2025-03-20 04:00:00,25.11,23.09,0.0,21.6,22,97,25.2,186,14.4,15.6,15.5,0.0,0.0,0.25,2.6957142857142857,15.4,58,100,4.8,257,11.5,12.9,14.8,0.0
2025-03-20 05:00:00,25.1,23.08,0.0,22.3,20,100,27.3,186,15.3,15.5,15.5,0.0,0.0,0.27,2.69625,15.7,48,100,4.7,247,11.5,12.9,14.7,0.0
2025-03-20 06:00:00,25.1,23.0766666666667,0.0,22.0,20,97,20.6,187,15.9,15.6,15.5,0.0,0.0,0.22,2.6967857142857143,12.8,70,100,4.7,302,11.2,12.9,14.6,0.0
2025-03-20 07:00:00,25.1033333333333,23.06,0.0,18.5,41,99,4.6,212,15.6,15.6,15.5,0.0,0.0,0.05,2.6973214285714286,12.6,78,100,5.6,333,11.8,12.8,14.4,0.0
2025-03-20 08:00:00,25.1,23.0466666666667,0.0,19.6,47,88,5.8,276,16.1,15.6,15.5,0.0,0.0,0.12,2.697857142857143,15.6,83,100,4.0,63,16.1,13.3,14.3,0.0
2025-03-20 09:00:00,25.09,23.0,0.0,22.1,48,87,2.4,274,17.5,15.7,15.5,0.0,0.0,0.24,2.6983928571428573,18.3,80,100,4.5,61,21.8,15.1,14.3,0.0
2025-03-20 10:00:00,25.085,22.94,0.0,24.2,42,49,4.5,355,19.3,15.8,15.5,0.0,0.0,0.38,2.6989285714285716,20.8,68,100,7.5,35,25.0,17.6,14.6,0.0
2025-03-20 11:00:00,25.0666666666667,22.88,0.0,24.8,44,15,9.7,357,20.9,16.1,15.5,0.0,0.0,0.5,2.699464285714286,21.4,70,100,13.7,18,25.7,19.4,15.0,0.0
2025-03-20 12:00:00,25.06,22.8,0.0,24.5,49,11,13.0,357,22.1,16.4,15.5,0.0,0.0,0.54,2.7,21.5,65,38,17.7,12,26.3,20.5,15.4,0.0
2025-03-20 13:00:00,25.04,22.7666666666667,0.0,23.0,48,0,14.9,25,22.3,16.6,15.5,0.0,0.0,0.53,2.6964285714285716,21.9,64,1,18.4,23,26.7,21.4,15.9,0.0
2025-03-20 14:00:00,25.0433333333333,22.6866666666667,0.0,22.3,53,2,15.2,50,22.7,16.9,15.5,0.0,0.0,0.49,2.692857142857143,21.6,61,0,17.6,31,26.1,21.8,16.3,0.0
2025-03-20 15:00:00,25.0466666666667,22.655,0.0,21.8,55,0,13.4,52,22.7,17.2,15.6,0.0,0.0,0.42,2.6892857142857145,20.9,63,0,20.6,43,23.8,21.6,16.8,0.0
2025-03-20 16:00:00,25.04,22.6266666666667,0.0,21.5,55,1,14.6,61,22.3,17.5,15.6,0.0,0.0,0.33,2.685714285714286,20.5,59,11,19.9,48,21.8,21.2,17.1,0.0
2025-03-20 17:00:00,25.0533333333333,22.5533333333333,0.0,20.5,59,32,13.0,56,21.5,17.8,15.6,0.0,0.0,0.21,2.6821428571428574,20.0,57,55,19.5,51,19.5,20.2,17.4,0.0
2025-03-20 18:00:00,25.055,22.51,0.0,17.9,71,82,11.5,51,20.3,17.9,15.6,0.0,0.0,0.08,2.678571428571429,18.6,59,91,15.5,31,16.8,19.1,17.5,0.0
2025-03-20 19:00:00,25.0666666666667,22.51,0.0,15.6,80,88,10.6,53,18.8,17.9,15.6,0.0,0.0,0.04,2.6750000000000003,16.4,76,93,9.6,347,14.9,17.7,17.5,0.0
2025-03-20 20:00:00,25.07,22.5,0.0,14.3,85,54,5.2,15,17.6,17.9,15.6,0.0,0.0,0.0,2.6714285714285717,15.4,88,95,5.2,344,14.0,16.7,17.4,0.0
2025-03-20 21:00:00,25.065,22.5,0.0,13.6,79,9,15.5,286,16.6,17.8,15.6,0.0,0.0,0.02,2.667857142857143,14.7,88,95,5.4,278,13.3,15.7,17.3,0.0
2025-03-20 22:00:00,25.07,22.5,0.0,13.8,79,7,12.7,228,16.0,17.7,15.6,0.0,0.0,0.02,2.6642857142857146,13.7,87,9,7.5,197,12.5,15.1,17.0,0.0
2025-03-20 23:00:00,25.07,22.49,0.0,15.1,70,18,12.3,224,15.7,17.5,15.7,0.0,0.0,0.03,2.660714285714286,13.4,85,0,7.6,199,12.1,14.6,16.8,0.0
2025-03-21 00:00:00,25.06,22.4733333333333,0.0,13.8,75,1,6.3,261,15.2,17.4,15.7,0.0,0.0,0.01,2.6571428571428575,13.3,87,9,5.5,238,11.8,14.3,16.5,0.0
2025-03-21 01:00:00,25.0566666666667,22.4466666666667,0.0,13.8,70,1,2.7,273,15.1,17.3,15.7,0.0,0.0,0.0,2.653571428571429,13.0,89,22,2.8,220,11.4,13.9,16.2,0.0
2025-03-21 02:00:00,25.055,22.42,0.0,13.9,69,1,0.3,348,14.5,17.1,15.7,0.0,0.0,0.0,2.6500000000000004,12.7,88,34,1.0,135,10.8,13.5,16.0,0.0
2025-03-21 03:00:00,25.0466666666667,22.3933333333333,0.0,13.9,64,12,0.7,105,14.0,16.9,15.7,0.0,0.0,0.0,2.646428571428572,13.2,81,49,2.8,140,11.2,13.3,15.7,0.0
2025-03-21 04:00:00,25.0366666666667,22.38,0.0,12.8,72,93,4.8,216,13.6,16.7,15.7,0.0,0.0,0.0,2.6428571428571432,12.8,80,74,2.9,150,11.2,13.1,15.5,0.0
2025-03-21 05:00:00,25.0233333333333,22.43,0.0,14.2,79,92,1.2,267,13.9,16.5,15.7,0.9,0.9,0.0,2.6392857142857147,13.1,77,100,1.1,252,11.5,13.0,15.2,0.0
2025-03-21 06:00:00,25.0066666666667,22.3833333333333,0.0,14.4,81,100,1.3,336,14.0,16.3,15.7,0.1,0.1,0.0,2.6357142857142857,13.1,80,100,4.5,331,12.5,13.2,15.1,0.0
2025-03-21 07:00:00,24.9966666666667,22.38,0.0,14.5,89,93,1.7,9,14.3,16.2,15.7,0.0,0.0,0.02,2.632142857142857,13.8,87,94,5.2,25,13.3,13.4,14.9,0.0
2025-03-21 08:00:00,24.9866666666667,22.38,0.0,15.8,85,74,6.9,135,14.9,16.1,15.7,0.1,0.1,0.06,2.6285714285714286,15.4,91,83,7.4,113,16.8,14.1,14.8,0.0
2025-03-21 09:00:00,24.98,22.38,0.0,17.1,78,52,1.9,319,16.1,16.1,15.7,0.2,0.2,0.16,2.625,17.5,84,56,3.8,49,21.8,15.9,14.9,0.0
2025-03-21 10:00:00,24.9733333333333,22.3733333333333,0.0,18.5,69,17,2.9,281,17.5,16.1,15.7,0.1,0.1,0.28,2.6214285714285714,18.9,75,74,6.5,341,23.6,17.8,15.1,0.0
2025-03-21 11:00:00,24.9533333333333,22.2566666666667,0.0,20.2,53,8,7.3,287,19.1,16.2,15.7,0.0,0.0,0.41,2.617857142857143,20.3,61,69,7.9,317,25.4,19.2,15.4,0.0
2025-03-21 12:00:00,24.93,22.19,0.0,21.5,42,54,5.5,277,20.7,16.5,15.7,0.0,0.0,0.5,2.6142857142857143,21.6,47,95,8.4,301,26.4,20.7,15.8,0.0
2025-03-21 13:00:00,24.9133333333333,22.1033333333333,0.0,21.0,56,91,11.4,349,21.9,16.9,15.7,0.0,0.0,0.49,2.6107142857142858,21.2,57,100,14.5,6,26.3,21.6,16.3,0.0
2025-03-21 14:00:00,24.9033333333333,22.0766666666667,0.0,20.0,62,95,15.3,21,22.0,17.2,15.8,0.2,0.2,0.43,2.607142857142857,19.4,66,77,20.4,41,24.0,21.6,16.6,0.0
2025-03-21 15:00:00,24.8766666666667,21.97,0.0,18.4,64,80,18.3,37,21.7,17.5,15.8,0.0,0.0,0.34,2.6035714285714286,20.0,56,100,16.6,41,24.0,21.6,17.0,0.0
2025-03-21 16:00:00,24.86,21.9433333333333,0.0,17.8,63,23,14.5,56,21.2,17.7,15.8,0.0,0.0,0.27,2.6,18.8,63,92,16.9,29,20.5,20.9,17.3,0.0
2025-03-21 17:00:00,24.86,21.8833333333333,0.0,17.9,62,39,8.7,66,20.4,17.8,15.8,0.0,0.0,0.18,2.5964285714285715,18.4,60,55,12.7,47,19.1,20.0,17.5,0.0
2025-03-21 18:00:00,24.8633333333333,21.83,0.0,16.2,72,87,4.9,72,19.2,17.9,15.8,0.0,0.0,0.06,2.592857142857143,17.2,60,54,10.7,45,15.9,18.9,17.6,0.0
2025-03-21 19:00:00,24.8633333333333,21.82,0.0,14.8,75,74,1.5,68,17.7,17.9,15.8,0.0,0.0,0.02,2.5892857142857144,15.5,69,50,4.8,63,13.6,17.4,17.6,0.0
2025-03-21 20:00:00,24.87,21.82,0.0,14.4,77,98,0.6,24,16.6,17.8,15.8,0.0,0.0,0.0,2.585714285714286,14.2,75,47,3.1,135,12.4,16.2,17.5,0.0
2025-03-21 21:00:00,24.86,21.81,0.0,14.4,77,83,0.4,8,15.9,17.7,15.8,0.0,0.0,0.0,2.5821428571428573,13.2,78,39,2.7,203,11.3,15.1,17.3,0.0
2025-03-21 22:00:00,24.8533333333333,21.81,0.0,13.8,79,84,0.3,326,15.1,17.5,15.8,0.0,0.0,0.0,2.5785714285714287,12.6,82,0,1.8,217,10.4,14.3,17.0,0.0
2025-03-21 23:00:00,24.85,21.81,0.0,13.3,79,99,3.0,223,14.7,17.3,15.8,0.0,0.0,0.0,2.575,12.0,84,0,2.2,180,9.7,13.5,16.7,0.0
2025-03-22 00:00:00,24.84,21.81,0.0,12.8,76,95,4.3,229,14.3,17.1,15.9,0.0,0.0,0.0,2.5714285714285716,11.2,87,0,3.1,159,9.5,13.0,16.4,0.0
2025-03-22 01:00:00,24.8333333333333,21.81,0.0,12.4,77,40,3.5,194,13.9,16.9,15.9,0.0,0.0,0.0,2.567857142857143,10.5,85,0,2.2,189,9.0,12.5,16.0,0.0
2025-03-22 02:00:00,24.8133333333333,21.8033333333333,0.0,11.9,75,9,5.8,215,13.4,16.7,15.9,0.0,0.0,0.0,2.5642857142857145,9.8,83,0,3.4,212,8.4,12.0,15.7,0.0
2025-03-22 03:00:00,24.8033333333333,21.78,0.0,13.3,68,76,13.3,224,13.3,16.4,15.9,0.0,0.0,0.04,2.560714285714286,9.3,78,0,4.3,204,8.0,11.4,15.3,0.0
2025-03-22 04:00:00,24.7833333333333,21.755,0.0,14.3,65,79,15.9,224,13.5,16.3,15.9,0.0,0.0,0.05,2.5571428571428574,9.8,79,17,6.4,227,8.2,11.2,15.0,0.0
2025-03-22 05:00:00,24.8,21.7433333333333,0.0,14.1,66,33,14.3,222,13.6,16.1,15.9,0.0,0.0,0.04,2.553571428571429,10.8,72,40,10.2,225,9.0,11.1,14.7,0.0
2025-03-22 06:00:00,24.77,21.7266666666667,0.0,13.6,70,30,13.5,223,13.6,15.9,15.9,0.0,0.0,0.04,2.5500000000000003,12.4,66,88,13.2,225,10.6,11.5,14.5,0.0
2025-03-22 07:00:00,24.76,21.7333333333333,0.0,14.6,66,44,17.4,221,13.7,15.8,15.9,0.0,0.0,0.07,2.5464285714285717,13.3,67,86,10.2,247,12.2,11.9,14.3,0.0
2025-03-22 08:00:00,24.73,21.7033333333333,0.0,17.0,59,100,14.4,249,14.6,15.7,15.9,0.0,0.0,0.13,2.542857142857143,15.1,66,89,13.6,310,15.6,12.9,14.1,0.0
2025-03-22 09:00:00,24.71,21.7,0.0,14.7,74,100,16.1,304,15.0,15.7,15.9,0.1,0.1,0.11,2.5392857142857146,15.4,74,100,20.1,314,15.5,14.1,14.1,0.0
2025-03-22 10:00:00,24.7033333333333,21.6966666666667,0.0,14.8,73,100,8.4,282,15.4,15.6,15.9,0.2,0.2,0.12,2.535714285714286,15.0,70,100,17.6,298,15.3,14.5,14.2,0.0
2025-03-22 11:00:00,24.6966666666667,21.6866666666667,0.0,15.7,67,100,9.4,267,16.1,15.7,15.9,0.1,0.1,0.2,2.5321428571428575,15.4,70,100,11.4,259,16.7,14.7,14.3,0.3
2025-03-22 12:00:00,24.69,21.66,0.0,15.9,64,100,9.9,281,16.4,15.7,15.9,0.0,0.0,0.16,2.528571428571429,16.4,66,100,10.8,268,18.5,15.4,14.3,0.0
2025-03-22 13:00:00,24.6566666666667,21.5766666666667,0.0,16.3,63,100,9.4,292,16.6,15.7,15.9,0.1,0.1,0.2,2.5250000000000004,16.1,67,100,15.8,311,17.5,15.7,14.5,0.0
2025-03-22 14:00:00,24.65,21.56,0.0,16.6,62,100,7.5,289,16.8,15.7,15.9,0.1,0.1,0.17,2.521428571428572,16.7,63,90,16.7,307,19.4,16.4,14.6,0.0
2025-03-22 15:00:00,24.6433333333333,21.54,0.0,17.5,56,100,9.5,297,17.6,15.8,15.9,0.0,0.0,0.25,2.5178571428571432,16.1,66,96,15.8,315,16.2,16.5,14.8,0.0
2025-03-22 16:00:00,24.6433333333333,21.5,0.0,15.7,64,100,11.3,331,17.1,15.9,15.9,0.2,0.2,0.12,2.5142857142857142,15.8,64,93,14.8,315,16.0,16.0,15.0,0.0
2025-03-22 17:00:00,24.64,21.48,0.0,15.9,62,100,7.0,312,16.6,16.0,15.9,0.0,0.0,0.09,2.5107142857142857,15.6,62,93,11.8,301,15.2,15.7,15.0,0.0
2025-03-22 18:00:00,24.625,21.4566666666667,0.0,15.3,73,81,2.0,301,16.2,16.0,15.9,0.0,0.0,0.04,2.507142857142857,15.1,64,81,6.5,267,13.9,15.4,15.2,0.0
2025-03-22 19:00:00,24.62,21.44,0.0,14.3,69,44,1.1,269,15.4,16.0,15.9,0.0,0.0,0.02,2.5035714285714286,14.1,68,81,5.9,227,12.7,14.8,15.2,0.0
2025-03-22 20:00:00,24.6133333333333,21.4333333333333,0.0,13.0,72,100,3.1,256,14.6,15.9,15.9,0.0,0.0,0.0,2.5,13.4,72,82,5.4,233,12.3,14.2,15.1,0.0
2025-03-22 21:00:00,24.6033333333333,21.43,0.0,13.6,71,98,7.4,216,14.4,15.8,15.9,0.0,0.0,0.01,2.4964285714285714,13.2,74,78,4.6,225,12.3,13.9,15.0,0.0
2025-03-22 22:00:00,24.6,21.43,0.0,13.1,76,88,9.6,219,14.1,15.7,15.9,0.1,0.1,0.01,2.492857142857143,12.5,80,80,5.9,227,11.7,13.5,14.9,0.0
2025-03-22 23:00:00,24.5933333333333,21.42,0.0,12.7,78,48,12.8,217,13.8,15.6,15.9,0.0,0.0,0.02,2.4892857142857143,12.4,81,78,6.4,223,11.5,13.2,14.8,0.0
2025-03-23 00:00:00,24.59,21.42,0.0,11.8,80,42,10.6,219,13.4,15.5,15.9,0.0,0.0,0.01,2.4857142857142858,12.1,79,73,6.0,205,11.4,12.9,14.6,0.0
2025-03-23 01:00:00,24.5866666666667,21.42,0.0,11.6,79,29,6.1,217,13.6,15.4,15.9,0.0,0.0,0.0,2.482142857142857,11.7,80,74,4.5,209,10.3,12.6,14.5,0.0
2025-03-23 02:00:00,24.5833333333333,21.42,0.0,10.6,82,35,6.7,223,12.9,15.3,15.9,0.0,0.0,0.0,2.4785714285714286,11.1,81,37,3.1,225,9.4,12.1,14.3,0.0
2025-03-23 03:00:00,24.57,21.4233333333333,0.0,11.0,74,33,11.8,223,12.4,15.1,15.9,0.0,0.0,0.02,2.475,10.6,84,39,3.3,229,8.8,11.7,14.2,0.0
2025-03-23 04:00:00,24.5666666666667,21.43,0.0,10.7,70,64,14.0,220,12.1,15.0,15.9,0.0,0.0,0.03,2.4714285714285715,9.4,85,54,3.7,209,8.0,11.2,14.0,0.0
2025-03-23 05:00:00,24.56,21.43,0.0,10.5,71,83,13.8,217,11.8,14.8,15.8,0.0,0.0,0.03,2.467857142857143,8.9,82,83,3.2,207,7.5,10.6,13.7,0.0
2025-03-23 06:00:00,24.5433333333333,21.43,0.0,10.2,73,0,11.4,210,11.6,14.6,15.8,0.0,0.0,0.02,2.4642857142857144,8.7,76,0,3.2,207,6.9,10.4,13.5,0.0
2025-03-23 07:00:00,24.5366666666667,21.43,0.0,10.8,73,2,11.8,208,11.5,14.5,15.8,0.0,0.0,0.04,2.460714285714286,8.7,78,0,4.0,207,8.5,10.0,13.3,0.0
2025-03-23 08:00:00,24.52,21.4266666666667,0.0,13.3,65,8,15.1,206,12.3,14.4,15.8,0.0,0.0,0.12,2.4571428571428573,11.6,75,0,4.1,225,14.3,10.9,13.1,0.0
2025-03-23 09:00:00,24.4933333333333,21.38,0.0,15.7,53,1,19.5,218,13.7,14.3,15.8,0.0,0.0,0.24,2.4535714285714287,15.6,58,0,16.5,226,18.0,13.1,13.1,0.0
2025-03-23 10:00:00,24.4533333333333,21.3066666666667,0.0,17.1,47,1,21.3,228,15.3,14.4,15.8,0.0,0.0,0.35,2.45,17.2,49,17,25.8,230,19.6,14.9,13.2,0.0
2025-03-23 11:00:00,24.4166666666667,21.2433333333333,0.0,18.5,42,48,23.1,233,16.9,14.5,15.8,0.0,0.0,0.44,2.4464285714285716,18.0,44,25,28.2,235,19.4,16.2,13.5,0.0
2025-03-23 12:00:00,24.3933333333333,21.1733333333333,0.0,19.8,39,23,22.5,229,18.2,14.7,15.8,0.0,0.0,0.48,2.442857142857143,19.6,40,55,29.0,238,22.3,17.5,13.8,0.0
2025-03-23 13:00:00,24.3733333333333,21.13,0.0,20.0,37,91,29.1,238,19.0,15.0,15.8,0.0,0.0,0.5,2.4392857142857145,20.3,38,60,31.6,244,22.8,18.4,14.2,0.0
2025-03-23 14:00:00,24.34,21.0366666666667,0.0,19.3,39,56,20.0,247,19.0,15.2,15.8,0.0,0.0,0.35,2.435714285714286,19.6,40,100,34.5,244,20.4,18.7,14.7,0.0
2025-03-23 15:00:00,24.3133333333333,21.015,0.0,18.3,45,91,31.5,253,19.1,15.5,15.8,0.9,0.9,0.39,2.4321428571428574,19.1,45,100,33.9,248,19.2,18.4,15.0,0.0
2025-03-23 16:00:00,24.31,21.0033333333333,0.0,15.9,61,56,13.4,301,17.7,15.6,15.8,0.2,0.2,0.15,2.428571428571429,17.8,52,100,24.5,260,17.9,17.8,15.3,0.0
2025-03-23 17:00:00,24.3133333333333,21.01,0.0,15.3,67,50,11.9,328,17.1,15.7,15.8,0.0,0.0,0.13,2.4250000000000003,14.9,78,87,22.5,309,15.2,17.1,15.5,0.0
2025-03-23 18:00:00,24.32,21.0,0.0,12.3,83,72,7.5,297,16.2,15.8,15.8,0.1,0.1,0.04,2.4214285714285717,13.1,85,98,13.8,321,12.9,15.9,15.6,0.0
2025-03-23 19:00:00,24.29,21.0,0.0,11.7,85,81,12.2,261,15.1,15.8,15.8,0.8,0.8,0.03,2.417857142857143,12.7,81,82,9.5,261,12.5,14.8,15.5,0.0
2025-03-23 20:00:00,24.25,21.0,0.0,11.4,88,51,14.2,224,14.0,15.7,15.8,0.1,0.1,0.01,2.4142857142857146,12.0,87,88,10.9,214,11.8,14.1,15.4,0.0
2025-03-23 21:00:00,24.27,21.0,0.0,11.0,85,41,14.9,217,13.2,15.6,15.8,0.1,0.1,0.01,2.410714285714286,11.6,90,78,9.7,202,11.4,13.6,15.3,0.0
2025-03-23 22:00:00,24.2533333333333,21.0033333333333,0.0,10.5,83,48,9.4,228,12.5,15.4,15.8,0.0,0.0,0.0,2.4071428571428575,11.3,90,69,10.6,208,11.1,13.1,15.1,0.0
2025-03-23 23:00:00,24.25,21.0,0.0,10.4,82,45,9.5,236,12.0,15.2,15.8,0.0,0.0,0.01,2.403571428571429,11.0,90,75,9.2,222,10.8,12.8,14.9,0.0
2025-03-24 00:00:00,24.245,21.0,0.0,10.0,82,17,9.6,236,11.7,15.0,15.8,0.0,0.0,0.01,2.4000000000000004,10.7,88,64,6.1,225,9.9,12.4,14.7,0.0
2025-03-24 01:00:00,24.23,20.9933333333333,0.0,10.0,81,12,14.1,224,12.0,14.8,15.8,0.0,0.0,0.01,2.396428571428572,10.4,87,57,5.6,230,9.4,11.9,14.5,0.0
2025-03-24 02:00:00,24.2066666666667,20.975,0.0,9.7,80,3,14.0,216,11.4,14.6,15.8,0.0,0.0,0.02,2.392857142857143,10.0,82,32,6.3,239,8.8,11.5,14.2,0.0
2025-03-24 03:00:00,24.2,20.96,0.0,9.6,78,1,15.1,219,11.1,14.4,15.8,0.0,0.0,0.02,2.3892857142857142,9.4,78,21,6.3,246,8.0,11.1,14.0,0.0
2025-03-24 04:00:00,24.175,20.95,0.0,9.3,77,4,14.9,218,10.8,14.2,15.7,0.0,0.0,0.02,2.3857142857142857,8.9,78,21,5.8,240,7.5,10.6,13.8,0.0
2025-03-24 05:00:00,24.155,20.9266666666667,0.0,9.1,78,4,13.3,220,10.6,14.0,15.7,0.0,0.0,0.02,2.382142857142857,8.4,80,15,5.0,249,7.0,10.1,13.5,0.0
2025-03-24 06:00:00,24.16,20.9133333333333,0.0,9.0,79,2,12.1,216,10.4,13.9,15.7,0.0,0.0,0.01,2.3785714285714286,8.0,81,14,4.6,231,6.7,9.7,13.2,0.0
2025-03-24 07:00:00,24.145,20.91,0.0,10.0,75,9,12.7,215,10.5,13.7,15.7,0.0,0.0,0.04,2.375,8.2,83,2,4.7,238,8.3,9.5,13.0,0.0
2025-03-24 08:00:00,24.13,20.9,0.0,12.2,68,15,13.1,215,11.4,13.5,15.7,0.0,0.0,0.11,2.3714285714285714,11.1,79,3,6.0,253,13.6,10.4,12.8,0.0
2025-03-24 09:00:00,24.1166666666667,20.91,0.0,13.9,60,9,14.9,231,12.8,13.5,15.7,0.0,0.0,0.2,2.367857142857143,13.8,66,0,11.1,245,17.1,12.4,12.7,0.0
2025-03-24 10:00:00,24.0866666666667,20.87,0.0,15.4,51,16,15.1,243,14.3,13.6,15.7,0.0,0.0,0.31,2.3642857142857143,15.5,59,8,15.3,255,19.0,14.2,12.9,0.0
2025-03-24 11:00:00,24.055,20.7833333333333,0.0,16.5,46,2,14.5,264,15.8,13.7,15.7,0.0,0.0,0.39,2.3607142857142858,16.8,50,59,16.7,277,20.3,15.6,13.1,0.0
2025-03-24 12:00:00,24.0266666666667,20.7633333333333,0.0,17.4,44,8,13.6,291,17.3,13.9,15.7,0.0,0.0,0.46,2.357142857142857,17.4,45,63,15.5,301,20.8,16.6,13.4,0.0
2025-03-24 13:00:00,24.01,20.7066666666667,0.0,17.5,43,51,10.6,307,18.5,14.2,15.6,0.1,0.1,0.46,2.3535714285714286,17.6,50,84,17.4,322,22.0,17.8,13.8,0.0
2025-03-24 14:00:00,24.0,20.6433333333333,0.0,17.0,45,57,12.0,330,18.6,14.5,15.6,0.0,0.0,0.36,2.35,17.3,55,26,17.7,333,22.6,18.2,14.2,0.0
2025-03-24 15:00:00,23.9766666666667,20.615,0.0,16.2,50,55,12.0,328,18.4,14.8,15.6,0.0,0.0,0.29,2.3464285714285715,16.8,57,58,15.4,323,20.3,18.4,14.6,0.0
2025-03-24 16:00:00,23.9766666666667,20.6033333333333,0.0,16.0,51,47,8.5,329,18.1,15.0,15.6,0.0,0.0,0.23,2.342857142857143,16.4,56,59,12.6,323,18.6,18.1,15.0,0.0
2025-03-24 17:00:00,23.97,20.5866666666667,0.0,15.5,52,29,5.4,347,17.5,15.2,15.6,0.0,0.0,0.15,2.3392857142857144,15.8,56,61,11.2,315,16.0,17.4,15.2,0.0
2025-03-24 18:00:00,23.975,20.57,0.0,14.0,68,4,2.2,2,16.5,15.3,15.6,0.0,0.0,0.05,2.335714285714286,15.3,58,69,6.9,313,14.1,16.5,15.3,0.0
2025-03-24 19:00:00,23.9766666666667,20.5633333333333,0.0,12.4,68,15,0.9,352,15.0,15.4,15.6,0.0,0.0,0.01,2.3321428571428573,14.0,65,53,3.1,216,11.6,15.2,15.4,0.0
2025-03-24 20:00:00,23.98,20.565,0.0,11.3,71,21,3.9,157,13.8,15.3,15.6,0.0,0.0,0.0,2.3285714285714287,12.5,72,51,5.4,180,11.2,14.0,15.3,0.0
2025-03-24 21:00:00,23.98,20.56,0.0,10.6,74,35,4.9,192,13.1,15.2,15.6,0.0,0.0,0.0,2.325,11.9,76,69,6.3,193,10.5,13.3,15.1,0.0
2025-03-24 22:00:00,23.9666666666667,20.5466666666667,0.0,9.9,77,51,6.5,211,12.5,15.0,15.6,0.0,0.0,0.0,2.3214285714285716,11.6,73,60,5.7,198,10.2,12.7,14.9,0.0
2025-03-24 23:00:00,23.9533333333333,20.53,0.0,10.0,74,32,7.0,230,12.1,14.9,15.6,0.0,0.0,0.01,2.317857142857143,11.1,74,57,5.3,208,9.7,12.3,14.7,0.0
2025-03-25 00:00:00,23.945,20.5133333333333,0.0,10.0,73,51,6.5,220,11.8,14.7,15.6,0.0,0.0,0.01,2.3142857142857145,10.4,77,32,5.5,191,8.7,11.7,14.5,0.0
2025-03-25 01:00:00,23.9266666666667,20.5,0.0,10.8,73,67,7.0,214,12.6,14.7,15.6,0.0,0.0,0.01,2.310714285714286,10.0,79,27,5.2,196,8.4,11.3,14.2,0.0
2025-03-25 02:00:00,23.9266666666667,20.49,0.0,10.0,77,44,6.0,211,12.1,14.5,15.6,0.0,0.0,0.0,2.3071428571428574,9.5,82,1,5.0,201,8.0,10.9,14.0,0.0
2025-03-25 03:00:00,23.9033333333333,20.48,0.0,9.6,78,45,3.6,234,11.5,14.4,15.6,0.0,0.0,0.0,2.303571428571429,9.0,86,0,5.2,192,7.6,10.6,13.8,0.0
2025-03-25 04:00:00,23.8933333333333,20.48,0.0,9.7,77,43,2.9,242,11.1,14.2,15.6,0.0,0.0,0.0,2.3000000000000003,8.4,89,0,4.0,190,7.1,10.2,13.5,0.0
2025-03-25 05:00:00,23.8833333333333,20.48,0.0,8.7,81,10,4.7,254,10.7,14.0,15.6,0.0,0.0,0.0,2.2964285714285717,7.7,92,1,2.3,219,6.5,9.8,13.3,0.0
2025-03-25 06:00:00,23.8666666666667,20.4833333333333,0.0,8.2,84,4,7.2,241,10.4,13.9,15.6,0.0,0.0,0.0,2.292857142857143,7.1,94,32,3.1,216,6.2,9.4,13.0,0.0
2025-03-25 07:00:00,23.86,20.49,0.0,9.2,82,2,9.7,239,10.5,13.7,15.6,0.0,0.0,0.03,2.2892857142857146,7.3,93,31,3.2,207,8.2,9.2,12.8,0.0
2025-03-25 08:00:00,23.83,20.49,0.0,12.5,73,1,9.0,234,11.5,13.5,15.6,0.0,0.0,0.1,2.285714285714286,10.9,85,30,3.5,204,14.0,10.3,12.6,0.0
2025-03-25 09:00:00,23.81,20.46,0.0,14.7,63,1,11.1,239,13.1,13.5,15.5,0.0,0.0,0.21,2.2821428571428575,14.7,68,31,7.4,247,19.0,12.6,12.6,0.0
2025-03-25 10:00:00,23.77,20.3633333333333,0.0,16.1,57,30,9.0,260,14.9,13.6,15.5,0.0,0.0,0.32,2.278571428571429,16.1,61,3,9.2,249,21.0,14.7,12.7,0.0
2025-03-25 11:00:00,23.7333333333333,20.3166666666667,0.0,17.1,52,13,7.0,282,16.5,13.8,15.5,0.0,0.0,0.38,2.2750000000000004,17.5,56,47,7.6,267,22.2,16.5,13.0,0.0
2025-03-25 12:00:00,23.69,20.24,0.0,18.1,46,37,6.7,297,18.0,14.0,15.5,0.0,0.0,0.45,2.2714285714285714,18.2,49,74,8.4,320,22.4,17.6,13.4,0.0
2025-03-25 13:00:00,23.6633333333333,20.2133333333333,0.0,18.8,40,99,7.8,343,18.9,14.2,15.5,0.0,0.0,0.4,2.267857142857143,18.0,51,91,14.3,342,21.4,18.1,13.9,0.0
2025-03-25 14:00:00,23.6466666666667,20.2,0.0,17.4,52,24,14.0,7,18.7,14.5,15.5,0.0,0.0,0.28,2.2642857142857142,18.0,51,68,13.8,354,22.6,18.4,14.3,0.0
2025-03-25 15:00:00,23.6366666666667,20.1366666666667,0.0,17.2,54,23,13.5,7,19.0,14.8,15.5,0.0,0.0,0.36,2.2607142857142857,18.0,55,39,14.8,1,21.5,18.8,14.6,0.0
2025-03-25 16:00:00,23.62,20.07,0.0,16.9,54,10,9.8,4,18.8,15.1,15.5,0.0,0.0,0.27,2.257142857142857,17.4,57,7,13.2,11,19.7,18.7,15.0,0.0
2025-03-25 17:00:00,23.6266666666667,20.0533333333333,0.0,16.4,55,8,9.4,9,18.1,15.3,15.5,0.0,0.0,0.18,2.2535714285714286,16.6,59,4,10.3,12,17.2,18.1,15.2,0.0
2025-03-25 18:00:00,23.6166666666667,20.04,0.0,14.4,72,1,4.5,51,17.0,15.4,15.5,0.0,0.0,0.06,2.25,15.6,63,27,7.3,20,14.3,17.0,15.4,0.0
2025-03-25 19:00:00,23.62,20.04,0.0,12.7,76,0,1.8,63,15.4,15.5,15.5,0.0,0.0,0.02,2.2464285714285714,13.9,74,0,3.1,45,11.7,15.5,15.5,0.0
2025-03-25 20:00:00,23.6266666666667,20.0433333333333,0.0,11.9,77,4,1.6,105,14.2,15.4,15.5,0.0,0.0,0.0,2.242857142857143,13.2,78,0,1.4,90,10.3,14.2,15.4,0.0
2025-03-25 21:00:00,23.6133333333333,20.0466666666667,0.0,10.9,79,13,3.6,178,13.2,15.3,15.5,0.0,0.0,0.0,2.2392857142857143,11.2,88,37,3.3,167,9.9,13.3,15.3,0.0
2025-03-25 22:00:00,23.62,20.04,0.0,10.3,79,12,4.7,187,12.6,15.2,15.5,0.0,0.0,0.0,2.2357142857142858,10.1,93,41,4.2,160,9.5,12.6,15.1,0.0
2025-03-25 23:00:00,23.5966666666667,20.0433333333333,0.0,9.9,79,15,5.2,203,12.1,15.0,15.5,0.0,0.0,0.0,2.232142857142857,9.3,94,36,2.9,180,8.7,12.0,14.8,0.0
2025-03-26 00:00:00,23.57,20.05,0.0,9.9,79,29,5.9,209,11.8,14.8,15.5,0.0,0.0,0.0,2.2285714285714286,8.8,92,21,4.4,189,8.1,11.5,14.6,0.0
2025-03-26 01:00:00,23.57,20.0533333333333,0.0,10.5,77,17,5.9,227,12.2,14.6,15.5,0.0,0.0,0.0,2.225,8.4,92,28,4.1,195,7.7,11.0,14.3,0.0
2025-03-26 02:00:00,23.5533333333333,20.06,0.0,9.6,86,67,4.5,208,11.7,14.5,15.5,0.6,0.6,0.0,2.2214285714285715,8.3,91,12,4.2,200,7.3,10.6,14.0,0.0
2025-03-26 03:00:00,23.5366666666667,20.05,0.0,9.4,89,31,5.0,164,11.2,14.3,15.5,0.6,0.6,0.0,2.217857142857143,8.1,91,7,4.4,189,7.0,10.2,13.7,0.0
2025-03-26 04:00:00,23.51,20.03,0.0,8.8,88,23,4.5,194,10.6,14.1,15.5,0.0,0.0,0.0,2.2142857142857144,8.0,92,10,4.4,189,6.9,9.9,13.5,0.0
2025-03-26 05:00:00,23.5033333333333,20.0066666666667,0.0,9.1,90,21,6.9,209,10.4,13.9,15.5,0.0,0.0,0.0,2.210714285714286,7.8,93,19,4.1,195,6.8,9.6,13.2,0.0
2025-03-26 06:00:00,23.4833333333333,19.9866666666667,0.0,8.8,91,14,8.5,219,10.1,13.7,15.4,0.0,0.0,0.0,2.2071428571428573,7.8,94,31,4.8,193,6.9,9.5,13.0,0.0
2025-03-26 07:00:00,23.4566666666667,19.9733333333333,0.0,9.9,87,8,11.0,226,10.2,13.5,15.4,0.0,0.0,0.02,2.2035714285714287,8.1,95,39,4.6,198,8.9,9.5,12.7,0.0
2025-03-26 08:00:00,23.4433333333333,19.9666666666667,0.0,13.2,79,7,9.4,229,11.4,13.4,15.4,0.0,0.0,0.1,2.2,11.6,87,0,4.1,225,14.9,10.6,12.6,0.0
2025-03-26 09:00:00,23.4066666666667,19.96,0.0,15.8,64,6,10.1,240,13.1,13.4,15.4,0.0,0.0,0.22,2.1964285714285716,15.7,71,0,9.1,236,20.0,13.1,12.6,0.0
2025-03-26 10:00:00,23.3566666666667,19.9133333333333,0.0,17.3,55,5,8.6,260,15.0,13.5,15.4,0.0,0.0,0.33,2.192857142857143,17.5,61,7,11.7,252,21.8,15.2,12.8,0.0
2025-03-26 11:00:00,23.32,19.83,0.0,18.2,50,15,6.3,280,16.8,13.7,15.4,0.0,0.0,0.42,2.1892857142857145,18.8,53,75,9.8,262,23.9,17.0,13.2,0.0
2025-03-26 12:00:00,23.27,19.8133333333333,0.0,19.0,46,12,5.1,307,18.4,13.9,15.4,0.0,0.0,0.46,2.185714285714286,19.8,46,36,8.1,302,25.0,18.4,13.6,0.0
2025-03-26 13:00:00,23.2433333333333,19.73,0.0,20.0,43,0,6.8,343,20.0,14.5,15.4,0.0,0.0,0.49,2.1821428571428574,19.8,49,75,13.6,338,23.5,19.2,14.1,0.0
2025-03-26 14:00:00,23.2233333333333,19.6766666666667,0.0,20.2,43,0,9.0,356,20.7,14.9,15.4,0.0,0.0,0.48,2.178571428571429,19.4,51,9,15.5,355,23.9,19.6,14.5,0.0
2025-03-26 15:00:00,23.1966666666667,19.6533333333333,0.0,19.6,45,4,12.0,11,20.8,15.3,15.4,0.0,0.0,0.42,2.1750000000000003,19.8,52,0,16.2,360,24.5,20.4,15.0,0.0
2025-03-26 16:00:00,23.1766666666667,19.6366666666667,0.0,18.4,51,2,12.2,27,20.4,15.6,15.4,0.0,0.0,0.31,2.1714285714285717,18.8,57,0,14.4,3,21.3,20.2,15.3,0.0
2025-03-26 17:00:00,23.1733333333333,19.6233333333333,0.0,17.3,54,0,8.4,44,19.5,15.8,15.4,0.0,0.0,0.19,2.167857142857143,17.8,61,0,10.7,14,18.6,19.3,15.7,0.0
2025-03-26 18:00:00,23.18,19.6166666666667,0.0,15.3,69,0,4.6,82,18.2,16.0,15.4,0.0,0.0,0.06,2.1642857142857146,17.0,64,0,6.4,38,15.6,18.3,15.9,0.0
2025-03-26 19:00:00,23.18,19.61,0.0,13.4,72,0,3.0,103,16.4,16.1,15.4,0.0,0.0,0.02,2.160714285714286,15.0,76,0,3.3,103,12.6,16.7,16.0,0.0
2025-03-26 20:00:00,23.1866666666667,19.61,0.0,12.0,75,0,3.6,169,15.1,16.0,15.4,0.0,0.0,0.0,2.1571428571428575,13.5,82,0,3.6,180,11.4,15.2,16.0,0.0
2025-03-26 21:00:00,23.1833333333333,19.61,0.0,11.1,77,0,4.6,197,14.1,15.9,15.4,0.0,0.0,0.0,2.153571428571429,12.1,83,0,4.4,189,10.6,14.3,15.9,0.0
2025-03-26 22:00:00,23.1633333333333,19.61,0.0,10.3,78,3,4.8,218,13.3,15.8,15.4,0.0,0.0,0.0,2.15,11.4,81,38,2.7,203,9.9,13.4,15.7,0.0
2025-03-26 23:00:00,23.16,19.62,0.0,10.3,75,18,5.1,230,12.6,15.6,15.4,0.0,0.0,0.0,2.1464285714285714,11.1,80,56,2.6,196,9.8,12.8,15.4,0.0
2025-03-27 00:00:00,23.14,19.6133333333333,0.0,10.2,71,8,5.2,216,12.2,15.4,15.4,0.0,0.0,0.0,2.142857142857143,11.0,72,58,4.0,180,9.7,12.4,15.2,0.0
2025-03-27 01:00:00,23.1266666666667,19.59,0.0,11.1,67,1,6.4,211,12.3,15.2,15.4,0.0,0.0,0.01,2.1392857142857142,10.9,64,60,4.3,185,9.6,12.1,14.9,0.0
2025-03-27 02:00:00,23.1033333333333,19.56,0.0,10.8,65,0,7.5,217,12.0,15.1,15.4,0.0,0.0,0.02,2.1357142857142857,10.3,66,60,4.1,195,8.9,11.8,14.7,0.0
2025-03-27 03:00:00,23.0833333333333,19.5433333333333,0.0,10.5,65,0,7.1,215,11.7,14.9,15.4,0.0,0.0,0.02,2.132142857142857,10.0,63,52,5.2,192,8.8,11.4,14.5,0.0
2025-03-27 04:00:00,23.07,19.5266666666667,0.0,10.1,67,0,6.2,213,11.4,14.7,15.4,0.0,0.0,0.01,2.1285714285714286,9.9,63,37,5.0,201,8.2,11.2,14.2,0.0
2025-03-27 05:00:00,23.05,19.52,0.0,9.6,70,0,6.4,217,11.2,14.5,15.4,0.0,0.0,0.01,2.125,9.4,68,49,4.5,209,7.9,10.8,14.0,0.0
2025-03-27 06:00:00,23.03,19.5233333333333,0.0,9.3,71,0,6.4,228,10.9,14.3,15.4,0.0,0.0,0.01,2.1214285714285714,9.3,75,54,5.0,210,7.7,10.5,13.7,0.0
2025-03-27 07:00:00,23.01,19.53,0.0,11.1,68,0,7.0,242,11.0,14.1,15.4,0.0,0.0,0.03,2.117857142857143,9.9,76,52,4.1,218,9.9,10.4,13.5,0.0
2025-03-27 08:00:00,22.9766666666667,19.5366666666667,0.0,14.6,63,0,8.2,250,12.3,14.0,15.4,0.0,0.0,0.12,2.1142857142857143,13.2,73,44,4.4,235,16.0,11.5,13.3,0.0
2025-03-27 09:00:00,22.9333333333333,19.48,0.0,17.4,53,0,8.6,265,14.1,14.0,15.4,0.0,0.0,0.25,2.1107142857142858,17.6,53,41,8.9,243,20.7,13.9,13.4,0.0
2025-03-27 10:00:00,22.8866666666667,19.4133333333333,0.0,19.5,46,0,8.6,263,16.2,14.1,15.4,0.0,0.0,0.37,2.107142857142857,19.4,46,30,11.8,250,23.3,15.9,13.5,0.0
2025-03-27 11:00:00,22.8466666666667,19.3733333333333,0.0,21.1,40,0,9.0,257,18.1,14.3,15.4,0.0,0.0,0.48,2.1035714285714286,21.3,42,3,13.4,246,26.3,17.9,13.8,0.0
2025-03-27 12:00:00,23.04,22.4333333333333,0.0,22.3,36,49,7.6,269,19.9,14.6,15.4,0.0,0.0,0.54,2.1,22.5,37,0,13.7,268,27.7,19.7,14.3,0.0
2025-03-27 13:00:00,23.34,28.2966666666667,0.0,22.8,35,36,9.5,334,21.2,15.0,15.4,0.0,0.0,0.57,2.098809523809524,22.8,42,7,15.2,324,28.0,21.1,14.8,0.0
2025-03-27 14:00:00,24.14,27.6566666666667,0.0,21.8,41,2,15.3,1,21.8,15.4,15.4,0.0,0.0,0.52,2.0976190476190477,21.6,43,16,18.3,345,25.8,21.6,15.2,0.0
2025-03-27 15:00:00,25.3,27.3033333333333,0.0,20.9,40,38,13.9,355,21.8,15.7,15.4,0.0,0.0,0.45,2.0964285714285715,21.4,43,5,16.9,340,24.9,21.7,15.7,0.0
2025-03-27 16:00:00,26.1066666666667,26.95,0.0,20.4,40,18,10.7,353,21.4,16.1,15.4,0.0,0.0,0.34,2.0952380952380953,20.7,44,3,15.2,338,22.3,21.2,16.1,0.0
2025-03-27 17:00:00,26.5033333333333,26.6033333333333,0.0,19.3,45,7,7.6,12,20.6,16.3,15.4,0.0,0.0,0.21,2.094047619047619,19.7,49,3,11.8,348,19.9,20.4,16.5,0.0
2025-03-27 18:00:00,26.6366666666667,26.3066666666667,0.0,16.7,62,9,4.8,59,19.2,16.5,15.4,0.0,0.0,0.07,2.092857142857143,18.3,58,0,7.0,35,16.6,19.4,16.7,0.0
2025-03-27 19:00:00,26.7166666666667,26.0833333333333,0.0,14.4,69,46,5.6,92,17.4,16.6,15.4,0.0,0.0,0.03,2.091666666666667,16.0,70,0,5.0,111,13.6,17.7,16.8,0.0
2025-03-27 20:00:00,26.76,25.9166666666667,0.0,13.3,70,94,4.1,151,16.1,16.6,15.4,0.0,0.0,0.0,2.0904761904761906,14.4,74,4,4.5,166,12.4,16.2,16.7,0.0
2025-03-27 21:00:00,26.78,25.7633333333333,0.0,12.3,68,43,4.0,169,14.9,16.5,15.4,0.0,0.0,0.0,2.0892857142857144,13.0,66,16,5.1,184,11.2,15.0,16.6,0.0
2025-03-27 22:00:00,26.8133333333333,25.64,0.0,11.6,65,63,4.5,183,14.1,16.4,15.4,0.0,0.0,0.01,2.0880952380952382,12.2,62,45,4.5,194,10.4,14.2,16.4,0.0
2025-03-27 23:00:00,26.84,25.5266666666667,0.0,11.0,64,34,4.8,204,13.4,16.2,15.4,0.0,0.0,0.01,2.086904761904762,11.2,65,93,3.9,202,9.5,13.4,16.2,0.0
2025-03-28 00:00:00,26.85,25.41,0.0,10.9,63,10,4.8,230,12.8,16.0,15.4,0.0,0.0,0.01,2.085714285714286,10.5,65,16,3.8,197,8.9,12.8,15.9,0.0
2025-03-28 01:00:00,26.8666666666667,25.3533333333333,0.0,11.4,59,14,4.4,237,12.4,15.8,15.4,0.0,0.0,0.01,2.0845238095238097,9.9,71,20,2.9,210,8.3,12.2,15.6,0.0
2025-03-28 02:00:00,26.8733333333333,25.2466666666667,0.0,11.0,59,1,4.8,233,11.9,15.6,15.4,0.0,0.0,0.01,2.0833333333333335,9.4,76,67,2.6,214,7.5,11.6,15.3,0.0
2025-03-28 03:00:00,26.8666666666667,25.1933333333333,0.0,10.4,61,1,4.2,229,11.5,15.4,15.4,0.0,0.0,0.01,2.0821428571428573,9.0,78,64,3.4,198,7.4,11.2,15.0,0.0
2025-03-28 04:00:00,26.8533333333333,25.0966666666667,0.0,9.8,64,0,4.1,218,11.2,15.1,15.4,0.0,0.0,0.0,2.080952380952381,8.6,80,21,3.0,194,7.0,10.7,14.7,0.0
2025-03-28 05:00:00,26.8566666666667,25.07,0.0,9.5,66,0,4.6,214,10.9,14.9,15.4,0.0,0.0,0.0,2.079761904761905,8.4,80,12,3.0,194,6.4,10.3,14.4,0.0
2025-03-28 06:00:00,26.8433333333333,24.9966666666667,0.0,9.3,67,0,4.6,223,10.7,14.7,15.4,0.0,0.0,0.0,2.0785714285714287,7.6,82,0,3.8,197,6.2,9.8,14.0,0.0
2025-03-28 07:00:00,26.8266666666667,24.9366666666667,0.0,11.4,65,0,5.8,235,10.9,14.5,15.4,0.0,0.0,0.03,2.0773809523809526,8.3,80,0,3.7,191,8.9,9.7,13.7,0.0
2025-03-28 08:00:00,26.8066666666667,24.9133333333333,0.0,15.0,59,0,6.4,249,12.3,14.3,15.4,0.0,0.0,0.12,2.0761904761904764,12.0,76,0,3.2,207,15.6,11.0,13.5,0.0
2025-03-28 09:00:00,26.7866666666667,24.8,0.0,18.0,47,0,3.3,265,14.4,14.3,15.4,0.0,0.0,0.24,2.075,17.1,55,0,3.5,246,21.4,13.6,13.5,0.0
2025-03-28 10:00:00,26.7533333333333,24.7333333333333,0.0,19.9,41,0,2.3,297,16.6,14.4,15.4,0.0,0.0,0.37,2.073809523809524,19.6,48,0,3.8,287,24.1,16.0,13.6,0.0
2025-03-28 11:00:00,26.7233333333333,24.6333333333333,0.0,21.3,40,0,3.5,299,18.8,14.6,15.4,0.0,0.0,0.47,2.072619047619048,21.2,43,0,5.1,315,26.3,18.1,13.9,0.0
2025-03-28 12:00:00,26.7,24.53,0.0,22.4,38,0,6.4,344,20.6,14.9,15.4,0.0,0.0,0.54,2.0714285714285716,21.8,44,0,7.4,331,27.5,19.6,14.3,0.0
2025-03-28 13:00:00,26.6833333333333,24.45,0.0,22.8,39,0,12.8,358,21.7,15.3,15.4,0.0,0.0,0.56,2.0702380952380954,21.9,42,0,11.4,349,28.0,21.1,14.9,0.0
2025-03-28 14:00:00,26.6666666666667,24.3533333333333,0.0,21.9,41,0,14.9,359,22.1,15.7,15.4,0.0,0.0,0.52,2.0690476190476192,21.5,43,0,14.8,356,26.5,21.8,15.4,0.0
2025-03-28 15:00:00,26.6366666666667,24.2666666666667,0.0,22.1,37,0,10.7,351,22.3,16.1,15.4,0.0,0.0,0.46,2.067857142857143,21.1,50,0,14.1,356,25.1,21.8,15.8,0.0
2025-03-28 16:00:00,26.6166666666667,24.1966666666667,0.0,21.3,38,0,11.2,3,21.9,16.4,15.4,0.0,0.0,0.36,2.066666666666667,20.7,46,0,9.1,353,23.5,21.5,16.2,0.0
2025-03-28 17:00:00,26.61,24.1,0.0,19.9,44,0,7.8,22,21.0,16.7,15.4,0.0,0.0,0.22,2.0654761904761907,19.9,44,0,8.3,2,20.1,20.8,16.6,0.0
2025-03-28 18:00:00,26.5866666666667,24.07,0.0,16.9,61,0,5.0,76,19.6,16.8,15.4,0.0,0.0,0.08,2.0642857142857145,18.5,54,0,6.1,45,16.4,19.7,16.8,0.0
2025-03-28 19:00:00,26.5733333333333,24.0266666666667,0.0,14.4,67,0,6.3,115,17.7,16.9,15.4,0.0,0.0,0.04,2.0630952380952383,15.8,65,0,4.3,114,12.9,17.7,16.9,0.0
2025-03-28 20:00:00,26.5666666666667,23.9733333333333,0.0,12.9,70,1,4.8,148,16.3,16.9,15.4,0.0,0.0,0.0,2.061904761904762,14.1,73,0,2.5,172,11.1,16.0,16.9,0.0
2025-03-28 21:00:00,26.5533333333333,23.94,0.0,11.9,71,0,4.5,176,15.2,16.8,15.4,0.0,0.0,0.0,2.060714285714286,11.6,77,0,5.1,184,10.1,14.6,16.7,0.0
2025-03-28 22:00:00,26.5166666666667,23.93,0.0,11.9,65,0,5.5,194,14.3,16.6,15.5,0.0,0.0,0.01,2.0595238095238098,11.0,71,0,5.1,188,9.6,13.7,16.5,0.0
2025-03-28 23:00:00,26.4966666666667,23.92,0.0,12.0,57,0,6.5,196,13.6,16.5,15.5,0.0,0.0,0.02,2.0583333333333336,10.3,69,0,4.6,198,8.8,13.0,16.2,0.0
2025-03-29 00:00:00,26.48,23.8866666666667,0.0,11.9,55,0,6.7,200,13.1,16.3,15.5,0.0,0.0,0.03,2.0571428571428574,10.4,60,0,6.0,197,8.8,12.5,15.9,0.0
2025-03-29 01:00:00,26.46,23.8366666666667,0.0,12.6,51,0,7.4,207,13.0,16.0,15.5,0.0,0.0,0.03,2.055952380952381,10.3,62,0,5.8,202,8.5,12.0,15.6,0.0
2025-03-29 02:00:00,26.4366666666667,23.8,0.0,12.2,55,0,8.0,215,12.7,15.8,15.5,0.0,0.0,0.03,2.054761904761905,10.3,63,0,5.6,207,8.3,11.6,15.3,0.0
2025-03-29 03:00:00,26.4,23.7833333333333,0.0,11.9,58,0,9.3,217,12.5,15.6,15.5,0.0,0.0,0.03,2.053571428571429,10.4,61,0,6.5,199,8.2,11.3,15.0,0.0
2025-03-29 04:00:00,26.3833333333333,23.78,0.0,11.5,61,0,9.2,213,12.3,15.5,15.5,0.0,0.0,0.03,2.0523809523809526,10.2,62,0,6.3,204,8.0,11.1,14.7,0.0
2025-03-29 05:00:00,26.3533333333333,23.7633333333333,0.0,11.1,64,0,8.5,213,12.1,15.3,15.5,0.0,0.0,0.02,2.0511904761904765,9.6,65,0,5.3,208,7.5,10.8,14.4,0.0
2025-03-29 06:00:00,26.3233333333333,23.7233333333333,0.0,10.8,65,0,9.2,206,11.9,15.1,15.5,0.0,0.0,0.03,2.0500000000000003,9.3,68,0,5.8,202,7.4,10.5,14.2,0.0
2025-03-29 07:00:00,26.3066666666667,23.69,0.0,12.4,63,0,10.9,207,12.1,14.9,15.5,0.0,0.0,0.06,2.0488095238095236,9.8,72,0,5.8,210,9.9,10.4,13.9,0.0
2025-03-29 08:00:00,26.2733333333333,23.6566666666667,0.0,16.5,55,0,10.3,224,13.3,14.8,15.5,0.0,0.0,0.15,2.0476190476190474,14.0,67,0,6.1,225,16.5,11.6,13.7,0.0
2025-03-29 09:00:00,26.2466666666667,23.6333333333333,0.0,20.2,43,0,8.3,222,15.3,14.8,15.5,0.0,0.0,0.29,2.0464285714285713,18.6,45,0,9.4,230,21.6,14.1,13.7,0.0
2025-03-29 10:00:00,26.2133333333333,23.5433333333333,0.0,22.2,36,0,4.7,229,17.5,14.9,15.5,0.0,0.0,0.4,2.045238095238095,21.0,37,0,9.8,242,25.1,16.5,13.9,0.0
2025-03-29 11:00:00,26.1666666666667,23.4966666666667,0.0,23.3,34,0,2.2,261,19.7,15.1,15.5,0.0,0.0,0.49,2.044047619047619,23.3,31,0,9.3,257,28.2,18.8,14.2,0.0
2025-03-29 12:00:00,26.1433333333333,23.4033333333333,0.0,24.2,33,0,1.8,265,21.6,15.5,15.5,0.0,0.0,0.56,2.0428571428571427,24.1,32,0,8.6,272,29.3,20.6,14.7,0.0
2025-03-29 13:00:00,26.1066666666667,23.3533333333333,0.0,25.6,27,0,5.3,286,22.5,15.8,15.5,0.0,0.0,0.6,2.0416666666666665,24.9,31,0,10.0,300,29.9,22.1,15.3,0.0
2025-03-29 14:00:00,26.1066666666667,23.2633333333333,0.0,25.6,28,0,7.8,347,23.5,16.2,15.5,0.0,0.0,0.57,2.0404761904761903,24.8,32,0,12.9,324,28.8,23.0,15.9,0.0
2025-03-29 15:00:00,26.07,23.21,0.0,24.6,34,0,11.1,8,23.7,16.6,15.5,0.0,0.0,0.5,2.039285714285714,24.6,34,0,10.9,333,27.8,23.4,16.4,0.0
2025-03-29 16:00:00,26.0633333333333,23.1066666666667,0.0,23.7,38,0,9.6,20,23.3,16.9,15.5,0.0,0.0,0.38,2.038095238095238,23.6,36,0,10.9,354,24.9,23.1,16.8,0.0
2025-03-29 17:00:00,26.0466666666667,23.0766666666667,0.0,22.0,44,0,9.5,34,22.4,17.2,15.5,0.0,0.0,0.24,2.0369047619047618,22.0,41,0,11.8,12,21.6,22.2,17.2,0.0
2025-03-29 18:00:00,26.0333333333333,23.0633333333333,0.0,18.8,57,0,6.4,57,20.9,17.4,15.5,0.0,0.0,0.09,2.0357142857142856,20.0,49,0,7.4,43,17.6,20.9,17.5,0.0
2025-03-29 19:00:00,26.0333333333333,23.0466666666667,0.0,16.0,68,0,7.2,86,19.0,17.5,15.5,0.0,0.0,0.04,2.0345238095238094,17.0,62,0,5.0,90,14.0,18.9,17.6,0.0
2025-03-29 20:00:00,26.04,22.9533333333333,0.0,14.5,69,0,6.5,103,17.5,17.5,15.5,0.0,0.0,0.01,2.033333333333333,15.2,67,0,3.5,114,12.2,17.1,17.5,0.0
2025-03-29 21:00:00,26.0166666666667,22.94,0.0,14.5,59,0,2.0,112,16.1,17.5,15.5,0.0,0.0,0.0,2.032142857142857,12.8,72,0,3.5,156,10.5,15.5,17.4,0.0
2025-03-29 22:00:00,26.0,22.9333333333333,0.0,14.5,54,0,1.5,103,15.0,17.3,15.5,0.0,0.0,0.0,2.030952380952381,10.8,75,0,3.1,144,9.4,14.3,17.2,0.0
2025-03-29 23:00:00,25.9866666666667,22.93,0.0,14.3,49,0,2.2,121,14.1,17.1,15.6,0.0,0.0,0.0,2.0297619047619047,9.7,68,0,4.0,170,8.6,13.4,16.9,0.0
2025-03-30 00:00:00,25.96,22.93,0.0,13.9,46,0,1.9,109,13.4,16.9,15.6,0.0,0.0,0.0,2.0285714285714285,9.3,59,0,3.3,139,8.3,12.9,16.6,0.0
2025-03-30 01:00:00,25.94,22.9166666666667,0.0,13.3,43,0,2.3,110,12.6,16.7,15.6,0.0,0.0,0.0,2.0273809523809523,9.7,53,0,2.9,150,7.6,12.1,16.2,0.0
2025-03-30 02:00:00,25.93166666666665,22.90333333333335,0.0,13.3,44,0,1.1,84,12.2,16.4,15.6,0.0,0.0,0.0,2.026190476190476,10.6,50,0,1.1,90,7.0,11.5,15.8,0.0
2025-03-30 03:00:00,25.9233333333333,22.89,0.0,12.1,50,0,5.2,68,11.8,16.1,15.6,0.0,0.0,0.02,2.025,11.0,47,0,1.4,180,6.6,10.9,15.4,0.0
2025-03-30 04:00:00,25.9,22.86,0.0,11.8,52,0,2.5,75,11.4,15.9,15.6,0.0,0.0,0.0,2.0238095238095237,10.8,49,0,3.6,186,6.4,10.5,15.1,0.0
2025-03-30 05:00:00,25.8866666666667,22.8433333333333,0.0,12.0,51,0,2.2,71,11.1,15.6,15.6,0.0,0.0,0.0,2.0226190476190475,8.8,59,0,2.6,196,6.2,10.2,14.7,0.0
2025-03-30 06:00:00,25.85,22.8333333333333,0.0,11.8,52,0,2.3,64,10.7,15.3,15.6,0.0,0.0,0.0,2.0214285714285714,8.4,63,0,2.9,187,5.9,10.0,14.4,0.0
2025-03-30 07:00:00,25.84,22.8166666666667,0.0,13.1,58,0,1.5,52,11.1,15.1,15.6,0.0,0.0,0.02,2.020238095238095,9.0,64,0,3.2,207,9.2,9.8,14.0,0.0
2025-03-30 08:00:00,25.8066666666667,22.81,0.0,16.1,53,0,4.6,38,12.8,14.9,15.6,0.0,0.0,0.13,2.019047619047619,12.3,70,0,1.8,259,15.8,11.2,13.8,0.0
2025-03-30 09:00:00,25.79,22.81,0.0,18.3,54,0,8.7,28,14.8,14.9,15.6,0.0,0.0,0.26,2.017857142857143,17.3,56,0,5.9,14,22.2,14.1,13.8,0.0
2025-03-30 10:00:00,25.7533333333333,22.78,0.0,20.4,43,0,12.9,38,16.9,15.0,15.6,0.0,0.0,0.4,2.0166666666666666,19.5,57,0,14.1,38,24.0,16.4,13.9,0.0
2025-03-30 11:00:00,25.7166666666667,22.6866666666667,0.0,21.4,37,0,17.0,44,18.7,15.1,15.6,0.0,0.0,0.5,2.0154761904761904,20.6,44,0,19.4,43,24.8,18.1,14.2,0.0
2025-03-30 12:00:00,25.68,22.6366666666667,0.0,21.5,32,0,21.9,45,20.1,15.4,15.6,0.0,0.0,0.56,2.0142857142857142,20.7,40,0,23.2,46,24.8,19.1,14.6,0.0
2025-03-30 13:00:00,25.65,22.5366666666667,0.0,21.0,33,0,23.3,50,20.8,15.7,15.6,0.0,0.0,0.56,2.013095238095238,20.5,37,0,25.3,50,24.4,19.9,15.0,0.0
2025-03-30 14:00:00,25.6233333333333,22.49,0.0,20.1,37,0,23.2,50,21.2,16.0,15.6,0.0,0.0,0.52,2.011904761904762,20.1,41,0,25.9,52,23.6,20.2,15.4,0.0
2025-03-30 15:00:00,25.62,22.4033333333333,0.0,19.5,38,0,22.9,53,21.2,16.3,15.6,0.0,0.0,0.45,2.0107142857142857,19.5,46,0,25.6,51,22.3,20.2,15.8,0.0
2025-03-30 16:00:00,25.59,22.3533333333333,0.0,18.5,45,0,20.9,54,20.8,16.5,15.6,0.0,0.0,0.35,2.0095238095238095,18.6,49,0,25.0,54,20.0,19.8,16.1,0.0
2025-03-30 17:00:00,25.5866666666667,22.25,0.0,17.3,53,0,19.3,54,19.9,16.7,15.6,0.0,0.0,0.23,2.0083333333333333,17.5,54,0,22.8,59,17.7,19.0,16.4,0.0
2025-03-30 18:00:00,25.5766666666667,22.2333333333333,0.0,15.8,64,0,14.6,59,18.7,16.8,15.6,0.0,0.0,0.1,2.007142857142857,16.2,63,0,16.5,54,15.0,17.9,16.5,0.0
2025-03-30 19:00:00,25.57,22.23,0.0,14.2,72,0,9.9,64,17.3,16.9,15.6,0.0,0.0,0.04,2.005952380952381,14.4,70,0,9.2,42,12.5,16.5,16.5,0.0
2025-03-30 20:00:00,25.5533333333333,22.2266666666667,0.0,12.6,82,0,5.7,67,16.0,16.8,15.6,0.0,0.0,0.0,2.0047619047619047,13.2,77,0,4.8,27,11.1,15.2,16.4,0.0
2025-03-30 21:00:00,25.5466666666667,22.23,0.0,12.5,82,0,1.8,55,14.8,16.7,15.6,0.0,0.0,0.0,2.0035714285714286,12.9,79,0,1.5,346,9.4,14.1,16.2,0.0
2025-03-30 22:00:00,25.54,22.23,0.0,12.0,84,0,0.8,37,13.7,16.6,15.6,0.0,0.0,0.0,2.0023809523809524,11.8,84,0,3.4,252,8.7,13.0,16.0,0.0
2025-03-30 23:00:00,25.5233333333333,22.2266666666667,0.0,11.1,86,0,0.4,28,12.9,16.4,15.6,0.0,0.0,0.0,2.001190476190476,9.7,93,11,4.5,209,8.5,12.3,15.7,0.0
2025-03-31 00:00:00,25.5166666666667,22.22,0.0,10.0,87,0,3.2,315,12.2,16.1,15.6,0.0,0.0,0.0,2.0,8.8,95,16,4.3,204,7.9,11.9,15.4,0.0
2025-03-31 01:00:00,25.5133333333333,22.2133333333333,0.0,9.9,89,0,6.4,275,12.1,15.9,15.6,0.0,0.0,0.0,1.9988095238095238,8.3,93,6,3.9,202,7.3,11.3,15.1,0.0
2025-03-31 02:00:00,25.49,22.1933333333333,0.0,9.1,93,0,8.7,265,11.8,15.7,15.6,0.0,0.0,0.0,1.9976190476190476,7.8,88,5,2.9,173,6.5,10.8,14.8,0.0
2025-03-31 03:00:00,25.4633333333333,22.1733333333333,0.0,8.0,94,0,5.0,269,11.4,15.5,15.6,0.0,0.0,0.0,1.9964285714285714,7.2,88,5,3.6,174,6.0,10.2,14.4,0.0
2025-03-31 04:00:00,25.4533333333333,22.15,0.0,7.5,88,0,3.5,258,10.8,15.2,15.6,0.0,0.0,0.0,1.9952380952380953,6.5,91,5,4.0,180,5.7,9.7,14.1,0.0
2025-03-31 05:00:00,25.4366666666667,22.1433333333333,0.0,7.8,81,0,3.9,267,10.3,15.0,15.6,0.0,0.0,0.0,1.994047619047619,6.0,94,6,4.0,175,5.3,9.4,13.8,0.0
2025-03-31 06:00:00,25.4066666666667,22.13,0.0,7.9,77,0,1.7,285,9.9,14.7,15.6,0.0,0.0,0.0,1.9928571428571429,5.5,95,7,4.0,185,4.9,8.9,13.5,0.0
2025-03-31 07:00:00,25.3933333333333,22.12,0.0,10.3,67,0,0.7,16,10.2,14.5,15.6,0.0,0.0,0.01,1.9916666666666667,6.2,92,6,4.0,185,7.9,8.8,13.1,0.0
2025-03-31 08:00:00,25.3733333333333,22.12,0.0,13.7,63,0,4.4,23,11.7,14.3,15.6,0.0,0.0,0.12,1.9904761904761905,10.7,84,0,1.5,194,14.6,10.1,12.9,0.0
2025-03-31 09:00:00,25.3466666666667,22.12,0.0,16.0,56,0,7.2,23,13.7,14.2,15.6,0.0,0.0,0.25,1.9892857142857143,14.9,75,0,1.8,360,19.6,12.5,12.9,0.0
2025-03-31 10:00:00,25.32,22.11,0.0,17.7,50,0,9.9,26,15.8,14.3,15.6,0.0,0.0,0.37,1.9880952380952381,17.9,60,0,7.2,27,23.3,15.0,13.0,0.0
2025-03-31 11:00:00,25.2833333333333,22.0166666666667,0.0,19.4,46,0,11.0,23,17.8,14.5,15.6,0.0,0.0,0.47,1.986904761904762,19.5,56,0,10.9,27,25.0,17.1,13.3,0.0
2025-03-31 12:00:00,25.2433333333333,21.96,0.0,20.6,44,0,12.5,24,19.5,14.7,15.6,0.0,0.0,0.53,1.9857142857142858,19.7,58,0,13.4,24,25.0,18.4,13.7,0.0
2025-03-31 13:00:00,25.2066666666667,21.8566666666667,0.0,20.8,45,0,12.2,30,20.4,15.0,15.6,0.0,0.0,0.54,1.9845238095238096,20.2,49,0,14.7,25,24.9,19.5,14.2,0.0
2025-03-31 14:00:00,25.1766666666667,21.8166666666667,0.0,20.8,43,0,13.4,36,21.2,15.4,15.6,0.0,0.0,0.51,1.9833333333333334,20.2,48,0,15.6,29,24.2,20.0,14.7,0.0
2025-03-31 15:00:00,25.1433333333333,21.7166666666667,0.0,20.4,45,14,14.1,37,21.4,15.7,15.6,0.0,0.0,0.44,1.9821428571428572,19.9,53,0,16.1,29,22.9,20.2,15.2,0.0
2025-03-31 16:00:00,25.13,21.68,0.0,19.7,48,0,13.0,36,21.1,16.0,15.6,0.0,0.0,0.34,1.980952380952381,19.1,58,56,14.6,33,20.7,19.8,15.6,0.0
2025-03-31 17:00:00,25.11,21.5933333333333,0.0,18.5,54,0,11.5,36,20.3,16.3,15.6,0.0,0.0,0.22,1.9797619047619048,18.2,60,18,11.9,29,18.3,19.0,15.9,0.0
2025-03-31 18:00:00,25.09,21.5433333333333,0.0,16.2,69,0,5.6,36,19.0,16.4,15.6,0.0,0.0,0.07,1.9785714285714286,16.6,73,25,8.4,20,15.1,17.9,16.1,0.0
2025-03-31 19:00:00,25.0966666666667,21.5333333333333,0.0,13.7,81,0,2.3,33,17.1,16.5,15.6,0.0,0.0,0.01,1.9773809523809525,14.4,83,3,3.3,347,11.9,16.3,16.1,0.0
2025-03-31 20:00:00,25.09,21.5366666666667,0.0,13.0,85,0,1.3,14,15.6,16.5,15.6,0.0,0.0,0.0,1.9761904761904763,13.0,88,0,2.3,342,10.2,14.8,16.0,0.0
2025-03-31 21:00:00,25.0933333333333,21.5433333333333,0.0,12.0,87,20,2.4,315,14.5,16.4,15.6,0.0,0.0,0.0,1.975,12.2,91,0,1.1,270,8.9,13.6,15.8,0.0
2025-03-31 22:00:00,25.08,21.55,0.0,11.4,85,70,2.6,274,13.6,16.2,15.6,0.0,0.0,0.0,1.973809523809524,11.2,95,54,2.9,240,8.1,12.6,15.6,0.0
2025-03-31 23:00:00,25.0766666666667,21.55,0.0,11.1,83,79,3.1,253,12.8,16.0,15.6,0.0,0.0,0.0,1.9726190476190475,9.7,100,100,2.9,210,7.9,11.8,15.3,0.0
2025-04-01 00:00:00,25.0566666666667,21.55,0.0,11.0,81,98,3.2,236,12.2,15.8,15.6,0.0,0.0,0.0,1.9714285714285713,8.6,100,100,3.7,191,8.1,11.4,15.0,0.0
2025-04-01 01:00:00,25.0533333333333,21.55,0.0,10.6,83,98,6.0,240,11.7,15.7,15.6,0.0,0.0,0.0,1.9702380952380951,8.4,99,100,3.6,186,8.0,11.1,14.7,0.0
2025-04-01 02:00:00,25.04,21.55,0.0,10.4,85,99,6.1,251,11.6,15.4,15.6,0.0,0.0,0.0,1.969047619047619,8.1,99,100,3.7,191,7.7,10.9,14.4,0.0
2025-04-01 03:00:00,25.0133333333333,21.55,0.0,10.4,81,98,3.6,245,11.3,15.2,15.6,0.0,0.0,0.0,1.9678571428571427,7.8,99,100,4.0,190,7.2,10.5,14.1,0.0
2025-04-01 04:00:00,24.9933333333333,21.55,0.0,10.5,78,100,2.7,247,11.0,15.0,15.6,0.0,0.0,0.0,1.9666666666666666,7.6,99,100,3.2,180,7.0,10.2,13.9,0.0
2025-04-01 05:00:00,24.9733333333333,21.55,0.0,10.1,78,99,3.9,222,10.7,14.8,15.6,0.0,0.0,0.0,1.9654761904761904,7.5,99,100,3.3,186,6.8,10.0,13.6,0.0
2025-04-01 06:00:00,24.97,21.5466666666667,0.0,10.0,78,100,3.0,236,10.5,14.5,15.6,0.0,0.0,0.0,1.9642857142857142,7.1,98,93,4.0,190,6.5,9.7,13.3,0.0
2025-04-01 07:00:00,24.9433333333333,21.5266666666667,0.0,11.7,77,100,3.3,280,10.9,14.3,15.6,0.0,0.0,0.02,1.963095238095238,7.7,96,100,3.7,191,9.0,9.7,13.1,0.0
2025-04-01 08:00:00,24.9266666666667,21.5,0.0,14.6,69,100,3.6,255,12.3,14.2,15.6,0.0,0.0,0.1,1.9619047619047618,11.5,89,100,2.3,198,15.2,10.8,12.9,0.0
2025-04-01 09:00:00,24.9066666666667,21.4766666666667,0.0,16.8,58,100,1.1,333,14.2,14.2,15.6,0.0,0.0,0.21,1.9607142857142856,15.2,76,92,0.8,243,19.4,13.0,12.9,0.0
2025-04-01 10:00:00,24.8833333333333,21.4566666666667,0.0,18.6,52,20,4.3,356,16.3,14.3,15.6,0.0,0.0,0.34,1.9595238095238094,17.5,68,100,3.1,339,22.1,15.1,13.1,0.0
2025-04-01 11:00:00,24.84,21.43,0.0,20.2,49,40,7.0,355,18.4,14.5,15.6,0.0,0.0,0.47,1.9583333333333333,19.1,62,100,6.0,335,24.1,16.9,13.4,0.0
2025-04-01 12:00:00,24.8033333333333,21.3533333333333,0.0,21.0,44,22,11.1,339,20.0,14.8,15.6,0.0,0.0,0.53,1.957142857142857,20.0,64,36,10.2,337,26.3,18.6,13.8,0.0
2025-04-01 13:00:00,24.7766666666667,21.2933333333333,0.0,21.2,42,39,13.3,339,20.9,15.2,15.6,0.0,0.0,0.54,1.9559523809523809,20.4,58,7,12.5,342,26.1,19.9,14.3,0.0
2025-04-01 14:00:00,24.74,21.2266666666667,0.0,21.1,43,25,11.8,337,21.5,15.6,15.6,0.0,0.0,0.51,1.9547619047619047,20.1,60,3,13.2,343,25.3,20.5,14.8,0.0
2025-04-01 15:00:00,24.7066666666667,21.1466666666667,0.0,20.4,48,3,9.5,336,21.7,15.9,15.6,0.0,0.0,0.43,1.9535714285714285,19.7,64,17,13.0,346,24.1,20.7,15.3,0.0
2025-04-01 16:00:00,24.6833333333333,21.1133333333333,0.0,19.9,50,6,7.1,344,21.5,16.3,15.6,0.0,0.0,0.32,1.9523809523809523,19.0,68,23,10.2,350,22.1,20.5,15.7,0.0
2025-04-01 17:00:00,24.6766666666667,21.0233333333333,0.0,19.6,54,10,3.4,321,20.8,16.5,15.6,0.0,0.0,0.19,1.9511904761904761,18.3,68,78,6.8,360,19.6,19.8,16.0,0.0
2025-04-01 18:00:00,24.6633333333333,20.9833333333333,0.0,17.4,73,30,2.8,43,19.6,16.7,15.6,0.0,0.0,0.07,1.95,17.6,73,94,4.5,29,16.1,18.8,16.3,0.0
2025-04-01 19:00:00,24.6633333333333,20.98,0.0,15.2,77,70,3.6,132,17.9,16.8,15.6,0.0,0.0,0.02,1.9488095238095238,16.0,81,100,3.8,73,14.0,17.3,16.4,0.0
2025-04-01 20:00:00,24.6633333333333,20.9833333333333,0.0,14.5,74,100,3.8,169,16.7,16.8,15.6,0.0,0.0,0.0,1.9476190476190476,15.0,87,100,2.7,67,13.7,16.2,16.4,0.0
2025-04-01 21:00:00,24.6766666666667,20.9966666666667,0.0,14.2,71,98,4.0,202,15.9,16.8,15.6,0.0,0.0,0.0,1.9464285714285714,14.8,85,100,3.6,186,12.7,15.5,16.3,0.0
2025-04-01 22:00:00,24.6566666666667,21.01,0.0,13.9,70,21,4.9,207,15.2,16.7,15.6,0.0,0.0,0.01,1.9452380952380952,14.0,83,13,4.3,204,11.9,14.8,16.2,0.0
2025-04-01 23:00:00,24.64,21.0066666666667,0.0,13.5,72,1,6.0,214,14.6,16.5,15.6,0.0,0.0,0.01,1.944047619047619,13.2,81,2,3.1,225,10.9,14.1,16.0,0.0
2025-04-02 00:00:00,24.63,21.01,0.0,13.2,75,0,5.6,212,14.1,16.4,15.6,0.0,0.0,0.0,1.9428571428571428,12.4,84,22,4.4,189,10.7,13.6,15.8,0.0
2025-04-02 01:00:00,24.63,21.0033333333333,0.0,13.4,75,6,2.0,212,13.9,16.2,15.6,0.0,0.0,0.0,1.9416666666666667,12.1,83,12,4.3,185,10.8,13.2,15.6,0.0
2025-04-02 02:00:00,24.6166666666667,21.0033333333333,0.0,13.1,77,1,2.0,135,13.5,16.1,15.6,0.0,0.0,0.0,1.9404761904761905,11.7,85,4,3.6,180,10.3,12.9,15.3,0.0
2025-04-02 03:00:00,24.6,21.0033333333333,0.0,12.1,82,0,3.6,137,13.1,15.9,15.6,0.0,0.0,0.0,1.9392857142857143,11.2,88,13,3.2,207,9.9,12.6,15.1,0.0
2025-04-02 04:00:00,24.58,20.9933333333333,0.0,11.3,85,0,3.5,159,12.8,15.7,15.6,0.0,0.0,0.0,1.938095238095238,10.6,93,25,2.5,225,9.5,12.3,14.9,0.0
2025-04-02 05:00:00,24.5733333333333,20.9966666666667,0.0,10.8,87,0,3.5,191,12.5,15.6,15.6,0.0,0.0,0.0,1.936904761904762,10.2,95,5,2.8,220,9.0,11.9,14.7,0.0
2025-04-02 06:00:00,24.5533333333333,21.0,0.0,10.6,86,0,3.3,175,12.3,15.4,15.6,0.0,0.0,0.0,1.9357142857142857,10.1,95,28,3.6,225,9.2,11.8,14.5,0.0
2025-04-02 07:00:00,24.5333333333333,21.0033333333333,0.0,12.8,79,1,6.9,247,12.6,15.2,15.6,0.0,0.0,0.03,1.9345238095238095,11.4,92,3,3.7,209,12.7,11.8,14.3,0.0
2025-04-02 08:00:00,24.52,21.0066666666667,0.0,17.2,68,21,3.1,261,14.0,15.1,15.6,0.0,0.0,0.13,1.9333333333333333,15.8,83,0,2.5,225,19.4,13.4,14.1,0.0
2025-04-02 09:00:00,24.4833333333333,21.0,0.0,19.9,57,39,3.1,14,16.1,15.1,15.6,0.0,0.0,0.26,1.9321428571428572,19.7,66,0,1.8,307,23.8,15.9,14.2,0.0
2025-04-02 10:00:00,24.44,20.9533333333333,0.0,21.7,53,7,3.6,21,18.3,15.3,15.6,0.0,0.0,0.39,1.930952380952381,21.7,56,0,2.9,353,26.2,18.1,14.5,0.0
2025-04-02 11:00:00,24.3966666666667,20.8766666666667,0.0,23.0,50,7,5.7,22,20.3,15.5,15.6,0.0,0.0,0.49,1.9297619047619048,22.7,56,7,8.2,15,28.1,19.9,14.9,0.0
2025-04-02 12:00:00,24.3566666666667,20.74,0.0,23.1,52,18,13.1,39,21.7,15.8,15.6,0.0,0.0,0.52,1.9285714285714286,21.7,61,47,16.4,26,24.4,21.0,15.4,0.0
2025-04-02 13:00:00,24.44,25.3266666666667,0.0,21.7,58,31,19.6,44,22.3,16.2,15.6,0.0,0.0,0.49,1.9273809523809524,22.2,58,73,19.8,25,28.2,21.4,15.8,0.0
2025-04-02 14:00:00,24.4966666666667,26.44,0.0,21.8,59,4,18.2,48,22.7,16.6,15.6,0.0,0.0,0.46,1.9261904761904762,21.7,59,17,19.7,24,26.5,22.0,16.3,0.0
2025-04-02 15:00:00,24.5433333333333,26.0166666666667,0.0,20.9,61,3,18.1,48,22.6,16.9,15.7,0.0,0.0,0.39,1.925,21.1,60,5,20.6,19,24.6,22.0,16.7,0.0
2025-04-02 16:00:00,24.6733333333333,25.69,0.0,20.8,63,0,16.2,51,22.3,17.2,15.7,0.0,0.0,0.32,1.9238095238095239,20.4,63,3,18.4,40,22.5,21.5,17.1,0.0
2025-04-02 17:00:00,24.8733333333333,25.4766666666667,0.0,19.1,68,2,16.0,40,21.5,17.4,15.7,0.0,0.0,0.2,1.9226190476190477,19.9,63,5,16.9,52,20.3,20.7,17.3,0.0
2025-04-02 18:00:00,25.08,25.25,0.0,17.9,76,0,13.2,24,20.3,17.6,15.7,0.0,0.0,0.09,1.9214285714285713,19.0,65,0,13.5,42,17.7,19.7,17.5,0.0
2025-04-02 19:00:00,25.28,25.0866666666667,0.0,15.9,86,15,8.8,43,18.9,17.7,15.7,0.0,0.0,0.03,1.920238095238095,16.9,78,0,8.8,12,15.2,18.3,17.6,0.0
2025-04-02 20:00:00,25.42,24.9433333333333,0.0,14.5,91,0,5.1,56,17.7,17.7,15.7,0.0,0.0,0.0,1.919047619047619,15.8,85,71,7.2,6,14.8,17.2,17.5,0.0
2025-04-02 21:00:00,25.5333333333333,24.83,0.0,14.4,91,0,1.6,55,16.6,17.6,15.7,0.0,0.0,0.0,1.9178571428571427,15.2,88,51,3.3,354,13.7,16.4,17.4,0.0
2025-04-02 22:00:00,25.63,24.7233333333333,0.0,13.9,92,3,1.2,27,15.8,17.5,15.7,0.0,0.0,0.0,1.9166666666666665,14.8,90,43,1.1,270,12.3,15.6,17.2,0.0
2025-04-02 23:00:00,25.6933333333333,24.66,0.0,13.7,92,2,1.6,323,15.1,17.3,15.7,0.0,0.0,0.0,1.9154761904761903,14.3,91,57,2.6,236,12.1,14.9,17.0,0.0
2025-04-03 00:00:00,25.7266666666667,24.56,0.0,13.3,92,0,1.3,308,14.6,17.1,15.7,0.0,0.0,0.0,1.9142857142857141,14.3,87,23,1.0,135,11.4,14.6,16.7,0.0
2025-04-03 01:00:00,25.7566666666667,24.52,0.0,13.7,90,0,0.2,9,14.9,17.0,15.8,0.0,0.0,0.0,1.913095238095238,13.3,91,30,1.1,198,11.0,14.1,16.5,0.0
2025-04-03 02:00:00,25.7666666666667,24.4333333333333,0.0,13.2,90,0,0.6,330,14.3,16.9,15.8,0.0,0.0,0.0,1.9119047619047618,13.1,91,4,1.3,236,10.3,13.6,16.2,0.0
2025-04-03 03:00:00,25.7866666666667,24.3733333333333,0.0,12.5,90,3,3.3,266,13.8,16.7,15.8,0.0,0.0,0.0,1.9107142857142856,12.6,94,39,3.3,257,10.7,13.1,15.9,0.0
2025-04-03 04:00:00,25.7966666666667,24.3333333333333,0.0,12.2,90,8,5.3,254,13.5,16.5,15.8,0.0,0.0,0.0,1.9095238095238094,12.2,95,59,4.7,212,11.4,13.1,15.7,0.0
2025-04-03 05:00:00,25.8,24.25,0.0,12.6,92,70,8.4,237,13.5,16.3,15.8,0.0,0.0,0.0,1.9083333333333332,12.2,95,77,5.6,207,11.8,13.1,15.4,0.0
2025-04-03 06:00:00,25.8,24.22,0.0,13.6,89,100,9.5,232,13.8,16.2,15.8,0.0,0.0,0.0,1.907142857142857,12.4,95,72,6.3,211,11.8,13.2,15.3,0.0
2025-04-03 07:00:00,25.7966666666667,24.19,0.0,15.1,84,100,10.7,231,14.3,16.0,15.8,0.0,0.0,0.04,1.9059523809523808,13.4,91,72,5.5,212,14.1,13.4,15.1,0.0
2025-04-03 08:00:00,25.7933333333333,24.1166666666667,0.0,16.4,81,100,11.4,245,15.1,16.0,15.8,0.0,0.0,0.09,1.9047619047619047,15.8,82,84,5.9,218,17.8,14.4,15.0,0.0
2025-04-03 09:00:00,25.79,24.08,0.0,17.6,75,85,9.7,255,16.2,15.9,15.8,0.0,0.0,0.17,1.9035714285714285,17.6,82,77,6.6,279,21.4,16.0,15.0,0.0
2025-04-03 10:00:00,25.7966666666667,24.0566666666667,0.0,18.8,69,100,7.6,270,17.5,16.0,15.8,0.0,0.0,0.22,1.9023809523809523,19.4,75,63,7.4,317,23.7,17.8,15.2,0.0
2025-04-03 11:00:00,25.7866666666667,23.9533333333333,0.0,20.2,63,100,7.7,291,19.1,16.1,15.8,0.0,0.0,0.35,1.901190476190476,20.3,71,100,11.3,338,24.3,19.3,15.5,0.0
2025-04-03 12:00:00,25.7766666666667,23.9133333333333,0.0,21.3,58,84,9.7,314,20.4,16.3,15.8,0.0,0.0,0.39,1.9,19.4,77,100,15.5,357,25.0,19.9,15.9,0.0
2025-04-03 13:00:00,25.7633333333333,23.82,0.0,21.7,59,98,14.1,8,22.1,16.7,15.8,0.0,0.0,0.49,1.8985119047619046,19.6,74,100,17.2,11,25.0,20.5,16.3,0.0
2025-04-03 14:00:00,25.76,23.77,0.0,20.0,69,66,15.9,31,22.4,17.0,15.8,0.0,0.0,0.38,1.8970238095238094,19.3,73,100,16.8,28,23.5,20.7,16.6,0.0
2025-04-03 15:00:00,25.77,23.67,0.0,19.7,69,97,14.4,47,22.4,17.3,15.8,0.0,0.0,0.33,1.895535714285714,19.3,72,100,18.2,38,22.1,20.7,17.0,0.0
2025-04-03 16:00:00,25.77,23.63,0.0,19.5,68,98,13.2,56,22.0,17.5,15.8,0.0,0.0,0.27,1.894047619047619,19.3,73,72,17.8,42,21.6,20.3,17.2,0.0
2025-04-03 17:00:00,25.7733333333333,23.55,0.0,18.5,72,6,12.9,48,21.3,17.7,15.8,0.0,0.0,0.18,1.8925595238095236,18.5,77,51,18.6,49,19.2,19.8,17.4,0.0
2025-04-03 18:00:00,25.78,23.51,0.0,17.1,80,8,11.3,65,20.2,17.9,15.8,0.0,0.0,0.08,1.8910714285714285,17.5,82,40,16.3,49,16.8,18.8,17.5,0.0
2025-04-03 19:00:00,25.7833333333333,23.5033333333333,0.0,15.4,88,7,8.0,77,18.8,17.9,15.8,0.0,0.0,0.02,1.8895833333333332,16.2,88,5,12.1,37,15.0,17.7,17.5,0.0
2025-04-03 20:00:00,25.79,23.4733333333333,0.0,14.3,85,0,7.4,84,17.7,17.9,15.9,0.0,0.0,0.0,1.888095238095238,15.3,94,23,7.8,22,14.2,16.7,17.4,0.0
2025-04-03 21:00:00,25.7933333333333,23.4333333333333,0.0,13.3,83,0,6.1,58,16.6,17.8,15.9,0.0,0.0,0.0,1.8866071428571427,14.5,97,48,5.1,315,13.5,15.9,17.2,0.0
2025-04-03 22:00:00,25.7766666666667,23.4033333333333,0.0,12.8,84,20,2.7,23,15.6,17.7,15.9,0.0,0.0,0.0,1.8851190476190476,14.0,98,62,3.6,307,12.8,15.3,17.0,0.0
2025-04-03 23:00:00,25.7633333333333,23.38,0.0,12.2,87,88,9.4,315,14.9,17.5,15.9,0.0,0.0,0.0,1.8836309523809522,14.1,95,100,4.5,284,13.5,14.9,16.8,0.0
2025-04-04 00:00:00,25.76,23.3666666666667,0.0,12.6,93,37,18.1,245,14.6,17.3,15.9,0.0,0.0,0.0,1.8821428571428571,14.5,96,100,5.4,290,14.1,14.7,16.6,0.0
2025-04-04 01:00:00,25.7533333333333,23.36,0.0,14.0,87,38,9.2,203,15.0,17.2,15.9,0.0,0.0,0.0,1.8806547619047618,14.3,93,100,5.0,201,14.0,14.8,16.4,0.0
2025-04-04 02:00:00,25.74,23.36,0.0,13.3,86,44,8.5,219,14.7,17.0,15.9,0.0,0.0,0.0,1.8791666666666667,14.2,95,89,4.6,219,13.8,14.8,16.2,0.0
2025-04-04 03:00:00,25.7266666666667,23.3533333333333,0.0,13.7,83,4,6.3,230,14.5,16.9,15.9,0.0,0.0,0.0,1.8776785714285713,14.1,94,50,2.9,187,12.7,14.7,16.1,0.0
2025-04-04 04:00:00,25.71,23.3266666666667,0.0,12.7,87,0,3.2,236,14.1,16.7,15.9,0.0,0.0,0.0,1.8761904761904762,13.4,94,26,3.7,191,11.8,14.3,16.0,0.0
2025-04-04 05:00:00,25.69,23.29,0.0,12.5,85,0,1.5,169,13.6,16.5,15.9,0.0,0.0,0.0,1.8747023809523808,12.6,94,37,2.2,189,11.1,13.8,15.8,0.0
2025-04-04 06:00:00,25.6833333333333,23.2633333333333,0.0,12.5,83,0,1.5,158,13.2,16.3,15.9,0.0,0.0,0.0,1.8732142857142857,12.1,94,59,2.3,198,10.6,13.3,15.6,0.0
2025-04-04 07:00:00,25.6733333333333,23.2366666666667,0.0,14.6,78,0,3.6,212,13.6,16.2,15.9,0.0,0.0,0.03,1.8717261904761904,12.7,93,47,2.2,189,14.2,13.3,15.4,0.0
2025-04-04 08:00:00,25.6666666666667,23.22,0.0,18.0,68,0,1.2,212,15.1,16.1,15.9,0.0,0.0,0.13,1.8702380952380953,16.1,81,52,2.5,225,19.6,14.7,15.3,0.0
2025-04-04 09:00:00,25.6533333333333,23.22,0.0,20.7,61,0,3.1,285,17.1,16.1,15.9,0.0,0.0,0.27,1.86875,19.2,71,56,3.6,233,23.3,16.9,15.3,0.0
2025-04-04 10:00:00,25.6333333333333,23.1833333333333,0.0,23.5,51,0,5.6,263,19.4,16.2,15.9,0.0,0.0,0.41,1.8672619047619046,21.6,64,55,4.8,228,26.0,18.8,15.5,0.0
2025-04-04 11:00:00,25.5966666666667,23.0966666666667,0.0,25.6,40,6,10.6,265,21.3,16.4,15.9,0.0,0.0,0.54,1.8657738095238094,23.5,57,65,4.5,256,27.5,20.5,15.9,0.0
2025-04-04 12:00:00,25.5833333333333,23.0633333333333,0.0,26.5,38,26,11.9,268,22.8,16.7,15.9,0.0,0.0,0.58,1.864285714285714,24.8,48,58,3.1,306,28.3,21.9,16.3,0.0
2025-04-04 13:00:00,25.5366666666667,22.96,0.0,26.6,39,34,10.2,275,23.6,17.1,15.9,0.0,0.0,0.54,1.862797619047619,25.8,43,51,9.5,307,30.2,23.1,16.9,0.0
2025-04-04 14:00:00,25.53,22.9166666666667,0.0,26.8,38,87,8.0,296,24.4,17.4,15.9,0.0,0.0,0.53,1.8613095238095236,24.7,54,36,11.2,358,28.3,23.8,17.4,0.0
2025-04-04 15:00:00,25.49,22.8133333333333,0.0,23.8,46,48,16.9,3,23.7,17.8,16.0,0.0,0.0,0.31,1.8598214285714285,24.3,51,38,14.4,22,26.9,23.8,17.9,0.0
2025-04-04 16:00:00,25.4833333333333,22.7833333333333,0.0,23.1,47,26,13.5,44,23.3,18.1,16.0,0.0,0.0,0.33,1.8583333333333332,23.1,54,27,14.8,39,24.8,23.2,18.2,0.0
2025-04-04 17:00:00,25.49,22.7233333333333,0.0,22.4,51,30,8.9,72,22.7,18.3,16.0,0.0,0.0,0.22,1.856845238095238,22.1,55,14,12.8,16,22.3,22.4,18.5,0.0
2025-04-04 18:00:00,25.4766666666667,22.66,0.0,20.4,62,15,5.1,358,21.6,18.5,16.0,0.0,0.0,0.09,1.8553571428571427,20.2,63,34,10.1,6,18.9,21.3,18.8,0.0
2025-04-04 19:00:00,25.4666666666667,22.65,0.0,17.9,74,12,1.8,339,20.0,18.6,16.0,0.0,0.0,0.02,1.8538690476190476,18.3,74,44,3.1,45,16.2,19.7,18.8,0.0
2025-04-04 20:00:00,25.4566666666667,22.65,0.0,16.9,78,9,1.0,22,18.7,18.5,16.0,0.0,0.0,0.0,1.8523809523809522,17.3,80,51,1.8,143,14.9,18.4,18.7,0.0
2025-04-04 21:00:00,25.4666666666667,22.65,0.0,16.4,76,0,1.9,104,17.6,18.5,16.0,0.0,0.0,0.0,1.8508928571428571,16.2,81,49,1.9,202,14.1,17.3,18.5,0.0
2025-04-04 22:00:00,25.45,22.65,0.0,15.7,76,1,1.7,18,16.7,18.3,16.0,0.0,0.0,0.0,1.8494047619047618,15.7,83,50,0.8,297,13.2,16.5,18.3,0.0
2025-04-04 23:00:00,25.4366666666667,22.6433333333333,0.0,14.8,81,1,1.8,27,16.0,18.2,16.1,0.0,0.0,0.0,1.8479166666666667,15.2,85,65,3.6,360,13.4,15.8,18.1,0.0
2025-04-05 00:00:00,25.4333333333333,22.64,0.0,14.1,82,0,3.1,74,15.4,18.0,16.1,0.0,0.0,0.0,1.8464285714285713,15.0,83,59,3.3,96,12.5,15.3,17.8,0.0
2025-04-05 01:00:00,25.4266666666667,22.6333333333333,0.0,14.3,78,0,2.6,90,15.2,17.9,16.1,0.0,0.0,0.0,1.8449404761904762,13.7,90,41,4.4,125,12.3,14.9,17.5,0.0
2025-04-05 02:00:00,25.4166666666667,22.61,0.0,13.9,78,1,2.6,90,14.6,17.7,16.1,0.0,0.0,0.0,1.8434523809523808,13.2,90,41,2.3,141,11.5,14.6,17.2,0.0
2025-04-05 03:00:00,25.4033333333333,22.5833333333333,0.0,13.3,81,24,4.9,79,14.2,17.5,16.1,0.0,0.0,0.0,1.8419642857142857,13.3,86,52,2.0,135,10.9,14.1,16.9,0.0
2025-04-05 04:00:00,25.3733333333333,22.56,0.0,13.2,84,42,5.6,77,14.0,17.3,16.1,0.0,0.0,0.0,1.8404761904761904,13.6,84,67,0.7,90,11.1,13.8,16.6,0.0
2025-04-05 05:00:00,25.36,22.54,0.0,13.4,85,99,3.9,70,13.9,17.1,16.1,0.0,0.0,0.0,1.8389880952380953,13.7,86,72,1.8,90,11.6,13.6,16.4,0.0
2025-04-05 06:00:00,25.3466666666667,22.53,0.0,13.6,87,100,3.8,70,13.9,16.9,16.1,0.1,0.1,0.02,1.8375,13.8,88,77,2.6,106,12.5,13.9,16.2,0.0
2025-04-05 07:00:00,25.3266666666667,22.52,0.0,15.2,84,30,5.2,86,14.4,16.7,16.1,0.0,0.0,0.03,1.8360119047619046,14.2,88,80,3.3,139,15.1,14.2,16.0,0.0
2025-04-05 08:00:00,25.3033333333333,22.52,0.0,16.8,79,36,3.8,73,15.5,16.6,16.1,0.0,0.0,0.09,1.8345238095238094,16.3,83,85,2.6,106,19.1,15.2,15.9,0.0
2025-04-05 09:00:00,25.28,22.5166666666667,0.0,18.2,71,32,4.7,20,17.0,16.6,16.1,0.0,0.0,0.22,1.833035714285714,18.3,74,69,5.8,353,21.8,17.0,15.9,0.0
2025-04-05 10:00:00,25.2633333333333,22.46,0.0,19.4,66,29,4.8,19,18.6,16.7,16.1,0.1,0.1,0.31,1.831547619047619,19.3,66,65,11.0,349,24.0,18.5,16.1,0.0
2025-04-05 11:00:00,25.2366666666667,22.39,0.0,20.8,61,51,7.2,10,20.3,16.8,16.1,0.1,0.1,0.42,1.8300595238095236,20.5,60,68,12.1,337,27.1,19.9,16.3,0.0
2025-04-05 12:00:00,25.2,22.3533333333333,0.0,20.3,62,90,12.7,13,20.8,17.0,16.1,0.0,0.0,0.32,1.8285714285714285,20.9,56,92,14.6,340,27.3,21.5,16.7,0.0
2025-04-05 13:00:00,25.1866666666667,22.2633333333333,0.0,20.1,63,99,13.1,13,21.8,17.3,16.1,0.1,0.1,0.42,1.8270833333333332,20.7,55,100,15.6,341,26.3,22.1,17.1,0.0
2025-04-05 14:00:00,25.1533333333333,22.23,0.0,20.4,60,100,12.9,14,22.3,17.6,16.1,0.0,0.0,0.42,1.825595238095238,20.7,52,100,17.7,336,26.6,22.6,17.5,0.0
2025-04-05 15:00:00,25.1466666666667,22.1666666666667,0.0,19.7,61,99,14.2,14,22.2,17.8,16.1,0.0,0.0,0.32,1.8241071428571427,20.3,53,97,17.9,338,24.5,22.4,17.8,0.0
2025-04-05 16:00:00,25.13,22.09,0.0,18.9,62,83,11.7,21,21.8,18.0,16.2,0.0,0.0,0.25,1.8226190476190476,19.6,54,100,16.3,342,22.1,22.0,18.1,0.0
2025-04-05 17:00:00,25.12,22.0666666666667,0.0,18.1,63,92,10.6,22,21.1,18.2,16.2,0.0,0.0,0.19,1.8211309523809522,18.9,53,100,11.9,346,19.5,21.0,18.3,0.0
2025-04-05 18:00:00,25.1,22.0766666666667,0.0,17.0,66,82,5.1,35,20.0,18.3,16.2,0.0,0.0,0.08,1.8196428571428571,18.0,55,100,7.6,8,17.1,19.9,18.4,0.0
2025-04-05 19:00:00,25.0933333333333,22.0566666666667,0.0,15.1,75,95,3.4,91,18.6,18.3,16.2,0.0,0.0,0.02,1.8181547619047618,16.3,64,83,4.7,99,14.1,18.5,18.4,0.0
2025-04-05 20:00:00,25.0933333333333,22.0466666666667,0.0,13.9,80,4,4.3,142,17.4,18.2,16.2,0.0,0.0,0.0,1.8166666666666667,15.0,70,87,4.9,144,13.3,17.1,18.3,0.0
2025-04-05 21:00:00,25.09,22.04,0.0,13.1,84,1,4.1,173,16.3,18.1,16.2,0.0,0.0,0.0,1.8151785714285713,14.2,63,27,4.7,171,12.3,16.2,18.1,0.0
2025-04-05 22:00:00,25.0766666666667,22.0333333333333,0.0,12.7,83,3,4.6,197,15.6,17.9,16.2,0.0,0.0,0.0,1.8136904761904762,13.0,63,33,4.8,193,11.4,15.3,17.8,0.0
2025-04-05 23:00:00,25.06,22.0166666666667,0.0,12.6,80,4,5.4,211,15.0,17.8,16.2,0.0,0.0,0.0,1.8122023809523808,12.3,67,78,4.3,204,11.2,14.6,17.5,0.0
2025-04-06 00:00:00,25.0366666666667,22.0033333333333,0.0,12.3,77,6,5.5,223,14.5,17.6,16.2,0.0,0.0,0.0,1.8107142857142857,12.5,65,75,4.0,190,11.6,14.3,17.2,0.0
2025-04-06 01:00:00,25.02,21.9866666666667,0.0,12.3,75,2,4.8,228,14.3,17.5,16.2,0.0,0.0,0.0,1.8092261904761904,12.4,67,72,3.7,191,11.2,14.0,16.9,0.0
2025-04-06 02:00:00,25.0066666666667,21.9733333333333,0.0,12.1,71,2,3.9,211,13.8,17.2,16.2,0.0,0.0,0.0,1.8077380952380953,12.0,70,54,3.7,191,10.6,13.7,16.7,0.0
2025-04-06 03:00:00,24.9966666666667,21.96,0.0,11.8,69,5,3.6,207,13.3,17.0,16.3,0.0,0.0,0.0,1.80625,11.4,71,40,4.0,190,10.1,13.3,16.4,0.0
2025-04-06 04:00:00,24.9833333333333,21.95,0.0,11.3,70,2,5.1,237,12.9,16.8,16.3,0.0,0.0,0.01,1.8047619047619046,10.6,75,12,4.1,195,9.1,12.8,16.1,0.0
2025-04-06 05:00:00,24.9666666666667,21.95,0.0,11.1,70,2,6.4,239,12.6,16.5,16.3,0.0,0.0,0.01,1.8032738095238094,9.8,77,0,4.0,207,8.4,12.3,15.8,0.0
2025-04-06 06:00:00,24.9466666666667,21.9533333333333,0.0,10.9,70,0,6.4,232,12.4,16.3,16.3,0.0,0.0,0.03,1.801785714285714,9.4,75,15,4.3,204,8.2,11.9,15.5,0.0
2025-04-06 07:00:00,24.9266666666667,21.9533333333333,0.0,13.5,65,17,7.1,227,12.8,16.1,16.3,0.0,0.0,0.05,1.800297619047619,10.7,74,26,4.2,211,12.0,11.8,15.2,0.0
2025-04-06 08:00:00,24.9066666666667,21.9466666666667,0.0,17.2,55,98,4.7,233,14.3,16.0,16.3,0.0,0.0,0.15,1.7988095238095236,15.3,68,68,3.3,257,18.9,13.4,15.0,0.0
2025-04-06 09:00:00,24.8733333333333,21.9066666666667,0.0,19.4,47,93,5.3,276,16.3,15.9,16.3,0.0,0.0,0.27,1.7973214285714285,18.6,56,100,5.4,270,22.9,16.0,15.0,0.0
2025-04-06 10:00:00,24.84,21.84,0.0,20.9,45,99,6.8,288,18.3,16.0,16.2,0.0,0.0,0.39,1.7958333333333332,20.8,48,100,8.2,311,26.0,18.1,15.2,0.0
2025-04-06 11:00:00,24.7966666666667,21.8133333333333,0.0,22.3,43,100,8.7,302,20.1,16.2,16.2,0.0,0.0,0.47,1.794345238095238,21.4,50,100,14.5,330,26.1,19.9,15.6,0.0
2025-04-06 12:00:00,24.77,21.72,0.0,22.2,45,100,12.7,329,21.2,16.5,16.2,0.0,0.0,0.46,1.7928571428571427,20.2,60,100,14.7,338,22.9,20.6,16.0,0.0
2025-04-06 13:00:00,24.73,21.6833333333333,0.0,21.3,47,27,15.3,344,21.2,16.8,16.2,0.0,0.0,0.37,1.7913690476190476,21.0,58,73,15.0,339,26.9,21.0,16.4,0.0
2025-04-06 14:00:00,24.7233333333333,21.67,0.0,21.4,43,3,15.5,338,22.0,17.0,16.3,0.0,0.0,0.48,1.7898809523809522,21.7,47,41,17.1,332,26.7,22.0,16.8,0.0
2025-04-06 15:00:00,24.6866666666667,21.5733333333333,0.0,21.4,43,2,13.1,337,22.4,17.3,16.3,0.0,0.0,0.44,1.7883928571428571,21.4,46,18,17.1,325,24.8,22.3,17.3,0.0
2025-04-06 16:00:00,24.6766666666667,21.5333333333333,0.0,20.6,46,58,13.1,344,22.2,17.6,16.3,0.0,0.0,0.35,1.7869047619047618,20.3,53,31,15.3,326,22.4,21.8,17.6,0.0
2025-04-06 17:00:00,24.6633333333333,21.49,0.0,19.5,51,22,7.2,360,21.5,17.8,16.3,0.0,0.0,0.21,1.7854166666666667,19.4,56,6,9.5,323,20.5,21.0,17.9,0.0
2025-04-06 18:00:00,24.6633333333333,21.4266666666667,0.0,18.0,64,94,2.7,65,20.4,17.9,16.3,0.0,0.0,0.07,1.7839285714285713,19.2,59,67,0.8,243,17.8,20.1,18.1,0.0
2025-04-06 19:00:00,24.66,21.4066666666667,0.0,15.7,68,12,4.4,117,18.7,18.0,16.3,0.0,0.0,0.03,1.7824404761904762,17.0,65,16,4.0,153,14.2,18.5,18.1,0.0
2025-04-06 20:00:00,24.64,21.4,0.0,14.3,74,9,4.0,163,17.3,17.9,16.3,0.0,0.0,0.0,1.7809523809523808,15.8,67,64,3.6,180,13.0,17.0,18.0,0.0
2025-04-06 21:00:00,24.6366666666667,21.4233333333333,0.0,13.6,74,11,5.0,182,16.3,17.8,16.3,0.0,0.0,0.0,1.7794642857142857,14.5,59,9,5.1,188,12.2,16.0,17.8,0.0
2025-04-06 22:00:00,24.63,21.41,0.0,13.4,67,7,6.5,203,15.6,17.7,16.3,0.0,0.0,0.01,1.7779761904761904,13.9,60,12,4.8,193,11.6,15.1,17.6,0.0
2025-04-06 23:00:00,24.6266666666667,21.5566666666667,0.0,13.2,63,13,6.9,209,15.0,17.5,16.3,0.0,0.0,0.02,1.7764880952380953,13.1,63,0,3.9,214,10.8,14.5,17.3,0.0
2025-04-07 00:00:00,24.6166666666667,21.6,0.0,13.1,62,61,7.2,216,14.5,17.4,16.3,0.0,0.0,0.02,1.775,12.8,62,0,4.6,198,10.7,14.1,17.0,0.0
2025-04-07 01:00:00,24.6033333333333,21.5533333333333,0.0,12.8,64,0,6.9,213,14.3,17.2,16.3,0.0,0.0,0.02,1.7735119047619048,12.1,67,0,4.6,198,10.2,13.6,16.7,0.0
2025-04-07 02:00:00,24.5866666666667,21.5233333333333,0.0,12.9,65,0,7.6,214,14.0,17.0,16.3,0.0,0.0,0.02,1.7720238095238094,11.6,70,4,4.2,200,9.8,13.1,16.4,0.0
2025-04-07 03:00:00,24.5666666666667,21.52,0.0,12.6,68,31,6.4,214,13.8,16.8,16.3,0.0,0.0,0.01,1.770535714285714,11.1,70,0,4.9,197,9.5,12.7,16.1,0.0
2025-04-07 04:00:00,24.55,21.45,0.0,12.5,70,23,6.0,221,13.5,16.7,16.3,0.0,0.0,0.01,1.769047619047619,10.8,74,0,4.5,194,9.1,12.4,15.8,0.0
2025-04-07 05:00:00,24.5266666666667,21.4466666666667,0.0,12.5,72,19,6.7,211,13.4,16.5,16.3,0.0,0.0,0.01,1.7675595238095236,10.5,77,33,4.6,198,8.9,12.0,15.5,0.0
2025-04-07 06:00:00,24.5066666666667,21.4566666666667,0.0,12.0,76,11,5.6,200,13.2,16.3,16.3,0.0,0.0,0.03,1.7660714285714285,10.5,78,89,4.9,197,9.3,11.8,15.3,0.0
2025-04-07 07:00:00,24.48,21.42,0.0,14.3,73,10,7.3,195,13.6,16.1,16.3,0.0,0.0,0.05,1.7645833333333332,11.7,78,61,4.7,203,12.6,12.0,15.0,0.0
2025-04-07 08:00:00,24.4666666666667,21.4066666666667,0.0,18.5,60,0,4.1,197,15.1,16.0,16.3,0.0,0.0,0.15,1.763095238095238,15.9,71,5,4.3,228,19.3,13.5,14.9,0.0
2025-04-07 09:00:00,24.45,21.39,0.0,20.6,50,0,1.3,201,17.1,16.1,16.3,0.0,0.0,0.27,1.7616071428571427,20.0,56,1,6.5,236,24.8,16.4,14.9,0.0
2025-04-07 10:00:00,24.46,21.3533333333333,0.0,22.0,46,0,2.5,21,19.3,16.2,16.3,0.0,0.0,0.4,1.7601190476190476,22.2,47,0,5.1,262,27.3,18.8,15.2,0.0
2025-04-07 11:00:00,24.55,21.2833333333333,0.0,23.2,42,0,4.7,19,21.3,16.4,16.3,0.0,0.0,0.51,1.7586309523809522,23.8,42,72,3.0,346,29.0,20.7,15.6,0.0
2025-04-07 12:00:00,24.5333333333333,23.1,0.0,24.2,39,0,8.2,18,22.9,16.7,16.3,0.0,0.0,0.58,1.7571428571428571,24.4,41,37,10.6,10,30.9,22.2,16.1,0.0
2025-04-07 13:00:00,24.5133333333333,25.22,0.0,24.2,41,0,11.9,26,23.9,17.1,16.3,0.0,0.0,0.59,1.7556547619047618,24.0,42,22,16.5,23,29.5,23.4,16.7,0.0
2025-04-07 14:00:00,24.5233333333333,25.1533333333333,0.0,23.5,42,0,15.8,34,24.3,17.5,16.3,0.0,0.0,0.55,1.7541666666666667,23.5,43,0,18.5,27,28.1,23.8,17.3,0.0
2025-04-07 15:00:00,24.52,24.9866666666667,0.0,22.8,43,0,16.6,42,24.2,17.9,16.3,0.0,0.0,0.48,1.7526785714285713,22.5,47,0,19.8,29,26.1,23.6,17.8,0.0
2025-04-07 16:00:00,24.5366666666667,24.7966666666667,0.0,22.0,46,0,15.7,47,23.7,18.2,16.3,0.0,0.0,0.38,1.7511904761904762,21.5,51,0,17.9,38,23.7,22.9,18.2,0.0
2025-04-07 17:00:00,24.5466666666667,24.6666666666667,0.0,20.9,49,0,14.5,47,22.8,18.4,16.4,0.0,0.0,0.25,1.7497023809523808,20.6,55,0,15.8,43,21.3,21.9,18.5,0.0
2025-04-07 18:00:00,24.56,24.5433333333333,0.0,19.0,56,0,11.1,50,21.5,18.6,16.4,0.0,0.0,0.12,1.7482142857142857,19.4,65,0,11.8,40,18.2,20.8,18.6,0.0
2025-04-07 19:00:00,24.58,24.42,0.0,16.3,69,0,5.9,62,19.9,18.6,16.4,0.0,0.0,0.04,1.7467261904761904,17.1,76,0,5.8,7,15.1,19.2,18.7,0.0
2025-04-07 20:00:00,24.5933333333333,24.35,0.0,15.4,75,0,4.5,67,18.4,18.6,16.4,0.0,0.0,0.0,1.7452380952380953,15.5,85,0,3.7,349,13.6,17.7,18.6,0.0
2025-04-07 21:00:00,24.6133333333333,24.2533333333333,0.0,15.1,76,0,3.2,63,17.1,18.5,16.4,0.0,0.0,0.0,1.74375,14.6,87,0,2.3,342,12.3,16.5,18.4,0.0
2025-04-07 22:00:00,24.6233333333333,24.2166666666667,0.0,14.7,78,0,2.1,54,16.1,18.4,16.4,0.0,0.0,0.0,1.7422619047619048,14.1,89,0,1.6,297,11.2,15.5,18.1,0.0
2025-04-07 23:00:00,24.6233333333333,24.13,0.0,14.5,80,0,1.2,44,15.3,18.2,16.4,0.0,0.0,0.0,1.7407738095238094,13.7,90,0,1.8,270,10.4,14.6,17.8,0.0
2025-04-08 00:00:00,24.6233333333333,24.09,0.0,13.9,82,0,1.3,15,14.6,18.0,16.4,0.0,0.0,0.0,1.739285714285714,13.4,88,0,2.3,252,10.1,14.0,17.4,0.0
2025-04-08 01:00:00,24.63,24.0466666666667,0.0,13.2,84,0,2.6,322,14.0,17.8,16.4,0.0,0.0,0.0,1.737797619047619,12.8,90,0,3.1,234,10.1,13.6,17.1,0.0
2025-04-08 02:00:00,24.62,23.9633333333333,0.0,12.5,83,0,4.1,291,13.6,17.5,16.4,0.0,0.0,0.0,1.7363095238095236,11.9,90,0,2.8,220,10.0,13.3,16.7,0.0
2025-04-08 03:00:00,24.6233333333333,23.94,0.0,12.4,81,0,2.9,294,13.2,17.3,16.4,0.0,0.0,0.0,1.7348214285714285,11.3,89,0,2.6,196,9.1,12.8,16.4,0.0
2025-04-08 04:00:00,24.62,23.91,0.0,12.4,78,0,2.9,299,12.9,17.0,16.4,0.0,0.0,0.0,1.7333333333333332,11.3,88,0,1.8,169,8.8,12.4,16.1,0.0
2025-04-08 05:00:00,24.62,23.8366666666667,0.0,12.1,77,0,1.8,343,12.6,16.8,16.4,0.0,0.0,0.0,1.731845238095238,11.3,91,0,2.3,141,8.5,12.0,15.8,0.0
2025-04-08 06:00:00,24.6166666666667,23.7933333333333,0.0,11.7,77,0,1.9,354,12.3,16.5,16.4,0.0,0.0,0.02,1.7303571428571427,11.5,92,1,0.8,207,7.8,11.5,15.5,0.0
2025-04-08 07:00:00,24.6133333333333,23.7866666666667,0.0,14.0,70,0,3.2,355,12.9,16.3,16.4,0.0,0.0,0.04,1.7288690476190476,12.2,94,0,2.7,247,13.2,11.7,15.2,0.0
2025-04-08 08:00:00,24.6066666666667,23.74,0.0,17.3,64,0,5.7,347,14.5,16.2,16.4,0.0,0.0,0.15,1.7273809523809522,15.9,81,0,2.6,254,20.3,13.7,15.0,0.0
2025-04-08 09:00:00,24.6,23.6833333333333,0.0,19.8,54,0,7.7,345,16.5,16.2,16.4,0.0,0.0,0.29,1.7258928571428571,19.8,66,0,5.4,352,24.9,16.5,15.0,0.0
2025-04-08 10:00:00,24.5833333333333,23.6466666666667,0.0,22.5,45,0,10.7,356,18.6,16.3,16.4,0.0,0.0,0.43,1.7244047619047618,22.1,60,0,9.3,16,27.5,18.9,15.3,0.0
2025-04-08 11:00:00,24.58,23.61,0.0,23.7,41,0,17.2,15,20.5,16.5,16.4,0.0,0.0,0.54,1.7229166666666667,23.2,57,0,15.0,17,28.6,20.9,15.7,0.0
2025-04-08 12:00:00,24.5766666666667,23.5166666666667,0.0,24.0,39,0,17.3,26,22.0,16.7,16.4,0.0,0.0,0.59,1.7214285714285713,23.0,51,0,18.1,17,28.0,21.7,16.2,0.0
2025-04-08 13:00:00,24.57,23.4733333333333,0.0,23.9,41,0,14.1,40,23.0,17.1,16.4,0.0,0.0,0.59,1.7199404761904762,23.5,48,0,17.7,24,28.7,22.6,16.7,0.0
2025-04-08 14:00:00,24.58,23.3766666666667,0.0,24.3,42,0,15.7,49,23.7,17.4,16.4,0.0,0.0,0.57,1.7184523809523808,23.6,53,0,17.4,30,28.3,23.2,17.2,0.0
2025-04-08 15:00:00,24.6,23.3566666666667,0.0,24.3,45,6,15.0,45,24.0,17.8,16.5,0.0,0.0,0.49,1.7169642857142857,23.5,54,10,19.3,33,26.8,23.4,17.7,0.0
2025-04-08 16:00:00,24.6133333333333,23.2433333333333,0.0,23.1,52,5,14.5,36,23.8,18.1,16.5,0.0,0.0,0.37,1.7154761904761904,22.7,55,12,17.6,31,24.6,23.1,18.1,0.0
2025-04-08 17:00:00,24.63,23.23,0.0,22.0,56,3,11.2,29,23.0,18.4,16.5,0.0,0.0,0.24,1.7139880952380953,21.3,60,7,15.3,24,21.9,22.2,18.5,0.0
2025-04-08 18:00:00,24.6466666666667,23.2066666666667,0.0,20.0,65,5,7.9,360,21.8,18.6,16.5,0.0,0.0,0.1,1.7125,19.8,67,6,12.3,5,18.6,21.1,18.7,0.0
2025-04-08 19:00:00,24.6666666666667,23.1433333333333,0.0,17.2,74,2,5.4,351,20.2,18.7,16.5,0.0,0.0,0.03,1.7110119047619048,17.7,77,0,7.1,336,15.8,19.5,18.7,0.0
2025-04-08 20:00:00,24.6866666666667,23.1066666666667,0.0,16.3,77,13,3.3,357,18.8,18.7,16.5,0.0,0.0,0.0,1.7095238095238094,16.5,83,36,4.1,315,14.7,18.1,18.6,0.0
2025-04-08 21:00:00,24.6933333333333,23.0833333333333,0.0,15.7,79,42,2.4,347,17.7,18.6,16.5,0.0,0.0,0.0,1.708035714285714,15.9,83,58,4.3,275,14.6,17.2,18.5,0.0
2025-04-08 22:00:00,24.71,23.08,0.0,15.3,82,76,6.9,286,17.0,18.5,16.5,0.0,0.0,0.0,1.706547619047619,15.5,85,79,4.6,252,14.7,16.7,18.3,0.0
2025-04-08 23:00:00,24.7066666666667,23.07,0.0,15.4,81,23,13.6,262,16.7,18.4,16.5,0.0,0.0,0.02,1.7050595238095236,15.3,87,80,4.5,241,14.5,16.4,18.1,0.0
2025-04-09 00:00:00,24.7033333333333,23.0466666666667,0.0,15.2,82,91,10.1,261,16.4,18.2,16.5,0.0,0.0,0.01,1.7035714285714285,14.7,89,78,5.0,240,13.8,15.9,17.8,0.0
2025-04-09 01:00:00,24.6966666666667,22.9966666666667,0.0,14.2,85,98,7.5,256,15.6,18.1,16.5,0.0,0.0,0.0,1.7020833333333332,14.4,91,91,4.8,228,13.2,15.6,17.6,0.0
2025-04-09 02:00:00,24.6866666666667,22.96,0.0,13.8,90,100,11.9,254,15.3,17.9,16.6,0.0,0.0,0.0,1.700595238095238,13.6,94,91,3.9,202,12.2,15.3,17.4,0.0
2025-04-09 03:00:00,24.6666666666667,22.9366666666667,0.0,13.3,94,79,12.7,253,15.1,17.7,16.6,0.0,0.0,0.0,1.6991071428571427,13.2,95,71,3.8,221,12.1,14.9,17.2,0.0
2025-04-09 04:00:00,24.6733333333333,22.93,0.0,13.1,94,8,11.0,261,14.9,17.6,16.6,0.0,0.0,0.0,1.6976190476190476,12.6,97,76,3.9,202,11.9,14.5,17.0,0.0
2025-04-09 05:00:00,24.6633333333333,22.9233333333333,0.0,12.9,94,0,8.7,273,14.6,17.4,16.6,0.0,0.0,0.0,1.6961309523809522,12.2,99,60,2.9,187,11.4,14.2,16.7,0.0
2025-04-09 06:00:00,24.6433333333333,22.8866666666667,0.0,12.6,94,0,6.4,278,14.4,17.2,16.6,0.0,0.0,0.02,1.6946428571428571,12.3,100,67,2.6,214,11.6,13.9,16.5,0.0
2025-04-09 07:00:00,24.64,22.85,0.0,14.7,87,0,7.0,292,14.7,17.1,16.6,0.0,0.0,0.04,1.6931547619047618,13.3,98,77,2.9,173,15.4,14.1,16.3,0.0
2025-04-09 08:00:00,24.6266666666667,22.8233333333333,0.0,17.3,78,0,5.7,306,16.0,17.0,16.6,0.0,0.0,0.14,1.6916666666666667,16.0,91,59,1.8,169,20.0,15.4,16.2,0.0
2025-04-09 09:00:00,24.6166666666667,22.8066666666667,0.0,19.2,71,0,6.4,346,17.8,17.0,16.6,0.0,0.0,0.27,1.6901785714285713,19.3,78,36,4.8,27,24.5,17.5,16.2,0.0
2025-04-09 10:00:00,24.61,22.8,0.0,21.1,63,0,9.2,18,19.7,17.0,16.6,0.0,0.0,0.4,1.6886904761904762,20.9,72,30,8.2,23,27.1,19.5,16.4,0.0
2025-04-09 11:00:00,24.59,22.7766666666667,0.0,22.8,57,0,11.9,33,21.5,17.2,16.6,0.0,0.0,0.5,1.6872023809523808,21.9,70,51,12.7,25,28.5,21.2,16.7,0.0
2025-04-09 12:00:00,24.5766666666667,22.6933333333333,0.0,23.4,55,3,14.6,37,23.0,17.5,16.6,0.0,0.0,0.55,1.6857142857142857,21.5,72,68,15.8,27,27.9,21.9,17.1,0.0
2025-04-09 13:00:00,24.5666666666667,22.6533333333333,0.0,22.6,63,2,15.4,33,23.5,17.8,16.6,0.0,0.0,0.53,1.6842261904761904,21.3,73,65,17.9,30,27.2,22.7,17.5,0.0
2025-04-09 14:00:00,24.5833333333333,22.6466666666667,0.0,22.1,63,17,15.4,36,24.0,18.2,16.6,0.0,0.0,0.49,1.6827380952380953,21.1,72,69,17.7,33,26.4,22.9,17.9,0.0
2025-04-09 15:00:00,24.59,22.5966666666667,0.0,21.5,66,95,15.6,42,24.1,18.5,16.6,0.0,0.0,0.42,1.68125,20.7,74,99,18.0,37,25.1,22.7,18.3,0.0
2025-04-09 16:00:00,24.59,22.5466666666667,0.0,21.0,67,100,14.5,38,23.7,18.8,16.6,0.0,0.0,0.31,1.6797619047619048,19.6,80,100,17.1,35,21.2,21.9,18.6,0.0
2025-04-09 17:00:00,24.61,22.52,0.0,19.6,73,100,12.1,33,22.7,19.0,16.6,0.0,0.0,0.16,1.6782738095238094,18.8,80,100,14.7,36,20.5,21.0,18.7,0.0
2025-04-09 18:00:00,24.6433333333333,22.51,0.0,18.1,81,100,12.3,44,21.4,19.1,16.6,0.0,0.0,0.07,1.676785714285714,17.8,83,100,13.0,34,17.5,19.9,18.8,0.0
2025-04-09 19:00:00,24.65,22.51,0.0,17.2,87,100,8.4,36,20.3,19.1,16.6,0.0,0.0,0.03,1.675297619047619,16.8,89,100,8.2,29,16.2,18.8,18.8,0.0
2025-04-09 20:00:00,24.6566666666667,22.5,0.0,16.1,94,34,6.9,359,19.3,19.1,16.7,0.0,0.0,0.0,1.6738095238095236,16.4,92,99,6.2,7,16.0,18.0,18.7,0.0
2025-04-09 21:00:00,24.6633333333333,22.4933333333333,0.0,14.7,100,96,3.8,8,18.3,19.1,16.7,0.0,0.0,0.0,1.6723214285714285,16.0,96,88,4.7,360,15.6,17.5,18.5,0.0
2025-04-09 22:00:00,24.6566666666667,22.49,0.0,14.0,100,100,2.2,15,17.4,18.9,16.7,0.0,0.0,0.0,1.6708333333333332,15.8,97,89,3.1,339,15.3,17.1,18.3,0.0
2025-04-09 23:00:00,24.6566666666667,22.4533333333333,0.0,13.8,100,100,1.3,10,16.6,18.8,16.7,0.0,0.0,0.0,1.669345238095238,15.5,97,90,2.9,7,14.8,16.8,18.2,0.0
2025-04-10 00:00:00,24.6466666666667,22.4066666666667,0.0,13.5,98,100,1.9,359,15.9,18.6,16.7,0.0,0.0,0.0,1.6678571428571427,15.2,99,100,4.4,35,14.9,16.6,18.0,0.0
2025-04-10 01:00:00,24.6333333333333,22.3766666666667,0.0,13.9,98,100,5.3,18,15.9,18.5,16.7,0.0,0.0,0.0,1.6663690476190476,15.2,97,100,3.6,45,14.5,16.4,17.8,0.0
2025-04-10 02:00:00,24.6266666666667,22.36,0.0,13.5,99,100,7.0,1,15.8,18.3,16.7,0.0,0.0,0.0,1.6648809523809522,14.9,97,100,2.3,51,14.1,16.1,17.6,0.0
2025-04-10 03:00:00,24.61,22.36,0.0,13.1,99,100,6.6,349,15.6,18.1,16.7,0.0,0.0,0.0,1.6633928571428571,15.0,97,100,2.3,321,14.2,15.8,17.5,0.0
2025-04-10 04:00:00,24.6033333333333,22.35,0.0,13.4,99,100,4.0,317,15.5,17.9,16.7,0.0,0.0,0.0,1.6619047619047618,14.8,97,100,2.8,310,14.7,15.8,17.3,0.0
2025-04-10 05:00:00,24.58,22.32,0.0,14.0,93,100,3.0,346,15.5,17.8,16.7,0.0,0.0,0.0,1.6604166666666667,14.9,98,100,3.9,56,14.7,15.8,17.2,0.0
2025-04-10 06:00:00,24.58,22.2833333333333,0.0,15.1,93,100,9.6,71,15.5,17.6,16.7,0.0,0.0,0.02,1.6589285714285713,15.1,97,100,2.1,59,14.3,15.7,17.0,0.0
2025-04-10 07:00:00,24.5666666666667,22.25,0.0,16.7,92,71,9.3,30,15.9,17.5,16.7,0.0,0.0,0.03,1.6574404761904762,16.4,94,66,6.4,38,17.6,15.9,16.9,0.0
2025-04-10 08:00:00,24.5566666666667,22.23,0.0,18.7,84,99,9.4,356,16.9,17.4,16.7,0.0,0.0,0.11,1.6559523809523808,18.3,86,41,10.4,46,21.6,17.1,16.9,0.0
2025-04-10 09:00:00,24.55,22.2233333333333,0.0,21.3,70,100,8.5,342,18.4,17.4,16.7,0.0,0.0,0.24,1.6544642857142857,19.1,83,62,14.2,30,23.3,18.5,16.9,0.0
2025-04-10 10:00:00,24.5333333333333,22.2266666666667,0.0,22.9,59,100,11.3,355,20.2,17.5,16.8,0.0,0.0,0.37,1.6529761904761904,19.8,79,57,14.7,25,24.9,19.8,17.1,0.0
2025-04-10 11:00:00,24.5366666666667,22.21,0.0,23.0,56,100,10.7,13,21.7,17.7,16.8,0.0,0.0,0.46,1.6514880952380953,20.0,79,100,16.9,29,24.1,20.7,17.4,0.0
2025-04-10 12:00:00,24.5133333333333,22.1466666666667,0.0,23.7,56,94,12.1,33,23.1,18.0,16.8,0.0,0.0,0.51,1.65,19.5,78,100,16.3,31,23.0,20.8,17.6,0.0
2025-04-10 13:00:00,24.51,22.1,0.0,21.5,70,100,16.8,38,22.7,18.1,16.8,0.0,0.0,0.43,1.65,19.6,78,100,16.9,29,23.0,21.1,17.9,0.0
2025-04-10 14:00:00,24.5133333333333,22.08,0.0,20.4,74,100,14.6,41,22.8,18.4,16.8,0.0,0.0,0.34,1.65,19.2,80,100,17.5,32,22.9,20.9,18.2,0.0
2025-04-10 15:00:00,24.52,22.0766666666667,0.0,19.4,78,100,16.3,45,22.2,18.6,16.8,0.0,0.0,0.21,1.65,18.8,80,100,18.3,36,21.0,20.6,18.3,0.0
2025-04-10 16:00:00,24.5233333333333,22.07,0.0,18.8,80,100,17.5,45,21.6,18.7,16.8,0.0,0.0,0.18,1.65,18.5,81,100,19.1,43,20.1,20.2,18.5,0.0
2025-04-10 17:00:00,24.53,22.0566666666667,0.0,18.1,84,100,16.4,47,20.9,18.9,16.8,0.0,0.0,0.12,1.65,17.9,83,100,18.6,46,18.7,19.6,18.5,0.0
2025-04-10 18:00:00,24.53,22.03,0.0,17.4,87,100,14.8,50,20.1,18.9,16.8,0.0,0.0,0.06,1.65,17.3,85,100,18.6,47,17.5,18.8,18.5,0.0
2025-04-10 19:00:00,24.5233333333333,22.0033333333333,0.0,16.2,93,100,13.2,50,19.2,18.9,16.8,0.0,0.0,0.02,1.65,16.7,88,100,15.8,41,16.4,18.2,18.4,0.0
2025-04-10 20:00:00,24.5266666666667,21.9833333333333,0.0,16.1,94,100,15.7,49,18.6,18.9,16.8,0.0,0.0,0.0,1.65,16.7,89,100,14.0,48,16.5,17.7,18.3,0.0
2025-04-10 21:00:00,24.5266666666667,21.9633333333333,0.0,16.0,95,100,17.2,52,18.2,18.8,16.8,0.0,0.0,0.0,1.65,16.7,90,100,12.7,35,16.3,17.5,18.2,0.0
2025-04-10 22:00:00,24.5133333333333,21.9433333333333,0.0,16.1,95,100,15.9,52,17.9,18.7,16.8,0.0,0.0,0.0,1.65,16.6,92,100,10.7,33,16.2,17.3,18.1,0.0
2025-04-10 23:00:00,24.51,21.9333333333333,0.0,15.6,97,100,15.8,50,17.6,18.6,16.9,0.0,0.0,0.0,1.65,16.5,93,100,10.9,44,16.2,17.1,18.0,0.0
2025-04-11 00:00:00,24.4966666666667,21.93,0.0,15.5,97,100,15.3,50,17.4,18.5,16.9,0.0,0.0,0.0,1.65,16.5,93,100,12.7,35,16.3,17.1,17.9,0.0
2025-04-11 01:00:00,24.4966666666667,21.93,0.0,15.7,95,100,17.7,49,17.6,18.5,16.9,0.0,0.0,0.0,1.65,16.5,93,100,13.3,38,16.5,17.0,17.7,0.0
2025-04-11 02:00:00,24.49,21.93,0.0,15.3,99,100,13.3,42,17.3,18.4,16.9,0.0,0.0,0.0,1.65,16.5,92,100,10.6,35,16.4,17.0,17.7,0.0
2025-04-11 03:00:00,24.47,21.9166666666667,0.0,14.9,100,100,10.4,27,17.1,18.3,16.9,0.0,0.0,0.0,1.65,16.4,94,100,11.3,31,16.3,16.9,17.5,0.0
2025-04-11 04:00:00,24.46,21.8966666666667,0.0,14.6,100,100,9.0,8,16.9,18.2,16.9,0.0,0.0,0.0,1.65,16.3,94,100,9.4,23,16.1,16.8,17.5,0.0
2025-04-11 05:00:00,24.4533333333333,21.87,0.0,14.3,99,100,8.7,354,16.6,18.1,16.9,0.0,0.0,0.0,1.65,16.0,96,100,6.4,27,15.5,16.6,17.4,0.0
2025-04-11 06:00:00,24.4466666666667,21.8533333333333,0.0,14.6,96,100,8.3,350,16.4,18.0,16.9,0.0,0.0,0.02,1.65,16.0,95,100,7.6,25,15.8,16.6,17.3,0.0
2025-04-11 07:00:00,24.4366666666667,21.84,0.0,16.0,90,100,8.4,353,16.4,17.9,16.9,0.0,0.0,0.03,1.65,16.6,94,100,8.7,24,17.6,16.6,17.2,0.0
2025-04-11 08:00:00,24.42,21.8233333333333,0.0,18.6,81,100,7.6,354,17.0,17.8,16.9,0.0,0.0,0.1,1.65,17.8,89,100,9.8,24,19.8,17.3,17.2,0.0
2025-04-11 09:00:00,24.42,21.8133333333333,0.0,20.1,77,100,9.0,358,18.2,17.8,16.9,0.0,0.0,0.19,1.65,18.0,88,100,13.2,22,20.3,17.7,17.1,0.0
2025-04-11 10:00:00,24.405,21.8033333333333,0.0,23.8,68,100,7.5,1,19.9,17.8,16.9,0.0,0.0,0.33,1.65,18.6,84,100,12.0,39,21.7,18.5,17.2,0.0
2025-04-11 11:00:00,24.39,21.78,0.0,25.2,67,100,2.4,65,21.2,18.0,16.9,0.0,0.0,0.33,1.65,19.3,84,100,12.7,25,22.3,19.4,17.4,0.0
2025-04-11 12:00:00,24.42,24.35,0.0,27.0,56,100,5.4,177,22.5,18.2,16.9,0.0,0.0,0.34,1.65,18.6,91,100,17.5,352,20.8,19.3,17.5,0.0
2025-04-11 13:00:00,24.43,25.4233333333333,0.0,22.2,75,100,19.0,14,22.0,18.3,16.9,0.0,0.0,0.4,1.65,21.0,80,100,21.0,5,24.3,20.3,17.7,0.0
2025-04-11 14:00:00,24.4333333333333,25.2966666666667,0.0,21.8,74,100,17.1,0,22.5,18.5,16.9,0.0,0.0,0.37,1.65,20.0,83,100,20.1,21,23.4,20.7,18.0,0.0
2025-04-11 15:00:00,24.4433333333333,25.1566666666667,0.0,19.6,77,100,19.2,348,22.2,18.7,16.9,0.0,0.0,0.25,1.65,17.7,89,100,20.3,23,18.2,19.1,18.1,0.1
2025-04-11 16:00:00,24.4433333333333,25.0233333333333,0.0,18.0,86,100,8.3,350,22.0,18.9,17.0,0.0,0.0,0.24,1.65,17.3,90,100,14.8,14,17.6,18.6,18.1,0.0
2025-04-11 17:00:00,24.4566666666667,24.9066666666667,0.0,18.0,85,94,7.3,41,21.6,19.0,17.0,0.0,0.0,0.15,1.65,16.9,91,100,11.8,27,17.3,18.1,18.1,0.0
2025-04-11 18:00:00,24.4666666666667,24.8166666666667,0.0,16.3,92,98,8.1,16,20.7,19.1,17.0,0.0,0.0,0.06,1.65,16.9,91,100,12.3,40,16.8,17.7,18.0,0.0
2025-04-11 19:00:00,24.47,24.7066666666667,0.0,15.3,96,100,3.3,191,19.6,19.1,17.0,0.0,0.0,0.01,1.65,16.7,92,100,11.2,40,16.5,17.4,17.9,0.0
2025-04-11 20:00:00,24.47,24.6433333333333,0.0,15.2,97,100,2.9,356,18.7,19.1,17.0,0.0,0.0,0.0,1.65,16.5,93,100,10.8,53,16.3,17.2,17.8,0.0
2025-04-11 21:00:00,24.4833333333333,24.55,0.0,14.4,100,98,1.6,41,17.9,19.0,17.0,0.0,0.0,0.0,1.65,15.9,94,100,11.0,49,15.6,16.7,17.6,0.0
2025-04-11 22:00:00,24.4933333333333,24.51,0.0,14.0,100,100,3.0,9,17.2,18.9,17.0,0.0,0.0,0.0,1.65,15.7,96,100,8.6,33,15.6,16.4,17.5,0.0
2025-04-11 23:00:00,24.4966666666667,24.4233333333333,0.0,13.1,100,100,2.8,340,16.7,18.7,17.0,0.0,0.0,0.0,1.65,15.6,96,100,9.0,37,15.5,16.4,17.3,0.0
2025-04-12 00:00:00,24.4966666666667,24.3866666666667,0.0,12.9,100,100,2.4,316,16.2,18.5,17.0,0.0,0.0,0.0,1.65,15.8,93,100,11.8,40,15.8,16.4,17.3,0.0
2025-04-12 01:00:00,24.5033333333333,24.33,0.0,15.6,98,100,10.1,77,17.2,18.9,17.1,0.0,0.0,0.0,1.65,15.7,95,100,8.1,21,15.5,16.3,17.1,0.0
2025-04-12 02:00:00,24.5066666666667,24.26,0.0,15.0,100,100,11.6,58,17.1,18.8,17.1,0.0,0.0,0.0,1.65,15.7,96,100,3.9,34,15.5,16.2,17.0,0.0
2025-04-12 03:00:00,24.51,24.2366666666667,0.0,14.7,99,100,6.6,36,16.9,18.6,17.1,0.1,0.1,0.0,1.65,15.6,97,100,8.4,43,15.3,16.0,16.9,0.0
2025-04-12 04:00:00,24.5166666666667,24.1966666666667,0.0,14.6,99,100,3.7,346,16.7,18.5,17.1,0.0,0.0,0.0,1.65,15.4,97,100,8.8,35,15.1,15.9,16.8,0.0
2025-04-12 05:00:00,24.5366666666667,24.13,0.0,14.1,99,100,7.9,283,16.4,18.4,17.1,0.0,0.0,0.0,1.65,15.4,97,100,5.6,50,15.1,15.8,16.7,0.0
2025-04-12 06:00:00,24.54,24.0933333333333,0.0,14.2,99,100,7.4,300,16.2,18.2,17.1,0.0,0.0,0.01,1.65,15.2,99,100,7.9,30,15.2,15.6,16.6,0.0
2025-04-12 07:00:00,24.56,24.0833333333333,0.0,15.1,97,100,6.4,317,16.5,18.1,17.1,0.0,0.0,0.03,1.65,15.9,95,100,10.8,37,16.7,15.9,16.5,0.0
2025-04-12 08:00:00,24.5666666666667,24.0366666666667,0.0,15.4,99,100,6.3,335,16.7,18.0,17.1,0.0,0.0,0.04,1.65,16.7,90,100,10.6,35,18.1,16.4,16.5,0.0
2025-04-12 09:00:00,24.5833333333333,23.9833333333333,0.0,15.6,97,100,8.3,344,17.0,17.9,17.1,0.0,0.0,0.05,1.65,16.3,94,100,8.4,25,18.3,16.7,16.4,0.0
2025-04-12 10:00:00,24.6,23.9466666666667,0.0,16.3,93,100,7.9,330,17.5,17.8,17.1,0.0,0.0,0.09,1.65,17.5,90,100,14.8,14,20.2,17.8,16.5,0.0
2025-04-12 11:00:00,24.6066666666667,23.94,0.0,17.8,86,100,10.1,341,18.2,17.8,17.1,0.3,0.3,0.15,1.65,17.1,91,100,9.5,9,19.0,18.1,16.7,0.0
2025-04-12 12:00:00,24.6166666666667,23.9166666666667,0.0,18.8,82,100,12.7,344,18.9,17.9,17.1,0.1,0.1,0.23,1.65,16.9,92,100,9.0,16,19.0,17.8,16.9,0.0
2025-04-12 13:00:00,24.63,23.8633333333333,0.0,19.1,87,100,9.1,57,18.4,17.8,17.1,0.3,0.3,0.17,1.65,17.5,91,100,11.0,38,20.6,18.5,17.0,0.0
2025-04-12 14:00:00,24.64,23.8233333333333,0.0,19.0,85,100,11.0,14,18.9,17.8,17.1,0.0,0.0,0.17,1.65,17.3,91,100,7.1,24,19.0,18.4,17.2,0.0
2025-04-12 15:00:00,24.6533333333333,23.8,0.0,18.5,85,100,11.0,358,19.1,17.9,17.1,0.1,0.1,0.16,1.65,17.6,90,100,10.4,358,19.8,18.7,17.4,0.0
2025-04-12 16:00:00,24.6733333333333,23.79,0.0,18.7,82,100,8.7,32,19.5,18.0,17.1,0.0,0.0,0.19,1.65,17.5,89,100,8.8,19,18.5,18.4,17.5,0.0
2025-04-12 17:00:00,24.68,23.7666666666667,0.0,17.4,87,100,7.9,25,19.3,18.0,17.1,0.0,0.0,0.09,1.65,17.1,89,100,13.0,39,17.3,18.0,17.6,0.0
2025-04-12 18:00:00,24.6766666666667,23.73,0.0,16.8,89,100,0.0,104,18.8,18.1,17.1,0.0,0.0,0.04,1.65,16.7,92,100,12.0,44,16.7,17.4,17.6,0.0
2025-04-12 19:00:00,24.6733333333333,23.7,0.0,16.4,93,100,1.5,273,18.1,18.1,17.1,0.5,0.5,0.02,1.65,16.3,93,100,8.0,54,15.9,16.9,17.5,0.0
2025-04-12 20:00:00,24.6766666666667,23.68,0.0,16.1,97,100,4.4,343,17.5,18.0,17.1,0.7,0.7,0.0,1.65,16.1,96,100,1.8,53,15.9,16.7,17.4,0.4
2025-04-12 21:00:00,24.6733333333333,23.6633333333333,0.0,15.8,98,100,2.7,323,17.0,18.0,17.1,0.4,0.4,0.0,1.65,15.9,97,100,2.2,189,15.9,16.6,17.2,1.1
2025-04-12 22:00:00,24.67,23.6566666666667,0.0,15.8,98,99,1.3,327,16.7,17.9,17.1,0.1,0.1,0.0,1.65,15.8,98,100,6.6,9,15.7,16.4,17.1,0.5
2025-04-12 23:00:00,24.68,23.66,0.0,15.5,98,76,3.8,335,16.4,17.8,17.1,0.0,0.0,0.0,1.65,15.5,99,100,6.8,108,15.5,16.3,17.0,0.1
2025-04-13 00:00:00,24.6933333333333,23.6966666666667,0.0,15.0,99,34,0.5,315,16.0,17.7,17.1,0.0,0.0,0.0,1.65,15.8,97,99,2.2,90,15.6,16.3,17.0,0.0
2025-04-13 01:00:00,24.7,23.7933333333333,0.0,15.5,99,93,2.9,46,16.4,17.6,17.1,0.0,0.0,0.0,1.65,15.6,99,100,5.7,18,15.5,16.1,16.8,0.0
2025-04-13 02:00:00,24.7,23.9133333333333,0.0,15.2,100,100,1.9,353,16.0,17.5,17.1,0.0,0.0,0.0,1.65,15.6,98,100,4.7,23,15.3,15.9,16.7,0.0
2025-04-13 03:00:00,24.7166666666667,23.99,0.0,14.9,100,100,3.9,20,15.8,17.4,17.1,0.0,0.0,0.0,1.65,15.2,98,100,3.6,84,14.8,15.6,16.6,0.0
2025-04-13 04:00:00,24.7266666666667,24.0766666666667,0.0,15.2,100,100,5.4,45,15.9,17.3,17.1,0.0,0.0,0.0,1.65,15.4,98,100,0.5,315,15.2,15.7,16.5,0.0
2025-04-13 05:00:00,24.7366666666667,24.0866666666667,0.0,15.3,99,100,2.7,51,15.9,17.2,17.1,4.5,4.5,0.0,1.65,15.4,98,100,2.7,113,15.2,15.7,16.4,0.2
2025-04-13 06:00:00,24.74,24.1,0.0,15.4,99,100,2.2,56,16.0,17.1,17.1,7.6,7.6,0.01,1.65,15.4,98,100,2.3,108,15.3,15.6,16.3,0.2
2025-04-13 07:00:00,24.74,24.1166666666667,0.0,15.6,96,97,2.4,153,16.1,17.0,17.1,6.3,6.3,0.02,1.65,15.8,98,100,4.1,135,16.2,15.8,16.2,0.1
2025-04-13 08:00:00,24.76,24.1733333333333,0.0,16.3,93,100,5.2,256,16.4,17.0,17.1,1.4,1.4,0.06,1.65,16.6,95,93,0.8,63,17.9,16.4,16.2,0.0
2025-04-13 09:00:00,24.7733333333333,24.32,0.0,17.3,86,100,7.4,274,17.0,17.0,17.1,0.3,0.3,0.13,1.65,17.6,90,99,5.4,340,18.9,17.3,16.4,0.0
2025-04-13 10:00:00,24.79,24.4866666666667,0.0,17.4,84,100,6.9,288,17.1,17.0,17.1,0.2,0.2,0.1,1.65,17.8,90,100,8.7,343,18.8,18.1,16.6,0.0
2025-04-13 11:00:00,24.8166666666667,24.5566666666667,0.0,17.5,84,100,8.1,317,17.4,17.0,17.1,0.4,0.4,0.12,1.65,17.4,90,100,13.2,334,17.9,17.8,16.7,0.0
2025-04-13 12:00:00,24.8533333333333,24.6333333333333,0.0,17.8,82,100,7.7,323,17.6,17.0,17.1,0.3,0.3,0.15,1.65,17.5,89,100,11.0,322,19.6,17.7,16.8,0.0
2025-04-13 13:00:00,24.88,24.6566666666667,0.0,16.5,88,100,11.5,299,17.5,17.2,17.1,5.2,5.2,0.13,1.65,17.6,89,100,10.2,318,19.1,18.0,17.0,0.0
2025-04-13 14:00:00,24.9266666666667,24.67,0.0,17.5,85,96,7.9,250,17.7,17.2,17.1,0.6,0.6,0.15,1.65,17.5,92,100,8.0,297,18.2,17.9,17.1,0.3
2025-04-13 15:00:00,24.9966666666667,24.6666666666667,0.0,18.7,78,96,6.1,284,18.4,17.3,17.1,0.1,0.1,0.24,1.65,18.1,89,100,6.8,252,18.6,18.0,17.2,0.2
2025-04-13 16:00:00,25.0633333333333,24.6666666666667,0.0,18.2,76,40,3.8,262,18.6,17.4,17.1,0.0,0.0,0.15,1.65,17.9,88,100,7.9,204,18.3,17.8,17.2,0.3
2025-04-13 17:00:00,25.16,24.74,0.0,18.8,70,27,2.8,227,19.0,17.5,17.1,0.0,0.0,0.2,1.65,18.2,85,100,9.4,203,18.0,17.8,17.3,0.0
2025-04-13 18:00:00,25.74,25.4166666666667,0.0,17.9,79,28,2.9,182,18.6,17.6,17.1,0.0,0.0,0.08,1.65,17.8,87,100,7.7,191,17.0,17.6,17.3,0.0
2025-04-13 19:00:00,27.1533333333333,25.6866666666667,0.0,15.6,80,38,5.2,193,17.4,17.6,17.1,0.0,0.0,0.02,1.65,16.7,88,73,6.1,183,15.3,17.0,17.3,0.0
2025-04-13 20:00:00,27.62,25.7266666666667,0.0,14.8,82,81,7.7,203,16.6,17.5,17.1,0.0,0.0,0.0,1.65,15.6,90,47,5.2,205,14.4,16.2,17.2,0.0
2025-04-13 21:00:00,27.75,25.69,0.0,14.5,83,14,7.6,210,16.1,17.4,17.1,0.0,0.0,0.0,1.65,14.7,91,18,7.4,194,13.8,15.6,17.0,0.0
2025-04-13 22:00:00,27.81,25.62,0.0,13.9,87,5,6.2,212,15.6,17.3,17.1,0.0,0.0,0.0,1.65,14.4,92,23,7.9,196,13.5,15.1,16.8,0.0
2025-04-13 23:00:00,27.82,25.5833333333333,0.0,13.3,90,10,5.4,208,15.2,17.2,17.1,0.0,0.0,0.0,1.65,14.2,93,97,5.0,210,13.3,14.8,16.6,0.0
2025-04-14 00:00:00,27.8366666666667,25.5566666666667,0.0,12.8,92,18,5.6,222,14.9,17.0,17.1,0.0,0.0,0.0,1.65,14.2,93,84,6.0,205,13.5,14.8,16.5,0.0
2025-04-14 01:00:00,27.83,25.4833333333333,0.0,13.5,90,3,6.1,225,15.3,17.0,17.1,0.0,0.0,0.0,1.65,14.0,92,74,6.2,216,13.4,14.6,16.3,0.0
2025-04-14 02:00:00,27.8266666666667,25.43,0.0,13.0,91,15,5.7,230,14.8,16.8,17.1,0.0,0.0,0.0,1.65,14.1,92,67,5.9,223,13.4,14.5,16.1,0.0
2025-04-14 03:00:00,27.8133333333333,25.4166666666667,0.0,12.5,91,68,4.8,254,14.4,16.7,17.1,0.4,0.4,0.0,1.65,14.2,91,45,6.2,216,13.2,14.4,15.9,0.0
2025-04-14 04:00:00,27.79,25.39,0.0,13.3,91,42,5.9,217,14.2,16.5,17.1,0.3,0.3,0.0,1.65,13.9,91,41,5.7,215,12.9,14.3,15.8,0.0
2025-04-14 05:00:00,27.78,25.32,0.0,13.0,92,16,6.4,203,14.0,16.4,17.1,0.0,0.0,0.0,1.65,13.5,92,41,5.4,228,12.5,14.0,15.7,0.0
2025-04-14 06:00:00,27.77,25.2733333333333,0.0,12.9,92,7,6.8,200,13.7,16.2,17.1,0.0,0.0,0.02,1.65,13.1,92,32,6.1,220,12.2,13.7,15.5,0.0
2025-04-14 07:00:00,27.7533333333333,25.2566666666667,0.0,15.4,86,2,9.7,200,14.2,16.0,17.1,0.0,0.0,0.05,1.65,14.2,91,0,5.9,223,15.2,13.9,15.4,0.0
2025-04-14 08:00:00,27.7266666666667,25.24,0.0,18.1,75,2,9.4,210,15.5,16.0,17.1,0.0,0.0,0.16,1.65,17.3,81,0,8.2,247,19.4,15.5,15.3,0.0
2025-04-14 09:00:00,27.7066666666667,25.19,0.0,20.2,65,1,10.7,223,17.2,16.0,17.0,0.0,0.0,0.29,1.65,19.2,74,0,11.5,250,22.0,17.3,15.5,0.0
2025-04-14 10:00:00,27.6966666666667,25.2066666666667,0.0,22.0,54,18,13.8,244,18.8,16.2,17.0,0.0,0.0,0.42,1.65,20.7,70,0,11.9,256,24.6,19.0,15.8,0.0
2025-04-14 11:00:00,27.69,25.1366666666667,0.0,22.8,50,36,15.3,258,20.1,16.5,17.0,0.1,0.1,0.48,1.65,21.9,60,60,14.6,260,23.9,20.5,16.3,0.0
2025-04-14 12:00:00,27.6833333333333,25.11,0.0,22.9,50,41,12.2,292,21.0,16.8,17.0,0.2,0.2,0.49,1.65,22.4,57,85,14.3,309,25.2,21.2,16.8,0.0
2025-04-14 13:00:00,27.6766666666667,25.1,0.0,22.7,52,94,12.0,311,21.8,17.0,17.0,0.2,0.2,0.52,1.65,21.4,64,87,18.4,348,26.0,21.7,17.3,0.0
2025-04-14 14:00:00,27.6566666666667,25.0366666666667,0.0,21.2,64,63,14.2,330,22.0,17.4,17.0,0.1,0.1,0.42,1.65,21.1,65,100,17.8,339,25.6,22.1,17.7,0.0
2025-04-14 15:00:00,27.6566666666667,24.9866666666667,0.0,20.5,67,31,11.8,343,22.0,17.7,17.0,0.0,0.0,0.35,1.65,20.5,65,80,16.0,324,23.2,21.8,18.0,0.0
2025-04-14 16:00:00,27.6233333333333,24.9766666666667,0.0,20.2,67,12,7.9,351,21.9,18.0,17.0,0.0,0.0,0.3,1.65,20.2,65,46,16.1,321,22.3,21.8,18.4,0.0
2025-04-14 17:00:00,27.6133333333333,24.9133333333333,0.0,19.5,69,35,8.6,358,21.3,18.2,17.0,0.0,0.0,0.19,1.65,19.6,67,84,15.1,322,20.1,20.9,18.6,0.0
2025-04-14 18:00:00,27.57,24.8566666666667,0.0,18.3,73,47,6.3,6,20.3,18.4,17.0,0.0,0.0,0.09,1.65,19.2,67,85,11.6,330,18.7,20.0,18.7,0.0
2025-04-14 19:00:00,27.54,24.84,0.0,16.5,82,52,3.4,14,19.1,18.4,17.0,0.0,0.0,0.02,1.65,18.1,72,84,8.0,333,17.2,19.0,18.8,0.0
2025-04-14 20:00:00,27.49,24.8066666666667,0.0,16.3,82,69,5.2,77,18.3,18.4,17.0,0.0,0.0,0.0,1.65,17.5,76,76,2.5,45,16.6,18.2,18.7,0.0
2025-04-14 21:00:00,27.4666666666667,24.7433333333333,0.0,15.3,88,62,3.1,84,17.6,18.4,17.1,0.0,0.0,0.0,1.65,16.6,82,86,4.2,121,15.9,17.6,18.5,0.0
2025-04-14 22:00:00,27.4266666666667,24.7,0.0,14.7,90,99,3.0,150,16.9,18.3,17.1,0.0,0.0,0.0,1.65,15.9,88,79,3.6,135,15.4,17.1,18.3,0.0
2025-04-14 23:00:00,27.39,24.6866666666667,0.0,15.2,88,91,3.1,175,16.7,18.1,17.1,0.0,0.0,0.0,1.65,15.4,90,64,4.1,142,14.9,16.7,18.1,0.0
2025-04-15 00:00:00,27.3466666666667,24.66,0.0,14.2,91,86,2.1,243,16.2,18.0,17.1,0.0,0.0,0.0,1.65,15.1,88,69,1.1,180,14.2,16.3,18.0,0.0
2025-04-15 01:00:00,27.31,24.5966666666667,0.0,14.3,90,26,1.3,310,16.3,17.9,17.1,0.0,0.0,0.0,1.65,14.8,90,67,1.1,198,13.8,15.9,17.8,0.0
2025-04-15 02:00:00,27.2833333333333,24.55,0.0,14.0,90,42,4.3,176,15.9,17.8,17.1,0.0,0.0,0.0,1.65,14.6,92,87,1.5,194,13.7,15.6,17.5,0.0
2025-04-15 03:00:00,27.2666666666667,24.53,0.0,13.4,90,82,6.5,215,15.4,17.6,17.1,0.0,0.0,0.0,1.65,13.9,93,63,2.3,198,12.9,15.1,17.3,0.0
2025-04-15 04:00:00,27.22,24.52,0.0,15.1,75,50,14.7,210,15.3,17.4,17.1,0.0,0.0,0.03,1.65,13.4,94,12,2.6,196,12.2,14.7,17.0,0.0
2025-04-15 05:00:00,27.2,24.4833333333333,0.0,15.9,68,77,18.0,211,15.4,17.3,17.1,0.0,0.0,0.06,1.65,12.9,91,7,4.1,218,11.4,14.2,16.8,0.0
2025-04-15 06:00:00,27.1633333333333,24.4333333333333,0.0,16.1,65,67,21.4,217,15.5,17.2,17.1,0.0,0.0,0.09,1.65,13.4,82,0,6.5,236,11.9,13.9,16.5,0.0
2025-04-15 07:00:00,27.1266666666667,24.4,0.0,16.8,64,8,21.9,224,15.8,17.1,17.1,0.0,0.0,0.12,1.65,15.5,72,67,12.8,232,15.7,14.2,16.3,0.0
2025-04-15 08:00:00,27.1166666666667,24.3766666666667,0.0,17.3,66,56,20.9,262,16.5,17.0,17.1,0.4,0.4,0.18,1.65,17.4,64,89,21.0,239,17.8,15.5,16.2,0.0
2025-04-15 09:00:00,27.1,24.37,0.0,15.3,80,100,17.9,281,16.4,17.0,17.1,2.0,2.0,0.15,1.65,15.9,83,95,15.2,306,15.9,16.2,16.2,0.1
2025-04-15 10:00:00,27.07,24.3433333333333,0.0,14.1,89,97,10.4,248,15.7,16.9,17.1,1.3,1.3,0.07,1.65,14.7,86,100,15.1,310,15.2,15.9,16.2,1.0
2025-04-15 11:00:00,27.0533333333333,24.28,0.0,15.7,77,100,9.2,242,16.6,16.9,17.1,0.4,0.4,0.25,1.65,14.7,84,94,9.5,259,15.7,15.8,16.2,0.6
2025-04-15 12:00:00,27.0266666666667,24.26,0.0,15.4,77,100,8.5,245,16.5,16.8,17.1,0.4,0.4,0.14,1.65,15.3,76,90,13.9,280,16.3,15.9,16.2,0.0
2025-04-15 13:00:00,27.02,24.2466666666667,0.0,15.9,75,85,7.7,256,16.4,16.8,17.0,0.3,0.3,0.17,1.65,15.4,76,93,14.1,285,16.9,16.3,16.2,0.0
2025-04-15 14:00:00,27.3266666666667,24.46,0.0,15.6,68,98,10.5,281,16.8,16.8,17.0,0.3,0.3,0.21,1.65,15.2,77,92,13.7,275,16.2,16.3,16.2,0.0
2025-04-15 15:00:00,27.82,24.9566666666667,0.0,16.9,64,99,8.8,268,17.5,16.8,17.0,0.1,0.1,0.26,1.65,15.6,73,87,13.3,273,16.7,16.6,16.3,0.0
2025-04-15 16:00:00,28.0,25.2133333333333,0.0,15.4,67,100,5.2,277,17.1,16.9,17.0,0.2,0.2,0.11,1.65,15.6,70,79,13.1,262,15.8,16.5,16.4,0.0
2025-04-15 17:00:00,28.0333333333333,25.3,0.0,15.6,67,92,9.3,230,16.9,16.9,17.0,0.1,0.1,0.1,1.65,15.6,69,94,13.6,258,15.0,16.3,16.4,0.0
2025-04-15 18:00:00,28.0533333333333,25.3466666666667,0.0,14.2,78,78,13.7,201,16.2,16.9,17.0,0.3,0.3,0.07,1.65,14.7,76,80,12.1,243,14.2,15.8,16.4,0.0
2025-04-15 19:00:00,28.14,25.4266666666667,0.0,12.9,78,53,11.1,205,15.3,16.8,17.0,0.0,0.0,0.04,1.65,13.8,81,84,9.9,226,13.0,15.2,16.3,0.0
2025-04-15 20:00:00,28.2166666666667,25.5166666666667,0.0,11.9,81,23,11.1,197,14.5,16.7,17.0,0.9,0.9,0.01,1.65,13.3,84,70,10.4,226,12.7,14.6,16.2,0.0
2025-04-15 21:00:00,28.2766666666667,25.5666666666667,0.0,10.6,86,86,3.5,226,13.7,16.5,17.0,0.0,0.0,0.0,1.65,12.6,82,57,9.2,211,11.9,14.1,16.0,0.0
2025-04-15 22:00:00,28.3066666666667,25.5766666666667,0.0,10.9,85,48,16.2,209,13.3,16.3,17.0,0.0,0.0,0.01,1.65,12.3,82,53,9.7,222,11.4,13.7,15.8,0.0
2025-04-15 23:00:00,28.3033333333333,25.5666666666667,0.0,11.1,78,66,14.4,230,12.9,16.1,17.0,0.0,0.0,0.02,1.65,12.1,81,51,12.0,229,11.3,13.3,15.6,0.0
2025-04-16 00:00:00,28.2833333333333,25.56,0.0,10.5,81,100,6.5,249,12.6,15.9,17.0,0.0,0.0,0.0,1.65,11.6,84,58,13.1,217,11.0,12.9,15.3,0.0
2025-04-16 01:00:00,28.2666666666667,25.5466666666667,0.0,11.4,74,28,15.0,255,13.0,15.5,17.0,0.0,0.0,0.03,1.65,11.6,81,59,11.7,236,10.8,12.7,15.1,0.0
2025-04-16 02:00:00,28.2533333333333,25.5033333333333,0.0,11.2,72,27,14.2,253,12.6,15.3,17.0,0.0,0.0,0.03,1.65,11.5,79,47,12.7,241,10.8,12.5,14.9,0.0
2025-04-16 03:00:00,28.2433333333333,25.45,0.0,11.0,68,34,16.7,256,12.4,15.2,17.0,0.0,0.0,0.04,1.65,11.6,73,30,16.3,248,10.5,12.3,14.7,0.0
2025-04-16 04:00:00,28.2133333333333,25.41,0.0,10.7,68,28,17.8,250,12.2,15.0,16.9,0.0,0.0,0.05,1.65,11.5,71,24,20.5,255,10.5,12.2,14.5,0.0
2025-04-16 05:00:00,28.1833333333333,25.39,0.0,10.6,68,18,19.6,243,12.1,14.8,16.9,0.0,0.0,0.05,1.65,11.3,69,11,22.0,252,10.2,12.0,14.4,0.0
2025-04-16 06:00:00,28.15,25.38,0.0,10.5,69,25,20.0,245,12.0,14.7,16.9,0.0,0.0,0.07,1.65,11.0,71,20,18.5,241,10.2,11.9,14.2,0.0
2025-04-16 07:00:00,28.1233333333333,25.3233333333333,0.0,11.9,64,24,22.6,247,12.3,14.5,16.9,0.0,0.0,0.1,1.65,11.8,71,26,20.7,247,12.3,12.0,14.1,0.0
2025-04-16 08:00:00,28.1,25.2733333333333,0.0,13.3,59,24,25.0,244,13.1,14.5,16.9,0.0,0.0,0.17,1.65,13.4,65,28,26.1,263,15.1,13.0,14.0,0.0
2025-04-16 09:00:00,28.0766666666667,25.2333333333333,0.0,14.8,52,16,28.9,263,14.2,14.5,16.9,0.0,0.0,0.26,1.65,15.8,52,3,31.6,278,18.2,14.7,14.1,0.0
2025-04-16 10:00:00,28.0566666666667,25.2233333333333,0.0,16.1,46,6,29.4,273,15.4,14.5,16.9,0.0,0.0,0.36,1.65,16.7,47,5,33.1,282,19.9,15.9,14.3,0.0
2025-04-16 11:00:00,28.03,25.16,0.0,17.1,41,5,30.1,278,16.6,14.7,16.8,0.0,0.0,0.45,1.65,17.7,40,0,35.5,285,21.4,17.1,14.6,0.0
2025-04-16 12:00:00,28.01,25.09,0.0,17.8,38,1,29.5,280,17.8,14.9,16.8,0.0,0.0,0.5,1.65,17.9,38,0,34.8,286,21.7,17.9,14.9,0.0
2025-04-16 13:00:00,27.98,25.08,0.0,17.9,41,1,27.3,282,18.7,15.2,16.8,0.0,0.0,0.51,1.65,18.3,34,0,34.7,287,22.0,18.7,15.3,0.0
2025-04-16 14:00:00,27.95,25.02,0.0,18.1,39,0,24.7,284,19.2,15.5,16.8,0.0,0.0,0.49,1.65,18.4,33,0,34.0,290,21.6,19.1,15.7,0.0
2025-04-16 15:00:00,27.9133333333333,24.9633333333333,0.0,18.1,41,0,22.3,288,19.4,15.8,16.8,0.0,0.0,0.44,1.65,18.7,35,0,30.1,291,21.3,19.5,16.0,0.0
2025-04-16 16:00:00,27.8866666666667,24.95,0.0,17.7,41,0,19.1,295,19.2,16.1,16.8,0.0,0.0,0.36,1.65,18.1,40,0,26.6,295,19.7,19.2,16.3,0.0
2025-04-16 17:00:00,27.8533333333333,24.91,0.0,16.7,48,1,14.6,299,18.5,16.3,16.8,0.0,0.0,0.24,1.65,17.4,43,0,22.4,298,17.7,18.5,16.6,0.0
2025-04-16 18:00:00,27.82,24.8433333333333,0.0,15.3,64,24,4.4,288,17.6,16.4,16.8,0.0,0.0,0.09,1.65,16.7,48,0,12.1,300,15.7,17.8,16.7,0.0
2025-04-16 19:00:00,27.7833333333333,24.82,0.0,13.2,60,2,5.1,260,16.0,16.4,16.8,0.0,0.0,0.04,1.65,15.1,55,0,4.3,222,12.6,16.4,16.7,0.0
2025-04-16 20:00:00,27.7366666666667,24.8133333333333,0.0,12.9,60,0,8.9,227,15.0,16.4,16.8,0.0,0.0,0.03,1.65,13.5,60,0,6.6,193,11.6,15.1,16.6,0.0
2025-04-16 21:00:00,27.7033333333333,24.7733333333333,0.0,12.2,64,0,9.0,233,14.3,16.2,16.8,0.0,0.0,0.03,1.65,13.0,56,0,8.5,192,11.3,14.3,16.4,0.0
2025-04-16 22:00:00,27.6533333333333,24.7166666666667,0.0,11.9,67,0,9.3,235,13.8,16.1,16.8,0.0,0.0,0.02,1.65,12.8,60,0,9.1,198,11.2,13.7,16.2,0.0
2025-04-16 23:00:00,27.6133333333333,24.68,0.0,11.6,71,0,9.9,225,13.5,15.9,16.8,0.0,0.0,0.02,1.65,12.5,66,0,8.2,203,10.9,13.3,16.0,0.0
2025-04-17 00:00:00,27.5633333333333,24.66,0.0,11.4,74,0,10.6,214,13.2,15.8,16.7,0.0,0.0,0.02,1.65,12.5,70,0,8.2,195,10.9,13.1,15.8,0.0
2025-04-17 01:00:00,27.5333333333333,24.6466666666667,0.0,11.4,75,0,6.3,211,13.6,15.7,16.7,0.0,0.0,0.01,1.65,12.4,73,0,7.9,196,10.7,12.9,15.5,0.0
2025-04-17 02:00:00,27.4866666666667,24.59,0.0,10.2,81,3,4.4,215,13.0,15.5,16.7,0.0,0.0,0.0,1.65,12.0,75,0,5.8,210,10.3,12.6,15.3,0.0
2025-04-17 03:00:00,27.4566666666667,24.5433333333333,0.0,9.6,84,7,6.7,209,12.5,15.3,16.7,0.0,0.0,0.0,1.65,11.5,76,0,4.6,198,9.8,12.4,15.1,0.0
2025-04-17 04:00:00,27.42,24.5133333333333,0.0,9.2,86,3,5.6,216,12.1,15.2,16.7,0.0,0.0,0.0,1.65,10.8,79,20,4.8,207,9.3,12.0,14.8,0.0
2025-04-17 05:00:00,27.3766666666667,24.5066666666667,0.0,9.2,85,2,6.4,223,11.7,15.0,16.7,0.0,0.0,0.0,1.65,10.4,79,37,5.4,228,9.2,11.6,14.6,0.0
2025-04-17 06:00:00,27.3533333333333,24.49,0.0,9.9,82,1,7.9,221,11.5,14.8,16.7,0.0,0.0,0.02,1.65,11.0,76,0,7.5,215,9.8,11.6,14.4,0.0
2025-04-17 07:00:00,27.32,24.44,0.0,13.0,72,0,10.6,215,12.2,14.6,16.7,0.0,0.0,0.07,1.65,12.9,73,0,7.2,233,13.5,12.0,14.2,0.0
2025-04-17 08:00:00,27.2933333333333,24.39,0.0,16.4,62,0,12.1,222,13.6,14.5,16.7,0.0,0.0,0.18,1.65,16.0,62,4,11.4,246,18.3,13.6,14.1,0.0
2025-04-17 09:00:00,27.2766666666667,24.3633333333333,0.0,18.6,53,25,14.2,232,15.4,14.6,16.6,0.0,0.0,0.31,1.65,18.9,53,100,15.8,240,21.7,15.9,14.3,0.0
2025-04-17 10:00:00,27.2433333333333,24.3466666666667,0.0,20.0,47,100,16.3,235,17.1,14.7,16.6,0.0,0.0,0.42,1.65,20.7,45,100,18.7,242,24.1,17.7,14.6,0.0
2025-04-17 11:00:00,27.23,24.2533333333333,0.0,21.0,46,100,16.5,239,18.4,15.0,16.6,0.0,0.0,0.47,1.65,21.9,42,100,18.2,243,24.8,19.2,15.0,0.0
2025-04-17 12:00:00,27.2066666666667,24.21,0.0,22.0,45,100,16.2,246,19.7,15.3,16.6,0.0,0.0,0.53,1.65,22.9,42,100,15.1,258,27.2,20.6,15.5,0.0
2025-04-17 13:00:00,27.1833333333333,24.1533333333333,0.0,23.9,40,100,10.0,259,21.0,15.7,16.6,0.0,0.0,0.54,1.65,23.4,42,100,13.7,273,27.3,21.7,16.0,0.0
2025-04-17 14:00:00,27.1733333333333,24.09,0.0,22.4,50,100,11.6,324,21.3,16.1,16.6,0.0,0.0,0.4,1.65,22.9,49,39,15.5,324,27.2,22.4,16.6,0.0
2025-04-17 15:00:00,27.17,24.08,0.0,21.8,56,99,11.0,335,21.5,16.5,16.6,0.0,0.0,0.39,1.65,22.6,51,23,15.1,335,26.0,22.8,17.0,0.0
2025-04-17 16:00:00,27.1733333333333,24.0466666666667,0.0,21.4,58,63,7.6,357,21.4,16.8,16.6,0.0,0.0,0.3,1.65,22.0,55,20,14.0,337,24.5,22.5,17.5,0.0
2025-04-17 17:00:00,27.1566666666667,23.9833333333333,0.0,20.6,62,59,6.9,40,21.0,17.1,16.6,0.0,0.0,0.22,1.65,21.3,57,8,9.0,360,22.2,21.9,17.8,0.0
2025-04-17 18:00:00,27.1466666666667,23.9533333333333,0.0,18.8,72,94,5.0,68,20.0,17.3,16.6,0.0,0.0,0.09,1.65,20.4,60,85,7.6,31,19.3,21.1,18.1,0.0
2025-04-17 19:00:00,27.14,23.95,0.0,16.1,83,100,5.8,81,18.6,17.4,16.6,0.0,0.0,0.02,1.65,18.4,72,12,5.8,86,16.3,19.6,18.2,0.0
2025-04-17 20:00:00,27.12,23.95,0.0,15.2,86,100,5.8,86,17.5,17.4,16.6,0.0,0.0,0.0,1.65,17.0,77,1,4.8,117,15.0,18.2,18.2,0.0
2025-04-17 21:00:00,27.0966666666667,23.95,0.0,15.0,84,100,1.8,71,16.6,17.4,16.6,0.0,0.0,0.0,1.65,16.3,76,100,2.7,157,14.1,17.1,18.1,0.0
2025-04-17 22:00:00,27.0733333333333,23.95,0.0,14.8,84,96,0.3,51,15.8,17.3,16.6,0.0,0.0,0.0,1.65,15.6,78,100,2.5,188,13.5,16.3,18.0,0.0
2025-04-17 23:00:00,27.03,23.9466666666667,0.0,14.1,85,100,2.7,171,15.1,17.2,16.6,0.0,0.0,0.0,1.65,14.5,84,100,2.7,203,13.0,15.7,17.8,0.0
2025-04-18 00:00:00,27.0066666666667,23.94,0.0,13.7,84,100,3.4,180,14.6,17.0,16.6,0.0,0.0,0.0,1.65,13.3,90,100,3.7,191,12.4,15.1,17.5,0.0
2025-04-18 01:00:00,26.98,23.9266666666667,0.0,14.0,84,100,3.1,184,14.7,16.9,16.6,0.0,0.0,0.0,1.65,12.9,92,100,3.0,194,12.0,14.7,17.3,0.0
2025-04-18 02:00:00,26.9533333333333,23.9,0.0,13.7,83,100,1.7,126,14.3,16.7,16.6,0.0,0.0,0.0,1.65,12.7,91,100,2.2,180,11.7,14.3,17.0,0.0
2025-04-18 03:00:00,26.915,23.875,0.0,13.8,82,99,0.5,49,14.0,16.5,16.6,0.0,0.0,0.0,1.65,12.2,92,100,2.5,188,11.1,13.8,16.7,0.0
2025-04-18 04:00:00,26.897031249999998,23.85046875,0.0,13.3,83,87,0.9,25,13.6,16.3,16.6,0.0,0.0,0.0,1.65,12.2,91,100,2.7,203,11.0,13.5,16.5,0.0
2025-04-18 05:00:00,26.8790625,23.8259375,0.0,12.9,81,26,1.4,67,13.2,16.2,16.6,0.0,0.0,0.0,1.65,12.0,90,91,2.9,180,10.8,13.3,16.2,0.0
2025-04-18 06:00:00,26.86109375,23.80140625,0.0,12.9,80,41,1.9,54,12.9,16.0,16.6,0.0,0.0,0.01,1.65,11.5,92,74,3.6,186,10.7,13.0,16.0,0.0
2025-04-18 07:00:00,26.843125,23.776875,0.0,15.3,77,100,5.4,312,13.7,15.8,16.6,0.0,0.0,0.06,1.65,12.9,89,78,3.0,194,14.9,13.3,15.7,0.0
2025-04-18 08:00:00,26.82515625,23.75234375,0.0,17.8,67,92,5.8,279,15.2,15.7,16.6,0.0,0.0,0.16,1.65,16.6,76,39,3.1,225,20.6,15.0,15.6,0.0
2025-04-18 09:00:00,26.807187499999998,23.7278125,0.0,19.4,60,60,2.4,288,16.9,15.8,16.6,0.0,0.0,0.27,1.65,20.0,64,33,2.9,270,24.3,17.3,15.7,0.0
2025-04-18 10:00:00,26.78921875,23.70328125,0.0,21.2,56,52,2.9,3,18.9,15.9,16.6,0.0,0.0,0.41,1.65,22.1,53,99,1.5,346,26.5,19.3,15.9,0.0
2025-04-18 11:00:00,26.77125,23.67875,0.0,22.6,54,61,5.8,16,20.7,16.2,16.6,0.0,0.0,0.51,1.65,23.3,51,100,3.1,36,27.3,20.8,16.3,0.0
2025-04-18 12:00:00,26.75328125,23.65421875,0.0,23.2,54,51,8.8,24,22.0,16.6,16.6,0.0,0.0,0.55,1.65,23.6,53,100,10.0,21,29.0,22.1,16.7,0.0
2025-04-18 13:00:00,26.7353125,23.6296875,0.0,23.1,56,45,13.0,30,22.7,16.9,16.6,0.0,0.0,0.55,1.65,23.1,52,100,12.8,32,27.6,23.0,17.2,0.0
2025-04-18 14:00:00,26.717343749999998,23.60515625,0.0,22.4,57,10,14.6,39,23.2,17.3,16.6,0.0,0.0,0.51,1.65,22.6,55,96,14.3,34,26.7,23.1,17.7,0.0
2025-04-18 15:00:00,26.699375,23.580625,0.0,21.7,60,8,15.0,31,23.2,17.7,16.6,0.0,0.0,0.44,1.65,22.7,55,17,15.0,24,26.8,23.4,18.1,0.0
2025-04-18 16:00:00,26.68140625,23.55609375,0.0,20.7,64,36,14.0,32,22.8,18.0,16.6,0.0,0.0,0.33,1.65,21.8,57,43,14.8,18,24.3,23.1,18.4,0.0
2025-04-18 17:00:00,26.6634375,23.5315625,0.0,19.2,69,57,9.8,28,22.0,18.2,16.6,0.0,0.0,0.21,1.65,20.7,61,89,13.6,22,21.3,22.3,18.7,0.0
2025-04-18 18:00:00,26.64546875,23.50703125,0.0,18.2,74,89,4.8,48,20.8,18.4,16.6,0.0,0.0,0.09,1.65,19.2,72,91,9.8,17,18.8,21.1,18.9,0.0
2025-04-18 19:00:00,26.627499999999998,23.4825,0.0,16.2,84,86,1.0,59,19.4,18.5,16.6,0.0,0.0,0.01,1.65,17.6,80,100,4.8,27,16.0,19.7,18.9,0.0
2025-04-18 20:00:00,26.60953125,23.45796875,0.0,15.8,85,96,0.9,104,18.1,18.5,16.6,0.0,0.0,0.0,1.65,16.6,86,100,1.8,53,15.1,18.3,18.9,0.0
2025-04-18 21:00:00,26.5915625,23.4334375,0.0,15.8,85,100,0.7,120,17.2,18.4,16.6,0.0,0.0,0.0,1.65,16.2,83,81,2.2,189,14.2,17.3,18.8,0.0
2025-04-18 22:00:00,26.57359375,23.40890625,0.0,15.4,88,99,2.5,198,16.7,18.2,16.6,0.0,0.0,0.0,1.65,15.3,90,89,2.6,214,14.1,16.7,18.6,0.0
2025-04-18 23:00:00,26.555625,23.384375,0.0,14.8,91,98,4.9,236,16.2,18.1,16.6,0.0,0.0,0.0,1.65,14.7,92,82,3.0,194,13.9,16.2,18.3,0.0
2025-04-19 00:00:00,26.53765625,23.35984375,0.0,14.2,91,1,4.0,240,15.8,17.9,16.7,0.0,0.0,0.0,1.65,14.3,92,34,3.3,186,13.0,15.7,18.0,0.0
2025-04-19 01:00:00,26.5196875,23.3353125,0.0,14.8,89,8,4.2,231,16.5,17.9,16.7,0.0,0.0,0.0,1.65,13.9,92,68,2.8,230,12.6,15.3,17.8,0.0
2025-04-19 02:00:00,26.50171875,23.31078125,0.0,15.2,84,26,1.0,311,15.9,17.7,16.7,0.0,0.0,0.0,1.65,14.0,90,29,0.4,360,11.9,14.9,17.5,0.0
2025-04-19 03:00:00,26.48375,23.28625,0.0,14.6,87,23,1.5,339,15.4,17.6,16.7,0.0,0.0,0.0,1.65,14.2,86,68,2.9,83,11.8,14.5,17.3,0.0
2025-04-19 04:00:00,26.46578125,23.26171875,0.0,14.3,87,13,1.0,285,14.9,17.4,16.7,0.0,0.0,0.0,1.65,13.7,90,50,4.7,176,12.3,14.3,17.0,0.0
2025-04-19 05:00:00,26.4478125,23.2371875,0.0,13.6,87,14,3.6,231,14.5,17.2,16.7,0.0,0.0,0.0,1.65,13.1,93,30,5.4,184,11.9,14.2,16.7,0.0
2025-04-19 06:00:00,26.42984375,23.21265625,0.0,13.5,89,21,3.3,216,14.2,17.0,16.7,0.0,0.0,0.01,1.65,13.7,89,68,4.6,198,12.6,14.2,16.5,0.0
2025-04-19 07:00:00,26.411875,23.188125,0.0,15.9,82,20,1.7,276,15.0,16.9,16.7,0.0,0.0,0.05,1.65,14.8,87,76,2.4,243,16.5,14.5,16.3,0.0
2025-04-19 08:00:00,26.39390625,23.16359375,0.0,18.0,75,16,2.1,315,16.4,16.8,16.7,0.0,0.0,0.16,1.65,17.6,77,76,2.9,300,20.9,16.1,16.3,0.0
2025-04-19 09:00:00,26.3759375,23.1390625,0.0,19.8,67,90,8.0,299,18.1,16.8,16.7,0.0,0.0,0.29,1.65,19.3,71,74,7.4,321,23.3,17.8,16.3,0.0
2025-04-19 10:00:00,26.35796875,23.11453125,0.0,20.0,67,36,14.4,310,19.5,17.0,16.7,0.1,0.1,0.35,1.65,21.1,60,81,14.8,276,23.3,19.1,16.6,0.0
2025-04-19 11:00:00,26.34,23.09,0.0,19.7,67,93,16.7,317,20.2,17.1,16.7,0.2,0.2,0.34,1.65,20.5,66,77,20.7,309,24.1,20.0,16.8,0.0
2025-04-19 12:00:00,26.325,23.08,0.0,19.6,65,84,17.2,321,20.7,17.3,16.7,0.1,0.1,0.36,1.65,20.2,63,87,23.9,315,23.9,20.9,17.1,0.0
2025-04-19 13:00:00,26.3066666666667,23.0366666666667,0.0,20.0,63,96,19.3,314,21.2,17.6,16.7,0.1,0.1,0.39,1.65,19.0,66,85,23.7,311,21.9,20.3,17.4,0.0
2025-04-19 14:00:00,26.3133333333333,22.9533333333333,0.0,19.5,58,100,19.9,311,21.4,17.8,16.7,0.0,0.0,0.37,1.65,19.0,56,99,24.9,304,19.9,20.2,17.6,0.0
2025-04-19 15:00:00,26.31,22.935,0.0,19.6,51,89,15.5,309,21.2,18.0,16.7,0.0,0.0,0.3,1.65,18.6,58,91,22.9,307,20.4,19.9,17.8,0.0
2025-04-19 16:00:00,26.3,22.92,0.0,18.7,53,72,11.5,324,21.0,18.2,16.7,0.0,0.0,0.27,1.65,18.0,58,97,22.1,300,18.6,19.4,17.9,0.0
2025-04-19 17:00:00,26.3066666666667,22.8866666666667,0.0,18.2,56,97,10.3,309,20.4,18.3,16.7,0.0,0.0,0.19,1.65,17.6,57,88,18.9,294,17.9,18.7,18.0,0.0
2025-04-19 18:00:00,26.295,22.84,0.0,17.3,57,100,6.7,286,19.5,18.4,16.7,0.0,0.0,0.09,1.65,17.3,59,82,12.9,288,16.8,18.4,18.0,0.0
2025-04-19 19:00:00,26.2833333333333,22.82,0.0,17.2,50,100,9.4,253,18.8,18.4,16.7,0.0,0.0,0.08,1.65,16.4,57,90,8.1,249,15.4,17.6,18.0,0.0
2025-04-19 20:00:00,26.275,22.81,0.0,16.7,45,100,10.2,243,18.2,18.3,16.7,0.0,0.0,0.07,1.65,15.8,57,91,7.7,208,14.8,17.0,17.9,0.0
2025-04-19 21:00:00,26.245,22.7933333333333,0.0,16.2,45,100,10.3,234,17.6,18.3,16.7,0.0,0.0,0.07,1.65,15.3,54,99,7.2,207,14.3,16.4,17.7,0.0
2025-04-19 22:00:00,26.2266666666667,22.79,0.0,15.8,48,100,11.0,231,17.2,18.2,16.7,0.0,0.0,0.06,1.65,14.9,57,96,6.8,205,13.8,16.0,17.6,0.0
2025-04-19 23:00:00,26.2066666666667,22.79,0.0,15.4,56,100,8.6,240,16.9,18.1,16.7,0.0,0.0,0.04,1.65,14.6,62,100,6.6,209,13.5,15.6,17.4,0.0
2025-04-20 00:00:00,26.1833333333333,22.79,0.0,14.8,62,100,9.9,232,16.5,18.0,16.8,0.1,0.1,0.04,1.65,14.4,65,100,6.7,216,13.5,15.5,17.2,0.0
2025-04-20 01:00:00,26.1566666666667,22.79,0.0,15.0,61,100,9.3,226,16.6,17.9,16.8,0.0,0.0,0.04,1.65,14.1,69,94,7.1,221,13.4,15.2,17.1,0.0
2025-04-20 02:00:00,26.1466666666667,22.775,0.0,14.7,60,95,10.7,214,16.2,17.8,16.8,0.0,0.0,0.04,1.65,13.7,73,78,7.7,217,12.9,14.9,16.9,0.0
2025-04-20 03:00:00,26.1266666666667,22.76,0.0,13.9,61,63,10.9,218,15.8,17.6,16.8,0.0,0.0,0.04,1.65,13.4,73,78,6.8,212,12.4,14.7,16.7,0.0
2025-04-20 04:00:00,26.1166666666667,22.7433333333333,0.0,12.9,64,81,11.1,222,15.3,17.5,16.8,0.0,0.0,0.04,1.65,13.2,73,72,6.1,220,12.4,14.4,16.5,0.0
2025-04-20 05:00:00,26.0866666666667,22.72,0.0,12.8,65,9,9.3,247,15.0,17.3,16.8,0.0,0.0,0.03,1.65,12.8,73,78,5.9,218,11.8,14.1,16.3,0.0
2025-04-20 06:00:00,26.08,22.71,0.0,11.7,72,1,6.2,249,14.4,17.1,16.8,0.0,0.0,0.03,1.65,12.6,72,79,5.9,223,11.7,13.8,16.1,0.0
2025-04-20 07:00:00,26.0533333333333,22.7,0.0,13.7,68,0,6.7,246,14.6,17.0,16.8,0.0,0.0,0.07,1.65,13.6,74,62,7.1,225,14.7,13.9,16.0,0.0
2025-04-20 08:00:00,26.05,22.6866666666667,0.0,15.5,59,11,8.9,250,15.6,16.8,16.8,0.0,0.0,0.18,1.65,15.4,63,52,12.9,257,18.5,15.0,15.9,0.0
2025-04-20 09:00:00,26.02,22.665,0.0,16.9,52,10,13.2,245,16.9,16.8,16.8,0.0,0.0,0.29,1.65,17.0,54,74,14.2,263,19.5,16.6,15.9,0.0
2025-04-20 10:00:00,26.0033333333333,22.65,0.0,18.2,44,14,18.5,260,18.3,16.9,16.8,0.0,0.0,0.41,1.65,18.2,47,74,18.4,276,22.0,17.6,16.0,0.0
2025-04-20 11:00:00,25.99,22.5733333333333,0.0,19.6,36,81,21.4,271,19.5,17.0,16.8,0.0,0.0,0.5,1.65,19.2,41,96,20.9,285,22.6,18.8,16.2,0.0
2025-04-20 12:00:00,25.97,22.52,0.0,20.1,33,90,21.1,284,20.2,17.2,16.8,0.0,0.0,0.48,1.65,18.6,43,97,24.4,301,18.3,19.1,16.5,0.0
2025-04-20 13:00:00,25.9633333333333,22.4533333333333,0.0,19.8,35,20,25.8,300,20.6,17.2,16.8,0.0,0.0,0.47,1.65,19.9,36,44,22.7,306,25.6,19.5,16.7,0.0
2025-04-20 14:00:00,25.9666666666667,22.3866666666667,0.0,20.6,35,16,22.6,302,21.3,17.4,16.8,0.0,0.0,0.54,1.65,19.5,41,62,27.0,312,19.6,20.5,16.9,0.0
2025-04-20 15:00:00,25.965,22.36,0.0,19.8,43,8,21.9,305,21.3,17.6,16.8,0.1,0.1,0.44,1.65,19.6,48,69,24.7,313,23.5,20.1,17.2,0.0
2025-04-20 16:00:00,25.96,22.28,0.0,19.3,46,17,18.7,305,21.1,17.8,16.8,0.0,0.0,0.35,1.65,19.2,52,60,25.6,305,21.4,20.2,17.4,0.0
2025-04-20 17:00:00,25.9733333333333,22.23,0.0,18.6,49,8,17.6,309,20.5,18.0,16.8,0.0,0.0,0.25,1.65,18.6,54,0,22.8,301,19.3,19.8,17.6,0.0
2025-04-20 18:00:00,25.96,22.22,0.0,17.4,56,1,8.1,306,19.5,18.1,16.8,0.0,0.0,0.11,1.65,17.9,52,0,19.2,296,17.0,19.2,17.7,0.0
2025-04-20 19:00:00,25.96,22.2,0.0,15.3,62,0,7.4,290,18.1,18.1,16.8,0.0,0.0,0.05,1.65,16.7,56,0,12.0,277,14.7,18.0,17.7,0.0
2025-04-20 20:00:00,25.9566666666667,22.17,0.0,14.8,65,10,7.7,279,17.0,18.1,16.8,0.0,0.0,0.02,1.65,15.3,60,0,6.6,257,13.2,16.9,17.7,0.0
2025-04-20 21:00:00,25.94,22.1433333333333,0.0,14.4,69,26,7.4,259,16.2,17.9,16.8,0.0,0.0,0.02,1.65,13.9,66,17,5.8,202,12.1,15.8,17.5,0.0
2025-04-20 22:00:00,25.9266666666667,22.1333333333333,0.0,13.9,73,99,10.3,229,15.7,17.8,16.8,0.0,0.0,0.02,1.65,13.2,72,82,5.6,195,11.6,15.0,17.3,0.0
2025-04-20 23:00:00,25.91,22.12,0.0,13.5,76,96,10.7,231,15.3,17.6,16.8,0.0,0.0,0.02,1.65,12.7,75,60,5.9,194,11.2,14.4,17.1,0.0
2025-04-21 00:00:00,25.8966666666667,22.11,0.0,13.0,78,33,9.7,230,14.9,17.5,16.8,0.0,0.0,0.01,1.65,12.4,76,19,6.5,186,10.8,14.0,16.9,0.0
2025-04-21 01:00:00,25.8733333333333,22.1,0.0,13.4,75,15,7.3,233,15.4,17.3,16.8,0.0,0.0,0.01,1.65,12.2,78,31,6.2,190,10.6,13.6,16.7,0.0
2025-04-21 02:00:00,25.8566666666667,22.09,0.0,12.8,77,25,6.4,239,14.8,17.2,16.8,0.0,0.0,0.0,1.65,12.0,80,35,5.7,198,10.4,13.2,16.4,0.0
2025-04-21 03:00:00,25.84,22.09,0.0,12.7,78,24,6.3,231,14.4,17.0,16.8,0.0,0.0,0.0,1.65,12.0,82,28,5.5,191,10.3,13.1,16.2,0.0
2025-04-21 04:00:00,25.82,22.09,0.0,12.3,79,12,6.8,217,14.0,16.8,16.8,0.0,0.0,0.0,1.65,11.7,84,37,5.9,191,10.1,12.8,15.9,0.0
2025-04-21 05:00:00,25.8133333333333,22.09,0.0,12.1,79,12,7.2,214,13.7,16.7,16.8,0.0,0.0,0.0,1.65,11.5,85,33,5.6,195,9.9,12.6,15.7,0.0
2025-04-21 06:00:00,25.7766666666667,22.09,0.0,12.4,76,16,8.3,216,13.5,16.5,16.8,0.0,0.0,0.03,1.65,11.7,83,39,5.2,196,10.5,12.5,15.5,0.0
2025-04-21 07:00:00,25.77,22.09,0.0,14.7,69,11,9.7,215,14.1,16.3,16.8,0.0,0.0,0.08,1.65,13.6,79,10,4.8,207,15.2,12.9,15.3,0.0
2025-04-21 08:00:00,25.74,22.0966666666667,0.0,17.0,58,3,10.7,225,15.4,16.2,16.8,0.0,0.0,0.19,1.65,16.7,63,0,7.4,231,20.6,14.7,15.2,0.0
2025-04-21 09:00:00,25.74,22.09,0.0,18.5,52,1,11.4,244,17.0,16.3,16.8,0.0,0.0,0.31,1.65,19.2,53,22,8.0,252,24.5,17.2,15.3,0.0
2025-04-21 10:00:00,25.7066666666667,22.0,0.0,19.7,50,0,7.8,250,18.8,16.4,16.8,0.0,0.0,0.42,1.65,20.7,47,17,7.6,270,26.9,19.2,15.6,0.0
2025-04-21 11:00:00,25.69,21.92,0.0,20.9,47,39,4.2,264,20.6,16.6,16.8,0.0,0.0,0.52,1.65,21.8,43,58,6.4,317,27.4,20.6,16.0,0.0
2025-04-21 12:00:00,25.68,22.32,0.0,22.0,42,51,1.8,315,22.2,16.9,16.8,0.0,0.0,0.54,1.65,22.3,43,80,12.0,353,29.5,22.1,16.5,0.0
2025-04-21 13:00:00,25.6766666666667,25.24,0.0,22.0,42,1,9.6,25,22.9,17.2,16.8,0.0,0.0,0.48,1.65,21.7,46,15,16.3,8,27.8,22.8,17.0,0.0
2025-04-21 14:00:00,25.69,25.1866666666667,0.0,21.4,49,1,15.1,15,23.4,17.5,16.8,0.0,0.0,0.53,1.65,21.7,50,0,15.5,12,28.4,23.4,17.5,0.0
2025-04-21 15:00:00,25.7,25.0766666666667,0.0,20.4,54,0,14.9,16,23.3,17.9,16.8,0.0,0.0,0.44,1.65,21.5,51,0,16.1,20,26.8,23.7,17.9,0.0
2025-04-21 16:00:00,25.7166666666667,24.9266666666667,0.0,19.8,57,0,12.8,29,22.9,18.2,16.8,0.0,0.0,0.34,1.65,20.5,55,0,15.8,17,24.0,23.2,18.3,0.0
2025-04-21 17:00:00,25.7333333333333,24.83,0.0,18.9,59,0,12.5,36,22.1,18.4,16.8,0.0,0.0,0.23,1.65,19.4,61,0,14.2,21,21.1,22.2,18.6,0.0
2025-04-21 18:00:00,25.745,24.68,0.0,17.4,66,0,10.6,41,20.8,18.5,16.8,0.0,0.0,0.12,1.65,18.2,69,0,12.6,31,18.1,21.0,18.8,0.0
2025-04-21 19:00:00,25.7633333333333,24.57,0.0,15.0,81,0,5.7,50,19.3,18.6,16.8,0.0,0.0,0.02,1.65,16.5,77,0,7.1,41,15.1,19.3,18.8,0.0
2025-04-21 20:00:00,25.7766666666667,24.5133333333333,0.0,14.0,88,0,1.9,43,17.8,18.5,16.8,0.0,0.0,0.0,1.65,15.2,87,0,3.7,29,13.6,17.8,18.8,0.0
2025-04-21 21:00:00,25.7766666666667,24.4233333333333,0.0,13.3,91,0,2.3,317,16.7,18.4,16.8,0.0,0.0,0.0,1.65,14.4,89,0,1.8,307,11.8,16.5,18.6,0.0
2025-04-21 22:00:00,25.7966666666667,24.3933333333333,0.0,12.8,91,0,1.9,286,15.8,18.3,16.8,0.0,0.0,0.0,1.65,13.5,93,0,1.9,248,10.9,15.4,18.3,0.0
2025-04-21 23:00:00,25.7966666666667,24.28,0.0,12.4,90,0,1.3,274,15.0,18.1,16.8,0.0,0.0,0.0,1.65,12.8,95,1,2.8,230,10.4,14.6,18.0,0.0
2025-04-22 00:00:00,25.8066666666667,24.2533333333333,0.0,12.0,86,0,3.1,172,14.5,17.8,16.9,0.0,0.0,0.0,1.65,11.7,96,2,2.9,187,10.3,14.0,17.6,0.0
2025-04-22 01:00:00,25.8,24.235,0.0,12.0,86,0,1.5,280,14.2,17.6,16.9,0.0,0.0,0.0,1.65,11.1,95,6,3.3,167,10.1,13.6,17.3,0.0
2025-04-22 02:00:00,25.8033333333333,24.1533333333333,0.0,11.7,86,0,2.4,268,13.7,17.4,16.9,0.0,0.0,0.0,1.65,10.6,95,66,3.1,159,10.3,13.3,17.0,0.0
2025-04-22 03:00:00,25.7966666666667,24.1,0.0,11.2,85,0,3.8,220,13.3,17.1,16.9,0.0,0.0,0.0,1.65,10.3,95,9,3.4,198,9.7,13.1,16.7,0.0
2025-04-22 04:00:00,25.79,24.09,0.0,10.7,84,0,4.8,216,12.9,16.9,16.9,0.0,0.0,0.0,1.65,10.1,95,100,3.7,209,9.3,12.7,16.4,0.0
2025-04-22 05:00:00,25.8,24.0333333333333,0.0,10.5,84,5,5.7,242,12.6,16.6,16.9,0.0,0.0,0.0,1.65,10.3,92,59,3.1,201,9.0,12.4,16.1,0.0
2025-04-22 06:00:00,25.79,23.9766666666667,0.0,11.1,82,3,6.3,239,12.5,16.4,16.8,0.0,0.0,0.02,1.65,10.3,89,92,3.3,186,9.5,12.0,15.8,0.0
2025-04-22 07:00:00,25.795,23.94,0.0,14.1,74,3,8.8,241,13.3,16.2,16.8,0.0,0.0,0.07,1.65,12.3,83,77,2.7,203,14.6,12.5,15.6,0.0
2025-04-22 08:00:00,25.7733333333333,23.94,0.0,17.2,64,0,7.8,243,14.9,16.1,16.8,0.0,0.0,0.18,1.65,16.2,68,7,5.4,233,20.7,14.5,15.4,0.0
2025-04-22 09:00:00,25.7666666666667,23.9233333333333,0.0,19.4,54,0,8.2,260,16.8,16.1,16.8,0.0,0.0,0.31,1.65,19.2,62,21,7.1,246,24.6,16.9,15.5,0.0
2025-04-22 10:00:00,25.7666666666667,23.8233333333333,0.0,21.1,49,0,7.2,273,18.9,16.2,16.8,0.0,0.0,0.43,1.65,21.5,51,29,7.6,270,27.4,19.1,15.7,0.0
2025-04-22 11:00:00,25.7633333333333,23.7433333333333,0.0,22.4,46,0,5.2,306,20.8,16.4,16.8,0.0,0.0,0.53,1.65,23.2,43,73,7.8,304,29.6,21.1,16.1,0.0
2025-04-22 12:00:00,25.76,23.64,0.0,22.9,46,11,9.9,3,22.4,16.8,16.8,0.0,0.0,0.58,1.65,23.0,43,100,14.1,347,29.2,22.6,16.6,0.0
2025-04-22 13:00:00,25.77,23.53,0.0,22.7,43,100,14.5,12,23.2,17.1,16.8,0.0,0.0,0.57,1.65,22.6,42,100,15.8,360,28.2,23.3,17.2,0.0
2025-04-22 14:00:00,25.78,23.4566666666667,0.0,22.6,45,93,11.6,14,23.6,17.5,16.8,0.0,0.0,0.52,1.65,22.5,48,72,15.1,3,28.2,23.6,17.7,0.0
2025-04-22 15:00:00,25.7966666666667,23.36,0.0,22.4,46,43,11.3,20,23.7,17.8,16.8,0.0,0.0,0.46,1.65,22.0,52,40,14.8,357,26.6,23.7,18.1,0.0
2025-04-22 16:00:00,25.82,23.2533333333333,0.0,21.8,48,3,10.9,17,23.4,18.1,16.8,0.0,0.0,0.37,1.65,21.5,56,0,11.9,360,25.4,23.5,18.5,0.0
2025-04-22 17:00:00,25.8466666666667,23.2166666666667,0.0,21.0,51,1,8.3,20,22.6,18.4,16.8,0.0,0.0,0.25,1.65,20.9,58,0,8.3,5,22.9,22.9,18.9,0.0
2025-04-22 18:00:00,25.85,23.14,0.0,19.4,61,0,5.3,55,21.5,18.6,16.8,0.0,0.0,0.11,1.65,20.4,59,4,6.1,40,19.7,21.9,19.1,0.0
2025-04-22 19:00:00,25.8666666666667,23.1,0.0,16.6,73,0,5.4,82,19.9,18.7,16.9,0.0,0.0,0.03,1.65,18.4,69,21,5.2,65,16.2,20.3,19.2,0.0
2025-04-22 20:00:00,25.8633333333333,23.085,0.0,15.5,75,0,4.7,107,18.5,18.7,16.9,0.0,0.0,0.0,1.65,16.9,77,32,4.0,63,14.9,18.7,19.1,0.0
2025-04-22 21:00:00,25.8666666666667,23.09,0.0,15.0,71,0,3.1,137,17.4,18.6,16.9,0.0,0.0,0.0,1.65,15.5,81,38,2.9,97,13.7,17.4,19.0,0.0
2025-04-22 22:00:00,25.86,23.2166666666667,0.0,14.9,65,5,1.7,152,16.4,18.4,16.9,0.0,0.0,0.0,1.65,14.7,82,13,2.4,117,12.8,16.6,18.7,0.0
2025-04-22 23:00:00,25.8566666666667,23.1833333333333,0.0,14.7,64,5,0.6,112,15.7,18.3,16.9,0.0,0.0,0.0,1.65,14.0,79,0,2.3,108,11.7,15.7,18.5,0.0
2025-04-23 00:00:00,25.83,23.0433333333333,0.0,14.3,64,0,0.7,90,15.1,18.1,16.9,0.0,0.0,0.0,1.65,12.8,73,0,3.4,162,11.0,15.0,18.2,0.0
2025-04-23 01:00:00,25.82,22.9833333333333,0.0,13.8,72,0,0.8,78,15.1,17.9,16.9,0.0,0.0,0.0,1.65,12.1,76,0,3.2,180,10.6,14.4,17.9,0.0
2025-04-23 02:00:00,25.8,22.95,0.0,13.4,69,0,2.2,150,14.5,17.7,16.9,0.0,0.0,0.0,1.65,11.1,81,0,3.3,193,9.9,13.9,17.5,0.0
2025-04-23 03:00:00,25.7833333333333,22.9366666666667,0.0,13.3,66,0,2.0,118,14.0,17.5,16.9,0.0,0.0,0.0,1.65,10.0,86,0,3.6,186,9.0,13.2,17.2,0.0
2025-04-23 04:00:00,25.77,22.93,0.0,13.0,64,0,1.8,126,13.5,17.2,16.9,0.0,0.0,0.0,1.65,9.5,90,0,3.3,186,8.6,12.7,16.9,0.0
2025-04-23 05:00:00,25.75,22.93,0.0,12.9,63,0,0.5,60,13.1,17.0,16.9,0.0,0.0,0.0,1.65,9.2,91,3,2.2,189,8.0,12.2,16.5,0.0
2025-04-23 06:00:00,25.7366666666667,22.9466666666667,0.0,13.2,64,0,1.3,70,12.9,16.8,16.9,0.0,0.0,0.01,1.65,9.3,91,3,3.1,201,8.8,11.9,16.2,0.0
2025-04-23 07:00:00,25.71,23.0,0.0,15.9,58,0,2.1,46,13.8,16.6,16.9,0.0,0.0,0.06,1.65,11.4,86,0,1.6,207,14.6,12.4,15.9,0.0
2025-04-23 08:00:00,25.7066666666667,23.0333333333333,0.0,18.3,56,0,6.0,30,15.5,16.5,16.9,0.0,0.0,0.19,1.65,17.0,62,0,1.9,338,21.3,14.4,15.7,0.0
2025-04-23 09:00:00,25.6933333333333,22.9933333333333,0.0,20.5,48,0,11.8,35,17.4,16.5,16.9,0.0,0.0,0.34,1.65,20.4,53,0,9.0,29,25.4,17.2,15.8,0.0
2025-04-23 10:00:00,25.6633333333333,22.94,0.0,22.0,44,0,15.9,36,19.3,16.6,16.9,0.0,0.0,0.47,1.65,22.0,50,0,14.8,34,27.1,19.4,16.0,0.0
2025-04-23 11:00:00,25.6533333333333,22.88,0.0,22.6,41,0,18.6,37,20.9,16.8,16.9,0.0,0.0,0.55,1.65,22.9,47,0,18.0,37,28.5,21.1,16.4,0.0
2025-04-23 12:00:00,25.63,22.7866666666667,0.0,22.9,41,0,20.7,40,22.2,17.1,16.9,0.0,0.0,0.6,1.65,22.7,48,0,22.0,35,27.9,21.9,16.8,0.0
2025-04-23 13:00:00,25.62,22.6766666666667,0.0,22.5,47,0,21.0,44,22.8,17.3,16.9,0.0,0.0,0.58,1.65,22.9,48,0,24.1,38,27.8,22.7,17.3,0.0
2025-04-23 14:00:00,25.6266666666667,22.59,0.0,22.3,49,0,21.4,49,23.3,17.6,16.9,0.0,0.0,0.54,1.65,22.7,50,0,24.5,40,27.1,23.2,17.7,0.0
2025-04-23 15:00:00,25.64,22.5,0.0,22.3,50,0,20.3,53,23.4,18.0,16.9,0.0,0.0,0.48,1.65,22.1,55,2,22.4,37,25.9,23.2,18.1,0.0
2025-04-23 16:00:00,25.65,22.4133333333333,0.0,21.7,53,0,19.2,54,23.1,18.2,16.9,0.0,0.0,0.38,1.65,21.4,57,0,21.0,38,23.7,22.7,18.5,0.0
2025-04-23 17:00:00,25.6533333333333,22.36,0.0,20.4,61,0,17.4,52,22.4,18.5,16.9,0.0,0.0,0.25,1.65,20.5,60,0,18.4,42,21.5,21.9,18.7,0.0
2025-04-23 18:00:00,25.6566666666667,22.35,0.0,18.8,67,0,15.5,47,21.3,18.6,16.9,0.0,0.0,0.13,1.65,19.1,68,0,16.0,36,18.6,20.9,18.9,0.0
2025-04-23 19:00:00,25.6533333333333,22.3333333333333,0.0,16.9,72,0,10.1,51,19.9,18.7,16.9,0.0,0.0,0.05,1.65,17.4,76,0,9.8,17,15.8,19.5,18.9,0.0
2025-04-23 20:00:00,25.6533333333333,22.3,0.0,15.6,79,0,6.0,36,18.7,18.7,16.9,0.0,0.0,0.0,1.65,16.1,84,0,5.2,348,14.6,18.2,18.9,0.0
2025-04-23 21:00:00,25.6466666666667,22.26,0.0,14.7,86,0,3.5,359,17.6,18.6,16.9,0.0,0.0,0.0,1.65,15.1,88,0,3.3,283,13.6,17.1,18.7,0.0
2025-04-23 22:00:00,25.6366666666667,22.23,0.0,14.5,87,0,4.0,313,16.8,18.5,16.9,0.0,0.0,0.0,1.65,14.2,92,1,3.4,252,12.9,16.3,18.5,0.0
2025-04-23 23:00:00,25.6333333333333,22.215,0.0,14.2,87,0,7.9,277,16.3,18.4,16.9,0.0,0.0,0.0,1.65,13.6,93,2,3.6,233,12.5,15.7,18.2,0.0
2025-04-24 00:00:00,25.6133333333333,22.21,0.0,13.7,89,0,8.0,260,15.9,18.2,16.9,0.0,0.0,0.0,1.65,13.3,93,0,3.7,209,12.1,15.2,18.0,0.0
2025-04-24 01:00:00,25.6,22.21,0.0,13.6,89,0,6.9,252,15.7,18.0,17.0,0.0,0.0,0.0,1.65,12.9,93,0,3.0,194,11.7,14.8,17.7,0.0
2025-04-24 02:00:00,25.5866666666667,22.21,0.0,13.2,90,0,7.4,253,15.3,17.9,17.0,0.0,0.0,0.0,1.65,12.6,93,0,2.5,180,11.3,14.4,17.4,0.0
2025-04-24 03:00:00,25.5566666666667,22.2066666666667,0.0,12.9,92,0,12.0,260,15.0,17.7,17.0,0.0,0.0,0.0,1.65,12.5,91,0,2.2,180,10.6,14.0,17.1,0.0
2025-04-24 04:00:00,25.53,22.18,0.0,12.7,91,0,11.7,255,14.8,17.5,17.0,0.0,0.0,0.0,1.65,11.8,94,1,2.7,203,10.5,13.6,16.9,0.0
2025-04-24 05:00:00,25.5166666666667,22.1533333333333,0.0,12.7,87,0,10.5,261,14.5,17.3,17.0,0.0,0.0,0.0,1.65,11.0,97,34,3.4,198,10.3,13.3,16.6,0.0
2025-04-24 06:00:00,25.5,22.1333333333333,0.0,13.0,84,0,10.2,262,14.4,17.2,17.0,0.0,0.0,0.03,1.65,10.8,98,50,5.2,205,11.0,13.1,16.3,0.0
2025-04-24 07:00:00,25.4733333333333,22.115,0.0,15.5,76,0,9.2,255,15.0,17.0,17.0,0.0,0.0,0.07,1.65,13.5,92,0,4.6,198,16.2,13.6,16.1,0.0
2025-04-24 08:00:00,25.4533333333333,22.1066666666667,0.0,18.3,65,0,7.2,263,16.4,16.9,17.0,0.0,0.0,0.19,1.65,17.2,80,0,5.4,222,21.8,15.6,16.0,0.0
2025-04-24 09:00:00,25.44,22.09,0.0,20.3,58,0,5.8,288,18.3,17.0,17.0,0.0,0.0,0.31,1.65,19.9,73,0,2.9,277,24.7,17.9,16.1,0.0
2025-04-24 10:00:00,25.4133333333333,22.0833333333333,0.0,22.1,55,0,5.1,322,20.3,17.1,17.0,0.0,0.0,0.44,1.65,22.2,65,0,4.6,342,27.6,19.8,16.3,0.0
2025-04-24 11:00:00,25.4,21.9833333333333,0.0,23.3,56,0,7.0,5,22.2,17.4,17.0,0.0,0.0,0.53,1.65,23.3,66,14,9.8,6,30.3,21.8,16.7,0.0
2025-04-24 12:00:00,25.38,21.895,0.0,23.5,59,0,11.4,23,23.6,17.7,17.0,0.0,0.0,0.57,1.65,23.1,61,0,13.6,11,29.8,23.0,17.2,0.0
2025-04-24 13:00:00,25.36,21.8,0.0,23.1,57,76,13.7,21,24.3,18.1,17.0,0.0,0.0,0.56,1.65,23.4,58,0,15.5,18,29.6,23.9,17.7,0.0
2025-04-24 14:00:00,25.3433333333333,21.6966666666667,0.0,23.0,57,90,12.0,22,24.8,18.4,17.0,0.0,0.0,0.53,1.65,23.3,57,5,15.8,21,28.9,24.3,18.3,0.0
2025-04-24 15:00:00,25.3366666666667,21.58,0.0,22.8,56,100,11.8,25,24.8,18.8,17.0,0.0,0.0,0.45,1.65,22.4,60,59,16.8,23,26.7,24.1,18.7,0.0
2025-04-24 16:00:00,25.3433333333333,21.51,0.0,21.5,60,100,13.0,23,24.1,19.1,17.0,0.0,0.0,0.31,1.65,21.6,61,100,14.7,25,23.9,23.5,19.1,0.0
2025-04-24 17:00:00,25.3566666666667,21.47,0.0,20.1,65,98,11.2,26,23.2,19.3,17.0,0.0,0.0,0.21,1.65,20.3,70,100,12.8,22,21.5,22.4,19.4,0.0
2025-04-24 18:00:00,25.3566666666667,21.37,0.0,18.7,73,100,7.2,19,22.0,19.5,17.0,0.0,0.0,0.1,1.65,18.8,71,100,9.4,7,18.5,21.1,19.5,0.0
2025-04-24 19:00:00,25.3566666666667,21.3433333333333,0.0,16.7,85,100,3.4,356,20.6,19.5,17.0,0.0,0.0,0.02,1.65,17.4,78,78,4.6,342,15.7,19.6,19.5,0.0
2025-04-24 20:00:00,25.3633333333333,21.34,0.0,16.4,87,100,0.7,294,19.4,19.5,17.0,0.0,0.0,0.0,1.65,16.4,82,100,4.0,360,14.8,18.3,19.3,0.0
2025-04-24 21:00:00,25.35,21.34,0.0,16.2,86,100,5.3,242,18.5,19.4,17.0,0.0,0.0,0.0,1.65,15.7,83,100,2.3,51,14.2,17.4,19.1,0.0
2025-04-24 22:00:00,25.33,21.34,0.0,16.8,80,100,6.7,255,18.1,19.3,17.1,0.0,0.0,0.0,1.65,15.6,84,100,1.1,18,14.0,16.8,18.9,0.0
2025-04-24 23:00:00,25.3266666666667,21.335,0.0,17.0,81,100,0.9,236,17.7,19.2,17.1,0.0,0.0,0.0,1.65,15.6,83,94,1.1,252,13.6,16.4,18.6,0.0
2025-04-25 00:00:00,25.3,21.3166666666667,0.0,16.8,82,100,7.9,41,17.6,19.0,17.1,0.1,0.1,0.01,1.65,15.5,84,100,4.9,197,14.1,16.2,18.4,0.0
2025-04-25 01:00:00,25.29,21.2866666666667,0.0,16.2,84,100,4.2,212,17.0,18.9,17.1,0.0,0.0,0.0,1.65,15.0,88,100,0.7,90,14.3,16.0,18.2,0.0
2025-04-25 02:00:00,25.2733333333333,21.265,0.0,16.3,84,100,0.7,264,16.8,18.7,17.1,0.0,0.0,0.0,1.65,14.6,93,100,3.6,180,13.8,15.9,17.9,0.0
2025-04-25 03:00:00,25.2533333333333,21.25,0.0,16.0,84,100,3.1,105,16.6,18.6,17.1,0.0,0.0,0.0,1.65,14.6,93,100,4.0,85,13.9,15.7,17.7,0.0
2025-04-25 04:00:00,25.2266666666667,21.235,0.0,16.1,84,100,4.5,65,16.5,18.4,17.1,0.0,0.0,0.0,1.65,14.6,95,100,2.2,99,14.1,15.6,17.5,0.0
2025-04-25 05:00:00,25.2066666666667,21.2233333333333,0.0,16.1,83,97,1.1,128,16.4,18.3,17.1,0.1,0.1,0.0,1.65,14.8,93,100,1.8,217,14.3,15.5,17.3,0.0
2025-04-25 06:00:00,25.2,21.22,0.0,16.1,86,100,1.5,345,16.2,18.1,17.1,0.0,0.0,0.02,1.65,14.9,95,100,1.5,166,14.6,15.5,17.2,0.2
2025-04-25 07:00:00,25.1933333333333,21.22,0.0,17.2,83,100,1.8,169,16.7,18.0,17.1,0.1,0.1,0.04,1.65,15.5,94,100,3.1,111,15.8,15.7,17.0,0.2
2025-04-25 08:00:00,25.1666666666667,21.23,0.0,17.9,81,100,7.4,187,17.0,17.9,17.1,0.1,0.1,0.06,1.65,16.8,92,100,1.6,297,19.6,16.3,16.9,0.0
2025-04-25 09:00:00,25.1366666666667,21.23,0.0,18.7,88,100,5.8,198,17.5,17.9,17.1,0.8,0.8,0.08,1.65,19.0,79,100,4.3,42,21.1,17.8,17.0,0.0
2025-04-25 10:00:00,25.1266666666667,21.23,0.0,20.5,79,100,10.1,212,18.3,17.9,17.1,0.5,0.5,0.15,1.65,19.5,80,100,1.1,360,22.5,18.5,17.1,0.0
2025-04-25 11:00:00,25.11,21.22,0.0,22.3,61,100,9.8,217,19.2,17.9,17.1,0.0,0.0,0.23,1.65,20.4,79,100,6.9,208,22.3,19.6,17.3,0.0
2025-04-25 12:00:00,25.11,21.19,0.0,23.7,53,100,7.8,224,20.3,18.0,17.1,0.0,0.0,0.3,1.65,22.0,76,100,11.4,242,23.6,20.5,17.5,0.0
2025-04-25 13:00:00,25.08,21.15,0.0,24.8,50,99,8.8,300,22.6,18.6,17.1,0.0,0.0,0.44,1.65,23.1,74,91,8.0,280,26.1,21.2,17.8,0.0
2025-04-25 14:00:00,25.0766666666667,21.12,0.0,23.5,58,100,3.4,331,22.7,18.8,17.2,0.0,0.0,0.26,1.65,22.1,74,96,12.7,335,23.7,21.8,18.1,0.0
2025-04-25 15:00:00,25.06,21.1033333333333,0.0,24.9,55,98,2.6,295,23.8,19.0,17.2,0.0,0.0,0.41,1.65,21.9,70,89,8.8,9,23.4,22.5,18.6,0.0
2025-04-25 16:00:00,25.06,21.0966666666667,0.0,24.0,60,88,1.7,68,23.4,19.3,17.2,0.2,0.2,0.18,1.65,21.6,69,69,10.1,17,23.8,22.0,18.8,0.0
2025-04-25 17:00:00,25.05,21.09,0.0,24.0,61,99,3.5,33,23.4,19.5,17.2,0.0,0.0,0.2,1.65,21.0,69,86,6.5,34,21.7,21.7,19.0,0.0
2025-04-25 18:00:00,25.0466666666667,21.09,0.0,22.1,71,100,4.6,61,22.7,19.6,17.2,0.0,0.0,0.1,1.65,20.4,67,54,5.4,37,19.5,21.1,19.1,0.0
2025-04-25 19:00:00,25.0433333333333,21.09,0.0,18.8,85,100,4.6,132,21.3,19.7,17.2,0.0,0.0,0.02,1.65,18.8,76,70,3.6,37,17.1,19.9,19.2,0.0
2025-04-25 20:00:00,25.0366666666667,21.09,0.0,18.3,82,100,2.7,157,20.2,19.7,17.2,0.0,0.0,0.0,1.65,17.9,79,64,0.4,270,15.4,18.7,19.2,0.0
2025-04-25 21:00:00,25.03,21.08,0.0,18.5,77,33,0.9,171,19.3,19.7,17.2,0.0,0.0,0.0,1.65,17.2,81,9,4.1,195,15.2,17.8,19.1,0.0
2025-04-25 22:00:00,25.0333333333333,21.0833333333333,0.0,18.2,76,16,0.7,195,18.6,19.6,17.2,0.0,0.0,0.0,1.65,16.9,86,19,3.8,197,14.9,17.2,18.9,0.0
2025-04-25 23:00:00,25.0266666666667,21.085,0.0,17.6,74,86,0.9,240,17.9,19.5,17.3,0.0,0.0,0.0,1.65,16.7,86,6,3.2,207,14.3,16.7,18.6,0.0
2025-04-26 00:00:00,25.0066666666667,21.09,0.0,17.3,70,1,2.3,193,17.4,19.3,17.3,0.0,0.0,0.0,1.65,16.3,82,18,3.2,207,14.1,16.4,18.4,0.0
2025-04-26 01:00:00,24.9966666666667,21.09,0.0,16.5,73,0,3.4,211,16.5,18.9,17.3,0.0,0.0,0.0,1.65,16.0,82,3,3.2,207,13.7,16.0,18.2,0.0
2025-04-26 02:00:00,24.9733333333333,21.0833333333333,0.0,16.0,76,0,1.9,254,16.1,18.7,17.3,0.0,0.0,0.0,1.65,15.8,84,0,2.6,214,13.3,15.6,17.9,0.0
2025-04-26 03:00:00,24.9666666666667,21.08,0.0,15.7,78,0,0.5,333,15.7,18.5,17.3,0.0,0.0,0.0,1.65,14.7,89,7,3.1,339,12.8,15.1,17.7,0.0
2025-04-26 04:00:00,24.9633333333333,21.08,0.0,15.1,81,0,3.5,188,15.4,18.3,17.3,0.0,0.0,0.0,1.65,15.4,85,20,1.8,143,12.3,14.8,17.4,0.0
2025-04-26 05:00:00,24.9366666666667,21.0633333333333,0.0,15.1,82,0,8.5,211,15.2,18.1,17.3,0.0,0.0,0.01,1.65,14.7,88,26,4.3,180,12.9,14.5,17.2,0.0
2025-04-26 06:00:00,24.9266666666667,21.0466666666667,0.0,16.2,78,0,9.7,206,15.4,17.9,17.3,0.0,0.0,0.04,1.65,14.9,89,0,6.1,180,13.9,14.7,17.0,0.0
2025-04-26 07:00:00,24.9066666666667,21.0333333333333,0.0,19.2,72,0,9.4,218,16.3,17.8,17.3,0.0,0.0,0.09,1.65,17.4,84,0,5.2,205,18.4,15.4,16.8,0.0
2025-04-26 08:00:00,24.8966666666667,21.0233333333333,0.0,22.6,58,0,7.9,220,17.9,17.7,17.3,0.0,0.0,0.22,1.65,21.3,73,0,7.5,235,24.0,17.4,16.8,0.0
2025-04-26 09:00:00,24.89,21.0,0.0,24.3,52,0,10.6,243,19.8,17.8,17.3,0.0,0.0,0.37,1.65,23.6,59,0,10.8,255,26.9,19.8,17.0,0.0
2025-04-26 10:00:00,24.8833333333333,20.97,0.0,25.7,51,0,12.1,263,21.7,18.0,17.3,0.0,0.0,0.49,1.65,25.4,50,0,13.0,275,29.7,21.8,17.3,0.0
2025-04-26 11:00:00,24.8533333333333,20.88,0.0,26.9,48,0,11.8,280,23.4,18.2,17.3,0.0,0.0,0.59,1.65,26.8,43,0,14.7,298,31.7,23.7,17.8,0.0
2025-04-26 12:00:00,24.8333333333333,20.83,0.0,27.0,46,0,14.0,320,24.8,18.6,17.3,0.0,0.0,0.64,1.65,26.5,46,0,17.7,321,31.6,25.1,18.4,0.0
2025-04-26 13:00:00,24.8,20.6933333333333,0.0,26.9,45,0,15.6,332,25.8,19.0,17.3,0.0,0.0,0.64,1.65,26.1,49,0,18.6,324,31.3,25.8,18.9,0.0
2025-04-26 14:00:00,24.7833333333333,20.5966666666667,0.0,26.3,46,1,16.2,329,26.2,19.4,17.3,0.0,0.0,0.6,1.65,26.1,46,0,18.1,325,30.8,26.2,19.4,0.0
2025-04-26 15:00:00,24.7933333333333,20.5266666666667,0.0,25.8,46,1,13.4,329,26.3,19.8,17.3,0.0,0.0,0.52,1.65,26.1,45,0,16.6,330,29.8,26.5,20.0,0.0
2025-04-26 16:00:00,24.8033333333333,20.4133333333333,0.0,25.2,46,0,10.2,326,25.9,20.1,17.3,0.0,0.0,0.41,1.65,25.4,42,17,14.6,327,27.5,26.0,20.4,0.0
2025-04-26 17:00:00,24.8033333333333,20.375,0.0,24.8,43,0,6.3,336,25.2,20.4,17.3,0.0,0.0,0.27,1.65,24.9,41,26,9.4,337,25.5,25.2,20.7,0.0
2025-04-26 18:00:00,24.8166666666667,20.295,0.0,22.9,57,0,3.1,88,24.0,20.6,17.4,0.0,0.0,0.11,1.65,23.8,50,65,6.4,43,22.7,24.2,21.0,0.0
2025-04-26 19:00:00,24.82,20.2466666666667,0.0,19.9,66,0,3.7,111,22.3,20.6,17.4,0.0,0.0,0.03,1.65,21.5,63,50,6.2,83,19.4,22.7,21.1,0.0
2025-04-26 20:00:00,24.8233333333333,20.225,0.0,18.4,72,0,3.0,112,20.9,20.6,17.4,0.0,0.0,0.0,1.65,20.0,70,60,5.2,56,18.5,21.3,21.0,0.0
2025-04-26 21:00:00,24.8133333333333,20.22,0.0,17.7,72,0,2.3,124,19.6,20.5,17.4,0.0,0.0,0.0,1.65,18.8,72,52,4.3,42,17.3,20.2,20.9,0.0
2025-04-26 22:00:00,24.8033333333333,20.22,0.0,17.4,68,0,1.7,112,18.6,20.4,17.4,0.0,0.0,0.0,1.65,17.8,77,6,2.9,30,15.8,19.3,20.7,0.0
2025-04-26 23:00:00,24.8,20.225,0.0,17.0,63,5,1.6,117,17.8,20.2,17.4,0.0,0.0,0.0,1.65,17.2,76,0,2.1,59,13.9,18.2,20.4,0.0
2025-04-27 00:00:00,24.7566666666667,20.2266666666667,0.0,16.9,57,13,0.9,102,17.1,20.0,17.5,0.0,0.0,0.0,1.65,16.6,73,0,2.3,129,12.7,17.1,20.1,0.0
2025-04-27 01:00:00,24.75,20.205,0.0,16.8,60,11,1.6,67,16.8,19.8,17.5,0.0,0.0,0.0,1.65,15.5,74,1,2.2,171,12.2,16.2,19.8,0.0
2025-04-27 02:00:00,24.7133333333333,20.155,0.0,16.3,63,7,1.8,69,16.3,19.6,17.5,0.0,0.0,0.0,1.65,14.9,76,7,1.8,180,12.1,15.6,19.4,0.0
2025-04-27 03:00:00,24.6966666666667,20.1366666666667,0.0,16.1,63,0,1.1,75,15.8,19.3,17.5,0.0,0.0,0.0,1.65,14.5,74,13,1.8,169,11.9,15.2,19.0,0.0
2025-04-27 04:00:00,24.6766666666667,20.12,0.0,15.5,64,0,1.4,52,15.3,19.1,17.5,0.0,0.0,0.0,1.65,14.3,72,31,1.5,166,11.8,14.9,18.6,0.0
2025-04-27 05:00:00,24.6566666666667,20.1233333333333,0.0,14.7,71,0,2.4,44,14.9,18.8,17.5,0.0,0.0,0.0,1.65,14.4,66,38,1.1,72,11.6,14.5,18.3,0.0
2025-04-27 06:00:00,24.6333333333333,20.13,0.0,14.9,74,0,2.3,54,14.7,18.6,17.5,0.0,0.0,0.02,1.65,14.7,63,37,1.5,45,12.3,14.3,17.9,0.0
2025-04-27 07:00:00,24.6166666666667,20.14,0.0,16.9,67,0,5.0,63,15.6,18.4,17.5,0.0,0.0,0.08,1.65,15.9,63,31,2.2,360,17.5,14.9,17.6,0.0
2025-04-27 08:00:00,24.59,20.1166666666667,0.0,19.2,62,0,5.6,41,17.3,18.3,17.5,0.0,0.0,0.2,1.65,18.7,64,13,2.9,353,22.6,16.9,17.5,0.0
2025-04-27 09:00:00,24.5633333333333,20.065,0.0,21.2,57,0,8.0,30,19.2,18.2,17.5,0.0,0.0,0.33,1.65,21.4,63,6,7.2,18,26.1,19.3,17.6,0.0
2025-04-27 10:00:00,24.5354320987654,20.02641975308642,0.0,23.1,48,0,9.8,29,21.1,18.3,17.5,0.0,0.0,0.47,1.65,23.2,54,2,11.9,25,28.3,21.3,17.8,0.0
2025-04-27 11:00:00,24.507530864197502,19.98783950617284,0.0,23.5,49,0,14.7,24,22.8,18.5,17.5,0.0,0.0,0.55,1.65,23.7,51,0,16.1,24,28.9,22.8,18.2,0.0
2025-04-27 12:00:00,24.4796296296296,19.949259259259257,0.0,22.9,54,0,16.0,29,24.0,18.8,17.5,0.0,0.0,0.57,1.65,23.4,54,0,17.7,20,29.1,23.6,18.6,0.0
2025-04-27 13:00:00,24.4517283950617,19.910679012345675,0.0,22.8,58,0,15.3,33,24.7,19.0,17.5,0.0,0.0,0.57,1.65,23.4,54,0,18.5,24,29.1,24.3,18.9,0.0
2025-04-27 14:00:00,24.4238271604938,19.872098765432092,0.0,22.9,56,0,16.1,38,25.2,19.3,17.5,0.0,0.0,0.54,1.65,22.8,62,2,19.2,30,28.2,24.6,19.4,0.0
2025-04-27 15:00:00,24.3959259259259,19.833518518518513,0.0,22.6,56,0,17.2,41,25.2,19.6,17.5,0.0,0.0,0.47,1.65,22.1,66,11,19.2,34,26.6,24.4,19.7,0.0
2025-04-27 16:00:00,24.368024691358,19.79493827160493,0.0,21.9,60,0,17.5,46,24.8,19.9,17.5,0.0,0.0,0.37,1.65,21.5,71,9,17.8,36,24.5,24.0,20.0,0.0
2025-04-27 17:00:00,24.3401234567901,19.756358024691348,0.0,20.8,64,0,16.9,48,23.9,20.1,17.6,0.0,0.0,0.25,1.65,20.7,72,1,15.0,35,22.3,23.2,20.3,0.0
2025-04-27 18:00:00,24.3122222222222,19.71777777777777,0.0,19.2,72,0,10.8,42,22.7,20.2,17.6,0.0,0.0,0.12,1.65,19.6,79,0,11.4,24,19.6,22.2,20.4,0.0
2025-04-27 19:00:00,24.2843209876543,19.679197530864187,0.0,17.0,82,1,4.5,38,21.1,20.3,17.6,0.0,0.0,0.02,1.65,17.9,83,0,6.5,357,16.5,20.6,20.4,0.0
2025-04-27 20:00:00,24.2564197530864,19.640617283950604,0.0,16.2,84,0,2.5,23,19.7,20.2,17.6,0.0,0.0,0.0,1.65,16.5,89,24,3.4,342,15.1,19.1,20.2,0.0
2025-04-27 21:00:00,24.2285185185185,19.602037037037025,0.0,15.9,84,0,2.0,15,18.5,20.1,17.6,0.0,0.0,0.0,1.65,15.7,87,0,2.4,333,14.1,18.0,20.1,0.0
2025-04-27 22:00:00,24.2006172839506,19.563456790123443,0.0,15.6,83,0,1.6,17,17.6,19.9,17.6,0.0,0.0,0.0,1.65,15.2,88,0,2.0,315,13.2,17.0,19.8,0.0
2025-04-27 23:00:00,24.1727160493827,19.52487654320986,0.0,15.2,82,0,0.9,27,16.8,19.7,17.6,0.0,0.0,0.0,1.65,14.8,87,0,1.3,326,12.6,16.3,19.5,0.0
2025-04-28 00:00:00,24.1448148148148,19.486296296296278,0.0,14.7,82,0,1.0,26,16.2,19.5,17.6,0.0,0.0,0.0,1.65,14.2,90,0,2.2,270,11.9,15.6,19.1,0.0
2025-04-28 01:00:00,24.116913580246898,19.4477160493827,0.0,14.5,81,0,1.3,37,16.0,19.3,17.6,0.0,0.0,0.0,1.65,13.6,92,0,2.3,252,11.5,15.1,18.7,0.0
2025-04-28 02:00:00,24.089012345679,19.409135802469116,0.0,13.8,82,0,2.2,5,15.4,19.1,17.6,0.0,0.0,0.0,1.65,13.1,94,0,2.3,231,11.1,14.6,18.4,0.0
2025-04-28 03:00:00,24.0611111111111,19.370555555555534,0.0,13.5,83,0,1.2,16,14.9,18.8,17.6,0.0,0.0,0.0,1.65,12.2,96,20,2.7,247,10.7,14.2,18.0,0.0
2025-04-28 04:00:00,24.0332098765432,19.331975308641955,0.0,13.2,84,0,1.0,19,14.4,18.6,17.6,0.0,0.0,0.0,1.65,12.0,96,7,1.9,248,10.1,13.8,17.7,0.0
2025-04-28 05:00:00,24.0053086419753,19.293395061728372,0.0,12.7,87,0,0.6,38,14.0,18.3,17.7,0.0,0.0,0.0,1.65,11.9,96,31,1.5,256,9.5,13.3,17.3,0.0
2025-04-28 06:00:00,23.977407407407398,19.25481481481479,0.0,13.1,89,0,0.4,46,13.8,18.0,17.7,0.0,0.0,0.01,1.65,12.2,94,64,2.3,252,11.3,13.2,17.0,0.0
2025-04-28 07:00:00,23.9495061728395,19.21623456790121,0.0,15.3,83,0,2.3,49,14.8,17.8,17.6,0.0,0.0,0.06,1.65,14.1,93,52,1.3,214,16.9,13.9,16.7,0.0
2025-04-28 08:00:00,23.9216049382716,19.177654320987628,0.0,17.4,72,0,8.2,34,16.4,17.7,17.6,0.0,0.0,0.19,1.65,17.4,83,42,4.7,58,21.8,16.0,16.6,0.0
2025-04-28 09:00:00,23.8937037037037,19.139074074074045,0.0,19.1,62,0,12.9,39,18.2,17.7,17.6,0.0,0.0,0.31,1.65,19.7,68,7,11.3,37,24.5,18.4,16.7,0.0
2025-04-28 10:00:00,23.865802469135797,19.100493827160463,0.0,20.4,57,0,16.9,43,19.9,17.7,17.6,0.0,0.0,0.42,1.65,20.8,58,0,16.6,39,25.8,20.0,17.0,0.0
2025-04-28 11:00:00,23.837901234567898,19.061913580246884,0.0,21.2,57,0,21.1,48,21.4,17.9,17.6,0.0,0.0,0.49,1.65,21.5,59,1,21.1,44,26.9,21.3,17.3,0.0
2025-04-28 12:00:00,23.81,19.0233333333333,0.0,21.6,57,0,23.2,50,22.6,18.1,17.6,0.0,0.0,0.53,1.65,21.6,65,25,26.0,47,26.9,22.1,17.7,0.0
2025-04-28 13:00:00,23.75,18.9866666666667,0.0,21.9,57,0,24.4,52,23.5,18.5,17.6,0.0,0.0,0.53,1.65,21.9,64,17,28.6,49,26.8,22.7,18.1,0.0
2025-04-28 14:00:00,23.7033333333333,18.89,0.0,21.9,56,0,25.7,55,23.9,18.7,17.6,0.0,0.0,0.51,1.65,21.7,63,8,29.4,50,26.0,23.0,18.5,0.0
2025-04-28 15:00:00,23.6566666666667,18.81,0.0,21.4,60,0,25.8,54,24.0,19.0,17.6,0.0,0.0,0.44,1.65,21.4,63,5,28.3,49,25.0,23.1,18.9,0.0
2025-04-28 16:00:00,23.6233333333333,18.7866666666667,0.0,20.4,63,0,24.4,56,23.6,19.3,17.7,0.0,0.0,0.34,1.65,20.5,66,12,28.2,52,22.8,22.6,19.2,0.0
2025-04-28 17:00:00,23.62,18.77,0.0,19.3,69,1,21.1,56,22.8,19.5,17.7,0.0,0.0,0.23,1.65,19.5,71,27,25.8,54,20.7,21.8,19.4,0.0
2025-04-28 18:00:00,23.61,18.7533333333333,0.0,17.9,77,7,17.7,53,21.7,19.6,17.7,0.0,0.0,0.11,1.65,18.5,78,21,23.2,49,18.5,20.9,19.5,0.0
2025-04-28 19:00:00,23.6,18.74,0.0,16.7,85,2,14.4,55,20.4,19.6,17.7,0.0,0.0,0.04,1.65,17.4,82,19,17.6,46,16.4,19.6,19.5,0.0
2025-04-28 20:00:00,23.6066666666667,18.74,0.0,16.0,91,9,12.2,52,19.3,19.6,17.7,0.0,0.0,0.0,1.65,16.8,86,5,12.8,40,15.8,18.6,19.4,0.0
2025-04-28 21:00:00,23.5933333333333,18.74,0.0,15.6,94,11,8.8,48,18.4,19.5,17.7,0.0,0.0,0.0,1.65,16.2,88,18,9.5,29,15.2,17.8,19.3,0.0
2025-04-28 22:00:00,23.56,18.74,0.0,15.5,94,19,7.7,45,17.8,19.4,17.7,0.0,0.0,0.0,1.65,15.9,91,32,5.7,18,14.8,17.2,19.1,0.0
2025-04-28 23:00:00,23.54,18.75,0.0,15.0,93,13,7.2,42,17.2,19.3,17.7,0.0,0.0,0.0,1.65,15.7,91,44,5.2,25,14.5,16.8,18.9,0.0
2025-04-29 00:00:00,23.51,18.75,0.0,15.0,93,15,9.8,50,16.8,19.1,17.7,0.0,0.0,0.0,1.65,15.4,92,47,4.4,9,14.2,16.5,18.7,0.0
2025-04-29 01:00:00,23.4866666666667,18.73,0.0,14.6,93,15,4.5,47,17.3,19.0,17.7,0.0,0.0,0.0,1.65,15.4,92,84,3.2,333,14.8,16.3,18.4,0.0
2025-04-29 02:00:00,23.4633333333333,18.69,0.0,14.3,95,15,1.7,24,16.8,18.9,17.7,0.0,0.0,0.0,1.65,15.4,92,83,2.2,279,15.1,16.3,18.2,0.0
2025-04-29 03:00:00,23.4433333333333,18.6633333333333,0.0,13.7,97,31,1.9,360,16.3,18.7,17.7,0.0,0.0,0.0,1.65,15.4,91,89,1.6,333,14.8,16.2,18.1,0.0
2025-04-29 04:00:00,23.4033333333333,18.65,0.0,13.7,98,69,4.8,261,16.0,18.6,17.7,0.0,0.0,0.0,1.65,15.3,92,76,2.6,16,14.8,16.1,17.9,0.0
2025-04-29 05:00:00,23.3633333333333,18.66,0.0,13.7,99,100,4.5,276,15.9,18.4,17.7,0.0,0.0,0.0,1.65,15.2,92,86,2.1,59,14.5,16.0,17.8,0.0
2025-04-29 06:00:00,23.35,18.6666666666667,0.0,13.7,99,100,5.0,282,15.9,18.2,17.7,0.0,0.0,0.01,1.65,15.3,91,59,3.7,29,15.2,15.9,17.6,0.0
2025-04-29 07:00:00,23.3333333333333,18.6433333333333,0.0,14.8,91,72,4.1,10,16.4,18.1,17.7,0.0,0.0,0.05,1.65,16.5,87,62,5.4,37,18.5,16.4,17.5,0.0
2025-04-29 08:00:00,23.2966666666667,18.61,0.0,16.3,81,92,10.3,35,17.2,18.0,17.7,0.0,0.0,0.13,1.65,17.7,80,59,9.7,45,21.6,17.5,17.5,0.0
2025-04-29 09:00:00,23.2733333333333,18.5766666666667,0.0,17.7,74,100,11.6,27,18.5,18.0,17.7,0.0,0.0,0.24,1.65,18.8,77,67,12.7,35,23.3,18.8,17.5,0.0
2025-04-29 10:00:00,23.2066666666667,18.56,0.0,19.2,68,98,14.6,31,20.0,18.1,17.7,0.0,0.0,0.37,1.65,19.6,74,92,13.7,30,24.3,20.2,17.7,0.0
2025-04-29 11:00:00,23.1466666666667,18.5366666666667,0.0,20.1,65,100,15.8,31,21.5,18.2,17.7,0.0,0.0,0.44,1.65,20.3,73,94,16.2,32,25.7,21.1,18.0,0.0
2025-04-29 12:00:00,23.07,18.4366666666667,0.0,20.5,66,100,14.7,31,22.6,18.4,17.7,0.0,0.0,0.47,1.65,20.8,72,97,17.2,29,27.3,22.1,18.3,0.0
2025-04-29 13:00:00,23.0133333333333,18.39,0.0,20.8,64,100,15.7,31,23.3,18.7,17.7,0.0,0.0,0.4,1.65,20.9,71,100,18.4,26,26.2,22.7,18.6,0.0
2025-04-29 14:00:00,22.9733333333333,18.3733333333333,0.0,20.8,65,100,16.0,24,23.6,19.0,17.7,0.0,0.0,0.4,1.65,20.4,74,100,18.2,27,24.6,22.6,18.9,0.0
2025-04-29 15:00:00,22.9533333333333,18.3566666666667,0.0,20.2,66,100,12.1,35,23.2,19.2,17.7,0.0,0.0,0.28,1.65,19.6,77,100,16.1,27,21.6,22.0,19.2,0.0
2025-04-29 16:00:00,22.9433333333333,18.3433333333333,0.0,20.1,67,98,12.3,35,22.6,19.4,17.7,0.0,0.0,0.21,1.65,19.3,78,100,16.6,41,21.2,21.4,19.3,0.0
2025-04-29 17:00:00,22.9333333333333,18.3366666666667,0.0,19.5,70,58,16.1,36,22.1,19.5,17.7,0.0,0.0,0.18,1.65,18.6,81,100,15.4,37,19.8,20.7,19.4,0.0
2025-04-29 18:00:00,22.9166666666667,18.33,0.0,18.3,78,85,14.5,35,21.3,19.6,17.7,0.0,0.0,0.1,1.65,18.4,83,100,12.7,35,18.7,20.1,19.5,0.0
2025-04-29 19:00:00,22.8966666666667,18.33,0.0,16.9,87,93,12.5,25,20.3,19.6,17.8,0.0,0.0,0.03,1.65,17.6,86,100,11.3,27,17.4,19.3,19.4,0.0
2025-04-29 20:00:00,22.8866666666667,18.33,0.0,16.5,91,98,9.2,30,19.5,19.6,17.8,0.0,0.0,0.0,1.65,17.2,89,88,9.2,31,16.9,18.7,19.3,0.0
2025-04-29 21:00:00,22.8733333333333,18.3333333333333,0.0,16.4,91,100,11.8,41,18.9,19.6,17.8,0.0,0.0,0.0,1.65,17.1,88,96,9.5,37,17.1,18.2,19.2,0.0
2025-04-29 22:00:00,22.8533333333333,18.34,0.0,16.7,89,95,10.6,47,18.5,19.5,17.8,0.0,0.0,0.0,1.65,17.2,88,97,9.0,37,17.1,18.1,19.1,0.0
2025-04-29 23:00:00,22.8466666666667,18.34,0.0,17.0,87,100,9.6,55,18.3,19.4,17.8,0.0,0.0,0.0,1.65,17.1,88,100,8.7,30,17.0,18.0,19.0,0.0
2025-04-30 00:00:00,22.8266666666667,18.35,0.0,16.6,88,100,7.0,61,18.0,19.3,17.8,0.0,0.0,0.0,1.65,17.2,87,98,6.8,32,17.1,18.0,18.9,0.0
2025-04-30 01:00:00,22.8133333333333,18.35,0.0,16.8,91,100,11.2,46,18.6,19.3,17.8,0.2,0.2,0.0,1.65,17.0,90,95,6.8,25,16.9,17.8,18.7,0.0
2025-04-30 02:00:00,22.8,18.3433333333333,0.0,16.7,91,100,7.8,57,18.1,19.3,17.8,0.1,0.1,0.0,1.65,16.9,91,97,5.5,11,16.5,17.7,18.6,0.0
2025-04-30 03:00:00,22.7633333333333,18.3266666666667,0.0,16.6,91,100,9.1,67,17.8,19.2,17.8,0.1,0.1,0.0,1.65,16.8,90,95,7.6,25,16.6,17.6,18.5,0.0
2025-04-30 04:00:00,22.7366666666667,18.3066666666667,0.0,16.2,90,100,7.1,87,17.5,19.0,17.8,0.0,0.0,0.0,1.65,16.7,91,92,5.7,18,16.5,17.4,18.4,0.0
2025-04-30 05:00:00,22.7266666666667,18.2866666666667,0.0,15.6,92,99,6.1,78,17.2,18.9,17.8,0.0,0.0,0.0,1.65,16.6,93,91,5.0,30,16.4,17.3,18.3,0.0
2025-04-30 06:00:00,22.7066666666667,18.2733333333333,0.0,15.1,95,100,4.6,70,17.0,18.8,17.8,0.0,0.0,0.02,1.65,16.5,94,96,4.4,351,16.7,17.2,18.2,0.0
2025-04-30 07:00:00,22.6933333333333,18.2633333333333,0.0,14.9,97,100,2.6,47,17.1,18.7,17.8,0.0,0.0,0.03,1.65,17.4,91,80,6.1,3,19.1,17.5,18.1,0.0
2025-04-30 08:00:00,22.6866666666667,18.26,0.0,15.2,97,100,3.3,338,17.4,18.6,17.8,0.0,0.0,0.06,1.65,18.4,85,77,5.7,18,21.7,18.5,18.1,0.0
2025-04-30 09:00:00,22.6766666666667,18.25,0.0,16.4,91,100,7.7,318,18.2,18.5,17.8,0.0,0.0,0.13,1.65,19.1,84,83,7.6,360,23.6,19.3,18.1,0.0
2025-04-30 10:00:00,22.6533333333333,18.25,0.0,18.1,81,100,7.6,289,19.4,18.5,17.8,0.0,0.0,0.24,1.65,20.3,77,81,10.0,345,25.9,20.7,18.3,0.0
2025-04-30 11:00:00,22.62,18.24,0.0,19.4,77,100,7.7,278,20.3,18.6,17.8,0.0,0.0,0.24,1.65,21.4,71,99,12.7,325,25.8,21.8,18.6,0.0
2025-04-30 12:00:00,22.57,18.2333333333333,0.0,21.1,71,100,8.5,331,21.7,18.7,17.8,0.0,0.0,0.35,1.65,20.7,74,100,14.6,350,24.7,22.2,18.8,0.0
2025-04-30 13:00:00,22.5333333333333,18.21,0.0,19.9,73,100,6.9,347,21.7,19.0,17.8,0.1,0.1,0.23,1.65,21.0,75,100,16.2,347,25.4,22.6,19.1,0.0
2025-04-30 14:00:00,22.4866666666667,18.17,0.0,20.2,73,100,9.4,25,21.8,19.1,17.8,0.0,0.0,0.22,1.65,20.6,77,100,14.4,357,24.5,22.7,19.4,0.0
2025-04-30 15:00:00,22.4266666666667,18.1133333333333,0.0,19.9,76,100,11.4,36,21.8,19.2,17.8,0.2,0.2,0.22,1.65,20.2,80,100,13.4,6,22.7,22.4,19.6,0.0
2025-04-30 16:00:00,22.3866666666667,18.0766666666667,0.0,20.4,74,99,10.0,65,21.9,19.4,17.8,0.0,0.0,0.24,1.65,19.9,82,100,12.9,18,22.4,21.9,19.8,0.0
2025-04-30 17:00:00,22.3366666666667,18.0466666666667,0.0,20.6,73,98,5.8,88,21.9,19.5,17.9,0.0,0.0,0.19,1.65,19.3,84,100,9.7,22,20.9,21.3,19.9,0.0
2025-04-30 18:00:00,22.3,18.03,0.0,19.9,77,100,5.5,44,21.4,19.6,17.9,0.0,0.0,0.1,1.65,18.4,85,100,9.8,17,19.1,20.6,19.9,0.0
2025-04-30 19:00:00,22.2933333333333,18.02,0.0,17.4,91,100,4.0,18,20.3,19.6,17.9,0.0,0.0,0.02,1.65,17.7,90,100,6.0,17,17.3,19.7,19.9,0.0
2025-04-30 20:00:00,22.2966666666667,18.0233333333333,0.0,16.4,94,74,1.8,16,19.2,19.6,17.9,0.0,0.0,0.0,1.65,17.1,94,100,2.4,333,16.3,18.9,19.7,0.0
2025-04-30 21:00:00,22.2866666666667,18.03,0.0,15.9,94,94,1.3,354,18.3,19.5,17.9,0.0,0.0,0.0,1.65,16.7,94,92,3.6,360,16.2,18.2,19.6,0.0
2025-04-30 22:00:00,22.2833333333333,18.03,0.0,15.7,96,96,2.4,114,17.8,19.4,17.9,0.0,0.0,0.0,1.65,16.4,95,98,2.4,27,16.0,17.9,19.4,0.0
2025-04-30 23:00:00,22.26,18.03,0.0,15.7,94,100,4.9,156,17.6,19.3,17.9,0.0,0.0,0.0,1.65,16.2,96,92,1.5,45,15.1,17.5,19.2,0.0
2025-05-01 00:00:00,22.2233333333333,18.03,0.0,15.9,93,100,5.5,198,17.6,19.1,17.9,0.0,0.0,0.0,1.65,16.4,95,79,1.5,45,16.0,17.4,19.0,0.0
2025-05-01 01:00:00,22.2033333333333,18.0366666666667,0.0,16.9,92,100,4.4,171,18.6,19.1,17.9,0.1,0.1,0.0,1.65,16.3,95,80,1.5,14,15.9,17.3,18.8,0.0
2025-05-01 02:00:00,22.1933333333333,18.04,0.0,17.0,91,100,3.2,177,18.3,19.1,17.9,0.1,0.1,0.0,1.65,16.2,96,75,1.5,346,15.3,17.1,18.6,0.0
2025-05-01 03:00:00,22.17,18.0466666666667,0.0,17.0,92,100,2.7,166,18.1,19.0,17.9,0.1,0.1,0.0,1.65,15.7,96,69,1.3,326,14.4,16.7,18.5,0.0
2025-05-01 04:00:00,22.1666666666667,18.05,0.0,17.0,92,100,1.1,135,17.9,18.9,17.9,0.0,0.0,0.0,1.65,15.6,97,71,0.7,360,14.3,16.4,18.3,0.0
2025-05-01 05:00:00,22.1566666666667,18.0533333333333,0.0,16.7,93,100,1.0,45,17.8,18.8,17.9,0.1,0.1,0.0,1.65,15.4,97,70,1.1,108,13.7,16.1,18.1,0.0
2025-05-01 06:00:00,22.1366666666667,18.0566666666667,0.0,16.6,93,100,2.6,72,17.7,18.8,17.9,0.1,0.1,0.02,1.65,15.7,96,58,0.5,225,15.0,16.0,17.9,0.0
2025-05-01 07:00:00,22.1266666666667,18.0566666666667,0.0,16.6,94,100,3.0,51,17.8,18.7,17.9,0.0,0.0,0.04,1.65,16.8,92,65,2.1,31,19.4,16.6,17.8,0.0
2025-05-01 08:00:00,22.1133333333333,18.0566666666667,0.0,17.0,91,100,4.7,22,18.3,18.6,17.9,0.0,0.0,0.1,1.65,18.6,85,44,4.8,42,23.2,18.3,17.7,0.0
2025-05-01 09:00:00,22.0866666666667,18.05,0.0,18.5,83,100,8.5,6,19.5,18.6,17.9,0.0,0.0,0.22,1.65,20.7,75,65,9.7,42,25.5,20.1,17.9,0.0
2025-05-01 10:00:00,22.0533333333333,18.0233333333333,0.0,19.7,78,68,9.5,8,20.8,18.7,17.9,0.0,0.0,0.32,1.65,22.0,67,40,11.8,27,28.2,21.5,18.1,0.0
2025-05-01 11:00:00,22.0033333333333,17.97,0.0,21.3,73,52,11.1,24,22.6,18.9,17.9,0.0,0.0,0.47,1.65,22.9,65,37,16.4,33,29.3,23.0,18.5,0.0
2025-05-01 12:00:00,21.93,17.9233333333333,0.0,21.8,71,21,12.5,34,24.0,19.1,17.9,0.0,0.0,0.52,1.65,22.6,65,47,19.7,31,28.6,23.9,18.9,0.0
2025-05-01 13:00:00,21.8666666666667,17.9,0.0,21.7,70,17,14.2,41,24.8,19.4,17.9,0.0,0.0,0.51,1.65,22.9,64,40,19.5,34,29.1,24.5,19.4,0.0
2025-05-01 14:00:00,21.79,17.87,0.0,21.8,69,33,16.2,51,25.1,19.7,17.9,0.0,0.0,0.47,1.65,22.7,67,31,20.2,39,28.5,24.8,19.8,0.0
2025-05-01 15:00:00,21.7533333333333,17.81,0.0,21.7,70,64,13.9,54,25.1,20.0,17.9,0.0,0.0,0.4,1.65,22.1,70,38,19.9,32,26.6,24.6,20.2,0.0
2025-05-01 16:00:00,21.7066666666667,17.7833333333333,0.0,20.9,73,99,14.6,46,24.5,20.2,17.9,0.0,0.0,0.27,1.65,21.0,75,100,19.5,30,23.4,24.0,20.5,0.0
2025-05-01 17:00:00,21.6866666666667,17.7833333333333,0.0,20.3,76,97,14.9,38,23.6,20.4,18.0,0.0,0.0,0.16,1.65,20.1,80,100,15.5,31,21.4,22.8,20.7,0.0
2025-05-01 18:00:00,21.6566666666667,17.79,0.0,18.7,84,100,12.9,33,22.5,20.5,18.0,0.0,0.0,0.08,1.65,18.9,87,100,12.8,22,19.4,21.6,20.7,0.0
2025-05-01 19:00:00,21.6566666666667,17.78,0.0,17.2,90,100,9.9,44,21.3,20.5,18.0,0.0,0.0,0.03,1.65,18.0,91,100,7.2,18,17.5,20.5,20.6,0.0
2025-05-01 20:00:00,21.6433333333333,17.7733333333333,0.0,16.3,93,98,7.1,23,20.2,20.5,18.0,0.0,0.0,0.0,1.65,17.2,95,100,4.7,23,16.7,19.4,20.5,0.0
2025-05-01 21:00:00,21.53,17.77,0.0,16.9,89,100,5.3,28,19.5,20.4,18.0,0.0,0.0,0.0,1.65,16.6,97,100,6.1,360,16.4,18.6,20.2,0.0
2025-05-01 22:00:00,21.5266666666667,17.76,0.0,18.3,82,100,1.7,175,19.0,20.3,18.0,0.0,0.0,0.0,1.65,16.6,97,100,4.0,355,16.4,18.2,20.0,0.0
2025-05-01 23:00:00,21.5233333333333,17.72,0.0,20.5,68,94,6.7,184,18.9,20.2,18.0,0.0,0.0,0.02,1.65,16.4,98,100,1.8,11,16.1,18.0,19.8,0.0
2025-05-02 00:00:00,21.5,17.6733333333333,0.0,25.5,39,63,22.4,185,19.3,20.1,18.0,0.0,0.0,0.2,1.65,17.1,96,100,5.2,335,16.5,18.2,19.6,0.0
2025-05-02 01:00:00,21.4866666666667,17.6566666666667,0.0,20.7,58,96,8.6,172,18.7,19.9,18.0,0.0,0.0,0.04,1.65,16.8,99,100,7.3,327,16.3,17.9,19.4,0.0
2025-05-02 02:00:00,21.4833333333333,17.66,0.0,25.2,42,100,31.2,179,19.2,19.8,18.0,0.0,0.0,0.23,1.65,16.7,96,100,3.8,319,16.0,17.7,19.2,0.0
2025-05-02 03:00:00,21.4633333333333,17.6466666666667,0.0,24.9,45,100,26.4,182,19.9,19.7,18.0,0.0,0.0,0.2,1.65,17.7,87,100,6.0,295,16.1,17.6,19.0,0.0
2025-05-02 04:00:00,21.4466666666667,17.5966666666667,0.0,24.9,45,100,15.0,201,20.3,19.7,18.0,0.0,0.0,0.12,1.65,19.9,70,63,7.4,284,16.7,17.6,18.8,0.0
2025-05-02 05:00:00,21.4333333333333,17.56,0.0,20.1,64,100,6.1,269,19.8,19.7,18.1,0.0,0.0,0.02,1.65,18.8,82,100,18.7,335,17.5,17.8,18.7,0.0
2025-05-02 06:00:00,21.4033333333333,17.55,0.0,18.7,79,100,3.6,303,19.3,19.7,18.1,0.0,0.0,0.02,1.65,17.8,94,100,12.4,17,17.4,17.7,18.6,0.0
2025-05-02 07:00:00,21.4033333333333,17.5533333333333,0.0,19.7,76,100,7.9,327,19.4,19.6,18.1,0.0,0.0,0.08,1.65,18.7,88,100,10.1,55,19.8,18.1,18.5,0.0
2025-05-02 08:00:00,21.3766666666667,17.56,0.0,20.7,71,100,9.4,325,20.2,19.6,18.1,0.0,0.0,0.17,1.65,20.1,85,100,6.6,49,23.7,19.2,18.5,0.0
2025-05-02 09:00:00,21.3666666666667,17.56,0.0,22.5,64,100,11.8,330,21.3,19.6,18.1,0.0,0.0,0.29,1.65,22.7,73,100,7.1,15,28.4,21.4,18.7,0.0
2025-05-02 10:00:00,21.3533333333333,17.5433333333333,0.0,23.7,59,100,14.0,337,22.6,19.8,18.1,0.0,0.0,0.41,1.65,23.7,66,100,14.0,1,29.3,23.0,19.0,0.0
2025-05-02 11:00:00,21.31,17.4866666666667,0.0,23.9,59,92,15.9,355,23.8,19.9,18.1,0.0,0.0,0.48,1.65,24.3,60,11,18.0,1,30.5,24.2,19.4,0.0
2025-05-02 12:00:00,21.26,17.44,0.0,23.9,57,100,12.5,9,24.7,20.1,18.1,0.0,0.0,0.5,1.65,24.6,61,26,21.0,354,31.2,25.4,19.9,0.0
2025-05-02 13:00:00,21.2233333333333,17.41,0.0,24.6,53,14,13.7,355,26.0,20.4,18.1,0.0,0.0,0.57,1.65,24.2,64,36,19.8,358,30.9,26.1,20.3,0.0
2025-05-02 14:00:00,21.1766666666667,17.3866666666667,0.0,24.1,55,6,15.3,359,26.3,20.7,18.1,0.0,0.0,0.53,1.65,24.2,64,22,17.1,7,30.9,26.4,20.8,0.0
2025-05-02 15:00:00,21.1433333333333,17.36,0.0,23.4,57,22,13.6,4,26.3,20.9,18.1,0.0,0.0,0.45,1.65,24.0,63,39,17.0,5,29.5,26.4,21.2,0.0
2025-05-02 16:00:00,21.12,17.3333333333333,0.0,22.4,61,26,12.0,19,25.8,21.2,18.1,0.0,0.0,0.34,1.65,23.3,64,6,14.3,12,27.3,26.0,21.5,0.0
2025-05-02 17:00:00,21.1133333333333,17.32,0.0,22.1,65,10,9.2,12,25.1,21.4,18.1,0.0,0.0,0.24,1.65,22.4,67,31,12.4,22,24.6,25.2,21.8,0.0
2025-05-02 18:00:00,21.11,17.33,0.0,20.5,71,10,9.4,3,24.0,21.5,18.2,0.0,0.0,0.12,1.65,21.0,75,21,12.2,14,21.2,23.8,21.9,0.0
2025-05-02 19:00:00,21.1133333333333,17.35,0.0,18.4,82,18,3.6,21,22.6,21.5,18.2,0.0,0.0,0.02,1.65,19.7,81,0,6.3,24,18.4,22.3,21.9,0.0
2025-05-02 20:00:00,21.13,17.3666666666667,0.0,17.4,88,24,3.0,74,21.2,21.5,18.2,0.0,0.0,0.0,1.65,18.5,88,21,3.9,56,17.2,20.9,21.7,0.0
2025-05-02 21:00:00,21.11,17.37,0.0,16.9,91,5,3.3,115,20.2,21.4,18.2,0.0,0.0,0.0,1.65,17.5,91,1,3.1,21,16.1,19.7,21.5,0.0
2025-05-02 22:00:00,21.1133333333333,17.35,0.0,16.7,90,0,2.2,100,19.4,21.2,18.2,0.0,0.0,0.0,1.65,17.1,92,17,1.8,79,15.3,18.9,21.2,0.0
2025-05-02 23:00:00,21.09,17.33,0.0,16.5,87,0,2.2,99,18.7,21.0,18.2,0.0,0.0,0.0,1.65,16.4,94,17,4.1,135,15.3,18.2,20.9,0.0
2025-05-03 00:00:00,21.08,17.31,0.0,16.3,85,0,1.7,70,18.1,20.8,18.2,0.0,0.0,0.0,1.65,16.1,90,10,3.8,139,14.8,17.9,20.6,0.0
2025-05-03 01:00:00,21.0766666666667,17.3166666666667,0.0,16.5,76,1,1.5,72,17.9,20.6,18.2,0.0,0.0,0.0,1.65,15.8,85,2,2.5,135,14.2,17.4,20.2,0.0
2025-05-03 02:00:00,21.0566666666667,17.33,0.0,16.3,75,0,2.7,67,17.5,20.4,18.3,0.0,0.0,0.0,1.65,15.3,85,0,3.1,144,13.9,17.0,19.9,0.0
2025-05-03 03:00:00,21.0066666666667,17.3,0.0,15.8,76,1,2.9,68,17.1,20.2,18.3,0.0,0.0,0.0,1.65,14.3,89,8,4.2,149,13.3,16.4,19.6,0.0
2025-05-03 04:00:00,20.9933333333333,17.2533333333333,0.0,15.7,77,0,1.2,45,16.6,19.9,18.3,0.0,0.0,0.0,1.65,13.9,91,13,3.4,162,13.0,16.1,19.3,0.0
2025-05-03 05:00:00,20.97,17.23,0.0,15.4,78,0,0.7,43,16.2,19.7,18.3,0.0,0.0,0.0,1.65,13.6,92,5,2.2,180,12.5,15.7,19.0,0.0
2025-05-03 06:00:00,20.9633333333333,17.2266666666667,0.0,15.8,80,0,1.3,69,16.1,19.5,18.3,0.0,0.0,0.01,1.65,13.6,92,9,3.2,180,13.8,15.5,18.7,0.0
2025-05-03 07:00:00,20.9466666666667,17.2366666666667,0.0,18.4,70,0,1.1,22,17.1,19.3,18.3,0.0,0.0,0.07,1.65,16.1,88,31,2.3,219,19.3,16.3,18.4,0.0
2025-05-03 08:00:00,20.9166666666667,17.2366666666667,0.0,19.8,67,0,5.2,5,18.6,19.2,18.3,0.0,0.0,0.2,1.65,19.6,70,29,1.8,281,23.8,18.3,18.3,0.0
2025-05-03 09:00:00,20.8733333333333,17.24,0.0,21.1,62,0,7.3,16,20.4,19.2,18.3,0.0,0.0,0.33,1.65,21.3,62,38,7.1,336,26.7,20.4,18.4,0.0
2025-05-03 10:00:00,20.84,17.2033333333333,0.0,22.6,56,61,8.6,26,22.1,19.3,18.3,0.0,0.0,0.44,1.65,22.3,61,48,10.9,354,28.5,22.1,18.7,0.0
2025-05-03 11:00:00,20.8,17.1633333333333,0.0,22.6,58,100,10.6,22,23.1,19.5,18.3,0.0,0.0,0.41,1.65,22.8,59,76,14.4,3,30.2,23.5,19.0,0.0
2025-05-03 12:00:00,20.7566666666667,17.1433333333333,0.0,21.7,62,100,15.1,15,23.4,19.7,18.3,0.0,0.0,0.34,1.65,22.5,59,100,17.3,358,28.2,24.4,19.4,0.0
2025-05-03 13:00:00,20.7166666666667,17.11,0.0,22.5,58,100,14.2,12,23.9,19.9,18.3,0.0,0.0,0.38,1.65,21.7,61,100,15.8,360,25.5,24.2,19.8,0.0
2025-05-03 14:00:00,20.6933333333333,17.0866666666667,0.0,21.2,62,100,13.2,12,23.9,20.1,18.3,0.0,0.0,0.32,1.65,21.3,62,100,17.0,347,25.7,23.6,20.1,0.0
2025-05-03 15:00:00,20.65,17.07,0.0,21.6,61,100,10.3,3,24.1,20.3,18.3,0.0,0.0,0.36,1.65,21.6,60,100,16.9,344,26.7,23.9,20.4,0.0
2025-05-03 16:00:00,20.6366666666667,17.07,0.0,20.9,61,100,7.9,3,23.8,20.4,18.3,0.0,0.0,0.26,1.65,21.4,60,93,15.6,337,24.5,23.9,20.6,0.0
2025-05-03 17:00:00,20.6233333333333,17.0966666666667,0.0,20.6,61,100,7.9,14,23.2,20.6,18.3,0.0,0.0,0.18,1.65,20.9,56,90,12.8,344,22.1,23.1,20.8,0.0
2025-05-03 18:00:00,20.6066666666667,17.1233333333333,0.0,19.9,63,12,6.7,71,22.4,20.6,18.3,0.0,0.0,0.11,1.65,20.5,53,78,7.6,341,20.2,22.3,20.9,0.0
2025-05-03 19:00:00,20.6033333333333,17.13,0.0,18.0,71,8,5.2,73,21.2,20.7,18.3,0.0,0.0,0.03,1.65,19.2,61,35,3.3,77,16.8,21.0,20.9,0.0
2025-05-03 20:00:00,20.5966666666667,17.13,0.0,16.8,77,10,4.7,101,20.0,20.6,18.4,0.0,0.0,0.0,1.65,17.5,68,52,5.2,124,15.9,19.6,20.7,0.0
2025-05-03 21:00:00,20.5933333333333,17.1233333333333,0.0,16.1,81,7,4.5,98,19.2,20.5,18.4,0.0,0.0,0.0,1.65,16.7,68,47,4.8,132,15.4,18.7,20.5,0.0
2025-05-03 22:00:00,20.58,17.11,0.0,15.7,80,10,3.6,97,18.4,20.4,18.4,0.0,0.0,0.0,1.65,16.2,70,40,4.1,142,14.7,18.0,20.3,0.0
2025-05-03 23:00:00,20.5633333333333,17.0833333333333,0.0,15.3,79,5,4.1,96,17.7,20.2,18.4,0.0,0.0,0.0,1.65,15.7,74,46,2.9,150,14.2,17.4,20.0,0.0
2025-05-04 00:00:00,20.56,17.06,0.0,15.3,76,14,2.7,114,17.2,20.0,18.4,0.0,0.0,0.0,1.65,15.0,77,67,2.5,180,13.7,16.9,19.8,0.0
2025-05-04 01:00:00,20.54,17.04,0.0,15.4,74,9,1.6,94,16.9,19.9,18.4,0.0,0.0,0.0,1.65,14.0,83,67,2.6,214,13.2,16.5,19.5,0.0
2025-05-04 02:00:00,20.5133333333333,17.04,0.0,15.3,74,9,1.2,74,16.5,19.7,18.4,0.0,0.0,0.0,1.65,13.7,85,84,2.3,198,13.1,16.1,19.2,0.0
2025-05-04 03:00:00,20.49,17.0533333333333,0.0,14.8,76,12,0.9,83,16.1,19.4,18.4,0.0,0.0,0.0,1.65,13.2,87,52,2.1,211,12.3,15.6,18.9,0.0
2025-05-04 04:00:00,20.4533333333333,17.06,0.0,14.2,80,3,2.1,142,15.7,19.2,18.4,0.0,0.0,0.0,1.65,13.2,86,49,2.2,189,11.9,15.3,18.6,0.0
2025-05-04 05:00:00,20.4433333333333,17.04,0.0,13.6,83,2,3.4,231,15.3,19.0,18.4,0.0,0.0,0.0,1.65,13.3,83,41,2.2,180,11.5,14.9,18.3,0.0
2025-05-04 06:00:00,20.44,17.01,0.0,14.4,81,1,4.6,218,15.3,18.8,18.4,0.0,0.0,0.02,1.65,13.4,84,50,2.5,188,13.0,14.7,18.0,0.0
2025-05-04 07:00:00,20.4133333333333,16.9866666666667,0.0,17.2,73,1,3.6,235,16.2,18.6,18.4,0.0,0.0,0.08,1.65,15.3,83,0,1.5,225,18.6,15.5,17.8,0.0
2025-05-04 08:00:00,20.38,16.97,0.0,19.4,64,1,3.5,294,17.8,18.5,18.4,0.0,0.0,0.2,1.65,18.9,61,0,2.3,342,23.4,17.5,17.7,0.0
2025-05-04 09:00:00,20.3466666666667,16.97,0.0,21.1,59,1,5.0,264,19.8,18.5,18.4,0.0,0.0,0.33,1.65,21.3,55,0,4.6,321,26.8,19.9,17.8,0.0
2025-05-04 10:00:00,20.33,16.97,0.0,23.3,49,1,6.3,271,21.8,18.7,18.4,0.0,0.0,0.47,1.65,22.7,55,7,8.7,330,29.1,21.8,18.1,0.0
2025-05-04 11:00:00,20.2766666666667,16.97,0.0,24.6,44,38,8.4,309,23.7,18.9,18.4,0.0,0.0,0.57,1.65,23.5,55,73,14.5,341,30.0,23.3,18.5,0.0
2025-05-04 12:00:00,20.2466666666667,16.9633333333333,0.0,22.9,60,41,16.6,357,24.6,19.2,18.4,0.1,0.1,0.5,1.65,21.9,64,53,17.2,20,25.9,23.8,18.9,0.0
2025-05-04 13:00:00,20.2,16.9466666666667,0.0,21.0,66,24,16.9,13,24.6,19.5,18.4,0.0,0.0,0.37,1.65,22.5,62,46,20.3,13,30.3,24.2,19.3,0.0
2025-05-04 14:00:00,20.18,16.9266666666667,0.0,22.0,61,17,11.6,15,25.1,19.8,18.4,0.0,0.0,0.46,1.65,21.9,61,39,20.2,359,28.8,24.8,19.7,0.0
2025-05-04 15:00:00,20.1766666666667,16.9,0.0,22.0,54,22,12.8,356,25.3,20.1,18.4,0.0,0.0,0.43,1.65,21.6,61,32,20.5,345,26.9,24.8,20.1,0.0
2025-05-04 16:00:00,20.1633333333333,16.89,0.0,20.8,59,7,11.9,2,24.8,20.3,18.4,0.0,0.0,0.31,1.65,21.0,61,27,18.3,340,24.7,24.2,20.4,0.0
2025-05-04 17:00:00,20.1533333333333,16.9166666666667,0.0,20.4,59,33,7.2,8,24.2,20.5,18.4,0.0,0.0,0.23,1.65,20.6,62,46,15.8,333,22.7,23.4,20.6,0.0
2025-05-04 18:00:00,20.15,16.9533333333333,0.0,20.0,60,38,6.0,342,23.1,20.6,18.4,0.0,0.0,0.12,1.65,20.2,63,24,12.1,333,20.1,22.5,20.7,0.0
2025-05-04 19:00:00,20.1666666666667,16.95,0.0,18.0,69,39,1.9,354,21.6,20.7,18.4,0.0,0.0,0.02,1.65,18.9,67,16,3.3,347,16.7,21.1,20.7,0.0
2025-05-04 20:00:00,20.1666666666667,16.94,0.0,17.2,73,15,1.7,243,20.3,20.6,18.4,0.0,0.0,0.0,1.65,17.3,75,38,4.6,141,15.2,19.6,20.6,0.0
2025-05-04 21:00:00,20.1733333333333,16.94,0.0,16.5,75,36,3.3,228,19.2,20.5,18.4,0.0,0.0,0.0,1.65,15.7,82,41,5.0,159,14.7,18.5,20.4,0.0
2025-05-04 22:00:00,20.1433333333333,16.9466666666667,0.0,16.1,75,44,5.4,222,18.4,20.4,18.4,0.0,0.0,0.0,1.65,15.4,82,58,4.0,180,14.5,17.8,20.2,0.0
2025-05-04 23:00:00,20.14,16.9566666666667,0.0,15.3,78,64,6.1,215,17.7,20.2,18.4,0.0,0.0,0.0,1.65,15.1,84,97,4.4,189,14.0,17.3,19.9,0.0
2025-05-05 00:00:00,20.1333333333333,16.9666666666667,0.0,14.9,79,79,7.1,214,17.2,20.1,18.5,0.0,0.0,0.01,1.65,15.2,82,92,5.2,205,13.9,16.9,19.7,0.0
2025-05-05 01:00:00,20.1033333333333,16.9633333333333,0.0,15.0,79,51,2.0,253,17.2,19.9,18.5,0.0,0.0,0.0,1.65,15.1,79,70,4.8,207,13.8,16.6,19.4,0.0
2025-05-05 02:00:00,20.06,16.9266666666667,0.0,14.2,82,57,3.8,219,16.6,19.7,18.5,0.0,0.0,0.0,1.65,14.9,80,59,3.4,212,13.3,16.3,19.2,0.0
2025-05-05 03:00:00,20.0366666666667,16.9,0.0,13.6,85,56,4.0,232,16.2,19.5,18.5,0.0,0.0,0.0,1.65,14.6,79,50,2.4,207,12.9,16.0,18.9,0.0
2025-05-05 04:00:00,20.0233333333333,16.88,0.0,13.4,86,46,3.7,259,15.8,19.3,18.5,0.0,0.0,0.0,1.65,14.2,81,56,2.9,187,12.6,15.6,18.6,0.0
2025-05-05 05:00:00,20.0066666666667,16.8833333333333,0.0,13.5,86,50,4.4,257,15.5,19.1,18.5,0.0,0.0,0.0,1.65,13.5,85,48,3.3,174,12.0,15.3,18.4,0.0
2025-05-05 06:00:00,19.9766666666667,16.8966666666667,0.0,14.3,83,42,3.6,245,15.4,18.8,18.5,0.0,0.0,0.02,1.65,13.3,89,96,4.3,175,13.6,15.1,18.1,0.0
2025-05-05 07:00:00,19.9433333333333,16.91,0.0,16.9,73,51,4.7,216,16.3,18.7,18.5,0.0,0.0,0.08,1.65,15.7,84,54,4.0,185,18.5,15.7,17.9,0.0
2025-05-05 08:00:00,19.9233333333333,16.9,0.0,18.7,65,96,6.5,258,17.7,18.6,18.5,0.0,0.0,0.19,1.65,18.5,70,61,6.4,223,23.3,17.5,17.8,0.0
2025-05-05 09:00:00,19.9033333333333,16.8766666666667,0.0,20.2,59,53,10.1,274,19.3,18.6,18.5,0.0,0.0,0.3,1.65,20.6,59,42,10.5,264,25.1,19.7,17.9,0.0
2025-05-05 10:00:00,19.8666666666667,16.8533333333333,0.0,21.7,53,23,10.4,271,20.9,18.7,18.5,0.0,0.0,0.4,1.65,22.1,50,51,11.5,284,28.5,21.3,18.2,0.0
2025-05-05 11:00:00,19.83,16.8333333333333,0.0,23.3,46,8,10.8,293,22.7,18.8,18.5,0.0,0.0,0.54,1.65,23.1,46,75,15.8,311,29.6,23.0,18.5,0.0
2025-05-05 12:00:00,19.8,16.8133333333333,0.0,23.3,45,33,14.7,327,24.0,19.1,18.5,0.0,0.0,0.57,1.65,22.4,51,34,20.2,321,29.1,23.7,18.9,0.0
2025-05-05 13:00:00,19.78,16.8033333333333,0.0,23.0,45,69,18.8,323,24.5,19.4,18.5,0.0,0.0,0.53,1.65,22.5,48,5,23.1,321,29.2,24.0,19.3,0.0
2025-05-05 14:00:00,19.76,16.8,0.0,22.8,46,49,18.2,327,24.7,19.7,18.5,0.0,0.0,0.48,1.65,22.6,47,1,24.5,317,28.5,24.5,19.7,0.0
2025-05-05 15:00:00,19.7366666666667,16.8066666666667,0.0,23.0,44,12,14.5,334,24.8,19.9,18.5,0.0,0.0,0.47,1.65,22.6,49,0,21.7,313,26.8,24.7,20.1,0.0
2025-05-05 16:00:00,19.7366666666667,16.8366666666667,0.0,22.0,50,1,12.4,338,24.7,20.2,18.5,0.0,0.0,0.38,1.65,22.2,48,0,20.2,320,25.4,24.3,20.4,0.0
2025-05-05 17:00:00,19.7266666666667,16.8366666666667,0.0,20.9,53,1,11.0,328,24.0,20.4,18.5,0.0,0.0,0.26,1.65,21.7,50,16,19.1,311,23.0,23.6,20.6,0.0
2025-05-05 18:00:00,19.7333333333333,16.8166666666667,0.0,20.1,55,0,5.4,304,22.9,20.5,18.5,0.0,0.0,0.13,1.65,20.8,52,0,12.8,310,20.2,22.6,20.7,0.0
2025-05-05 19:00:00,19.73,16.8166666666667,0.0,18.4,59,0,1.9,254,21.4,20.6,18.5,0.0,0.0,0.02,1.65,19.3,58,1,4.0,280,16.7,21.2,20.8,0.0
2025-05-05 20:00:00,19.73,16.83,0.0,17.4,62,16,4.5,223,20.0,20.5,18.5,0.0,0.0,0.01,1.65,17.8,64,50,4.3,204,15.6,19.7,20.7,0.0
2025-05-05 21:00:00,19.7266666666667,16.84,0.0,16.8,65,24,5.1,218,19.0,20.4,18.5,0.0,0.0,0.01,1.65,16.9,65,75,5.8,202,15.5,18.7,20.5,0.0
2025-05-05 22:00:00,19.6966666666667,16.84,0.0,16.6,64,23,6.0,209,18.4,20.3,18.5,0.0,0.0,0.02,1.65,16.7,64,72,6.5,199,15.2,18.1,20.2,0.0
2025-05-05 23:00:00,19.6833333333333,16.8266666666667,0.0,16.1,66,25,7.1,211,17.9,20.1,18.5,0.0,0.0,0.02,1.65,16.4,65,61,6.6,202,14.9,17.7,20.0,0.0
2025-05-06 00:00:00,19.65,16.8266666666667,0.0,15.8,68,24,8.8,215,17.5,20.0,18.5,0.0,0.0,0.02,1.65,16.3,65,62,7.3,200,14.7,17.4,19.8,0.0
2025-05-06 01:00:00,19.625,16.8366666666667,0.0,15.0,71,10,7.4,210,17.0,19.8,18.5,0.0,0.0,0.02,1.65,15.9,68,56,6.2,201,14.2,17.1,19.5,0.0
2025-05-06 02:00:00,19.6166666666667,16.85,0.0,14.5,73,2,6.8,208,16.6,19.6,18.5,0.0,0.0,0.01,1.65,15.4,71,52,5.5,203,13.9,16.6,19.3,0.0
2025-05-06 03:00:00,19.5933333333333,16.8433333333333,0.0,13.7,77,0,5.2,214,16.1,19.4,18.5,0.0,0.0,0.0,1.65,15.0,72,46,5.8,202,13.4,16.3,19.0,0.0
2025-05-06 04:00:00,19.56,16.81,0.0,13.6,76,0,4.2,231,15.6,19.2,18.5,0.0,0.0,0.0,1.65,14.4,75,52,4.9,197,13.0,16.0,18.8,0.0
2025-05-06 05:00:00,19.5266666666667,16.78,0.0,13.4,77,0,5.0,232,15.1,19.0,18.5,0.0,0.0,0.0,1.65,13.7,79,38,4.7,203,12.2,15.6,18.6,0.0
2025-05-06 06:00:00,19.5166666666667,16.7633333333333,0.0,14.1,77,0,4.4,230,15.0,18.7,18.5,0.0,0.0,0.02,1.65,14.1,79,40,4.6,198,13.8,15.5,18.3,0.0
2025-05-06 07:00:00,19.49,16.7666666666667,0.0,16.9,69,0,5.2,229,15.9,18.6,18.5,0.0,0.0,0.09,1.65,16.5,77,27,4.1,225,19.3,16.1,18.1,0.0
2025-05-06 08:00:00,19.4633333333333,16.7833333333333,0.0,19.4,58,0,4.4,239,17.6,18.5,18.5,0.0,0.0,0.21,1.65,19.3,63,10,7.2,243,24.2,18.0,18.1,0.0
2025-05-06 09:00:00,19.4333333333333,16.7933333333333,0.0,20.9,52,0,3.3,260,19.5,18.5,18.5,0.0,0.0,0.34,1.65,21.8,53,4,7.8,248,27.8,20.3,18.2,0.0
2025-05-06 10:00:00,19.4166666666667,16.8,0.0,22.2,47,9,2.0,259,21.6,18.6,18.5,0.0,0.0,0.46,1.65,23.4,46,15,8.8,261,30.7,22.2,18.5,0.0
2025-05-06 11:00:00,19.39,16.8,0.0,23.6,43,35,2.1,298,23.5,18.8,18.5,0.0,0.0,0.56,1.65,24.7,43,100,7.6,301,32.1,24.0,18.8,0.0
2025-05-06 12:00:00,19.3566666666667,16.7866666666667,0.0,24.6,40,24,6.1,357,25.0,19.1,18.5,0.0,0.0,0.62,1.65,24.5,46,91,15.0,350,31.0,25.2,19.3,0.0
2025-05-06 13:00:00,19.3333333333333,16.7733333333333,0.0,24.7,43,65,12.8,12,26.2,19.7,18.5,0.0,0.0,0.62,1.65,24.0,48,97,17.6,1,31.3,25.6,19.8,0.0
2025-05-06 14:00:00,19.325,16.75,0.0,23.7,50,100,16.0,13,26.5,20.0,18.5,0.0,0.0,0.56,1.65,22.7,52,100,16.9,359,25.7,25.5,20.2,0.0
2025-05-06 15:00:00,19.3133333333333,16.7133333333333,0.0,22.9,52,100,14.2,11,26.3,20.4,18.5,0.0,0.0,0.46,1.65,22.7,54,25,17.3,356,28.6,25.1,20.6,0.0
2025-05-06 16:00:00,19.3266666666667,16.7133333333333,0.0,21.6,56,99,13.2,23,25.4,20.6,18.5,0.0,0.0,0.3,1.65,21.9,58,100,15.9,6,24.8,24.8,20.9,0.0
2025-05-06 17:00:00,19.325,16.74,0.0,20.7,60,40,12.5,41,24.5,20.8,18.5,0.0,0.0,0.24,1.65,20.7,62,100,11.6,30,21.7,23.7,21.1,0.0
2025-05-06 18:00:00,19.308095238095238,16.739523809523806,0.0,19.6,65,62,10.2,36,23.3,20.9,18.5,0.0,0.0,0.13,1.65,20.0,64,49,9.9,46,19.9,22.6,21.2,0.0
2025-05-06 19:00:00,19.291190476190476,16.739047619047618,0.0,17.5,78,98,4.4,25,21.9,21.0,18.6,0.0,0.0,0.03,1.65,18.6,71,88,5.6,45,16.7,21.2,21.1,0.0
2025-05-06 20:00:00,19.274285714285714,16.738571428571426,0.0,16.9,82,98,1.0,30,20.5,20.9,18.6,0.0,0.0,0.0,1.65,17.2,80,14,3.1,324,14.9,19.8,21.0,0.0
2025-05-06 21:00:00,19.257380952380952,16.738095238095237,0.0,15.9,85,8,1.4,65,19.3,20.8,18.6,0.0,0.0,0.0,1.65,16.4,82,33,2.3,219,13.6,18.5,20.8,0.0
2025-05-06 22:00:00,19.24047619047619,16.737619047619045,0.0,15.2,86,4,2.2,156,18.4,20.7,18.6,0.0,0.0,0.0,1.65,15.0,86,100,2.6,196,13.9,17.6,20.5,0.0
2025-05-06 23:00:00,19.22357142857143,16.737142857142857,0.0,15.1,84,39,1.1,151,17.6,20.5,18.6,0.0,0.0,0.0,1.65,14.7,84,70,3.0,166,13.7,17.2,20.2,0.0
2025-05-07 00:00:00,19.206666666666667,16.736666666666665,0.0,15.2,82,89,0.5,336,17.1,20.3,18.6,0.0,0.0,0.0,1.65,14.6,81,100,1.9,158,13.9,16.9,19.9,0.0
2025-05-07 01:00:00,19.189761904761905,16.736190476190476,0.0,14.8,87,95,0.6,320,17.2,20.1,18.6,0.0,0.0,0.0,1.65,14.9,78,100,1.3,146,14.0,16.7,19.6,0.0
2025-05-07 02:00:00,19.172857142857143,16.735714285714284,0.0,14.7,84,14,0.4,27,16.8,19.9,18.6,0.0,0.0,0.0,1.65,15.3,74,46,1.4,90,13.0,16.4,19.3,0.0
2025-05-07 03:00:00,19.15595238095238,16.735238095238095,0.0,14.3,83,5,0.5,56,16.2,19.7,18.6,0.0,0.0,0.0,1.65,14.7,72,53,1.4,180,11.3,15.5,19.0,0.0
2025-05-07 04:00:00,19.139047619047616,16.734761904761903,0.0,14.0,84,58,0.6,52,15.7,19.5,18.6,0.0,0.0,0.0,1.65,14.6,72,68,1.5,104,12.1,15.0,18.7,0.0
2025-05-07 05:00:00,19.122142857142855,16.734285714285715,0.0,14.1,85,39,0.5,52,15.4,19.2,18.6,0.0,0.0,0.0,1.65,14.3,74,81,1.5,45,12.1,14.9,18.4,0.0
2025-05-07 06:00:00,19.105238095238093,16.733809523809523,0.0,14.6,86,72,0.9,45,15.4,19.0,18.6,0.0,0.0,0.01,1.65,14.6,73,45,1.8,191,13.2,14.8,18.2,0.0
2025-05-07 07:00:00,19.08833333333333,16.733333333333334,0.0,16.5,77,50,1.3,54,16.3,18.8,18.6,0.0,0.0,0.06,1.65,15.3,79,100,2.3,252,17.7,15.6,17.9,0.0
2025-05-07 08:00:00,19.07142857142857,16.732857142857142,0.0,18.7,67,61,2.7,354,17.9,18.7,18.6,0.0,0.0,0.18,1.65,17.6,75,100,1.1,360,20.1,17.1,17.8,0.0
2025-05-07 09:00:00,19.054523809523808,16.732380952380954,0.0,20.4,60,5,9.3,27,19.5,18.7,18.6,0.0,0.0,0.3,1.65,20.0,71,91,8.7,38,25.7,19.1,17.9,0.0
2025-05-07 10:00:00,19.037619047619046,16.73190476190476,0.0,21.8,56,33,11.2,33,21.4,18.8,18.6,0.0,0.0,0.44,1.65,20.7,70,86,10.0,26,26.2,20.4,18.1,0.0
2025-05-07 11:00:00,19.020714285714284,16.731428571428573,0.0,22.5,55,13,12.3,32,22.9,19.0,18.6,0.0,0.0,0.48,1.65,21.4,69,84,13.4,27,27.6,21.8,18.3,0.0
2025-05-07 12:00:00,19.003809523809522,16.73095238095238,0.0,22.9,54,5,14.5,31,24.4,19.3,18.6,0.0,0.0,0.57,1.65,21.8,65,79,16.1,29,28.8,23.0,18.7,0.0
2025-05-07 13:00:00,18.98690476190476,16.730476190476192,0.0,22.3,59,1,14.9,32,24.9,19.4,18.6,0.0,0.0,0.53,1.65,21.9,66,78,19.2,30,28.0,23.9,19.1,0.0
2025-05-07 14:00:00,18.97,16.73,0.0,22.2,60,0,16.0,36,25.4,19.7,18.6,0.0,0.0,0.51,1.65,21.4,68,86,19.2,30,26.1,24.0,19.5,0.0
2025-05-07 15:00:00,18.9566666666667,16.734285714285715,0.0,22.0,59,7,15.6,35,25.5,20.0,18.6,0.0,0.0,0.46,1.65,21.4,67,52,18.0,20,26.8,24.0,19.8,0.0
2025-05-07 16:00:00,18.9633333333333,16.73857142857143,0.0,21.0,61,4,15.4,34,25.1,20.3,18.6,0.0,0.0,0.35,1.65,21.0,67,29,16.8,23,24.9,23.8,20.1,0.0
2025-05-07 17:00:00,18.9666666666667,16.742857142857144,0.0,20.2,64,5,13.7,37,24.2,20.5,18.6,0.0,0.0,0.24,1.65,20.3,70,22,14.0,23,22.4,23.1,20.3,0.0
2025-05-07 18:00:00,18.9566666666667,16.747142857142858,0.0,19.0,69,1,9.2,27,23.0,20.6,18.6,0.0,0.0,0.12,1.65,19.1,79,37,11.3,27,19.4,22.0,20.5,0.0
2025-05-07 19:00:00,18.9733333333333,16.751428571428573,0.0,17.0,84,0,4.3,34,21.6,20.7,18.6,0.0,0.0,0.02,1.65,17.8,83,30,7.7,28,16.4,20.7,20.5,0.0
2025-05-07 20:00:00,18.99,16.755714285714287,0.0,16.1,91,2,1.5,25,20.1,20.6,18.6,0.0,0.0,0.0,1.65,16.5,92,31,3.3,13,15.1,19.3,20.4,0.0
2025-05-07 21:00:00,18.98,16.76,0.0,15.6,93,0,0.6,360,19.0,20.5,18.6,0.0,0.0,0.0,1.65,15.9,93,29,0.8,27,13.5,18.1,20.2,0.0
2025-05-07 22:00:00,18.96,16.76,0.0,15.0,96,1,0.4,360,18.0,20.4,18.6,0.0,0.0,0.0,1.65,15.2,96,31,1.6,297,12.7,17.1,19.9,0.0
2025-05-07 23:00:00,18.9433333333333,16.77,0.0,14.5,96,2,0.4,15,17.3,20.2,18.6,0.0,0.0,0.0,1.65,14.8,98,90,0.8,63,13.0,16.4,19.6,0.0
2025-05-08 00:00:00,18.94,16.78,0.0,14.2,94,57,0.6,23,16.6,20.0,18.6,0.0,0.0,0.0,1.65,14.7,98,88,2.1,211,13.3,16.2,19.3,0.0
2025-05-08 01:00:00,18.9166666666667,16.79,0.0,15.1,96,100,0.6,32,17.1,19.9,18.6,0.5,0.5,0.0,1.65,14.7,99,93,0.8,117,13.5,16.0,19.0,0.0
2025-05-08 02:00:00,18.88,16.76,0.0,15.2,98,100,2.3,82,16.9,19.7,18.6,0.9,0.9,0.0,1.65,14.7,100,94,3.3,139,14.1,15.9,18.8,0.0
2025-05-08 03:00:00,18.8466666666667,16.72,0.0,15.5,99,100,2.0,23,16.9,19.5,18.6,1.0,1.0,0.0,1.65,14.3,100,95,1.8,169,13.9,15.8,18.5,0.0
2025-05-08 04:00:00,18.8433333333333,16.7,0.0,15.4,99,100,3.1,39,16.8,19.3,18.6,1.3,1.3,0.0,1.65,14.1,100,92,2.5,225,13.7,15.7,18.3,0.0
2025-05-08 05:00:00,18.8366666666667,16.69,0.0,14.9,100,100,1.5,321,16.6,19.2,18.6,0.1,0.1,0.0,1.65,13.8,100,95,3.3,229,13.7,15.6,18.1,0.0
2025-05-08 06:00:00,18.8066666666667,16.7,0.0,15.1,99,100,1.7,205,16.5,19.0,18.6,0.3,0.3,0.01,1.65,14.3,99,92,2.8,220,14.8,15.9,18.0,0.0
2025-05-08 07:00:00,18.78,16.71,0.0,15.7,98,98,4.2,288,16.8,18.9,18.6,1.6,1.6,0.05,1.65,16.0,94,89,4.3,222,18.1,16.4,17.9,0.0
2025-05-08 08:00:00,18.7666666666667,16.72,0.0,17.1,86,73,4.6,304,17.6,18.8,18.6,0.0,0.0,0.14,1.65,17.5,90,89,5.6,195,21.0,17.5,17.8,0.0
2025-05-08 09:00:00,18.7366666666667,16.71,0.0,18.8,75,43,3.9,301,18.9,18.7,18.6,0.0,0.0,0.25,1.65,19.0,79,92,4.6,231,23.0,19.0,17.9,0.0
2025-05-08 10:00:00,18.74,16.69,0.0,20.9,64,29,8.4,283,20.6,18.8,18.6,0.0,0.0,0.39,1.65,20.7,69,79,4.9,253,26.8,20.4,18.0,0.0
2025-05-08 11:00:00,18.7233333333333,16.665,0.0,22.5,58,44,9.6,299,22.2,19.0,18.6,0.0,0.0,0.47,1.65,22.5,55,96,7.6,295,27.9,21.9,18.3,0.0
2025-05-08 12:00:00,18.6866666666667,16.64,0.0,21.0,65,30,13.0,352,22.9,19.2,18.6,0.1,0.1,0.41,1.65,21.8,64,92,11.6,344,25.4,22.6,18.6,0.0
2025-05-08 13:00:00,18.69,16.64,0.0,21.1,66,52,10.8,358,23.8,19.4,18.6,0.9,0.9,0.49,1.65,21.5,61,57,15.5,1,27.9,22.9,19.0,0.0
2025-05-08 14:00:00,18.6833333333333,16.65,0.0,21.7,64,80,8.8,1,24.0,19.6,18.6,0.1,0.1,0.4,1.65,21.1,64,94,9.7,360,25.0,23.2,19.3,0.0
2025-05-08 15:00:00,18.6733333333333,16.66,0.0,20.2,68,78,10.9,343,23.6,19.9,18.6,0.4,0.4,0.32,1.65,19.8,76,86,13.2,343,22.8,22.9,19.7,0.0
2025-05-08 16:00:00,18.6966666666667,16.68,0.0,20.3,67,69,8.7,12,23.3,20.0,18.6,0.1,0.1,0.27,1.65,19.9,73,72,11.6,344,23.3,22.4,19.9,0.0
2025-05-08 17:00:00,18.7066666666667,16.695,0.0,20.2,66,63,9.8,10,22.9,20.2,18.6,0.0,0.0,0.2,1.65,20.0,68,61,8.3,358,22.2,22.1,20.0,0.0
2025-05-08 18:00:00,18.7,16.68,0.0,19.2,65,62,7.8,28,22.1,20.3,18.6,0.0,0.0,0.11,1.65,19.7,67,72,6.8,32,19.5,21.4,20.1,0.0
2025-05-08 19:00:00,18.69,16.66,0.0,17.8,73,16,4.0,82,21.0,20.3,18.6,0.0,0.0,0.03,1.65,18.4,73,40,5.5,67,16.6,20.2,20.1,0.0
2025-05-08 20:00:00,18.6833333333333,16.66,0.0,16.5,80,20,3.5,80,19.7,20.3,18.7,0.0,0.0,0.0,1.65,17.1,81,21,3.8,73,15.4,18.9,20.0,0.0
2025-05-08 21:00:00,18.69,16.67,0.0,15.8,83,11,3.6,113,18.8,20.2,18.7,0.0,0.0,0.0,1.65,16.1,85,21,2.7,113,14.3,18.0,19.8,0.0
2025-05-08 22:00:00,18.69,16.67,0.0,15.2,84,7,2.0,127,17.9,20.0,18.7,0.0,0.0,0.0,1.65,15.2,91,14,2.6,146,13.7,17.2,19.6,0.0
2025-05-08 23:00:00,18.6833333333333,16.6666666666667,0.0,15.0,84,1,1.1,130,17.2,19.9,18.7,0.0,0.0,0.0,1.65,14.5,94,36,2.5,172,13.2,16.5,19.3,0.0
2025-05-09 00:00:00,18.6733333333333,16.67,0.0,14.7,83,1,1.0,139,16.6,19.7,18.7,0.0,0.0,0.0,1.65,13.9,92,49,3.6,186,13.0,16.2,19.1,0.0
2025-05-09 01:00:00,18.6466666666667,16.6866666666667,0.0,15.0,71,3,2.2,126,16.7,19.5,18.7,0.0,0.0,0.0,1.65,13.3,94,52,3.7,191,12.6,15.8,18.8,0.0
2025-05-09 02:00:00,18.61,16.7,0.0,13.8,78,2,2.9,154,16.2,19.3,18.7,0.0,0.0,0.0,1.65,13.0,94,47,3.2,207,12.1,15.4,18.5,0.0
2025-05-09 03:00:00,18.59,16.68,0.0,12.9,87,7,4.1,192,15.7,19.1,18.7,0.0,0.0,0.0,1.65,12.7,91,52,3.1,201,11.8,14.9,18.3,0.0
2025-05-09 04:00:00,18.5866666666667,16.64,0.0,12.4,93,7,3.5,180,15.4,18.9,18.7,0.0,0.0,0.0,1.65,12.5,91,31,2.3,198,11.2,14.6,18.0,0.0
2025-05-09 05:00:00,18.5766666666667,16.6166666666667,0.0,12.2,94,7,3.9,196,15.1,18.7,18.7,0.0,0.0,0.0,1.65,12.3,91,23,1.8,191,10.6,14.2,17.7,0.0
2025-05-09 06:00:00,18.5466666666667,16.6,0.0,13.5,88,0,6.2,224,15.1,18.5,18.7,0.0,0.0,0.02,1.65,12.6,90,42,2.3,219,12.8,14.0,17.4,0.0
2025-05-09 07:00:00,18.5266666666667,16.6033333333333,0.0,17.2,75,2,5.2,229,16.0,18.3,18.7,0.0,0.0,0.09,1.65,15.3,85,13,1.6,243,18.7,15.0,17.2,0.0
2025-05-09 08:00:00,18.5066666666667,16.61,0.0,20.3,60,7,3.0,279,17.8,18.3,18.6,0.0,0.0,0.21,1.65,19.4,67,0,4.1,285,24.3,17.3,17.2,0.0
2025-05-09 09:00:00,18.4866666666667,16.6133333333333,0.0,22.2,54,0,4.5,320,19.8,18.3,18.6,0.0,0.0,0.35,1.65,22.2,57,0,3.5,336,27.4,19.9,17.4,0.0
2025-05-09 10:00:00,18.48,16.6,0.0,23.6,52,0,5.2,330,21.8,18.5,18.6,0.0,0.0,0.47,1.65,23.9,52,0,5.1,8,30.0,21.9,17.7,0.0
2025-05-09 11:00:00,18.4966666666667,16.5633333333333,0.0,24.6,49,0,7.6,4,23.6,18.7,18.6,0.0,0.0,0.57,1.65,24.5,48,4,13.4,24,30.3,23.6,18.1,0.0
2025-05-09 12:00:00,18.59,16.51,0.0,24.4,51,16,14.7,21,24.9,19.0,18.6,0.0,0.0,0.59,1.65,23.7,48,9,19.0,33,30.3,24.0,18.6,0.0
2025-05-09 13:00:00,18.5733333333333,16.5366666666667,0.0,23.4,54,14,20.9,32,25.2,19.3,18.6,0.0,0.0,0.54,1.65,23.9,49,26,20.6,29,30.6,25.0,19.1,0.0
2025-05-09 14:00:00,18.5866666666667,16.5633333333333,0.0,23.4,53,2,17.8,45,25.6,19.6,18.6,0.0,0.0,0.54,1.65,23.4,51,27,21.6,30,28.7,25.3,19.6,0.0
2025-05-09 15:00:00,18.5966666666667,16.5466666666667,0.0,22.9,53,57,18.0,43,25.6,19.9,18.6,0.0,0.0,0.48,1.65,23.2,54,35,21.9,25,27.7,25.3,20.1,0.0
2025-05-09 16:00:00,18.6266666666667,16.6033333333333,0.0,22.7,54,88,15.4,43,25.3,20.2,18.6,0.0,0.0,0.39,1.65,22.4,58,60,19.3,29,25.7,24.7,20.4,0.0
2025-05-09 17:00:00,18.6466666666667,16.62,0.0,21.3,61,85,18.1,41,24.5,20.4,18.6,0.0,0.0,0.26,1.65,21.5,64,100,17.2,29,23.1,23.9,20.7,0.0
2025-05-09 18:00:00,18.6533333333333,16.6,0.0,19.4,69,77,11.7,37,23.2,20.6,18.6,0.0,0.0,0.13,1.65,20.3,71,100,13.8,33,20.3,22.6,20.8,0.0
2025-05-09 19:00:00,18.6433333333333,16.62,0.0,18.1,78,95,6.0,37,21.8,20.6,18.7,0.0,0.0,0.03,1.65,19.0,78,100,8.7,17,17.7,21.3,20.8,0.0
2025-05-09 20:00:00,18.64,16.6466666666667,0.0,17.2,85,99,0.6,49,20.6,20.6,18.7,0.0,0.0,0.0,1.65,18.0,85,100,5.0,180,16.3,20.0,20.7,0.0
2025-05-09 21:00:00,18.63,16.66,0.0,17.0,85,100,5.7,68,19.8,20.6,18.7,0.0,0.0,0.0,1.65,17.0,88,100,4.0,85,16.2,19.1,20.6,0.0
2025-05-09 22:00:00,18.6333333333333,16.6566666666667,0.0,16.6,87,100,1.3,49,19.1,20.5,18.7,0.0,0.0,0.0,1.65,16.9,87,83,4.7,81,16.1,18.6,20.3,0.0
2025-05-09 23:00:00,18.6233333333333,16.6333333333333,0.0,15.5,92,59,3.5,360,18.3,20.3,18.7,0.0,0.0,0.0,1.65,16.5,86,32,4.8,347,15.2,18.1,20.1,0.0
2025-05-10 00:00:00,18.61,16.6166666666667,0.0,14.9,92,100,3.2,289,17.6,20.2,18.7,0.0,0.0,0.0,1.65,15.7,90,100,6.7,234,15.2,17.6,19.9,0.0
2025-05-10 01:00:00,18.5766666666667,16.61,0.0,16.3,89,99,3.2,140,17.7,19.9,18.7,0.1,0.1,0.0,1.65,15.6,90,100,4.1,142,15.0,17.3,19.7,0.0
2025-05-10 02:00:00,18.5466666666667,16.6233333333333,0.0,15.8,93,100,3.6,248,17.3,19.8,18.7,0.4,0.4,0.0,1.65,15.4,91,100,2.1,121,15.1,17.1,19.4,0.0
2025-05-10 03:00:00,18.53,16.63,0.0,15.9,91,84,0.6,333,17.0,19.6,18.7,0.0,0.0,0.0,1.65,15.3,90,79,1.4,180,14.6,16.9,19.2,0.0
2025-05-10 04:00:00,18.5266666666667,16.6066666666667,0.0,15.4,92,100,0.4,356,16.6,19.4,18.7,0.0,0.0,0.0,1.65,14.9,91,100,2.8,50,13.3,16.5,19.0,0.0
2025-05-10 05:00:00,18.4933333333333,16.57,0.0,14.7,93,100,2.8,230,16.1,19.2,18.7,0.0,0.0,0.0,1.65,14.4,94,100,3.3,319,14.1,16.1,18.8,0.0
2025-05-10 06:00:00,18.4866666666667,16.54,0.0,15.6,90,99,0.5,68,16.1,19.0,18.7,0.0,0.0,0.01,1.65,15.0,90,100,1.9,248,15.3,16.3,18.6,0.0
2025-05-10 07:00:00,18.4466666666667,16.53,0.0,17.2,87,100,1.9,325,16.8,18.9,18.7,0.0,0.0,0.07,1.65,16.5,89,100,2.7,157,18.5,16.7,18.4,0.0
2025-05-10 08:00:00,18.4233333333333,16.5366666666667,0.0,18.6,81,100,1.8,5,18.0,18.8,18.7,0.0,0.0,0.16,1.65,18.5,79,100,1.6,27,22.5,18.0,18.3,0.0
2025-05-10 09:00:00,18.4066666666667,16.54,0.0,19.9,75,99,4.1,326,19.3,18.8,18.7,0.0,0.0,0.24,1.65,20.3,74,97,5.0,30,25.1,20.0,18.4,0.0
2025-05-10 10:00:00,18.41,16.5366666666667,0.0,21.7,64,100,3.8,320,21.1,18.9,18.7,0.0,0.0,0.36,1.65,21.6,68,83,6.6,22,27.5,21.3,18.6,0.0
2025-05-10 11:00:00,18.3833333333333,16.53,0.0,22.8,60,98,6.1,344,22.6,19.1,18.7,0.0,0.0,0.43,1.65,22.8,65,78,10.0,21,30.5,22.9,18.9,0.0
2025-05-10 12:00:00,18.3766666666667,16.5266666666667,0.0,23.6,60,95,8.0,7,24.1,19.3,18.7,0.0,0.0,0.51,1.65,23.2,62,65,13.9,17,31.5,24.5,19.2,0.0
2025-05-10 13:00:00,18.3866666666667,16.53,0.0,23.8,54,58,16.0,23,25.6,19.8,18.7,0.0,0.0,0.56,1.65,23.7,56,67,16.1,20,31.4,25.4,19.7,0.0
2025-05-10 14:00:00,18.4,16.52,0.0,23.3,53,31,15.0,22,25.9,20.1,18.7,0.0,0.0,0.51,1.65,23.8,55,7,17.0,13,31.1,26.1,20.2,0.0
2025-05-10 15:00:00,18.4033333333333,16.51,0.0,22.6,55,48,12.6,24,25.6,20.4,18.7,0.0,0.0,0.41,1.65,23.3,54,15,19.4,359,28.8,26.2,20.6,0.0
2025-05-10 16:00:00,18.4133333333333,16.5633333333333,0.0,21.6,57,25,12.0,25,25.1,20.6,18.7,0.0,0.0,0.31,1.65,22.3,60,12,17.7,358,26.4,25.7,20.9,0.0
2025-05-10 17:00:00,18.44,16.59,0.0,21.2,58,4,9.8,36,24.4,20.8,18.7,0.0,0.0,0.24,1.65,21.3,66,31,15.5,357,23.6,24.7,21.2,0.0
2025-05-10 18:00:00,18.46,16.5633333333333,0.0,19.9,64,1,10.6,29,23.3,20.9,18.7,0.0,0.0,0.14,1.65,20.6,69,23,12.4,352,21.0,23.6,21.4,0.0
2025-05-10 19:00:00,18.46,16.58,0.0,18.0,75,5,5.9,51,22.0,21.0,18.7,0.0,0.0,0.04,1.65,19.3,74,16,6.2,21,17.9,22.0,21.4,0.0
2025-05-10 20:00:00,18.4566666666667,16.61,0.0,16.8,84,2,1.6,48,20.6,20.9,18.7,0.0,0.0,0.0,1.65,17.9,83,0,5.0,111,16.5,20.5,21.3,0.0
2025-05-10 21:00:00,18.4566666666667,16.63,0.0,16.0,87,1,2.4,113,19.5,20.8,18.7,0.0,0.0,0.0,1.65,16.9,86,0,4.0,153,15.5,19.4,21.1,0.0
2025-05-10 22:00:00,18.45,16.6233333333333,0.0,15.4,88,0,3.5,135,18.6,20.7,18.7,0.0,0.0,0.0,1.65,16.1,86,7,3.7,169,14.6,18.5,20.9,0.0
2025-05-10 23:00:00,18.4466666666667,16.6,0.0,15.3,85,0,2.2,158,17.9,20.5,18.7,0.0,0.0,0.0,1.65,15.2,85,26,2.6,164,13.8,17.7,20.6,0.0
2025-05-11 00:00:00,18.4233333333333,16.5766666666667,0.0,15.1,83,0,1.5,203,17.3,20.3,18.7,0.0,0.0,0.0,1.65,13.9,88,1,3.6,174,12.8,17.0,20.3,0.0
2025-05-11 01:00:00,18.37,16.5766666666667,0.0,15.5,77,9,1.8,171,17.1,20.1,18.8,0.0,0.0,0.0,1.65,13.2,90,8,3.6,180,12.2,16.3,19.9,0.0
2025-05-11 02:00:00,18.3533333333333,16.5933333333333,0.0,15.1,77,0,0.7,338,16.6,19.9,18.8,0.0,0.0,0.0,1.65,12.6,91,40,2.7,203,11.7,15.8,19.6,0.0
2025-05-11 03:00:00,18.34,16.5866666666667,0.0,14.7,76,0,1.7,90,16.2,19.7,18.8,0.0,0.0,0.0,1.65,12.0,92,54,3.5,204,11.4,15.2,19.2,0.0
2025-05-11 04:00:00,18.3033333333333,16.5333333333333,0.0,14.6,74,0,1.4,114,15.8,19.5,18.8,0.0,0.0,0.0,1.65,12.0,91,64,2.6,214,11.6,14.9,18.9,0.0
2025-05-11 05:00:00,18.26,16.4966666666667,0.0,14.6,74,13,0.6,55,15.4,19.3,18.8,0.0,0.0,0.0,1.65,12.5,88,78,2.1,211,12.0,14.7,18.6,0.0
2025-05-11 06:00:00,18.2466666666667,16.4966666666667,0.0,15.5,74,45,2.3,108,15.6,19.1,18.8,0.0,0.0,0.02,1.65,13.7,85,98,3.3,193,14.0,14.9,18.3,0.0
2025-05-11 07:00:00,18.25,16.5033333333333,0.0,17.8,66,42,4.8,142,16.5,18.9,18.8,0.0,0.0,0.08,1.65,15.5,82,90,2.5,135,17.2,15.6,18.1,0.0
2025-05-11 08:00:00,18.2166666666667,16.47,0.0,19.7,60,58,2.4,288,18.0,18.8,18.7,0.0,0.0,0.18,1.65,18.1,70,79,2.6,74,21.7,17.0,18.0,0.0
2025-05-11 09:00:00,18.1966666666667,16.43,0.0,21.1,57,58,4.3,10,19.8,18.8,18.7,0.0,0.0,0.29,1.65,20.3,65,95,4.9,324,24.9,19.2,18.0,0.0
2025-05-11 10:00:00,18.1533333333333,16.4133333333333,0.0,22.6,52,96,3.4,343,21.7,18.9,18.7,0.0,0.0,0.42,1.65,21.6,57,86,4.3,270,26.5,20.8,18.2,0.0
2025-05-11 11:00:00,18.1433333333333,16.4,0.0,22.8,51,39,7.8,337,22.6,19.1,18.7,0.0,0.0,0.35,1.65,23.3,49,59,5.4,270,30.1,22.3,18.5,0.0
2025-05-11 12:00:00,18.15,16.4,0.0,23.1,52,41,7.3,5,23.7,19.3,18.7,0.0,0.0,0.46,1.65,24.0,52,78,15.6,337,30.6,23.9,18.8,0.0
2025-05-11 13:00:00,18.14,16.4033333333333,0.0,22.6,56,58,10.0,351,25.1,19.6,18.7,0.5,0.5,0.55,1.65,23.2,54,100,17.0,347,30.7,24.6,19.2,0.0
2025-05-11 14:00:00,18.1633333333333,16.4433333333333,0.0,23.0,53,77,10.1,340,25.0,19.9,18.7,0.6,0.6,0.44,1.65,23.4,49,100,17.9,330,29.8,25.1,19.6,0.0
2025-05-11 15:00:00,18.1933333333333,16.4833333333333,0.0,22.7,52,46,10.2,348,24.4,20.1,18.7,0.4,0.4,0.39,1.65,23.0,47,100,16.6,333,28.0,25.1,20.0,0.0
2025-05-11 16:00:00,18.2166666666667,16.4733333333333,0.0,22.3,50,51,8.9,341,24.4,20.3,18.7,0.0,0.0,0.36,1.65,22.7,47,100,16.3,325,26.0,25.0,20.3,0.0
2025-05-11 17:00:00,18.22,16.5233333333333,0.0,22.0,51,37,8.7,359,23.9,20.5,18.7,0.0,0.0,0.24,1.65,22.3,46,38,15.0,314,23.7,24.1,20.6,0.0
2025-05-11 18:00:00,18.2333333333333,16.56,0.0,21.1,56,18,6.9,359,23.0,20.6,18.8,0.0,0.0,0.14,1.65,21.9,48,90,10.4,316,21.3,23.2,20.8,0.0
2025-05-11 19:00:00,18.24,16.5533333333333,0.0,19.1,67,3,2.7,7,21.7,20.7,18.8,0.0,0.0,0.03,1.65,20.5,55,43,1.5,346,17.5,21.9,20.8,0.0
2025-05-11 20:00:00,18.26,16.54,0.0,17.7,70,1,3.6,129,20.4,20.7,18.8,0.0,0.0,0.0,1.65,19.1,60,41,3.6,135,16.0,20.3,20.8,0.0
2025-05-11 21:00:00,18.2433333333333,16.54,0.0,16.5,77,0,2.9,198,19.4,20.6,18.8,0.0,0.0,0.0,1.65,17.3,67,35,4.0,180,15.2,19.1,20.6,0.0
2025-05-11 22:00:00,18.2233333333333,16.5433333333333,0.0,15.7,80,1,3.5,182,18.5,20.5,18.8,0.0,0.0,0.0,1.65,16.1,75,3,4.8,193,14.4,18.2,20.4,0.0
2025-05-11 23:00:00,18.17,16.5533333333333,0.0,15.1,80,1,3.7,183,17.8,20.3,18.8,0.0,0.0,0.0,1.65,15.4,77,10,3.6,186,13.5,17.5,20.2,0.0
2025-05-12 00:00:00,18.1733333333333,16.5666666666667,0.0,14.8,79,0,3.4,197,17.2,20.1,18.8,0.0,0.0,0.0,1.65,14.2,81,52,4.0,180,12.8,16.7,19.9,0.0
2025-05-12 01:00:00,18.16,16.56,0.0,15.1,76,1,2.7,160,16.6,20.0,18.8,0.0,0.0,0.0,1.65,13.8,83,61,2.9,187,12.9,16.3,19.6,0.0
2025-05-12 02:00:00,18.1366666666667,16.5133333333333,0.0,14.8,75,7,1.0,270,16.1,19.7,18.8,0.0,0.0,0.0,1.65,13.3,84,43,2.2,189,12.1,15.9,19.4,0.0
2025-05-12 03:00:00,18.0966666666667,16.4633333333333,0.0,14.6,75,1,1.8,279,15.8,19.5,18.8,0.0,0.0,0.0,1.65,12.4,86,20,3.2,180,11.2,15.3,19.1,0.0
2025-05-12 04:00:00,18.0933333333333,16.4666666666667,0.0,14.4,75,0,1.8,153,15.4,19.3,18.8,0.0,0.0,0.0,1.65,12.0,87,0,3.3,167,10.8,14.9,18.8,0.0
2025-05-12 05:00:00,18.08,16.4633333333333,0.0,14.1,76,0,1.6,135,15.0,19.1,18.8,0.0,0.0,0.0,1.65,11.6,88,0,2.3,162,10.0,14.4,18.5,0.0
2025-05-12 06:00:00,18.06,16.4133333333333,0.0,14.7,78,0,2.4,197,15.1,18.8,18.8,0.0,0.0,0.02,1.65,12.0,87,0,3.2,180,12.5,14.2,18.2,0.0
2025-05-12 07:00:00,18.02,16.3766666666667,0.0,17.5,67,0,2.7,261,16.1,18.7,18.8,0.0,0.0,0.09,1.65,15.1,83,0,1.5,194,18.9,15.0,17.9,0.0
2025-05-12 08:00:00,17.9833333333333,16.3666666666667,0.0,19.6,57,0,2.3,300,17.8,18.6,18.8,0.0,0.0,0.21,1.65,19.0,58,0,0.8,243,23.6,17.2,17.8,0.0
2025-05-12 09:00:00,17.98,16.3766666666667,0.0,21.3,51,0,4.0,302,19.8,18.6,18.8,0.0,0.0,0.34,1.65,21.8,45,0,4.1,315,27.5,19.5,17.9,0.0
2025-05-12 10:00:00,17.97,16.3866666666667,0.0,22.9,46,0,4.8,308,21.8,18.7,18.8,0.0,0.0,0.47,1.65,23.5,43,0,6.5,326,30.6,21.6,18.1,0.0
2025-05-12 11:00:00,17.9766666666667,16.3833333333333,0.0,24.1,43,0,7.6,342,23.6,19.0,18.8,0.0,0.0,0.57,1.65,24.5,41,0,12.6,347,33.2,23.7,18.5,0.0
2025-05-12 12:00:00,17.9766666666667,16.3733333333333,0.0,24.2,41,1,12.9,7,24.9,19.2,18.8,0.0,0.0,0.61,1.65,24.1,42,0,15.9,355,31.9,24.9,18.9,0.0
2025-05-12 13:00:00,17.97,16.3566666666667,0.0,24.0,40,8,13.9,4,25.8,19.7,18.8,0.0,0.0,0.6,1.65,24.3,39,0,17.1,353,31.8,25.8,19.4,0.0
2025-05-12 14:00:00,17.97,16.37,0.0,23.9,38,8,13.0,13,26.1,20.0,18.8,0.0,0.0,0.57,1.65,24.0,39,0,17.6,359,30.7,26.1,19.9,0.0
2025-05-12 15:00:00,18.0133333333333,16.43,0.0,23.5,37,18,15.0,12,26.1,20.3,18.8,0.0,0.0,0.51,1.65,23.6,42,0,17.7,355,29.2,26.3,20.3,0.0
2025-05-12 16:00:00,18.0466666666667,16.4333333333333,0.0,22.3,38,9,13.8,10,25.5,20.6,18.8,0.0,0.0,0.41,1.65,22.7,45,0,16.6,1,26.5,25.7,20.7,0.0
2025-05-12 17:00:00,18.0366666666667,16.4866666666667,0.0,21.8,42,7,10.5,23,24.7,20.8,18.8,0.0,0.0,0.29,1.65,21.8,50,0,12.4,8,24.1,24.8,20.9,0.0
2025-05-12 18:00:00,18.0666666666667,16.5233333333333,0.0,20.5,48,4,6.6,27,23.5,20.9,18.8,0.0,0.0,0.15,1.65,20.9,54,0,10.6,18,20.9,23.7,21.1,0.0
2025-05-12 19:00:00,18.0933333333333,16.51,0.0,18.4,59,11,2.6,53,21.9,21.0,18.8,0.0,0.0,0.03,1.65,19.2,60,15,5.0,60,16.9,22.1,21.2,0.0
2025-05-12 20:00:00,18.0866666666667,16.5,0.0,17.2,62,4,2.3,122,20.4,20.9,18.8,0.0,0.0,0.0,1.65,17.6,70,46,3.1,144,15.4,20.4,21.1,0.0
2025-05-12 21:00:00,18.0933333333333,16.5,0.0,16.2,63,54,4.1,183,19.3,20.8,18.8,0.0,0.0,0.01,1.65,16.5,64,42,4.5,166,15.0,19.2,21.0,0.0
2025-05-12 22:00:00,18.0633333333333,16.5066666666667,0.0,15.2,63,86,4.0,193,18.3,20.7,18.8,0.0,0.0,0.01,1.65,16.2,52,74,4.0,185,14.9,18.4,20.7,0.0
2025-05-12 23:00:00,18.02,16.52,0.0,15.0,59,99,3.4,201,17.7,20.5,18.8,0.0,0.0,0.01,1.65,15.7,55,97,3.3,193,14.5,17.9,20.5,0.0
2025-05-13 00:00:00,17.9966666666667,16.53,0.0,15.0,58,100,3.4,192,17.3,20.3,18.8,0.0,0.0,0.01,1.65,15.5,56,100,2.7,203,14.5,17.5,20.2,0.0
2025-05-13 01:00:00,17.9966666666667,16.4933333333333,0.0,15.9,59,73,3.4,244,17.5,20.1,18.8,0.0,0.0,0.01,1.65,15.2,63,100,3.3,221,14.4,17.2,20.0,0.0
2025-05-13 02:00:00,17.9566666666667,16.4433333333333,0.0,15.6,64,82,3.4,280,17.2,20.0,18.8,0.1,0.1,0.0,1.65,15.1,66,100,2.8,220,14.7,17.0,19.7,0.0
2025-05-13 03:00:00,17.9033333333333,16.42,0.0,14.9,73,96,4.2,306,16.8,19.8,18.8,0.2,0.2,0.0,1.65,14.0,82,100,2.5,270,14.2,16.7,19.5,0.0
2025-05-13 04:00:00,17.89,16.4066666666667,0.0,14.7,78,98,1.0,315,16.3,19.6,18.8,0.0,0.0,0.0,1.65,13.6,88,100,4.9,306,13.8,16.5,19.3,0.0
2025-05-13 05:00:00,17.8866666666667,16.3566666666667,0.0,14.5,82,100,0.5,14,16.0,19.4,18.8,0.0,0.0,0.0,1.65,13.5,87,100,4.1,255,13.3,16.1,19.0,0.0
2025-05-13 06:00:00,17.8566666666667,16.32,0.0,15.5,78,100,1.4,225,16.1,19.2,18.8,0.0,0.0,0.02,1.65,13.6,88,100,2.6,254,14.3,16.0,18.8,0.0
2025-05-13 07:00:00,17.81,16.31,0.0,16.8,76,100,2.7,342,16.7,19.1,18.8,0.0,0.0,0.07,1.65,14.4,85,100,2.3,252,16.2,16.1,18.6,0.0
2025-05-13 08:00:00,17.79,16.3166666666667,0.0,17.8,70,100,4.8,10,17.7,19.0,18.8,0.0,0.0,0.14,1.65,15.0,83,100,0.4,180,16.5,16.7,18.5,0.0
2025-05-13 09:00:00,17.7833333333333,16.3133333333333,0.0,18.9,65,100,5.8,73,18.8,18.9,18.8,0.0,0.0,0.21,1.65,16.6,83,100,3.6,6,19.8,17.6,18.4,0.0
2025-05-13 10:00:00,17.7933333333333,16.28,0.0,20.3,60,100,8.2,34,20.4,19.0,18.8,0.0,0.0,0.34,1.65,17.7,79,100,5.6,15,20.4,18.3,18.4,0.0
2025-05-13 11:00:00,17.7866666666667,16.26,0.0,21.5,57,94,8.9,25,22.1,19.1,18.8,0.0,0.0,0.44,1.65,17.9,78,100,7.9,3,20.2,18.9,18.4,0.0
2025-05-13 12:00:00,17.7833333333333,16.26,0.0,21.8,56,99,12.1,19,23.2,19.3,18.8,0.0,0.0,0.45,1.65,19.2,72,100,11.2,2,22.4,19.9,18.5,0.0
2025-05-13 13:00:00,17.78,16.2666666666667,0.0,20.5,61,99,11.8,3,23.0,19.4,18.8,0.0,0.0,0.37,1.65,19.6,71,100,12.3,3,25.3,20.5,18.6,0.0
2025-05-13 14:00:00,17.7866666666667,16.28,0.0,20.5,62,100,12.7,4,23.1,19.6,18.8,0.0,0.0,0.35,1.65,18.9,71,100,13.8,6,20.8,21.1,18.8,0.0
2025-05-13 15:00:00,17.78,16.31,0.0,19.4,69,88,13.4,30,22.6,19.8,18.8,0.0,0.0,0.24,1.65,18.8,70,100,16.6,2,21.0,21.2,19.0,0.0
2025-05-13 16:00:00,17.79,16.2933333333333,0.0,18.8,72,84,14.1,14,22.2,20.0,18.8,0.0,0.0,0.22,1.65,17.8,76,100,13.3,358,20.0,20.8,19.1,0.0
2025-05-13 17:00:00,17.7966666666667,16.31,0.0,18.4,71,100,9.1,31,21.8,20.1,18.8,0.0,0.0,0.19,1.65,16.9,82,100,11.9,5,17.9,20.1,19.2,0.0
2025-05-13 18:00:00,17.8133333333333,16.3233333333333,0.0,17.6,72,100,11.0,30,21.0,20.2,18.8,0.0,0.0,0.1,1.65,16.6,86,100,7.0,35,17.0,19.4,19.2,0.0
2025-05-13 19:00:00,17.81,16.3466666666667,0.0,16.6,75,100,6.2,56,20.0,20.1,18.8,0.0,0.0,0.04,1.65,16.1,90,100,6.1,140,16.2,18.6,19.1,0.1
2025-05-13 20:00:00,17.8366666666667,16.36,0.0,15.8,86,100,0.9,150,19.2,20.1,18.8,0.3,0.3,0.0,1.65,15.7,92,100,10.2,162,15.8,18.0,19.1,4.0
2025-05-13 21:00:00,17.82,16.34,0.0,15.6,92,100,6.2,190,18.2,20.0,18.8,1.4,1.4,0.0,1.65,15.3,87,100,9.8,152,15.2,17.5,19.0,3.2
2025-05-13 22:00:00,17.77,16.29,0.0,15.5,90,100,5.6,185,17.4,19.8,18.8,1.3,1.3,0.0,1.65,15.0,86,100,10.0,193,14.9,17.0,18.8,2.9
2025-05-13 23:00:00,17.7033333333333,16.27,0.0,15.2,90,100,4.0,195,16.9,19.6,18.8,1.2,1.2,0.0,1.65,14.7,91,100,10.4,214,14.8,16.6,18.7,2.2
2025-05-14 00:00:00,17.6433333333333,16.2466666666667,0.0,15.3,91,100,4.5,204,16.7,19.4,18.8,1.7,1.7,0.0,1.65,15.0,89,100,11.0,199,15.0,16.6,18.6,2.0
2025-05-14 01:00:00,17.62,16.1633333333333,0.0,15.6,88,100,3.7,204,17.0,19.4,18.8,1.0,1.0,0.0,1.65,15.0,87,100,6.8,205,14.8,16.4,18.4,0.5
2025-05-14 02:00:00,17.63,16.14,0.0,15.3,90,100,3.5,203,16.6,19.2,18.8,0.6,0.6,0.0,1.65,14.7,88,100,3.7,209,14.5,16.2,18.3,0.3
2025-05-14 03:00:00,17.6233333333333,16.09,0.0,14.9,93,100,5.1,204,16.3,19.1,18.8,0.4,0.4,0.0,1.65,14.5,85,100,8.3,198,14.0,15.8,18.1,0.1
2025-05-14 04:00:00,17.61,16.0133333333333,0.0,14.5,94,100,4.9,187,16.0,18.9,18.8,0.3,0.3,0.0,1.65,14.5,83,100,6.9,219,14.0,15.7,17.9,0.0
2025-05-14 05:00:00,17.5866666666667,16.01,0.0,14.5,91,100,6.1,209,15.8,18.7,18.8,0.1,0.1,0.0,1.65,14.5,84,100,7.9,219,14.0,15.5,17.8,0.0
2025-05-14 06:00:00,17.5766666666667,15.9466666666667,0.0,14.9,84,100,12.4,220,15.6,18.5,18.8,0.0,0.0,0.04,1.65,14.9,86,100,8.0,216,14.7,15.5,17.6,0.0
2025-05-14 07:00:00,17.57,15.8833333333333,0.0,15.9,77,100,14.3,218,15.8,18.3,18.8,0.0,0.0,0.07,1.65,15.7,83,100,9.0,209,16.1,15.7,17.5,0.0
2025-05-14 08:00:00,17.5533333333333,15.88,0.0,17.1,68,100,11.9,212,16.3,18.2,18.8,0.0,0.0,0.11,1.65,16.9,81,99,11.7,223,17.9,16.2,17.4,0.0
2025-05-14 09:00:00,17.5566666666667,15.8433333333333,0.0,18.2,60,99,9.4,224,17.1,18.1,18.8,0.0,0.0,0.17,1.65,17.7,74,99,14.5,224,18.8,17.0,17.4,0.0
2025-05-14 10:00:00,17.5666666666667,15.7966666666667,0.0,19.4,63,89,8.3,262,18.3,18.1,18.8,0.4,0.4,0.25,1.65,19.1,67,99,11.9,270,23.1,18.3,17.5,0.0
2025-05-14 11:00:00,17.5633333333333,15.76,0.0,21.3,55,51,12.7,293,20.0,18.2,18.8,0.0,0.0,0.42,1.65,19.7,67,98,13.8,303,24.8,19.8,17.6,0.0
2025-05-14 12:00:00,17.5733333333333,15.75,0.0,18.8,67,93,19.4,301,21.2,18.4,18.8,1.0,1.0,0.44,1.65,20.2,63,90,17.6,293,23.4,20.4,17.7,0.0
2025-05-14 13:00:00,17.56,15.75,0.0,21.8,54,100,10.9,284,22.7,18.8,18.8,0.0,0.0,0.48,1.65,20.9,61,72,22.3,309,25.8,21.2,18.0,0.0
2025-05-14 14:00:00,17.5633333333333,15.74,0.0,18.9,70,100,18.6,307,22.8,19.0,18.8,2.3,2.3,0.4,1.65,20.6,65,77,21.9,315,24.3,21.9,18.3,0.0
2025-05-14 15:00:00,17.5866666666667,15.7333333333333,0.0,20.0,64,61,13.9,305,22.2,19.3,18.8,1.4,1.4,0.33,1.65,21.3,62,78,21.1,313,25.3,22.0,18.6,0.0
2025-05-14 16:00:00,17.5866666666667,15.7233333333333,0.0,20.0,68,28,8.0,297,21.4,19.4,18.8,3.7,3.7,0.25,1.65,21.2,61,56,22.9,314,24.1,22.1,18.8,0.0
2025-05-14 17:00:00,17.61,15.7233333333333,0.0,20.3,62,14,13.5,314,21.2,19.5,18.8,0.1,0.1,0.23,1.65,20.4,64,39,19.9,316,22.0,21.9,19.0,0.0
2025-05-14 18:00:00,17.6566666666667,15.74,0.0,19.7,58,3,9.2,300,20.6,19.6,18.8,0.0,0.0,0.15,1.65,19.8,65,45,14.0,325,19.7,21.3,19.2,0.0
2025-05-14 19:00:00,17.6633333333333,15.74,0.0,17.9,59,0,7.4,284,19.6,19.6,18.8,0.0,0.0,0.06,1.65,18.6,71,3,4.6,342,17.1,20.3,19.3,0.0
2025-05-14 20:00:00,17.66,15.72,0.0,16.7,62,3,7.1,269,18.5,19.6,18.8,0.0,0.0,0.03,1.65,17.7,76,4,2.2,351,15.3,19.0,19.3,0.0
2025-05-14 21:00:00,17.6766666666667,15.6933333333333,0.0,16.4,61,0,9.0,241,17.8,19.5,18.8,0.0,0.0,0.04,1.65,16.7,75,23,4.3,222,14.6,17.9,19.2,0.0
2025-05-14 22:00:00,17.6833333333333,15.6933333333333,0.0,15.8,59,13,11.0,230,17.3,19.3,18.8,0.0,0.0,0.05,1.65,15.4,76,52,6.5,183,14.5,17.2,19.1,0.0
2025-05-14 23:00:00,17.6566666666667,15.6933333333333,0.0,15.4,57,12,9.6,227,16.9,19.1,18.8,0.0,0.0,0.04,1.65,15.1,68,73,5.8,173,14.1,16.7,18.9,0.0
2025-05-15 00:00:00,17.6433333333333,15.6366666666667,0.0,14.8,59,12,6.8,227,16.5,19.0,18.8,0.0,0.0,0.03,1.65,14.9,67,68,6.1,177,13.6,16.3,18.7,0.0
2025-05-15 01:00:00,17.64,15.58,0.0,15.5,58,31,8.0,237,17.1,18.9,18.8,0.0,0.0,0.03,1.65,14.8,65,70,6.5,180,13.5,16.0,18.5,0.0
2025-05-15 02:00:00,17.6166666666667,15.5633333333333,0.0,15.3,60,15,8.1,240,16.7,18.8,18.8,0.0,0.0,0.03,1.65,14.8,63,47,6.2,190,13.2,15.6,18.3,0.0
2025-05-15 03:00:00,17.61,15.57,0.0,14.7,65,10,7.8,239,16.2,18.6,18.8,0.0,0.0,0.02,1.65,14.6,62,43,6.9,189,12.7,15.3,18.1,0.0
2025-05-15 04:00:00,17.6133333333333,15.5433333333333,0.0,14.3,66,6,7.8,230,15.8,18.4,18.8,0.0,0.0,0.02,1.65,14.1,63,44,7.3,200,12.3,15.0,17.9,0.0
2025-05-15 05:00:00,17.6166666666667,15.4766666666667,0.0,14.1,67,5,10.2,229,15.5,18.3,18.7,0.0,0.0,0.03,1.65,14.0,66,71,7.8,214,12.3,14.7,17.7,0.0
2025-05-15 06:00:00,17.5966666666667,15.4433333333333,0.0,14.7,67,8,12.4,225,15.5,18.1,18.7,0.0,0.0,0.06,1.65,14.6,68,64,9.5,209,13.9,14.5,17.5,0.0
2025-05-15 07:00:00,17.59,15.4533333333333,0.0,16.9,63,7,14.0,228,16.1,18.0,18.7,0.0,0.0,0.13,1.65,17.0,63,13,14.5,224,17.9,15.2,17.3,0.0
2025-05-15 08:00:00,17.5733333333333,15.46,0.0,18.7,55,1,19.5,240,17.3,17.9,18.7,0.0,0.0,0.25,1.65,19.0,55,20,20.8,240,21.1,16.8,17.2,0.0
2025-05-15 09:00:00,17.5566666666667,15.4566666666667,0.0,20.1,53,0,18.8,245,18.7,17.9,18.7,0.0,0.0,0.35,1.65,21.0,50,46,22.1,254,24.3,18.6,17.3,0.0
2025-05-15 10:00:00,17.54,15.44,0.0,21.5,47,29,20.0,281,20.1,18.0,18.7,0.1,0.1,0.47,1.65,22.3,44,61,23.7,287,25.0,20.2,17.5,0.0
2025-05-15 11:00:00,17.5466666666667,15.45,0.0,21.6,47,19,18.9,297,21.1,18.2,18.7,0.1,0.1,0.47,1.65,22.5,45,65,24.9,301,25.9,21.1,17.8,0.0
2025-05-15 12:00:00,17.5533333333333,15.4633333333333,0.0,22.5,45,35,15.9,303,22.2,18.5,18.7,0.1,0.1,0.56,1.65,23.1,43,87,20.0,304,27.3,22.0,18.1,0.0
