latitude,longitude,elevation,utc_offset_seconds,timezone,timezone_abbreviation
35.0,-2.375,77.0,0,GMT,GMT

time,temperature_2m (°C),relative_humidity_2m (%),cloud_cover (%),precipitation_probability (%),wind_speed_10m (km/h),wind_direction_10m (°),soil_temperature_0cm (°C),soil_temperature_6cm (°C),soil_temperature_18cm (°C),rain (mm)
2024-12-12T00:00,5.5,78,18,NaN,4.2,200,4.4,8.0,11.9,0.00
2024-12-12T01:00,5.2,77,22,NaN,3.5,204,4.0,7.6,11.7,0.00
2024-12-12T02:00,5.1,74,17,NaN,2.9,187,3.4,7.2,11.5,0.00
2024-12-12T03:00,4.2,74,6,NaN,3.3,193,2.8,6.6,11.2,0.00
2024-12-12T04:00,3.8,79,8,NaN,3.4,198,2.6,6.3,11.0,0.00
2024-12-12T05:00,3.7,79,13,NaN,3.3,186,2.3,6.0,10.7,0.00
2024-12-12T06:00,3.0,83,5,NaN,3.9,202,1.9,5.5,10.5,0.00
2024-12-12T07:00,2.8,82,0,NaN,3.9,202,1.8,5.3,10.2,0.00
2024-12-12T08:00,3.3,81,0,NaN,3.4,198,3.7,5.2,10.0,0.00
2024-12-12T09:00,6.7,75,0,NaN,3.4,238,9.8,6.4,9.8,0.00
2024-12-12T10:00,11.9,53,9,NaN,3.9,248,15.6,8.6,9.8,0.00
2024-12-12T11:00,14.6,46,26,NaN,3.3,257,18.1,11.1,9.9,0.00
2024-12-12T12:00,16.2,44,27,NaN,3.0,284,19.4,12.9,10.2,0.00
2024-12-12T13:00,17.5,42,41,NaN,2.3,321,20.0,14.4,10.6,0.00
2024-12-12T14:00,18.2,41,20,NaN,2.5,352,20.0,15.4,11.1,0.00
2024-12-12T15:00,17.9,45,35,NaN,7.9,51,17.9,16.0,11.6,0.00
2024-12-12T16:00,16.9,52,2,NaN,9.4,72,15.0,15.5,12.0,0.00
2024-12-12T17:00,14.8,60,1,NaN,5.4,70,11.3,14.4,12.3,0.00
2024-12-12T18:00,12.9,68,20,NaN,4.0,90,9.8,13.1,12.5,0.00
2024-12-12T19:00,11.2,72,7,NaN,3.6,186,8.4,11.8,12.5,0.00
2024-12-12T20:00,8.8,81,0,NaN,3.6,180,7.3,10.8,12.5,0.00
2024-12-12T21:00,8.2,68,9,NaN,4.7,180,6.9,10.2,12.4,0.00
2024-12-12T22:00,7.7,68,0,NaN,4.1,195,6.2,9.5,12.3,0.00
2024-12-12T23:00,7.2,74,0,NaN,4.1,218,5.7,9.0,12.1,0.00
2024-12-13T00:00,7.4,70,2,NaN,5.0,210,5.8,8.7,12.0,0.00
2024-12-13T01:00,7.3,72,0,NaN,4.7,212,5.5,8.4,11.8,0.00
2024-12-13T02:00,6.9,74,0,NaN,4.4,215,5.2,8.1,11.6,0.00
2024-12-13T03:00,6.8,73,0,NaN,5.6,207,5.1,7.8,11.4,0.00
2024-12-13T04:00,6.7,75,27,NaN,4.8,207,5.0,7.6,11.2,0.00
2024-12-13T05:00,6.7,78,62,NaN,4.8,207,5.4,7.5,11.0,0.00
2024-12-13T06:00,6.9,78,68,NaN,5.6,207,5.7,7.5,10.8,0.00
2024-12-13T07:00,7.1,79,50,NaN,5.0,210,5.5,7.5,10.7,0.00
2024-12-13T08:00,7.3,80,45,NaN,4.9,216,7.0,7.6,10.6,0.00
2024-12-13T09:00,10.5,75,33,NaN,4.3,228,12.3,8.7,10.5,0.00
2024-12-13T10:00,14.3,60,39,NaN,5.0,249,17.3,10.6,10.5,0.00
2024-12-13T11:00,16.4,53,32,NaN,6.3,246,19.9,12.9,10.8,0.00
2024-12-13T12:00,18.1,50,31,NaN,4.4,261,21.4,14.9,11.1,0.00
2024-12-13T13:00,19.2,49,16,NaN,4.1,315,21.9,16.2,11.6,0.00
2024-12-13T14:00,19.6,51,20,NaN,7.3,351,21.8,17.1,12.1,0.00
2024-12-13T15:00,18.1,57,1,NaN,13.7,30,18.2,17.1,12.5,0.00
2024-12-13T16:00,16.8,65,0,NaN,13.9,31,15.6,16.4,12.9,0.00
2024-12-13T17:00,15.0,82,5,NaN,8.4,40,12.7,15.3,13.2,0.00
2024-12-13T18:00,13.5,89,5,NaN,4.0,63,11.1,13.8,13.3,0.00
2024-12-13T19:00,12.3,91,3,NaN,2.6,146,10.0,12.8,13.4,0.00
2024-12-13T20:00,10.7,94,0,NaN,3.9,248,9.1,11.9,13.3,0.00
2024-12-13T21:00,9.1,93,21,NaN,5.1,188,7.8,11.0,13.2,0.00
2024-12-13T22:00,8.3,91,13,NaN,4.7,184,7.3,10.4,13.0,0.00
2024-12-13T23:00,7.6,91,17,NaN,4.3,180,6.6,9.9,12.9,0.00
2024-12-14T00:00,7.0,89,29,NaN,4.7,180,6.1,9.4,12.7,0.00
2024-12-14T01:00,6.4,91,14,NaN,4.7,184,5.7,8.9,12.4,0.00
2024-12-14T02:00,5.8,92,6,NaN,4.5,194,5.2,8.5,12.2,0.00
2024-12-14T03:00,5.3,91,17,NaN,4.4,189,4.5,7.9,12.0,0.00
2024-12-14T04:00,5.0,91,9,NaN,4.7,189,4.3,7.6,11.7,0.00
2024-12-14T05:00,4.8,89,5,NaN,4.3,185,4.1,7.3,11.5,0.00
2024-12-14T06:00,4.1,91,88,NaN,4.5,194,3.6,6.9,11.3,0.00
2024-12-14T07:00,4.2,92,100,NaN,4.7,203,3.5,6.7,11.0,0.00
2024-12-14T08:00,4.7,90,87,NaN,4.9,197,5.1,6.6,10.8,0.00
2024-12-14T09:00,8.2,85,23,NaN,4.6,219,10.8,7.7,10.6,0.00
2024-12-14T10:00,11.8,79,5,NaN,6.0,237,16.2,9.7,10.6,0.00
2024-12-14T11:00,14.6,77,30,NaN,4.2,250,18.9,11.9,10.7,0.00
2024-12-14T12:00,16.8,71,68,NaN,5.8,360,20.7,13.9,11.0,0.00
2024-12-14T13:00,17.4,65,100,NaN,10.6,24,20.0,15.3,11.4,0.00
2024-12-14T14:00,17.0,66,100,NaN,12.7,35,18.3,15.8,11.8,0.00
2024-12-14T15:00,17.1,68,45,NaN,13.1,37,17.6,15.9,12.1,0.00
2024-12-14T16:00,16.3,75,32,NaN,12.2,43,15.4,15.5,12.5,0.00
2024-12-14T17:00,14.7,84,31,NaN,7.1,45,12.4,14.7,12.7,0.00
2024-12-14T18:00,13.3,90,20,NaN,3.8,73,10.9,13.5,12.8,0.00
2024-12-14T19:00,12.1,93,46,NaN,3.6,135,10.4,12.6,12.9,0.00
2024-12-14T20:00,10.8,95,47,NaN,3.6,174,9.7,12.0,12.9,0.00
2024-12-14T21:00,9.3,96,44,NaN,4.0,185,8.4,11.3,12.8,0.00
2024-12-14T22:00,8.2,97,52,NaN,4.3,180,7.6,10.7,12.7,0.00
2024-12-14T23:00,7.3,99,65,NaN,3.8,197,6.8,10.0,12.6,0.00
2024-12-15T00:00,6.8,100,100,NaN,4.2,200,6.6,9.6,12.5,0.00
2024-12-15T01:00,6.9,97,100,NaN,4.7,180,6.4,9.2,12.3,0.00
2024-12-15T02:00,6.7,95,100,NaN,3.6,174,6.1,8.9,12.1,0.00
2024-12-15T03:00,6.2,95,100,NaN,4.4,189,5.6,8.5,11.9,0.00
2024-12-15T04:00,6.0,96,90,NaN,4.5,194,5.7,8.3,11.7,0.00
2024-12-15T05:00,6.1,95,97,NaN,4.3,185,5.4,8.1,11.5,0.00
2024-12-15T06:00,6.0,94,56,NaN,4.7,189,5.2,7.8,11.3,0.00
2024-12-15T07:00,6.1,95,77,NaN,4.8,193,5.2,7.7,11.2,0.00
2024-12-15T08:00,6.1,97,49,NaN,4.3,204,6.5,7.6,11.0,0.00
2024-12-15T09:00,9.6,93,95,NaN,3.5,204,12.3,8.8,10.9,0.00
2024-12-15T10:00,12.7,85,62,NaN,3.6,233,16.7,10.6,10.9,0.00
2024-12-15T11:00,15.3,76,100,NaN,0.7,360,18.7,12.6,11.1,0.00
2024-12-15T12:00,16.4,71,90,NaN,10.0,38,19.6,14.2,11.3,0.00
2024-12-15T13:00,17.0,62,10,NaN,15.0,44,19.1,15.3,11.7,0.00
2024-12-15T14:00,16.8,65,29,NaN,15.5,46,18.3,15.8,12.1,0.00
2024-12-15T15:00,16.4,68,35,NaN,13.2,43,16.7,15.7,12.4,0.00
2024-12-15T16:00,15.5,73,33,NaN,11.2,45,14.5,15.2,12.7,0.00
2024-12-15T17:00,13.8,84,30,NaN,6.4,38,11.4,14.2,12.9,0.00
2024-12-15T18:00,12.5,86,7,NaN,4.1,52,10.3,13.1,13.0,0.00
2024-12-15T19:00,11.4,89,0,NaN,3.3,103,9.0,12.1,13.0,0.00
2024-12-15T20:00,10.4,91,6,NaN,2.5,135,7.8,11.2,12.9,0.00
2024-12-15T21:00,9.2,93,0,NaN,2.5,172,7.0,10.4,12.8,0.00
2024-12-15T22:00,8.1,95,22,NaN,2.9,187,6.3,9.7,12.6,0.00
2024-12-15T23:00,6.9,94,0,NaN,2.9,180,5.5,9.1,12.4,0.00
2024-12-16T00:00,6.0,93,4,NaN,3.8,197,5.1,8.7,12.2,0.00
2024-12-16T01:00,5.3,93,13,NaN,3.7,191,4.6,8.2,12.0,0.00
2024-12-16T02:00,4.9,94,6,NaN,3.2,180,4.2,7.7,11.7,0.00
2024-12-16T03:00,4.3,95,6,NaN,3.7,191,3.6,7.2,11.4,0.00
2024-12-16T04:00,3.8,96,23,NaN,3.4,198,3.2,6.9,11.2,0.00
2024-12-16T05:00,3.5,96,21,NaN,3.9,202,3.0,6.5,10.9,0.00
2024-12-16T06:00,2.8,98,15,NaN,4.8,207,2.4,6.0,10.6,0.00
2024-12-16T07:00,2.8,94,7,NaN,4.5,194,2.1,5.7,10.4,0.00
2024-12-16T08:00,3.3,89,6,NaN,3.6,174,3.7,5.6,10.1,0.00
2024-12-16T09:00,6.5,87,0,NaN,2.6,196,9.6,6.7,9.9,0.00
2024-12-16T10:00,11.1,76,0,NaN,1.5,256,14.7,8.8,9.9,0.00
2024-12-16T11:00,14.2,66,0,NaN,2.7,23,17.7,11.1,10.0,0.00
2024-12-16T12:00,16.0,55,0,NaN,6.9,28,19.4,13.1,10.3,0.00
2024-12-16T13:00,17.4,47,0,NaN,9.7,27,19.5,14.5,10.7,0.00
2024-12-16T14:00,17.2,50,0,NaN,13.4,24,18.1,15.1,11.1,0.00
2024-12-16T15:00,16.6,51,0,NaN,16.9,34,16.1,15.2,11.5,0.00
2024-12-16T16:00,15.8,60,0,NaN,13.8,33,14.2,14.6,11.8,0.00
2024-12-16T17:00,14.1,67,0,NaN,8.2,41,11.1,13.7,12.0,0.00
2024-12-16T18:00,12.8,70,0,NaN,5.8,60,9.4,12.5,12.2,0.00
2024-12-16T19:00,11.9,78,0,NaN,2.5,98,7.9,11.4,12.2,0.00
2024-12-16T20:00,10.2,82,0,NaN,4.7,203,6.9,10.3,12.2,0.00
2024-12-16T21:00,7.6,91,0,NaN,4.6,198,6.2,9.6,12.0,0.00
2024-12-16T22:00,6.9,76,4,NaN,3.7,169,5.1,8.9,11.9,0.00
2024-12-16T23:00,5.8,62,0,NaN,4.5,151,4.2,8.2,11.7,0.00
2024-12-17T00:00,5.0,61,0,NaN,3.8,163,3.2,7.6,11.5,0.00
2024-12-17T01:00,4.4,70,0,NaN,3.6,174,2.7,6.9,11.2,0.00
2024-12-17T02:00,4.0,74,0,NaN,4.0,180,2.3,6.4,10.9,0.00
2024-12-17T03:00,3.5,80,0,NaN,4.4,189,2.0,5.9,10.7,0.00
2024-12-17T04:00,3.2,77,0,NaN,4.7,189,1.7,5.6,10.4,0.00
2024-12-17T05:00,2.9,75,0,NaN,4.7,184,1.4,5.3,10.1,0.00
2024-12-17T06:00,2.5,76,3,NaN,5.1,184,1.1,4.9,9.8,0.00
2024-12-17T07:00,2.2,76,0,NaN,4.7,184,0.8,4.6,9.5,0.00
2024-12-17T08:00,2.6,76,0,NaN,4.4,189,2.5,4.4,9.3,0.00
2024-12-17T09:00,6.0,74,3,NaN,3.8,197,8.5,5.4,9.1,0.00
2024-12-17T10:00,11.0,59,4,NaN,3.8,229,14.4,7.7,9.0,0.00
2024-12-17T11:00,13.8,50,0,NaN,4.4,235,17.3,10.3,9.1,0.00
2024-12-17T12:00,15.9,45,3,NaN,2.3,309,18.7,12.3,9.5,0.00
2024-12-17T13:00,17.1,46,5,NaN,5.1,356,20.0,13.9,9.9,0.00
2024-12-17T14:00,17.3,50,44,NaN,7.4,14,19.0,14.9,10.3,0.00
2024-12-17T15:00,16.8,52,67,NaN,9.8,17,16.7,15.2,10.8,0.00
2024-12-17T16:00,15.4,58,100,NaN,7.6,25,13.7,14.5,11.2,0.00
2024-12-17T17:00,13.7,69,100,NaN,2.9,30,10.5,13.4,11.5,0.00
2024-12-17T18:00,12.4,70,100,NaN,1.0,135,8.2,11.7,11.6,0.00
2024-12-17T19:00,10.6,77,99,NaN,4.0,185,7.7,10.6,11.6,0.00
2024-12-17T20:00,8.3,84,70,NaN,4.0,175,6.6,9.8,11.6,0.00
2024-12-17T21:00,7.0,81,81,NaN,4.3,175,5.5,9.0,11.4,0.00
2024-12-17T22:00,6.1,82,10,NaN,4.0,185,4.7,8.3,11.3,0.00
2024-12-17T23:00,5.6,85,0,NaN,3.6,180,4.1,7.7,11.1,0.00
2024-12-18T00:00,5.3,85,0,NaN,4.3,185,3.9,7.3,10.9,0.00
2024-12-18T01:00,5.1,82,0,NaN,4.0,180,3.6,6.9,10.7,0.00
2024-12-18T02:00,4.7,81,0,NaN,3.6,180,3.2,6.5,10.5,0.00
2024-12-18T03:00,3.8,83,0,NaN,4.0,185,2.6,6.0,10.2,0.00
2024-12-18T04:00,3.6,84,0,NaN,3.7,191,2.3,5.7,10.0,0.00
2024-12-18T05:00,3.4,85,0,NaN,3.8,197,2.1,5.5,9.8,0.00
2024-12-18T06:00,3.1,86,0,NaN,4.6,198,1.8,5.0,9.5,0.00
2024-12-18T07:00,3.4,84,0,NaN,4.1,195,1.9,4.9,9.3,0.00
2024-12-18T08:00,4.0,80,0,NaN,3.7,191,3.7,4.9,9.1,0.00
2024-12-18T09:00,7.2,76,0,NaN,3.7,209,9.5,6.0,8.9,0.00
2024-12-18T10:00,12.4,67,0,NaN,3.9,236,15.5,8.3,8.9,0.00
2024-12-18T11:00,15.2,50,0,NaN,5.4,233,18.3,10.8,9.1,0.00
2024-12-18T12:00,17.1,46,0,NaN,5.2,236,19.9,12.9,9.4,0.00
2024-12-18T13:00,18.2,47,0,NaN,2.1,239,20.2,14.3,9.9,0.00
2024-12-18T14:00,18.9,49,0,NaN,1.1,342,20.2,15.3,10.3,0.00
2024-12-18T15:00,19.5,48,0,NaN,3.5,24,19.6,16.0,10.8,0.00
2024-12-18T16:00,18.3,56,0,NaN,4.1,45,15.9,15.7,11.3,0.00
2024-12-18T17:00,15.5,66,0,NaN,3.8,41,11.8,14.7,11.6,0.00
2024-12-18T18:00,13.3,72,0,NaN,2.3,108,9.1,12.8,11.8,0.00
2024-12-18T19:00,11.4,80,0,NaN,3.3,174,8.3,11.5,11.9,0.00
2024-12-18T20:00,9.9,84,0,NaN,2.9,180,7.5,10.6,11.9,0.00
2024-12-18T21:00,9.4,75,0,NaN,3.3,186,6.9,9.9,11.8,0.00
2024-12-18T22:00,8.8,72,1,NaN,3.3,186,6.4,9.3,11.7,0.00
2024-12-18T23:00,8.7,66,6,NaN,2.9,187,5.7,8.8,11.5,0.00
2024-12-19T00:00,7.9,64,8,NaN,3.8,197,5.5,8.3,11.3,0.00
2024-12-19T01:00,8.0,57,0,NaN,3.8,197,5.4,8.0,11.2,0.00
2024-12-19T02:00,8.0,54,0,NaN,3.9,202,5.2,7.8,11.0,0.00
2024-12-19T03:00,7.9,53,0,NaN,4.3,204,5.2,7.6,10.8,0.00
2024-12-19T04:00,8.0,53,3,NaN,4.2,211,5.2,7.5,10.6,0.00
2024-12-19T05:00,8.0,53,3,NaN,4.7,212,5.3,7.4,10.5,0.00
2024-12-19T06:00,8.4,49,0,NaN,5.8,210,5.7,7.3,10.3,0.00
2024-12-19T07:00,8.6,49,2,NaN,5.9,218,5.7,7.4,10.2,0.00
2024-12-19T08:00,9.3,50,24,NaN,6.9,219,7.4,7.5,10.1,0.00
2024-12-19T09:00,13.1,45,14,NaN,8.2,218,12.6,8.6,10.0,0.00
2024-12-19T10:00,17.3,38,34,NaN,10.5,232,17.5,10.5,10.1,0.00
2024-12-19T11:00,19.8,33,9,NaN,11.9,235,20.0,12.7,10.3,0.00
2024-12-19T12:00,22.1,29,65,NaN,14.0,241,22.2,14.6,10.6,0.00
2024-12-19T13:00,23.2,28,83,NaN,13.4,264,22.2,16.0,11.1,0.00
2024-12-19T14:00,22.4,33,100,NaN,11.2,268,19.4,16.7,11.5,0.00
2024-12-19T15:00,22.0,38,100,NaN,8.1,283,19.9,16.9,11.9,0.00
2024-12-19T16:00,20.3,48,100,NaN,5.4,318,17.3,16.6,12.3,0.00
2024-12-19T17:00,17.9,53,99,NaN,4.1,315,13.5,15.7,12.6,0.00
2024-12-19T18:00,16.0,48,77,NaN,7.4,203,12.8,14.6,12.9,0.00
2024-12-19T19:00,14.7,54,26,NaN,7.8,193,11.8,13.7,13.0,0.00
2024-12-19T20:00,14.2,59,62,NaN,7.1,204,11.4,13.0,13.0,0.00
2024-12-19T21:00,13.9,60,99,NaN,7.0,192,11.1,12.5,13.0,0.00
2024-12-19T22:00,13.4,67,73,NaN,6.2,187,10.9,12.2,13.0,0.00
2024-12-19T23:00,12.9,71,100,NaN,5.7,198,10.6,11.9,12.9,0.00
2024-12-20T00:00,13.1,68,95,NaN,7.4,194,11.1,12.0,12.9,0.00
2024-12-20T01:00,13.2,67,88,NaN,8.1,201,11.1,11.9,12.8,0.00
2024-12-20T02:00,13.3,67,100,NaN,9.0,203,11.0,11.8,12.8,0.00
2024-12-20T03:00,13.4,65,100,NaN,9.1,198,10.7,11.7,12.7,0.00
2024-12-20T04:00,13.6,66,100,NaN,7.8,202,11.4,11.7,12.7,0.00
2024-12-20T05:00,13.6,65,100,NaN,7.3,200,11.4,11.8,12.7,0.00
2024-12-20T06:00,13.8,63,97,NaN,7.9,204,11.6,12.1,12.6,0.00
2024-12-20T07:00,13.6,59,74,NaN,7.2,207,11.4,11.9,12.5,0.00
2024-12-20T08:00,13.4,62,64,NaN,7.9,210,11.9,11.9,12.5,0.00
2024-12-20T09:00,15.8,64,59,NaN,9.4,212,15.7,12.7,12.6,0.00
2024-12-20T10:00,17.7,56,53,NaN,10.9,224,19.5,14.0,12.6,0.00
2024-12-20T11:00,18.9,55,95,NaN,12.4,240,21.4,15.6,12.8,0.00
2024-12-20T12:00,19.7,54,100,NaN,10.1,272,22.8,16.7,13.1,0.00
2024-12-20T13:00,20.4,53,70,NaN,10.4,304,23.6,18.0,13.5,0.00
2024-12-20T14:00,20.0,57,36,NaN,12.2,332,21.7,18.6,13.9,0.00
2024-12-20T15:00,18.7,70,20,NaN,15.5,356,19.6,18.6,14.3,0.00
2024-12-20T16:00,17.6,75,4,NaN,13.4,8,17.1,17.8,14.5,0.00
2024-12-20T17:00,16.0,83,49,NaN,7.2,27,14.1,16.8,14.7,0.00
2024-12-20T18:00,14.5,90,79,NaN,5.4,94,12.8,15.3,14.8,0.00
2024-12-20T19:00,13.7,93,76,NaN,5.2,124,12.4,14.5,14.8,0.00
2024-12-20T20:00,13.4,93,84,NaN,3.1,144,12.3,13.9,14.7,0.00
2024-12-20T21:00,13.3,86,93,NaN,2.9,180,12.3,13.6,14.6,0.00
2024-12-20T22:00,13.1,84,83,NaN,1.5,194,12.1,13.4,14.5,0.00
2024-12-20T23:00,12.5,91,92,NaN,2.3,309,11.6,13.2,14.4,0.00
2024-12-21T00:00,12.1,90,73,NaN,0.8,27,9.9,12.6,14.3,0.00
2024-12-21T01:00,11.9,87,66,NaN,2.3,108,9.2,12.1,14.1,0.00
2024-12-21T02:00,10.9,87,66,NaN,3.1,126,8.9,11.5,13.9,0.00
2024-12-21T03:00,10.2,86,100,NaN,3.3,193,9.6,11.2,13.7,0.00
2024-12-21T04:00,10.5,85,100,NaN,1.9,158,10.1,11.2,13.5,0.00
2024-12-21T05:00,10.8,84,100,NaN,2.3,162,10.0,11.3,13.4,0.00
2024-12-21T06:00,10.8,82,100,NaN,2.9,173,10.3,11.3,13.2,0.00
2024-12-21T07:00,11.1,84,100,NaN,0.5,315,10.5,11.4,13.1,0.00
2024-12-21T08:00,11.4,85,100,NaN,1.0,315,10.9,11.4,13.0,0.00
2024-12-21T09:00,12.8,83,100,NaN,1.8,349,13.6,12.1,12.9,0.00
2024-12-21T10:00,14.3,81,100,NaN,6.2,21,15.8,12.9,12.9,0.00
2024-12-21T11:00,15.9,77,100,NaN,13.0,51,16.9,13.9,13.0,0.00
2024-12-21T12:00,16.2,74,83,NaN,14.8,45,17.7,14.9,13.1,0.00
2024-12-21T13:00,16.5,70,83,NaN,15.8,41,19.0,15.6,13.3,0.00
2024-12-21T14:00,16.7,67,99,NaN,16.5,46,18.2,16.1,13.5,0.00
2024-12-21T15:00,16.0,68,100,NaN,16.3,45,15.9,15.9,13.8,0.00
2024-12-21T16:00,15.5,70,100,NaN,17.6,55,15.0,15.5,13.9,0.00
2024-12-21T17:00,14.6,77,100,NaN,15.5,59,13.3,14.9,14.0,0.00
2024-12-21T18:00,14.0,77,100,NaN,12.8,52,12.9,14.3,14.1,0.00
2024-12-21T19:00,13.7,79,100,NaN,10.7,50,12.8,13.8,14.1,0.00
2024-12-21T20:00,13.1,82,100,NaN,9.0,53,11.7,13.4,14.0,0.00
2024-12-21T21:00,12.6,77,100,NaN,7.2,53,10.9,13.0,13.9,0.00
2024-12-21T22:00,11.9,77,52,NaN,4.1,45,9.6,12.4,13.8,0.00
2024-12-21T23:00,11.7,75,33,NaN,1.5,14,8.0,11.6,13.7,0.00
2024-12-22T00:00,11.4,75,30,NaN,1.8,233,7.2,10.9,13.5,0.00
2024-12-22T01:00,9.2,87,3,NaN,3.9,202,7.2,10.2,13.3,0.00
2024-12-22T02:00,7.7,95,35,NaN,3.7,191,6.6,9.8,13.0,0.00
2024-12-22T03:00,7.0,94,31,NaN,3.8,197,5.9,9.2,12.8,0.00
2024-12-22T04:00,6.9,94,46,NaN,3.3,186,6.0,8.9,12.5,0.00
2024-12-22T05:00,6.4,95,27,NaN,3.4,198,5.5,8.7,12.3,0.00
2024-12-22T06:00,5.8,96,28,NaN,4.1,195,4.9,8.3,12.0,0.00
2024-12-22T07:00,5.4,97,27,NaN,3.7,191,4.7,8.0,11.8,0.00
2024-12-22T08:00,5.6,96,6,NaN,3.3,174,6.0,7.7,11.6,0.00
2024-12-22T09:00,8.6,88,0,NaN,2.6,196,11.8,8.7,11.4,0.00
2024-12-22T10:00,12.5,73,0,NaN,1.9,248,16.5,10.7,11.3,0.00
2024-12-22T11:00,15.4,61,0,NaN,1.5,315,19.3,12.9,11.5,0.00
2024-12-22T12:00,16.8,60,0,NaN,5.2,12,20.9,14.6,11.7,0.00
2024-12-22T13:00,17.5,57,0,NaN,8.9,21,21.3,16.0,12.0,0.00
2024-12-22T14:00,17.2,60,0,NaN,12.3,32,19.7,16.7,12.4,0.00
2024-12-22T15:00,16.8,62,0,NaN,12.3,40,17.9,16.7,12.8,0.00
2024-12-22T16:00,16.3,64,0,NaN,7.8,56,15.6,16.1,13.1,0.00
2024-12-22T17:00,14.8,73,0,NaN,3.2,360,11.7,15.1,13.3,0.00
2024-12-22T18:00,12.7,80,0,NaN,3.1,291,9.3,13.4,13.4,0.00
2024-12-22T19:00,10.6,90,0,NaN,3.2,243,8.7,12.2,13.4,0.00
2024-12-22T20:00,10.5,87,0,NaN,0.7,180,7.4,11.2,13.3,0.00
2024-12-22T21:00,10.7,80,0,NaN,2.4,153,6.5,10.4,13.1,0.00
2024-12-22T22:00,9.0,86,0,NaN,3.7,169,6.7,9.8,12.9,0.00
2024-12-22T23:00,7.7,91,3,NaN,3.3,174,6.2,9.4,12.7,0.00
2024-12-23T00:00,6.8,92,5,NaN,4.4,189,5.6,8.9,12.4,0.00
2024-12-23T01:00,6.6,91,3,NaN,3.9,202,5.2,8.6,12.2,0.00
2024-12-23T02:00,6.7,88,3,NaN,3.3,186,4.7,8.2,12.0,0.00
2024-12-23T03:00,6.9,85,4,NaN,3.3,193,4.4,7.8,11.7,0.00
2024-12-23T04:00,7.5,79,3,NaN,3.4,162,4.1,7.5,11.5,0.00
2024-12-23T05:00,7.1,81,0,NaN,4.0,153,4.4,7.2,11.3,0.00
2024-12-23T06:00,6.5,85,0,NaN,5.1,172,4.6,7.2,11.0,0.00
2024-12-23T07:00,6.4,82,0,NaN,4.0,180,4.2,7.1,10.8,0.00
2024-12-23T08:00,7.0,79,0,NaN,2.9,180,5.5,6.9,10.6,0.00
2024-12-23T09:00,9.5,78,0,NaN,2.3,162,11.7,7.9,10.5,0.00
2024-12-23T10:00,14.3,64,0,NaN,0.5,135,17.3,10.1,10.5,0.00
2024-12-23T11:00,17.0,56,0,NaN,4.1,52,20.4,12.5,10.6,0.00
2024-12-23T12:00,18.6,54,0,NaN,5.9,47,22.0,14.6,10.9,0.00
2024-12-23T13:00,19.2,57,0,NaN,10.8,37,21.6,16.0,11.4,0.00
2024-12-23T14:00,18.8,60,0,NaN,15.9,39,19.9,16.6,11.8,0.00
2024-12-23T15:00,18.2,64,0,NaN,16.4,50,18.3,16.7,12.3,0.00
2024-12-23T16:00,17.3,58,0,NaN,19.2,62,15.9,16.2,12.6,0.00
2024-12-23T17:00,15.3,54,0,NaN,14.3,62,12.8,15.2,12.9,0.00
2024-12-23T18:00,13.1,71,0,NaN,7.1,49,10.6,13.8,13.0,0.00
2024-12-23T19:00,12.3,73,0,NaN,1.8,11,8.4,12.5,13.1,0.00
2024-12-23T20:00,11.6,75,0,NaN,2.2,270,6.8,11.3,13.0,0.00
2024-12-23T21:00,11.4,75,0,NaN,1.1,198,5.9,10.3,12.9,0.00
2024-12-23T22:00,9.4,84,0,NaN,3.8,197,5.9,9.5,12.7,0.00
2024-12-23T23:00,7.2,92,0,NaN,3.6,186,5.5,9.0,12.4,0.00
2024-12-24T00:00,5.9,92,1,NaN,4.0,185,4.6,8.5,12.2,0.00
2024-12-24T01:00,5.2,90,5,NaN,4.0,190,4.0,8.0,11.9,0.00
2024-12-24T02:00,4.4,88,4,NaN,4.0,185,3.4,7.5,11.7,0.00
2024-12-24T03:00,3.7,84,3,NaN,4.5,194,2.9,7.1,11.4,0.00
2024-12-24T04:00,3.1,84,3,NaN,4.4,189,2.4,6.6,11.1,0.00
2024-12-24T05:00,2.8,82,1,NaN,4.3,185,1.9,6.2,10.8,0.00
2024-12-24T06:00,2.1,86,3,NaN,4.8,193,1.4,5.6,10.5,0.00
2024-12-24T07:00,1.8,83,2,NaN,4.8,193,1.1,5.3,10.3,0.00
2024-12-24T08:00,2.2,81,0,NaN,4.5,194,2.6,5.1,10.0,0.00
2024-12-24T09:00,5.9,80,0,NaN,3.5,204,8.9,6.2,9.8,0.00
2024-12-24T10:00,10.9,65,0,NaN,3.8,229,14.9,8.3,9.7,0.00
2024-12-24T11:00,14.2,59,0,NaN,1.6,243,17.5,10.6,9.8,0.00
2024-12-24T12:00,16.0,55,0,NaN,4.0,5,19.2,12.6,10.1,0.00
2024-12-24T13:00,16.7,50,0,NaN,9.0,29,19.1,14.0,10.4,0.00
2024-12-24T14:00,16.8,58,0,NaN,11.1,36,18.3,14.8,10.8,0.00
2024-12-24T15:00,16.5,57,0,NaN,11.5,39,16.2,14.8,11.2,0.00
2024-12-24T16:00,15.7,65,0,NaN,10.2,42,14.1,14.4,11.5,0.00
2024-12-24T17:00,13.7,73,0,NaN,4.8,42,10.5,13.4,11.8,0.00
2024-12-24T18:00,12.4,74,0,NaN,2.3,18,8.0,12.0,11.9,0.00
2024-12-24T19:00,12.0,75,0,NaN,0.5,225,6.4,10.7,11.9,0.00
2024-12-24T20:00,10.8,79,0,NaN,3.5,204,5.6,9.6,11.8,0.00
2024-12-24T21:00,7.6,93,14,NaN,5.0,201,6.3,9.2,11.7,0.00
2024-12-24T22:00,6.9,93,4,NaN,4.6,198,5.5,8.7,11.5,0.00
2024-12-24T23:00,6.3,91,4,NaN,4.0,190,4.9,8.3,11.4,0.00
2024-12-25T00:00,5.5,91,5,NaN,4.5,194,4.4,7.8,11.2,0.00
2024-12-25T01:00,5.1,89,6,NaN,4.3,175,3.9,7.4,11.0,0.00
2024-12-25T02:00,4.5,88,5,NaN,3.7,169,3.3,7.0,10.8,0.00
2024-12-25T03:00,3.6,91,6,NaN,4.3,185,2.6,6.4,10.5,0.00
2024-12-25T04:00,3.2,91,5,NaN,4.4,189,2.3,6.1,10.3,0.00
2024-12-25T05:00,2.9,89,4,NaN,4.8,193,2.0,5.8,10.1,0.00
2024-12-25T06:00,2.6,86,2,NaN,4.8,193,1.6,5.3,9.8,0.00
2024-12-25T07:00,2.6,85,0,NaN,4.7,189,1.5,5.1,9.6,0.00
2024-12-25T08:00,2.9,84,0,NaN,4.8,193,3.0,5.0,9.4,0.00
2024-12-25T09:00,6.6,81,0,NaN,4.2,200,9.3,6.0,9.2,0.00
2024-12-25T10:00,11.5,67,0,NaN,4.7,212,15.4,8.1,9.2,0.00
2024-12-25T11:00,14.1,61,0,NaN,3.6,225,17.7,10.6,9.3,0.00
2024-12-25T12:00,16.2,66,0,NaN,2.2,360,18.9,12.2,9.6,0.00
2024-12-25T13:00,17.5,55,0,NaN,8.1,21,19.4,13.8,10.0,0.00
2024-12-25T14:00,17.2,62,0,NaN,12.3,32,17.9,14.5,10.4,0.00
2024-12-25T15:00,16.4,74,3,NaN,12.8,32,16.5,14.5,10.8,0.00
2024-12-25T16:00,15.9,76,0,NaN,10.7,33,14.6,14.3,11.2,0.00
2024-12-25T17:00,13.7,84,0,NaN,5.7,18,11.0,13.4,11.4,0.00
2024-12-25T18:00,12.1,83,0,NaN,2.6,344,8.6,12.2,11.6,0.00
2024-12-25T19:00,11.5,85,0,NaN,2.4,243,6.8,10.9,11.7,0.00
2024-12-25T20:00,10.1,90,0,NaN,3.5,204,6.6,9.8,11.6,0.00
2024-12-25T21:00,8.5,94,8,NaN,4.0,190,6.7,9.3,11.5,0.00
2024-12-25T22:00,7.4,95,22,NaN,4.0,185,6.1,8.9,11.4,0.00
2024-12-25T23:00,6.9,94,5,NaN,3.6,180,5.4,8.5,11.2,0.00
2024-12-26T00:00,6.5,93,5,NaN,4.1,195,5.1,8.1,11.1,0.00
2024-12-26T01:00,6.0,93,5,NaN,4.1,195,4.8,7.8,10.9,0.00
2024-12-26T02:00,5.7,93,5,NaN,4.0,190,4.5,7.5,10.7,0.00
2024-12-26T03:00,5.3,94,5,NaN,4.5,194,4.2,7.2,10.5,0.00
2024-12-26T04:00,4.9,94,6,NaN,4.4,189,4.0,7.0,10.3,0.00
2024-12-26T05:00,4.6,94,6,NaN,4.0,190,3.6,6.7,10.2,0.00
2024-12-26T06:00,3.8,96,6,NaN,4.7,203,3.1,6.3,10.0,0.00
2024-12-26T07:00,3.3,98,36,NaN,4.2,200,2.7,6.0,9.8,0.00
2024-12-26T08:00,3.6,94,26,NaN,3.8,197,4.1,5.8,9.6,0.00
2024-12-26T09:00,6.6,91,0,NaN,3.3,229,9.8,6.8,9.4,0.00
2024-12-26T10:00,12.2,71,0,NaN,2.3,288,15.9,8.8,9.4,0.00
2024-12-26T11:00,15.3,66,0,NaN,5.4,20,19.0,11.2,9.6,0.00
2024-12-26T12:00,16.8,59,0,NaN,14.3,41,18.3,13.0,9.9,0.00
2024-12-26T13:00,16.7,56,0,NaN,17.1,42,17.9,14.0,10.3,0.00
2024-12-26T14:00,16.6,58,0,NaN,18.4,50,17.3,14.4,10.7,0.00
2024-12-26T15:00,16.2,63,0,NaN,18.4,50,16.2,14.5,11.1,0.00
2024-12-26T16:00,15.4,68,0,NaN,17.0,54,14.2,14.2,11.4,0.00
2024-12-26T17:00,13.9,80,0,NaN,11.5,49,11.5,13.4,11.7,0.00
2024-12-26T18:00,12.3,87,0,NaN,6.1,45,9.8,12.4,11.8,0.00
2024-12-26T19:00,11.9,89,1,NaN,2.3,51,8.4,11.4,11.9,0.00
2024-12-26T20:00,11.5,89,0,NaN,2.1,211,6.5,10.4,11.8,0.00
2024-12-26T21:00,9.8,91,0,NaN,3.3,221,6.2,9.5,11.7,0.00
2024-12-26T22:00,7.5,98,51,NaN,4.0,190,6.0,9.0,11.6,0.00
2024-12-26T23:00,6.5,100,56,NaN,4.0,190,5.3,8.6,11.4,0.00
2024-12-27T00:00,6.0,98,52,NaN,4.6,198,5.1,8.2,11.2,0.00
2024-12-27T01:00,5.5,100,61,NaN,4.5,194,4.8,7.8,11.0,0.00
2024-12-27T02:00,5.0,100,62,NaN,4.4,189,4.2,7.5,10.8,0.00
2024-12-27T03:00,4.4,100,64,NaN,4.8,193,3.9,7.1,10.6,0.00
2024-12-27T04:00,4.1,99,61,NaN,4.4,189,3.5,6.8,10.4,0.00
2024-12-27T05:00,3.7,100,50,NaN,4.0,185,3.1,6.5,10.2,0.00
2024-12-27T06:00,3.1,100,47,NaN,4.4,189,2.5,6.0,10.0,0.00
2024-12-27T07:00,2.7,99,40,NaN,4.0,190,2.2,5.7,9.7,0.00
2024-12-27T08:00,2.9,96,7,NaN,4.1,195,3.3,5.4,9.5,0.00
2024-12-27T09:00,6.2,90,0,NaN,3.2,207,9.3,6.4,9.4,0.00
2024-12-27T10:00,10.0,82,0,NaN,3.4,238,14.1,8.4,9.3,0.00
2024-12-27T11:00,13.2,74,0,NaN,2.5,315,17.1,10.6,9.4,0.00
2024-12-27T12:00,14.8,67,0,NaN,8.1,21,18.5,12.4,9.7,0.00
2024-12-27T13:00,15.8,56,0,NaN,12.8,38,17.7,13.6,10.1,0.00
2024-12-27T14:00,15.9,50,0,NaN,16.1,51,16.6,14.0,10.5,0.00
2024-12-27T15:00,16.0,45,0,NaN,19.4,55,15.5,14.3,10.9,0.00
2024-12-27T16:00,15.2,49,0,NaN,18.7,62,13.5,13.8,11.2,0.00
2024-12-27T17:00,13.8,61,1,NaN,12.7,61,11.0,13.0,11.4,0.00
2024-12-27T18:00,12.0,74,0,NaN,8.7,60,9.3,11.9,11.5,0.00
2024-12-27T19:00,11.1,76,0,NaN,6.5,71,8.2,11.0,11.6,0.00
2024-12-27T20:00,10.3,75,0,NaN,4.0,90,6.9,10.2,11.5,0.00
2024-12-27T21:00,10.1,75,0,NaN,2.0,135,5.3,9.4,11.4,0.00
2024-12-27T22:00,8.8,77,0,NaN,2.9,187,4.4,8.5,11.3,0.00
2024-12-27T23:00,6.0,86,0,NaN,4.4,189,4.3,7.9,11.1,0.00
2024-12-28T00:00,5.0,88,0,NaN,4.9,197,3.8,7.5,10.9,0.00
2024-12-28T01:00,5.1,89,4,NaN,4.5,194,3.5,7.0,10.6,0.00
2024-12-28T02:00,4.5,90,6,NaN,4.4,189,3.2,6.7,10.4,0.00
2024-12-28T03:00,4.0,85,4,NaN,4.3,185,2.8,6.4,10.2,0.00
2024-12-28T04:00,3.5,81,0,NaN,4.0,185,2.3,6.0,9.9,0.00
2024-12-28T05:00,3.0,80,0,NaN,4.0,180,1.7,5.6,9.7,0.00
2024-12-28T06:00,2.7,79,0,NaN,4.0,185,1.3,5.2,9.5,0.00
2024-12-28T07:00,2.2,80,0,NaN,3.6,186,0.8,4.8,9.2,0.00
2024-12-28T08:00,2.2,81,0,NaN,3.7,191,2.3,4.6,9.0,0.00
2024-12-28T09:00,5.5,79,0,NaN,3.7,209,8.4,5.5,8.8,0.00
2024-12-28T10:00,10.6,65,0,NaN,4.7,238,14.5,7.7,8.7,0.00
2024-12-28T11:00,13.4,60,0,NaN,3.7,241,17.3,10.3,8.9,0.00
2024-12-28T12:00,15.0,59,0,NaN,2.5,315,18.2,12.0,9.2,0.00
2024-12-28T13:00,16.1,52,0,NaN,7.7,11,19.0,13.5,9.6,0.00
2024-12-28T14:00,16.0,46,0,NaN,11.4,24,17.0,14.2,10.1,0.00
2024-12-28T15:00,15.3,61,0,NaN,13.5,29,15.2,14.0,10.5,0.00
2024-12-28T16:00,14.6,66,0,NaN,12.3,40,13.2,13.5,10.8,0.00
2024-12-28T17:00,12.7,78,0,NaN,6.9,47,9.9,12.5,11.1,0.00
2024-12-28T18:00,11.1,79,0,NaN,3.3,49,7.6,11.2,11.2,0.00
2024-12-28T19:00,10.6,79,0,NaN,1.9,158,5.8,9.9,11.2,0.00
2024-12-28T20:00,8.5,87,1,NaN,3.9,202,5.7,8.9,11.1,0.00
2024-12-28T21:00,6.0,93,25,NaN,4.1,195,4.8,8.3,10.9,0.00
2024-12-28T22:00,5.5,93,5,NaN,4.4,189,4.2,7.7,10.7,0.00
2024-12-28T23:00,4.9,92,19,NaN,4.3,185,3.8,7.2,10.5,0.00
2024-12-29T00:00,4.6,90,22,NaN,4.8,193,3.5,6.8,10.3,0.00
2024-12-29T01:00,4.3,91,26,NaN,5.1,188,3.3,6.5,10.1,0.00
2024-12-29T02:00,4.3,89,17,NaN,4.8,193,3.0,6.2,9.9,0.00
2024-12-29T03:00,4.1,87,0,NaN,4.8,193,2.6,5.9,9.7,0.00
2024-12-29T04:00,3.9,88,0,NaN,4.4,189,2.5,5.7,9.4,0.00
2024-12-29T05:00,3.7,87,0,NaN,4.5,194,2.2,5.4,9.2,0.00
2024-12-29T06:00,3.6,84,0,NaN,4.8,193,2.0,5.2,9.0,0.00
2024-12-29T07:00,3.5,80,0,NaN,4.4,189,1.8,5.0,8.8,0.00
2024-12-29T08:00,3.6,79,0,NaN,4.0,190,3.0,4.8,8.6,0.00
2024-12-29T09:00,6.9,75,0,NaN,3.1,201,9.3,5.9,8.5,0.00
2024-12-29T10:00,11.2,62,2,NaN,3.6,233,15.0,8.2,8.5,0.00
2024-12-29T11:00,13.9,55,3,NaN,2.4,243,17.4,10.5,8.7,0.00
2024-12-29T12:00,15.5,51,21,NaN,3.7,349,18.8,12.2,9.1,0.00
2024-12-29T13:00,16.3,49,53,NaN,7.4,23,19.2,13.6,9.5,0.00
2024-12-29T14:00,16.2,50,51,NaN,10.8,26,17.6,14.3,10.0,0.00
2024-12-29T15:00,15.6,55,65,NaN,14.0,35,15.4,14.2,10.4,0.00
2024-12-29T16:00,15.0,68,39,NaN,12.5,44,13.7,13.7,10.7,0.00
2024-12-29T17:00,13.3,76,7,NaN,7.2,53,10.5,12.8,11.0,0.00
2024-12-29T18:00,11.2,78,12,NaN,3.7,61,7.9,11.4,11.1,0.00
2024-12-29T19:00,10.6,78,13,NaN,1.1,108,5.9,10.1,11.1,0.00
2024-12-29T20:00,9.5,81,43,NaN,2.4,207,4.6,8.9,11.0,0.00
2024-12-29T21:00,7.1,90,62,NaN,4.2,200,5.1,8.2,10.9,0.00
2024-12-29T22:00,5.8,92,73,NaN,4.7,189,4.5,7.8,10.7,0.00
2024-12-29T23:00,5.3,90,66,NaN,4.4,189,3.8,7.3,10.5,0.00
2024-12-30T00:00,4.5,88,42,NaN,4.9,197,3.4,6.9,10.3,0.00
2024-12-30T01:00,4.2,86,62,NaN,4.7,189,2.9,6.5,10.1,0.00
2024-12-30T02:00,3.8,83,13,NaN,4.0,190,2.4,6.1,9.9,0.00
2024-12-30T03:00,3.5,78,18,NaN,4.4,189,2.0,5.7,9.6,0.00
2024-12-30T04:00,3.1,77,60,NaN,4.1,195,1.7,5.3,9.4,0.00
2024-12-30T05:00,2.8,77,11,NaN,4.1,195,1.3,5.0,9.1,0.00
2024-12-30T06:00,2.5,78,0,NaN,4.2,200,1.1,4.6,8.9,0.00
2024-12-30T07:00,2.3,80,11,NaN,3.9,202,0.8,4.4,8.6,0.00
2024-12-30T08:00,2.5,81,28,NaN,3.7,209,2.2,4.2,8.4,0.00
2024-12-30T09:00,5.8,77,1,NaN,3.8,221,8.4,5.3,8.3,0.00
2024-12-30T10:00,10.8,60,4,NaN,4.7,238,14.7,7.6,8.2,0.00
2024-12-30T11:00,13.7,53,7,NaN,3.9,236,17.6,10.1,8.4,0.00
2024-12-30T12:00,15.6,48,6,NaN,3.6,323,19.2,12.2,8.8,0.00
2024-12-30T13:00,16.5,46,4,NaN,8.3,5,19.5,13.6,9.2,0.00
2024-12-30T14:00,16.1,49,9,NaN,11.4,13,17.8,14.3,9.7,0.00
2024-12-30T15:00,15.5,47,9,NaN,13.2,26,15.6,14.2,10.2,0.00
2024-12-30T16:00,14.5,56,72,NaN,11.2,40,13.2,13.6,10.5,0.00
2024-12-30T17:00,12.8,65,38,NaN,4.6,39,9.7,12.6,10.8,0.00
2024-12-30T18:00,11.4,71,41,NaN,1.6,63,7.0,11.1,10.9,0.00
2024-12-30T19:00,10.6,74,30,NaN,2.2,180,5.5,9.7,10.9,0.00
2024-12-30T20:00,8.1,81,1,NaN,4.0,185,5.2,8.7,10.8,0.00
2024-12-30T21:00,5.4,82,15,NaN,4.3,185,4.2,8.0,10.7,0.00
2024-12-30T22:00,4.5,82,6,NaN,4.0,190,3.4,7.3,10.5,0.00
2024-12-30T23:00,3.9,81,11,NaN,4.2,200,2.8,6.7,10.3,0.00
2024-12-31T00:00,4.0,79,26,NaN,4.5,209,2.7,6.4,10.0,0.00
2024-12-31T01:00,3.8,78,8,NaN,4.7,203,2.4,6.0,9.8,0.00
2024-12-31T02:00,3.6,77,15,NaN,4.7,203,2.2,5.7,9.6,0.00
2024-12-31T03:00,3.5,73,44,NaN,5.2,196,2.1,5.3,9.3,0.00
2024-12-31T04:00,3.6,72,46,NaN,5.0,201,2.2,5.2,9.1,0.00
2024-12-31T05:00,3.7,70,63,NaN,5.4,200,2.5,5.1,8.9,0.00
2024-12-31T06:00,4.2,64,68,NaN,6.0,197,3.0,5.1,8.7,0.00
2024-12-31T07:00,4.8,64,71,NaN,5.8,202,3.4,5.2,8.5,0.00
2024-12-31T08:00,5.5,66,82,NaN,6.5,214,5.0,5.4,8.4,0.00
2024-12-31T09:00,8.5,64,79,NaN,7.0,215,9.4,6.6,8.3,0.00
2024-12-31T10:00,11.2,57,87,NaN,9.9,226,13.1,8.3,8.4,0.00
2024-12-31T11:00,13.0,55,75,NaN,11.0,229,15.5,10.0,8.6,0.00
2024-12-31T12:00,14.8,57,39,NaN,8.7,240,19.2,11.9,8.9,0.00
2024-12-31T13:00,15.5,60,78,NaN,4.1,285,18.5,13.4,9.3,0.00
2024-12-31T14:00,15.0,63,86,NaN,5.2,12,16.8,14.0,9.7,0.00
2024-12-31T15:00,15.4,58,27,NaN,6.1,3,17.1,14.1,10.2,0.00
2024-12-31T16:00,14.6,64,68,NaN,8.8,35,13.7,14.0,10.5,0.00
2024-12-31T17:00,13.2,70,71,NaN,5.6,50,11.0,13.0,10.8,0.00
2024-12-31T18:00,11.5,73,40,NaN,5.5,58,8.9,11.9,11.0,0.00
2024-12-31T19:00,9.9,83,10,NaN,3.7,101,7.3,10.7,11.0,0.00
2024-12-31T20:00,8.5,89,5,NaN,3.6,143,6.2,9.6,11.0,0.00
2024-12-31T21:00,7.5,91,50,NaN,4.3,175,6.3,9.0,10.9,0.00
2024-12-31T22:00,6.9,94,76,NaN,3.3,186,5.8,8.5,10.8,0.00
2024-12-31T23:00,6.1,97,53,NaN,1.9,202,5.1,8.1,10.6,0.00
2025-01-01T00:00,4.7,99,57,NaN,3.9,202,4.0,7.3,10.4,0.00
2025-01-01T01:00,4.4,97,54,NaN,4.6,198,3.6,6.9,10.2,0.00
2025-01-01T02:00,4.2,96,44,NaN,3.9,202,3.2,6.5,10.0,0.00
2025-01-01T03:00,3.6,94,25,NaN,4.9,197,2.5,6.1,9.8,0.00
2025-01-01T04:00,3.3,95,31,NaN,5.2,192,2.4,5.7,9.5,0.00
2025-01-01T05:00,3.1,94,28,NaN,5.2,192,2.2,5.5,9.3,0.00
2025-01-01T06:00,3.0,94,24,NaN,5.9,191,2.0,5.2,9.1,0.00
2025-01-01T07:00,2.9,96,58,NaN,5.7,198,2.1,5.0,8.9,0.00
2025-01-01T08:00,3.7,94,73,NaN,5.2,196,4.1,5.0,8.7,0.00
2025-01-01T09:00,6.6,85,78,NaN,4.8,207,8.8,5.9,8.5,0.00
2025-01-01T10:00,10.0,74,57,NaN,6.4,232,13.5,7.8,8.5,0.00
2025-01-01T11:00,12.3,69,63,NaN,6.6,257,16.6,9.9,8.7,0.00
2025-01-01T12:00,13.9,69,65,NaN,5.9,11,17.7,11.7,9.0,0.00
2025-01-01T13:00,14.7,64,54,NaN,9.8,17,18.1,13.0,9.3,0.00
2025-01-01T14:00,14.7,63,59,NaN,11.4,24,16.7,13.7,9.8,0.00
2025-01-01T15:00,14.3,67,100,NaN,12.7,29,14.9,13.9,10.2,0.00
2025-01-01T16:00,13.5,73,100,NaN,10.9,27,13.0,13.4,10.5,0.00
2025-01-01T17:00,12.2,83,76,NaN,6.6,22,10.7,12.5,10.7,0.00
2025-01-01T18:00,10.9,89,89,NaN,3.1,21,9.6,11.4,10.9,0.00
2025-01-01T19:00,10.7,91,95,NaN,0.8,297,9.4,10.8,10.9,0.00
2025-01-01T20:00,10.1,95,91,NaN,2.9,263,9.2,10.4,10.9,0.00
2025-01-01T21:00,9.8,92,91,NaN,2.6,214,8.9,10.2,10.9,0.00
2025-01-01T22:00,9.5,94,89,NaN,3.9,214,9.1,10.1,10.9,0.00
2025-01-01T23:00,9.2,94,90,NaN,3.7,209,8.6,9.9,10.9,0.00
2025-01-02T00:00,9.2,93,85,NaN,4.1,218,8.7,9.8,10.8,0.00
2025-01-02T01:00,9.1,94,80,NaN,4.9,216,8.4,9.7,10.8,0.00
2025-01-02T02:00,8.5,95,83,NaN,4.5,209,7.5,9.4,10.7,0.00
2025-01-02T03:00,8.1,94,83,NaN,4.5,194,7.2,9.0,10.7,0.00
2025-01-02T04:00,7.6,94,61,NaN,4.3,185,6.4,8.7,10.6,0.00
2025-01-02T05:00,7.3,94,46,NaN,4.1,195,6.1,8.3,10.4,0.00
2025-01-02T06:00,6.9,94,39,NaN,4.0,185,5.4,8.0,10.3,0.00
2025-01-02T07:00,6.3,95,46,NaN,4.3,180,5.1,7.6,10.2,0.00
2025-01-02T08:00,6.2,96,55,NaN,4.0,185,6.1,7.4,10.0,0.00
2025-01-02T09:00,9.0,90,38,NaN,3.9,202,11.4,8.3,9.9,0.00
2025-01-02T10:00,12.2,79,26,NaN,6.1,230,16.0,10.0,9.9,0.00
2025-01-02T11:00,14.3,72,0,NaN,6.4,243,18.5,12.0,10.1,0.00
2025-01-02T12:00,15.6,64,35,NaN,3.0,256,19.4,13.8,10.4,0.00
2025-01-02T13:00,16.4,58,24,NaN,1.1,18,19.7,14.8,10.8,0.00
2025-01-02T14:00,16.9,56,4,NaN,4.3,24,20.0,15.6,11.2,0.00
2025-01-02T15:00,16.6,60,12,NaN,10.6,24,17.5,16.0,11.6,0.00
2025-01-02T16:00,15.2,69,6,NaN,10.5,27,14.8,15.4,11.9,0.00
2025-01-02T17:00,13.7,76,0,NaN,6.4,43,11.5,14.3,12.1,0.00
2025-01-02T18:00,11.8,83,0,NaN,3.6,84,9.1,12.7,12.3,0.00
2025-01-02T19:00,10.4,90,0,NaN,3.6,143,8.1,11.5,12.2,0.00
2025-01-02T20:00,9.2,93,0,NaN,2.6,164,7.0,10.5,12.1,0.00
2025-01-02T21:00,7.8,95,17,NaN,2.9,180,6.2,9.7,12.0,0.00
2025-01-02T22:00,6.5,98,50,NaN,2.9,180,5.6,9.1,11.8,0.00
2025-01-02T23:00,5.7,99,54,NaN,2.9,187,5.0,8.5,11.6,0.00
2025-01-03T00:00,5.2,99,52,NaN,3.5,204,4.6,8.0,11.3,0.00
2025-01-03T01:00,4.9,97,46,NaN,3.9,202,4.1,7.5,11.1,0.00
2025-01-03T02:00,4.8,95,34,NaN,3.4,198,3.7,7.1,10.8,0.00
2025-01-03T03:00,4.4,94,25,NaN,4.2,200,3.2,6.6,10.5,0.00
2025-01-03T04:00,4.1,94,13,NaN,3.7,209,2.9,6.3,10.3,0.00
2025-01-03T05:00,3.9,93,5,NaN,4.0,207,2.5,6.0,10.0,0.00
2025-01-03T06:00,3.9,92,3,NaN,4.9,216,2.5,5.7,9.8,0.00
2025-01-03T07:00,3.9,91,1,NaN,4.9,216,2.4,5.5,9.5,0.00
2025-01-03T08:00,4.3,89,0,NaN,4.8,222,3.8,5.3,9.3,0.00
2025-01-03T09:00,8.1,78,0,NaN,4.8,228,10.1,6.5,9.1,0.00
2025-01-03T10:00,12.8,60,0,NaN,7.7,242,15.8,8.6,9.1,0.00
2025-01-03T11:00,15.3,49,0,NaN,11.9,245,18.1,10.9,9.2,0.00
2025-01-03T12:00,16.9,46,0,NaN,14.6,250,19.6,12.8,9.5,0.00
2025-01-03T13:00,18.1,40,0,NaN,13.6,253,20.5,14.2,9.9,0.00
2025-01-03T14:00,18.8,36,2,NaN,12.6,257,20.1,15.3,10.4,0.00
2025-01-03T15:00,19.3,34,0,NaN,10.1,276,19.1,15.9,10.8,0.00
2025-01-03T16:00,18.0,47,0,NaN,6.7,324,16.2,15.7,11.2,0.00
2025-01-03T17:00,15.0,65,0,NaN,4.5,29,11.5,14.7,11.5,0.00
2025-01-03T18:00,12.8,72,0,NaN,3.3,139,8.3,12.8,11.7,0.00
2025-01-03T19:00,9.8,71,0,NaN,4.7,184,7.3,11.4,11.7,0.00
2025-01-03T20:00,8.9,64,0,NaN,5.5,203,6.4,10.2,11.7,0.00
2025-01-03T21:00,9.0,64,0,NaN,6.6,202,6.5,9.5,11.6,0.00
2025-01-03T22:00,8.4,67,0,NaN,6.2,201,6.0,9.0,11.4,0.00
2025-01-03T23:00,7.4,71,9,NaN,5.6,207,5.3,8.5,11.3,0.00
2025-01-04T00:00,6.9,73,15,NaN,6.2,201,4.9,8.0,11.1,0.00
2025-01-04T01:00,6.3,76,57,NaN,5.3,208,4.3,7.6,10.9,0.00
2025-01-04T02:00,5.8,78,69,NaN,5.1,219,4.1,7.3,10.7,0.00
2025-01-04T03:00,5.5,77,27,NaN,5.6,220,3.5,6.8,10.5,0.00
2025-01-04T04:00,5.3,75,21,NaN,5.4,222,3.2,6.5,10.2,0.00
2025-01-04T05:00,5.3,70,20,NaN,6.1,220,3.1,6.2,10.0,0.00
2025-01-04T06:00,5.5,69,0,NaN,6.6,221,3.3,6.1,9.8,0.00
2025-01-04T07:00,5.4,68,2,NaN,6.4,223,3.0,5.9,9.6,0.00
2025-01-04T08:00,5.8,67,0,NaN,6.9,223,4.6,5.8,9.4,0.00
2025-01-04T09:00,9.3,64,0,NaN,6.9,231,10.5,6.7,9.2,0.00
2025-01-04T10:00,14.6,46,3,NaN,10.3,245,16.7,8.8,9.2,0.00
2025-01-04T11:00,17.0,36,6,NaN,13.9,249,18.9,11.2,9.4,0.00
2025-01-04T12:00,18.2,33,65,NaN,13.1,254,20.1,13.0,9.7,0.00
2025-01-04T13:00,19.3,30,100,NaN,11.3,263,20.5,14.4,10.1,0.00
2025-01-04T14:00,19.7,32,76,NaN,8.0,306,21.0,15.3,10.5,0.00
2025-01-04T15:00,18.4,41,84,NaN,12.3,357,18.1,16.0,11.0,0.00
2025-01-04T16:00,16.9,55,72,NaN,10.9,9,15.4,15.5,11.4,0.00
2025-01-04T17:00,14.9,69,69,NaN,5.4,48,11.6,14.5,11.7,0.00
2025-01-04T18:00,12.5,76,62,NaN,4.5,119,9.1,12.9,11.8,0.00
2025-01-04T19:00,10.1,87,26,NaN,5.5,148,7.9,11.6,11.9,0.00
2025-01-04T20:00,8.6,90,24,NaN,4.5,166,6.7,10.5,11.8,0.00
2025-01-04T21:00,7.0,91,35,NaN,4.8,193,5.5,9.6,11.7,0.00
2025-01-04T22:00,5.6,87,100,NaN,4.7,189,4.5,8.8,11.5,0.00
2025-01-04T23:00,5.0,79,90,NaN,4.5,194,3.9,8.0,11.3,0.00
2025-01-05T00:00,4.6,74,78,NaN,5.2,192,3.3,7.4,11.1,0.00
2025-01-05T01:00,4.7,71,66,NaN,5.2,192,3.3,7.0,10.8,0.00
2025-01-05T02:00,4.8,70,100,NaN,4.9,197,3.5,6.6,10.6,0.00
2025-01-05T03:00,5.3,65,98,NaN,5.5,203,3.6,6.6,10.3,0.00
2025-01-05T04:00,5.5,65,100,NaN,5.4,200,4.0,6.5,10.1,0.00
2025-01-05T05:00,5.7,67,100,NaN,4.8,207,3.9,6.4,9.9,0.00
2025-01-05T06:00,5.5,67,100,NaN,5.0,201,3.8,6.2,9.7,0.00
2025-01-05T07:00,5.6,63,100,NaN,4.8,207,4.0,6.2,9.5,0.00
2025-01-05T08:00,5.9,61,100,NaN,5.3,208,4.9,6.2,9.3,0.00
2025-01-05T09:00,8.3,64,100,NaN,4.9,216,8.8,6.9,9.2,0.00
2025-01-05T10:00,12.1,60,100,NaN,4.3,228,14.2,8.5,9.2,0.00
2025-01-05T11:00,14.8,44,100,NaN,5.9,232,17.7,10.5,9.3,0.00
2025-01-05T12:00,16.5,41,100,NaN,5.2,236,19.8,12.3,9.6,0.00
2025-01-05T13:00,17.6,37,100,NaN,7.0,235,18.2,13.7,9.9,0.00
2025-01-05T14:00,18.5,37,100,NaN,5.4,217,20.5,14.5,10.3,0.00
2025-01-05T15:00,19.1,35,88,NaN,4.0,260,17.6,15.2,10.7,0.00
2025-01-05T16:00,18.2,45,99,NaN,3.4,58,15.5,15.0,11.1,0.00
2025-01-05T17:00,15.2,58,99,NaN,4.7,99,11.2,14.0,11.4,0.00
2025-01-05T18:00,13.1,60,91,NaN,3.6,127,9.5,12.8,11.6,0.00
2025-01-05T19:00,10.6,69,3,NaN,3.2,153,7.0,11.4,11.6,0.00
2025-01-05T20:00,8.4,70,70,NaN,3.7,191,5.6,10.1,11.6,0.00
2025-01-05T21:00,8.3,56,93,NaN,5.2,196,6.1,9.3,11.5,0.00
2025-01-05T22:00,8.6,50,74,NaN,5.3,208,5.9,8.8,11.3,0.00
2025-01-05T23:00,8.1,53,51,NaN,5.2,214,5.6,8.5,11.2,0.00
2025-01-06T00:00,8.2,52,0,NaN,5.7,215,5.5,8.3,11.0,0.00
2025-01-06T01:00,7.8,55,81,NaN,5.4,222,5.6,8.0,10.8,0.00
2025-01-06T02:00,8.7,55,72,NaN,6.0,205,6.6,7.9,10.6,0.00
2025-01-06T03:00,9.9,55,72,NaN,6.6,221,7.6,8.2,10.4,0.00
2025-01-06T04:00,10.7,53,36,NaN,5.9,227,7.8,8.5,10.3,0.00
2025-01-06T05:00,10.9,52,100,NaN,6.6,229,7.7,8.6,10.3,0.00
2025-01-06T06:00,11.6,46,85,NaN,9.2,244,8.5,9.0,10.2,0.00
2025-01-06T07:00,12.8,38,100,NaN,11.6,248,10.6,9.3,10.2,0.00
2025-01-06T08:00,12.6,47,100,NaN,8.9,223,10.7,9.8,10.2,0.00
2025-01-06T09:00,13.0,59,100,NaN,16.3,227,11.8,10.0,10.2,0.00
2025-01-06T10:00,14.2,60,100,NaN,19.4,228,13.5,10.8,10.3,0.20
2025-01-06T11:00,16.3,55,97,NaN,22.8,239,16.6,11.8,10.5,0.00
2025-01-06T12:00,16.7,59,100,NaN,25.1,231,16.0,12.5,10.6,0.00
2025-01-06T13:00,17.2,57,100,NaN,23.1,233,16.6,13.3,10.9,0.00
2025-01-06T14:00,17.5,58,100,NaN,21.1,240,16.8,13.9,11.2,0.00
2025-01-06T15:00,16.9,64,100,NaN,22.6,241,15.8,14.3,11.5,0.00
2025-01-06T16:00,15.9,66,19,NaN,15.3,246,14.5,14.1,11.8,0.00
2025-01-06T17:00,14.5,75,40,NaN,9.5,241,12.2,13.5,12.0,0.00
2025-01-06T18:00,12.9,80,0,NaN,7.1,221,10.3,12.5,12.1,0.00
2025-01-06T19:00,12.3,82,1,NaN,8.7,232,9.8,11.7,12.1,0.00
2025-01-06T20:00,12.1,78,1,NaN,10.5,239,9.9,11.3,12.0,0.00
2025-01-06T21:00,11.7,79,0,NaN,10.3,216,9.6,10.9,12.0,0.00
2025-01-06T22:00,11.5,79,14,NaN,8.9,220,9.2,10.7,11.9,0.00
2025-01-06T23:00,11.3,79,12,NaN,8.4,223,9.3,10.5,11.8,0.00
2025-01-07T00:00,11.4,79,22,NaN,10.7,222,9.6,10.5,11.7,0.00
2025-01-07T01:00,11.1,81,17,NaN,10.2,219,9.1,10.4,11.6,0.00
2025-01-07T02:00,10.8,82,23,NaN,8.9,227,8.6,10.2,11.5,0.00
2025-01-07T03:00,10.1,83,22,NaN,8.0,207,7.9,9.9,11.4,0.00
2025-01-07T04:00,9.8,85,18,NaN,8.4,205,7.7,9.7,11.3,0.00
2025-01-07T05:00,9.4,87,27,NaN,8.2,209,7.4,9.3,11.2,0.00
2025-01-07T06:00,9.6,86,41,NaN,8.1,201,7.7,9.4,11.1,0.00
2025-01-07T07:00,9.5,87,42,NaN,7.8,202,7.5,9.2,11.0,0.00
2025-01-07T08:00,9.7,87,43,NaN,7.1,204,8.8,9.1,10.9,0.00
2025-01-07T09:00,12.2,81,57,NaN,6.1,208,13.3,10.1,10.9,0.00
2025-01-07T10:00,14.1,72,61,NaN,7.5,235,16.4,11.6,10.9,0.00
2025-01-07T11:00,15.5,67,62,NaN,9.0,241,18.3,13.1,11.1,0.00
2025-01-07T12:00,16.7,59,50,NaN,10.6,252,19.7,14.6,11.4,0.00
2025-01-07T13:00,17.4,50,59,NaN,12.5,258,19.6,15.3,11.7,0.00
2025-01-07T14:00,17.8,47,24,NaN,12.2,251,19.6,15.9,12.0,0.00
2025-01-07T15:00,18.0,45,27,NaN,9.9,260,18.3,16.1,12.4,0.00
2025-01-07T16:00,17.4,50,1,NaN,7.0,291,15.8,15.7,12.7,0.00
2025-01-07T17:00,14.9,71,0,NaN,6.5,6,11.9,14.8,12.9,0.00
2025-01-07T18:00,12.2,83,0,NaN,4.9,54,9.3,13.2,12.9,0.00
2025-01-07T19:00,10.8,89,33,NaN,4.7,113,8.4,12.0,12.9,0.00
2025-01-07T20:00,9.7,91,53,NaN,3.1,144,7.4,11.1,12.8,0.00
2025-01-07T21:00,8.9,88,20,NaN,2.2,171,6.1,10.3,12.6,0.00
2025-01-07T22:00,8.1,89,4,NaN,2.9,187,5.5,9.5,12.4,0.00
2025-01-07T23:00,7.3,88,4,NaN,3.6,186,5.2,8.9,12.1,0.00
2025-01-08T00:00,5.8,92,5,NaN,4.0,190,4.4,8.3,11.9,0.00
2025-01-08T01:00,5.3,93,12,NaN,3.6,186,3.9,7.9,11.6,0.00
2025-01-08T02:00,4.7,95,14,NaN,4.0,180,3.5,7.5,11.3,0.00
2025-01-08T03:00,4.2,93,16,NaN,4.0,190,2.9,7.0,11.0,0.00
2025-01-08T04:00,4.1,88,52,NaN,3.7,191,2.5,6.6,10.7,0.00
2025-01-08T05:00,4.0,87,13,NaN,4.0,185,2.3,6.3,10.5,0.00
2025-01-08T06:00,3.5,89,12,NaN,4.4,189,1.9,5.8,10.2,0.00
2025-01-08T07:00,3.3,88,19,NaN,4.3,185,1.7,5.5,9.9,0.00
2025-01-08T08:00,3.6,87,52,NaN,4.4,189,3.3,5.4,9.6,0.00
2025-01-08T09:00,7.3,81,91,NaN,3.5,204,10.0,6.4,9.5,0.00
2025-01-08T10:00,12.8,71,67,NaN,2.9,240,16.5,8.6,9.4,0.00
2025-01-08T11:00,16.4,52,5,NaN,8.0,243,19.5,11.1,9.5,0.00
2025-01-08T12:00,18.7,42,86,NaN,11.6,265,20.0,13.1,9.8,0.00
2025-01-08T13:00,19.5,41,100,NaN,11.1,283,20.4,14.3,10.2,0.00
2025-01-08T14:00,19.7,46,34,NaN,7.0,305,21.1,15.2,10.6,0.00
2025-01-08T15:00,19.0,55,0,NaN,5.5,349,19.2,15.6,11.0,0.00
2025-01-08T16:00,17.2,66,0,NaN,8.0,36,15.6,15.3,11.4,0.00
2025-01-08T17:00,14.5,75,0,NaN,6.9,28,11.4,14.3,11.7,0.00
2025-01-08T18:00,12.0,84,0,NaN,4.1,15,8.5,12.7,11.9,0.00
2025-01-08T19:00,10.8,86,0,NaN,3.7,101,7.1,11.4,11.9,0.00
2025-01-08T20:00,8.5,92,2,NaN,4.9,144,6.8,10.4,11.8,0.00
2025-01-08T21:00,7.7,91,2,NaN,2.9,150,5.6,9.7,11.7,0.00
2025-01-08T22:00,7.0,88,4,NaN,2.9,150,4.1,8.8,11.6,0.00
2025-01-08T23:00,6.6,83,1,NaN,3.3,167,3.7,8.1,11.3,0.00
2025-01-09T00:00,6.6,85,2,NaN,3.0,194,3.3,7.6,11.1,0.00
2025-01-09T01:00,7.0,80,0,NaN,2.6,164,2.7,7.0,10.8,0.00
2025-01-09T02:00,7.0,75,2,NaN,3.2,153,2.3,6.6,10.6,0.00
2025-01-09T03:00,6.4,76,21,NaN,3.9,158,2.5,6.2,10.3,0.00
2025-01-09T04:00,5.3,82,0,NaN,3.2,180,2.3,6.0,10.1,0.00
2025-01-09T05:00,5.1,83,0,NaN,3.6,186,2.4,5.8,9.8,0.00
2025-01-09T06:00,5.0,85,0,NaN,4.4,215,3.1,5.9,9.6,0.00
2025-01-09T07:00,5.8,83,7,NaN,4.1,218,3.5,5.9,9.4,0.00
2025-01-09T08:00,7.1,81,68,NaN,4.6,225,6.3,6.1,9.2,0.00
2025-01-09T09:00,10.9,72,95,NaN,4.9,234,11.3,7.6,9.2,0.00
2025-01-09T10:00,14.8,67,84,NaN,6.2,249,15.8,9.3,9.2,0.00
2025-01-09T11:00,18.0,52,75,NaN,10.3,241,18.9,11.3,9.4,0.00
2025-01-09T12:00,20.4,43,36,NaN,12.0,249,21.6,13.4,9.7,0.00
2025-01-09T13:00,21.5,38,44,NaN,11.4,259,22.7,14.8,10.1,0.00
2025-01-09T14:00,22.5,33,54,NaN,9.4,272,22.4,15.9,10.5,0.00
2025-01-09T15:00,23.3,29,52,NaN,7.0,291,21.8,17.0,11.0,0.00
2025-01-09T16:00,21.8,42,35,NaN,7.1,345,19.3,16.8,11.4,0.00
2025-01-09T17:00,18.6,52,15,NaN,6.3,13,14.6,16.1,11.8,0.00
2025-01-09T18:00,16.3,58,0,NaN,3.7,119,10.8,14.7,12.1,0.00
2025-01-09T19:00,12.8,69,5,NaN,5.9,166,10.5,13.4,12.2,0.00
2025-01-09T20:00,11.5,68,5,NaN,4.7,180,9.4,12.4,12.3,0.00
2025-01-09T21:00,11.6,54,0,NaN,5.9,191,9.1,11.7,12.2,0.00
2025-01-09T22:00,11.8,71,6,NaN,5.5,191,9.3,11.2,12.2,0.00
2025-01-09T23:00,11.5,83,12,NaN,4.9,197,9.0,10.9,12.1,0.00
2025-01-10T00:00,11.0,88,7,NaN,5.5,191,8.6,10.6,12.1,0.00
2025-01-10T01:00,10.6,91,5,NaN,5.4,200,8.6,10.5,12.0,0.00
2025-01-10T02:00,9.8,93,12,NaN,4.8,207,7.9,10.3,11.9,0.00
2025-01-10T03:00,9.3,94,24,NaN,5.5,203,7.6,10.0,11.8,0.00
2025-01-10T04:00,9.1,92,1,NaN,5.2,205,7.2,9.8,11.7,0.00
2025-01-10T05:00,8.5,90,0,NaN,4.7,212,6.5,9.5,11.6,0.00
2025-01-10T06:00,8.2,88,9,NaN,5.5,212,6.2,9.2,11.5,0.00
2025-01-10T07:00,7.9,88,51,NaN,5.1,219,5.8,8.9,11.4,0.00
2025-01-10T08:00,8.0,85,31,NaN,5.1,225,7.5,8.7,11.2,0.00
2025-01-10T09:00,12.4,69,1,NaN,6.1,230,14.5,9.6,11.1,0.00
2025-01-10T10:00,17.0,51,0,NaN,9.7,243,19.7,11.3,11.1,0.00
2025-01-10T11:00,19.1,45,0,NaN,11.1,241,22.1,13.2,11.3,0.00
2025-01-10T12:00,20.5,42,0,NaN,11.5,250,23.6,14.9,11.5,0.00
2025-01-10T13:00,21.9,39,0,NaN,9.7,255,24.8,16.4,11.8,0.00
2025-01-10T14:00,22.6,37,0,NaN,8.2,293,24.8,17.5,12.2,0.00
2025-01-10T15:00,21.4,43,0,NaN,12.2,346,21.3,18.1,12.5,0.00
2025-01-10T16:00,19.0,66,0,NaN,11.2,6,17.8,17.6,12.9,0.00
2025-01-10T17:00,16.8,75,0,NaN,5.4,48,13.6,16.6,13.1,0.00
2025-01-10T18:00,14.0,87,0,NaN,4.7,122,10.8,15.1,13.3,0.00
2025-01-10T19:00,12.1,92,7,NaN,4.8,167,10.1,13.8,13.4,0.00
2025-01-10T20:00,10.6,94,33,NaN,4.0,190,8.9,12.8,13.3,0.00
2025-01-10T21:00,9.7,94,9,NaN,5.2,192,8.2,12.1,13.3,0.00
2025-01-10T22:00,9.2,93,3,NaN,4.8,193,7.6,11.4,13.1,0.00
2025-01-10T23:00,8.7,92,0,NaN,4.6,198,7.0,10.8,13.0,0.00
2025-01-11T00:00,8.7,90,0,NaN,5.6,195,6.9,10.4,12.8,0.00
2025-01-11T01:00,8.5,89,0,NaN,4.8,207,6.5,10.0,12.6,0.00
2025-01-11T02:00,8.4,88,0,NaN,5.0,210,6.4,9.8,12.5,0.00
2025-01-11T03:00,9.0,83,0,NaN,6.4,207,6.9,9.6,12.3,0.00
2025-01-11T04:00,9.6,81,0,NaN,6.7,216,7.4,9.6,12.1,0.00
2025-01-11T05:00,9.8,81,0,NaN,7.1,221,7.7,9.6,11.9,0.00
2025-01-11T06:00,10.6,81,0,NaN,8.2,209,8.4,9.7,11.8,0.00
2025-01-11T07:00,10.6,83,0,NaN,7.8,214,8.3,9.8,11.7,0.00
2025-01-11T08:00,11.0,83,0,NaN,7.9,219,10.0,9.9,11.6,0.00
2025-01-11T09:00,14.5,75,73,NaN,8.1,225,16.1,10.8,11.6,0.00
2025-01-11T10:00,17.5,63,100,NaN,10.8,233,19.9,12.5,11.6,0.00
2025-01-11T11:00,18.6,60,100,NaN,12.2,242,19.5,14.0,11.8,0.00
2025-01-11T12:00,20.0,54,100,NaN,13.4,250,22.1,15.3,12.0,0.00
2025-01-11T13:00,20.9,52,73,NaN,16.4,261,22.9,16.4,12.3,0.00
2025-01-11T14:00,21.0,53,38,NaN,19.9,283,22.3,17.2,12.7,0.00
2025-01-11T15:00,20.2,59,10,NaN,18.9,279,20.2,17.4,13.0,0.00
2025-01-11T16:00,19.9,57,3,NaN,13.7,275,18.7,17.2,13.3,0.00
2025-01-11T17:00,18.0,64,0,NaN,6.0,253,14.6,16.5,13.6,0.00
2025-01-11T18:00,15.8,73,0,NaN,5.0,210,11.9,15.4,13.7,0.00
2025-01-11T19:00,13.8,83,15,NaN,6.8,180,11.3,14.1,13.8,0.00
2025-01-11T20:00,13.6,84,3,NaN,6.8,198,11.1,13.4,13.7,0.00
2025-01-11T21:00,13.5,83,0,NaN,5.7,198,10.7,12.9,13.7,0.00
2025-01-11T22:00,12.4,88,0,NaN,4.5,194,9.8,12.5,13.6,0.00
2025-01-11T23:00,10.9,93,8,NaN,4.6,198,9.2,12.0,13.4,0.00
2025-01-12T00:00,10.4,95,36,NaN,5.2,196,9.2,11.8,13.3,0.00
2025-01-12T01:00,10.0,96,48,NaN,5.6,207,8.9,11.4,13.1,0.00
2025-01-12T02:00,10.3,94,57,NaN,5.2,214,8.9,11.1,13.0,0.00
2025-01-12T03:00,10.8,92,44,NaN,5.6,195,9.3,11.1,12.9,0.00
2025-01-12T04:00,11.0,91,49,NaN,5.8,202,9.6,11.0,12.7,0.00
2025-01-12T05:00,11.0,90,39,NaN,6.1,208,9.5,11.0,12.6,0.00
2025-01-12T06:00,10.7,90,34,NaN,6.4,207,8.8,10.8,12.5,0.00
2025-01-12T07:00,10.5,91,55,NaN,5.2,205,8.9,10.7,12.4,0.00
2025-01-12T08:00,11.2,89,68,NaN,5.2,196,10.9,10.7,12.3,0.00
2025-01-12T09:00,14.0,84,71,NaN,6.1,208,15.5,11.5,12.2,0.00
2025-01-12T10:00,16.4,73,78,NaN,7.1,225,19.0,12.9,12.2,0.00
2025-01-12T11:00,17.7,70,92,NaN,6.5,267,20.6,14.4,12.4,0.00
2025-01-12T12:00,18.9,64,78,NaN,8.7,287,21.8,15.5,12.6,0.00
2025-01-12T13:00,19.8,60,80,NaN,10.8,272,23.1,16.7,12.9,0.00
2025-01-12T14:00,20.1,56,83,NaN,9.1,288,22.1,17.4,13.2,0.00
2025-01-12T15:00,20.0,58,88,NaN,12.2,341,20.1,17.7,13.5,0.00
2025-01-12T16:00,17.9,77,15,NaN,12.7,8,17.6,17.2,13.8,0.00
2025-01-12T17:00,16.4,85,33,NaN,6.2,21,13.8,16.4,14.0,0.00
2025-01-12T18:00,14.2,92,36,NaN,5.2,78,11.8,15.0,14.1,0.00
2025-01-12T19:00,13.2,95,78,NaN,5.6,63,12.0,14.1,14.1,0.00
2025-01-12T20:00,12.7,96,83,NaN,3.6,45,11.6,13.6,14.0,0.00
2025-01-12T21:00,12.6,94,82,NaN,1.0,315,11.3,13.2,14.0,0.00
2025-01-12T22:00,12.5,94,82,NaN,1.1,198,10.0,12.8,13.9,0.00
2025-01-12T23:00,11.0,98,77,NaN,3.6,233,9.6,12.2,13.8,0.00
2025-01-13T00:00,10.2,97,79,NaN,3.4,198,8.8,11.9,13.6,0.00
2025-01-13T01:00,8.8,96,58,NaN,3.4,198,7.5,11.3,13.5,0.00
2025-01-13T02:00,7.4,94,39,NaN,2.4,207,5.7,10.5,13.3,0.00
2025-01-13T03:00,6.2,86,31,NaN,1.5,194,4.4,9.6,13.0,0.00
2025-01-13T04:00,5.7,88,0,NaN,3.2,207,3.5,8.8,12.7,0.00
2025-01-13T05:00,5.4,84,0,NaN,3.3,186,3.1,8.2,12.4,0.00
2025-01-13T06:00,4.2,79,3,NaN,4.2,200,2.8,7.7,12.1,0.00
2025-01-13T07:00,3.5,82,0,NaN,3.9,202,2.2,7.2,11.8,0.00
2025-01-13T08:00,3.0,89,0,NaN,3.4,198,3.5,6.8,11.4,0.00
2025-01-13T09:00,6.2,85,0,NaN,2.5,225,10.1,7.7,11.2,0.00
2025-01-13T10:00,11.9,65,26,NaN,3.0,346,16.5,9.6,11.1,0.00
2025-01-13T11:00,14.9,54,27,NaN,10.5,49,18.6,12.0,11.1,0.00
2025-01-13T12:00,15.7,44,73,NaN,13.6,53,18.9,13.6,11.3,0.00
2025-01-13T13:00,15.8,45,0,NaN,15.5,48,19.3,14.3,11.6,0.00
2025-01-13T14:00,15.8,45,0,NaN,16.3,49,18.4,15.0,11.8,0.00
2025-01-13T15:00,15.3,47,0,NaN,17.3,45,16.4,15.2,12.1,0.00
2025-01-13T16:00,14.2,55,0,NaN,17.1,48,13.6,14.6,12.4,0.00
2025-01-13T17:00,12.6,63,1,NaN,14.1,58,10.6,13.7,12.5,0.00
2025-01-13T18:00,10.6,73,3,NaN,9.0,74,8.2,12.5,12.6,0.00
2025-01-13T19:00,9.1,81,0,NaN,5.4,110,6.6,11.3,12.6,0.00
2025-01-13T20:00,7.8,86,0,NaN,4.7,148,5.4,10.3,12.5,0.00
2025-01-13T21:00,6.3,87,2,NaN,4.0,170,4.2,9.3,12.3,0.00
2025-01-13T22:00,5.3,88,0,NaN,3.2,180,3.3,8.6,12.1,0.00
2025-01-13T23:00,3.9,90,3,NaN,2.5,180,2.3,7.8,11.8,0.00
2025-01-14T00:00,2.8,93,3,NaN,4.0,190,2.0,7.4,11.6,0.00
2025-01-14T01:00,2.0,92,4,NaN,4.1,195,1.2,6.7,11.3,0.00
2025-01-14T02:00,1.5,91,5,NaN,4.0,190,0.9,6.2,11.0,0.00
2025-01-14T03:00,1.2,89,5,NaN,3.9,202,0.5,5.7,10.6,0.00
2025-01-14T04:00,0.9,89,4,NaN,3.4,198,0.1,5.3,10.3,0.00
2025-01-14T05:00,0.3,90,4,NaN,3.3,193,-0.4,4.9,10.0,0.00
2025-01-14T06:00,-0.1,90,1,NaN,4.2,200,-0.7,4.7,9.7,0.00
2025-01-14T07:00,-0.6,94,17,NaN,3.9,202,-1.1,4.3,9.4,0.00
2025-01-14T08:00,-0.3,92,10,NaN,3.4,198,0.7,4.1,9.2,0.00
2025-01-14T09:00,3.5,79,0,NaN,3.1,225,7.8,5.0,9.0,0.00
2025-01-14T10:00,9.3,59,0,NaN,2.6,304,14.6,7.2,8.9,0.00
2025-01-14T11:00,12.5,50,0,NaN,8.5,28,18.2,9.7,9.0,0.00
2025-01-14T12:00,13.9,48,72,NaN,15.1,50,17.2,11.7,9.2,0.00
2025-01-14T13:00,13.4,58,11,NaN,17.6,43,16.4,12.6,9.6,0.00
2025-01-14T14:00,13.6,56,5,NaN,19.3,37,16.4,13.1,9.9,0.00
2025-01-14T15:00,13.0,60,23,NaN,22.9,44,14.2,13.2,10.2,0.00
2025-01-14T16:00,11.4,70,62,NaN,23.3,58,11.3,12.6,10.5,0.00
2025-01-14T17:00,10.2,76,71,NaN,19.7,62,9.0,11.7,10.7,0.00
2025-01-14T18:00,9.3,80,58,NaN,10.9,63,7.7,10.8,10.8,0.00
2025-01-14T19:00,8.2,87,44,NaN,6.1,62,6.0,10.0,10.9,0.00
2025-01-14T20:00,7.4,89,16,NaN,2.6,56,4.6,9.0,10.8,0.00
2025-01-14T21:00,7.2,87,0,NaN,0.8,243,2.4,8.1,10.7,0.00
2025-01-14T22:00,6.3,91,0,NaN,3.3,221,1.7,7.1,10.5,0.00
2025-01-14T23:00,3.7,97,38,NaN,4.6,198,2.7,6.6,10.3,0.00
2025-01-15T00:00,2.7,98,53,NaN,4.9,197,2.0,6.4,10.1,0.00
2025-01-15T01:00,2.1,99,81,NaN,4.5,194,1.7,5.9,9.9,0.00
2025-01-15T02:00,2.2,98,80,NaN,3.9,202,2.0,5.7,9.7,0.00
2025-01-15T03:00,2.6,99,90,NaN,4.8,193,2.6,5.7,9.5,0.00
2025-01-15T04:00,2.9,98,84,NaN,5.2,205,2.9,5.6,9.3,0.10
2025-01-15T05:00,3.2,97,88,NaN,5.5,203,3.0,5.6,9.1,0.00
2025-01-15T06:00,3.6,96,88,NaN,5.7,198,3.0,5.7,9.0,0.00
2025-01-15T07:00,3.7,95,72,NaN,5.4,200,2.8,5.7,8.8,0.00
2025-01-15T08:00,4.0,94,64,NaN,5.0,201,4.0,5.6,8.7,0.00
2025-01-15T09:00,7.2,87,42,NaN,5.6,207,10.1,6.5,8.6,0.00
2025-01-15T10:00,10.1,75,35,NaN,8.1,225,14.5,8.3,8.7,0.00
2025-01-15T11:00,12.3,67,24,NaN,8.5,242,17.1,10.2,8.8,0.00
2025-01-15T12:00,13.7,61,90,NaN,4.1,285,17.9,11.9,9.2,0.00
2025-01-15T13:00,14.3,57,70,NaN,4.2,329,17.3,12.8,9.5,0.00
2025-01-15T14:00,14.5,59,95,NaN,9.3,344,17.4,13.4,9.9,0.00
2025-01-15T15:00,13.5,69,45,NaN,11.2,345,14.6,13.4,10.3,0.00
2025-01-15T16:00,13.0,72,28,NaN,10.5,352,13.0,13.1,10.6,0.00
2025-01-15T17:00,11.8,79,0,NaN,5.9,14,9.6,12.3,10.8,0.00
2025-01-15T18:00,10.0,84,1,NaN,1.8,79,6.1,10.9,10.9,0.00
2025-01-15T19:00,8.4,90,32,NaN,4.0,185,5.5,9.6,10.9,0.00
2025-01-15T20:00,6.3,97,44,NaN,4.0,190,4.9,8.8,10.8,0.00
2025-01-15T21:00,5.1,97,47,NaN,4.4,189,3.9,8.0,10.7,0.00
2025-01-15T22:00,4.1,98,51,NaN,4.5,194,3.2,7.4,10.5,0.00
2025-01-15T23:00,3.2,99,56,NaN,4.2,200,2.4,6.9,10.3,0.00
2025-01-16T00:00,3.0,96,40,NaN,4.7,203,1.9,6.4,10.1,0.00
2025-01-16T01:00,3.0,93,73,NaN,4.5,209,1.7,5.9,9.9,0.00
2025-01-16T02:00,3.2,92,100,NaN,4.5,209,2.0,5.7,9.7,0.00
2025-01-16T03:00,4.0,90,100,NaN,4.8,207,3.0,5.7,9.5,0.00
2025-01-16T04:00,4.4,89,95,NaN,5.3,208,3.1,5.7,9.3,0.00
2025-01-16T05:00,4.5,88,90,NaN,5.6,220,2.9,5.8,9.1,0.00
2025-01-16T06:00,4.3,88,56,NaN,6.4,218,2.3,5.6,8.9,0.00
2025-01-16T07:00,4.1,88,13,NaN,6.4,218,2.1,5.4,8.8,0.00
2025-01-16T08:00,4.3,85,60,NaN,6.4,223,3.7,5.3,8.6,0.00
2025-01-16T09:00,8.0,74,29,NaN,6.9,231,10.1,6.3,8.5,0.00
2025-01-16T10:00,11.2,58,72,NaN,12.0,237,13.8,8.1,8.5,0.00
2025-01-16T11:00,13.1,52,62,NaN,14.2,240,16.1,9.8,8.7,0.00
2025-01-16T12:00,14.7,45,89,NaN,14.2,240,16.9,11.5,8.9,0.00
2025-01-16T13:00,15.7,38,66,NaN,11.9,245,18.3,12.4,9.3,0.00
2025-01-16T14:00,16.6,33,92,NaN,9.5,261,19.2,13.5,9.6,0.00
2025-01-16T15:00,16.3,35,95,NaN,10.1,343,15.9,13.8,10.0,0.00
2025-01-16T16:00,14.8,46,100,NaN,9.7,15,13.4,13.4,10.3,0.00
2025-01-16T17:00,13.1,57,100,NaN,3.8,49,10.0,12.6,10.6,0.00
2025-01-16T18:00,11.2,60,98,NaN,3.3,167,7.4,11.3,10.8,0.00
2025-01-16T19:00,8.6,68,100,NaN,4.3,175,6.6,10.3,10.8,0.00
2025-01-16T20:00,7.6,67,100,NaN,3.6,180,5.8,9.5,10.8,0.00
2025-01-16T21:00,7.4,56,100,NaN,5.2,192,5.8,8.8,10.7,0.00
2025-01-16T22:00,7.3,60,100,NaN,3.8,197,5.7,8.5,10.6,0.00
2025-01-16T23:00,7.1,65,100,NaN,3.3,41,5.4,8.2,10.5,0.00
2025-01-17T00:00,8.2,63,100,NaN,1.5,194,5.8,8.1,10.4,0.00
2025-01-17T01:00,8.1,69,100,NaN,2.3,321,6.5,8.0,10.2,0.00
2025-01-17T02:00,7.1,83,100,NaN,5.1,266,6.8,8.2,10.1,0.00
2025-01-17T03:00,7.6,93,100,NaN,2.9,187,7.6,8.4,10.1,0.00
2025-01-17T04:00,7.5,95,100,NaN,4.5,194,7.2,8.5,10.0,0.00
2025-01-17T05:00,7.5,96,100,NaN,1.3,236,7.1,8.4,10.0,0.00
2025-01-17T06:00,7.4,96,100,NaN,3.4,198,7.4,8.3,9.9,0.00
2025-01-17T07:00,7.5,95,100,NaN,4.8,222,7.3,8.3,9.9,0.00
2025-01-17T08:00,7.8,95,100,NaN,3.8,229,7.8,8.3,9.8,0.00
2025-01-17T09:00,8.8,95,100,NaN,3.7,259,10.0,8.7,9.8,0.00
2025-01-17T10:00,10.1,90,89,NaN,3.9,304,12.1,9.4,9.8,0.00
2025-01-17T11:00,11.2,84,92,NaN,7.2,360,14.5,10.6,9.9,0.00
2025-01-17T12:00,11.5,81,89,NaN,8.2,15,14.7,11.5,10.1,0.00
2025-01-17T13:00,11.9,78,80,NaN,7.6,19,15.4,12.4,10.3,0.00
2025-01-17T14:00,12.1,77,82,NaN,8.1,21,14.6,13.0,10.6,0.00
2025-01-17T15:00,12.4,74,55,NaN,9.5,11,13.4,13.0,10.9,0.00
2025-01-17T16:00,12.0,75,46,NaN,10.4,20,11.9,12.7,11.1,0.00
2025-01-17T17:00,11.1,81,49,NaN,9.2,21,9.9,12.0,11.2,0.00
2025-01-17T18:00,9.9,91,100,NaN,7.7,28,9.1,11.1,11.3,0.00
2025-01-17T19:00,9.5,93,79,NaN,2.8,40,8.1,10.5,11.3,0.00
2025-01-17T20:00,9.1,93,57,NaN,1.8,180,6.5,9.7,11.2,0.00
2025-01-17T21:00,7.7,97,87,NaN,3.4,198,6.5,9.0,11.1,0.00
2025-01-17T22:00,6.8,100,100,NaN,3.3,193,6.2,8.7,10.9,0.00
2025-01-17T23:00,6.0,100,98,NaN,4.0,207,5.7,8.2,10.7,0.00
2025-01-18T00:00,5.5,99,65,NaN,4.9,197,5.1,7.9,10.6,0.00
2025-01-18T01:00,5.2,99,81,NaN,5.0,201,4.8,7.5,10.4,0.00
2025-01-18T02:00,5.4,98,92,NaN,5.4,200,5.3,7.2,10.2,0.00
2025-01-18T03:00,6.1,96,100,NaN,6.1,208,5.8,7.3,10.0,0.00
2025-01-18T04:00,6.4,93,100,NaN,6.4,207,6.2,7.4,9.9,0.00
2025-01-18T05:00,6.8,91,100,NaN,6.0,213,6.4,7.5,9.7,0.00
2025-01-18T06:00,7.1,93,100,NaN,6.3,211,6.3,7.6,9.6,0.00
2025-01-18T07:00,7.3,92,100,NaN,5.4,217,6.6,7.6,9.5,0.00
2025-01-18T08:00,7.8,90,100,NaN,6.9,223,7.6,7.7,9.5,0.00
2025-01-18T09:00,8.9,91,100,NaN,6.9,231,8.9,8.3,9.4,0.10
2025-01-18T10:00,10.0,87,100,NaN,9.5,233,10.5,9.0,9.4,0.50
2025-01-18T11:00,10.4,86,100,NaN,11.4,235,10.6,9.6,9.5,0.40
2025-01-18T12:00,11.3,85,98,NaN,11.8,239,12.7,10.2,9.6,0.50
2025-01-18T13:00,11.6,82,94,NaN,10.3,245,12.0,10.6,9.8,0.10
2025-01-18T14:00,12.1,78,93,NaN,8.0,243,13.2,11.1,9.9,0.00
2025-01-18T15:00,12.6,77,100,NaN,5.2,254,13.4,11.7,10.1,0.00
2025-01-18T16:00,12.6,76,100,NaN,4.0,275,12.0,11.9,10.3,0.00
2025-01-18T17:00,12.0,82,72,NaN,0.7,270,10.5,11.5,10.5,0.00
2025-01-18T18:00,11.0,83,94,NaN,1.0,135,8.2,10.6,10.6,0.00
2025-01-18T19:00,10.0,86,61,NaN,2.9,173,7.6,9.9,10.6,0.00
2025-01-18T20:00,8.2,93,65,NaN,3.6,180,7.1,9.3,10.6,0.00
2025-01-18T21:00,7.3,94,40,NaN,3.6,180,5.9,8.7,10.5,0.00
2025-01-18T22:00,6.3,95,52,NaN,4.0,180,5.3,8.2,10.3,0.00
2025-01-18T23:00,5.5,95,46,NaN,3.8,197,4.6,7.6,10.2,0.00
2025-01-19T00:00,5.2,95,55,NaN,4.0,190,4.3,7.2,10.0,0.00
2025-01-19T01:00,4.8,94,33,NaN,3.3,193,3.7,6.7,9.8,0.00
2025-01-19T02:00,4.4,94,35,NaN,3.6,186,3.3,6.3,9.6,0.00
2025-01-19T03:00,3.9,96,39,NaN,3.7,191,2.8,5.9,9.4,0.00
2025-01-19T04:00,3.6,96,35,NaN,3.1,201,2.4,5.5,9.2,0.00
2025-01-19T05:00,3.1,97,45,NaN,3.3,193,2.1,5.2,8.9,0.00
2025-01-19T06:00,2.7,98,51,NaN,3.8,197,2.0,4.9,8.7,0.00
2025-01-19T07:00,2.6,98,52,NaN,3.8,197,1.8,4.7,8.5,0.00
2025-01-19T08:00,2.8,97,45,NaN,3.5,204,3.0,4.5,8.3,0.00
2025-01-19T09:00,6.2,93,22,NaN,4.1,225,8.6,5.4,8.1,0.00
2025-01-19T10:00,10.5,81,0,NaN,6.3,246,13.4,7.4,8.1,0.00
2025-01-19T11:00,12.7,73,0,NaN,8.4,245,15.4,9.5,8.2,0.00
2025-01-19T12:00,14.2,70,0,NaN,8.0,252,17.1,11.2,8.5,0.00
2025-01-19T13:00,15.2,67,0,NaN,7.0,258,18.0,12.5,8.9,0.00
2025-01-19T14:00,15.9,62,0,NaN,5.3,242,18.1,13.5,9.3,0.00
2025-01-19T15:00,16.6,59,0,NaN,3.3,276,17.7,14.2,9.8,0.00
2025-01-19T16:00,16.2,59,78,NaN,1.9,22,15.4,14.2,10.2,0.00
2025-01-19T17:00,14.0,80,99,NaN,5.6,45,11.5,13.4,10.5,0.00
2025-01-19T18:00,11.5,87,100,NaN,3.3,49,8.8,12.0,10.7,0.00
2025-01-19T19:00,11.1,87,100,NaN,0.7,180,8.3,10.8,10.8,0.00
2025-01-19T20:00,10.2,91,100,NaN,2.7,203,8.2,10.1,10.8,0.00
2025-01-19T21:00,9.1,92,83,NaN,3.3,193,7.9,9.8,10.8,0.00
2025-01-19T22:00,8.3,90,71,NaN,3.4,198,6.8,9.3,10.7,0.00
2025-01-19T23:00,7.4,88,42,NaN,3.1,201,5.7,8.7,10.6,0.00
2025-01-20T00:00,6.3,87,23,NaN,3.9,202,4.7,8.0,10.4,0.00
2025-01-20T01:00,5.8,84,37,NaN,4.0,190,4.2,7.4,10.2,0.00
2025-01-20T02:00,5.5,85,34,NaN,3.3,193,3.8,7.0,10.0,0.00
2025-01-20T03:00,4.8,90,35,NaN,4.2,211,3.4,6.5,9.8,0.00
2025-01-20T04:00,4.7,91,4,NaN,3.9,214,3.1,6.2,9.6,0.00
2025-01-20T05:00,4.4,91,25,NaN,3.4,212,2.6,5.8,9.4,0.00
2025-01-20T06:00,4.0,92,1,NaN,4.3,222,2.5,5.5,9.2,0.00
2025-01-20T07:00,3.9,91,1,NaN,3.6,217,2.3,5.3,8.9,0.00
2025-01-20T08:00,4.5,88,3,NaN,3.4,212,3.9,5.1,8.7,0.00
2025-01-20T09:00,7.9,88,7,NaN,3.8,221,10.2,6.2,8.6,0.00
2025-01-20T10:00,13.5,77,16,NaN,4.5,241,16.6,8.4,8.6,0.00
2025-01-20T11:00,16.0,62,75,NaN,8.5,242,18.0,10.8,8.8,0.00
2025-01-20T12:00,17.7,54,17,NaN,10.7,258,19.1,12.6,9.1,0.00
2025-01-20T13:00,18.4,51,77,NaN,9.2,259,19.5,13.8,9.5,0.00
2025-01-20T14:00,19.1,48,43,NaN,6.0,245,20.3,14.7,10.0,0.00
2025-01-20T15:00,19.8,43,81,NaN,3.9,292,19.2,15.6,10.4,0.00
2025-01-20T16:00,19.1,52,72,NaN,3.4,32,17.0,15.5,10.9,0.00
2025-01-20T17:00,16.4,74,100,NaN,5.4,42,13.9,14.7,11.2,0.00
2025-01-20T18:00,14.3,84,100,NaN,3.4,342,11.8,13.6,11.5,0.00
2025-01-20T19:00,13.3,89,97,NaN,3.3,6,11.8,12.8,11.6,0.00
2025-01-20T20:00,13.2,87,100,NaN,3.1,69,11.5,12.3,11.7,0.00
2025-01-20T21:00,12.7,83,100,NaN,2.5,82,9.8,11.6,11.7,0.00
2025-01-20T22:00,12.6,79,95,NaN,0.7,270,8.5,11.0,11.7,0.00
2025-01-20T23:00,11.8,83,24,NaN,2.0,225,6.8,10.2,11.6,0.00
2025-01-21T00:00,9.8,96,73,NaN,2.8,220,6.2,9.4,11.5,0.00
2025-01-21T01:00,8.9,97,100,NaN,2.2,180,6.0,8.9,11.3,0.00
2025-01-21T02:00,9.0,90,100,NaN,2.3,162,6.1,8.5,11.1,0.00
2025-01-21T03:00,8.7,85,100,NaN,2.7,157,5.7,8.1,10.9,0.00
2025-01-21T04:00,8.7,80,100,NaN,2.1,149,5.3,7.9,10.7,0.00
2025-01-21T05:00,8.7,80,100,NaN,2.1,149,5.1,7.7,10.5,0.00
2025-01-21T06:00,7.8,88,100,NaN,3.3,167,5.1,7.4,10.3,0.00
2025-01-21T07:00,6.9,89,100,NaN,2.9,173,5.1,7.3,10.1,0.00
2025-01-21T08:00,7.0,88,100,NaN,3.2,180,6.6,7.3,10.0,0.00
2025-01-21T09:00,9.1,88,100,NaN,2.4,207,11.2,8.0,9.8,0.00
2025-01-21T10:00,13.8,82,100,NaN,2.1,239,16.6,9.8,9.8,0.00
2025-01-21T11:00,17.9,63,100,NaN,4.1,232,20.1,12.1,10.0,0.00
2025-01-21T12:00,20.4,52,100,NaN,6.8,238,22.1,14.3,10.3,0.00
2025-01-21T13:00,21.5,49,100,NaN,5.9,232,22.6,15.7,10.7,0.00
2025-01-21T14:00,22.3,48,100,NaN,4.8,207,23.0,16.7,11.1,0.00
2025-01-21T15:00,23.4,43,100,NaN,4.3,204,22.5,17.8,11.6,0.00
2025-01-21T16:00,22.6,53,100,NaN,3.0,194,19.9,17.7,12.1,0.00
2025-01-21T17:00,21.2,57,100,NaN,1.8,191,16.1,17.0,12.5,0.00
2025-01-21T18:00,19.2,55,100,NaN,2.8,40,12.2,15.6,12.7,0.00
2025-01-21T19:00,17.0,60,100,NaN,1.5,135,10.5,14.0,12.9,0.00
2025-01-21T20:00,13.9,71,100,NaN,3.6,174,9.9,12.8,12.9,0.00
2025-01-21T21:00,10.3,87,100,NaN,4.4,189,8.7,11.8,12.8,0.00
2025-01-21T22:00,9.2,87,100,NaN,4.0,207,7.7,11.1,12.7,0.00
2025-01-21T23:00,8.9,85,7,NaN,2.9,187,6.6,10.4,12.5,0.00
2025-01-22T00:00,8.7,86,100,NaN,3.2,180,6.4,9.8,12.3,0.00
2025-01-22T01:00,8.5,84,100,NaN,3.3,186,6.1,9.3,12.1,0.00
2025-01-22T02:00,7.7,85,100,NaN,4.0,185,5.9,8.9,11.9,0.00
2025-01-22T03:00,7.2,82,100,NaN,4.0,180,5.6,8.6,11.7,0.00
2025-01-22T04:00,6.6,83,100,NaN,4.0,180,5.2,8.3,11.4,0.00
2025-01-22T05:00,6.1,85,100,NaN,4.5,194,5.0,8.0,11.2,0.00
2025-01-22T06:00,6.5,83,100,NaN,5.6,207,5.3,7.9,11.0,0.00
2025-01-22T07:00,6.9,81,100,NaN,5.2,214,5.4,7.8,10.8,0.00
2025-01-22T08:00,7.6,80,100,NaN,5.7,215,7.0,7.8,10.6,0.00
2025-01-22T09:00,10.8,75,100,NaN,5.4,222,11.9,8.6,10.5,0.00
2025-01-22T10:00,15.5,66,100,NaN,5.3,242,17.2,10.3,10.4,0.00
2025-01-22T11:00,18.4,49,100,NaN,8.4,239,19.0,12.3,10.6,0.00
2025-01-22T12:00,20.6,40,100,NaN,10.2,238,20.9,14.2,10.8,0.00
2025-01-22T13:00,21.7,39,100,NaN,11.0,247,21.9,15.4,11.2,0.00
2025-01-22T14:00,22.5,35,100,NaN,10.0,249,21.8,16.3,11.5,0.00
2025-01-22T15:00,22.9,36,100,NaN,5.4,262,21.2,16.9,11.9,0.00
2025-01-22T16:00,22.3,48,100,NaN,1.0,45,20.1,17.1,12.3,0.00
2025-01-22T17:00,19.9,58,100,NaN,3.3,96,15.5,16.6,12.6,0.00
2025-01-22T18:00,17.6,58,100,NaN,2.9,120,12.3,15.3,12.9,0.00
2025-01-22T19:00,14.7,61,100,NaN,3.8,131,11.4,14.1,13.0,0.00
2025-01-22T20:00,12.6,62,100,NaN,3.6,143,10.3,13.1,13.0,0.00
2025-01-22T21:00,10.8,67,100,NaN,3.6,174,8.8,12.1,12.9,0.00
2025-01-22T22:00,9.8,73,98,NaN,3.8,197,7.9,11.3,12.8,0.00
2025-01-22T23:00,9.0,74,100,NaN,4.0,190,7.3,10.6,12.7,0.00
2025-01-23T00:00,8.9,75,100,NaN,5.8,202,7.5,10.4,12.5,0.00
2025-01-23T01:00,8.3,73,2,NaN,5.4,200,6.5,9.8,12.3,0.00
2025-01-23T02:00,7.9,73,0,NaN,4.5,194,5.9,9.4,12.1,0.00
2025-01-23T03:00,7.2,75,0,NaN,3.4,198,5.0,8.9,11.9,0.00
2025-01-23T04:00,6.9,76,14,NaN,4.0,185,4.6,8.4,11.7,0.00
2025-01-23T05:00,6.3,78,88,NaN,5.2,192,4.7,8.0,11.4,0.00
2025-01-23T06:00,6.1,79,98,NaN,5.4,200,4.6,7.7,11.2,0.00
2025-01-23T07:00,6.0,80,58,NaN,5.0,210,4.3,7.4,10.9,0.00
2025-01-23T08:00,6.5,80,11,NaN,5.0,210,6.2,7.4,10.7,0.00
2025-01-23T09:00,11.1,73,31,NaN,5.4,217,12.9,8.6,10.6,0.00
2025-01-23T10:00,16.5,54,0,NaN,7.9,240,18.8,10.5,10.5,0.00
2025-01-23T11:00,19.1,48,0,NaN,9.9,237,21.0,12.8,10.7,0.00
2025-01-23T12:00,21.0,43,0,NaN,9.6,250,22.9,14.7,11.0,0.00
2025-01-23T13:00,22.5,38,0,NaN,7.2,252,24.5,16.2,11.3,0.00
2025-01-23T14:00,23.3,36,0,NaN,4.0,280,24.7,17.5,11.8,0.00
2025-01-23T15:00,23.1,37,0,NaN,8.3,360,22.0,18.1,12.2,0.00
2025-01-23T16:00,19.9,58,0,NaN,12.5,18,18.0,17.7,12.7,0.00
2025-01-23T17:00,17.5,69,0,NaN,5.6,50,14.5,16.7,13.0,0.00
2025-01-23T18:00,15.1,73,0,NaN,3.3,49,10.8,15.2,13.2,0.00
2025-01-23T19:00,14.4,74,0,NaN,1.1,18,8.4,13.5,13.3,0.00
2025-01-23T20:00,12.8,80,0,NaN,3.8,287,7.6,12.0,13.2,0.00
2025-01-23T21:00,11.4,84,0,NaN,2.8,220,6.9,11.0,13.0,0.00
2025-01-23T22:00,11.2,80,0,NaN,2.9,180,6.1,10.2,12.8,0.00
2025-01-23T23:00,10.9,79,0,NaN,1.8,169,5.3,9.6,12.6,0.00
2025-01-24T00:00,9.1,83,0,NaN,4.0,170,5.3,8.8,12.3,0.00
2025-01-24T01:00,7.4,89,0,NaN,4.3,180,5.7,8.7,12.1,0.00
2025-01-24T02:00,6.3,92,3,NaN,4.7,189,5.0,8.5,11.8,0.00
2025-01-24T03:00,5.3,92,2,NaN,4.3,204,4.1,8.0,11.6,0.00
2025-01-24T04:00,5.2,90,1,NaN,4.2,200,3.7,7.7,11.4,0.00
2025-01-24T05:00,5.2,87,0,NaN,4.0,190,3.5,7.3,11.1,0.00
2025-01-24T06:00,4.9,87,0,NaN,4.5,194,3.3,6.9,10.9,0.00
2025-01-24T07:00,4.7,87,0,NaN,4.5,194,3.1,6.7,10.6,0.00
2025-01-24T08:00,5.2,87,0,NaN,4.5,194,5.2,6.6,10.4,0.00
2025-01-24T09:00,9.4,80,0,NaN,4.1,218,12.3,7.7,10.2,0.00
2025-01-24T10:00,14.8,59,0,NaN,4.9,234,18.6,10.0,10.2,0.00
2025-01-24T11:00,17.9,51,0,NaN,5.1,231,21.5,12.3,10.3,0.00
2025-01-24T12:00,19.8,47,0,NaN,2.1,301,22.6,14.2,10.6,0.00
2025-01-24T13:00,21.1,46,0,NaN,5.1,356,24.0,15.9,11.0,0.00
2025-01-24T14:00,20.9,51,0,NaN,9.1,18,22.6,17.0,11.4,0.00
2025-01-24T15:00,19.8,48,0,NaN,10.9,27,19.9,17.2,11.9,0.00
2025-01-24T16:00,18.4,52,0,NaN,10.1,35,17.1,16.7,12.3,0.00
2025-01-24T17:00,16.4,66,0,NaN,5.3,28,13.5,15.8,12.6,0.00
2025-01-24T18:00,13.6,79,0,NaN,3.1,21,9.5,14.1,12.7,0.00
2025-01-24T19:00,12.6,83,0,NaN,1.8,11,7.6,12.5,12.8,0.00
2025-01-24T20:00,11.2,87,0,NaN,3.7,259,6.5,11.2,12.7,0.00
2025-01-24T21:00,9.7,88,0,NaN,2.4,207,5.9,10.3,12.5,0.00
2025-01-24T22:00,9.0,89,0,NaN,2.6,196,5.1,9.5,12.3,0.00
2025-01-24T23:00,7.7,93,0,NaN,3.6,186,5.0,8.9,12.1,0.00
2025-01-25T00:00,7.3,85,5,NaN,3.6,180,5.2,8.6,11.9,0.00
2025-01-25T01:00,7.3,80,1,NaN,3.3,174,4.5,8.3,11.6,0.00
2025-01-25T02:00,7.0,74,0,NaN,3.2,153,3.8,7.9,11.4,0.00
2025-01-25T03:00,5.6,76,0,NaN,3.6,174,3.7,7.5,11.1,0.00
2025-01-25T04:00,4.9,77,0,NaN,3.6,186,3.2,7.2,10.9,0.00
2025-01-25T05:00,5.1,77,0,NaN,4.0,185,3.0,6.8,10.6,0.00
2025-01-25T06:00,4.8,77,0,NaN,4.7,203,3.1,6.6,10.4,0.00
2025-01-25T07:00,4.8,78,0,NaN,3.9,214,2.7,6.4,10.2,0.00
2025-01-25T08:00,5.9,75,32,NaN,4.1,195,5.2,6.3,9.9,0.00
2025-01-25T09:00,10.0,71,0,NaN,2.3,252,12.8,7.6,9.8,0.00
2025-01-25T10:00,15.5,61,1,NaN,6.3,13,19.2,9.9,9.8,0.00
2025-01-25T11:00,17.4,63,3,NaN,5.8,22,21.5,12.3,10.0,0.00
2025-01-25T12:00,19.3,52,0,NaN,1.5,45,22.5,14.4,10.3,0.00
2025-01-25T13:00,20.4,43,15,NaN,1.1,18,22.9,15.6,10.7,0.00
2025-01-25T14:00,20.8,45,0,NaN,7.6,8,23.5,16.6,11.1,0.00
2025-01-25T15:00,18.4,66,5,NaN,15.5,4,19.2,16.8,11.6,0.00
2025-01-25T16:00,17.4,73,56,NaN,14.3,348,17.0,16.4,11.9,0.00
2025-01-25T17:00,16.2,80,95,NaN,5.4,356,14.2,15.5,12.2,0.00
2025-01-25T18:00,14.5,85,81,NaN,5.3,152,11.3,14.4,12.4,0.00
2025-01-25T19:00,12.9,92,100,NaN,7.6,175,11.1,13.3,12.5,0.00
2025-01-25T20:00,12.4,89,63,NaN,6.2,187,10.2,12.6,12.6,0.00
2025-01-25T21:00,11.7,87,16,NaN,4.8,207,9.2,12.0,12.5,0.00
2025-01-25T22:00,10.0,93,52,NaN,3.6,217,8.0,11.3,12.5,0.00
2025-01-25T23:00,9.2,92,37,NaN,1.8,191,6.9,10.6,12.4,0.00
2025-01-26T00:00,9.3,88,100,NaN,3.3,167,8.2,10.1,12.2,0.00
2025-01-26T01:00,9.1,89,65,NaN,3.8,163,7.3,9.9,12.1,0.00
2025-01-26T02:00,8.2,93,31,NaN,3.9,202,6.6,9.6,11.9,0.00
2025-01-26T03:00,6.9,94,10,NaN,4.5,194,5.7,9.0,11.7,0.00
2025-01-26T04:00,6.4,95,30,NaN,4.7,184,5.5,8.7,11.5,0.00
2025-01-26T05:00,5.8,96,41,NaN,3.6,217,4.9,8.4,11.3,0.00
2025-01-26T06:00,5.7,96,43,NaN,4.3,228,4.6,8.1,11.2,0.00
2025-01-26T07:00,6.0,93,9,NaN,4.7,203,4.6,7.8,11.0,0.00
2025-01-26T08:00,6.8,90,2,NaN,4.1,195,6.8,7.7,10.8,0.00
2025-01-26T09:00,10.5,84,3,NaN,2.4,207,13.7,8.8,10.6,0.00
2025-01-26T10:00,15.4,67,4,NaN,2.4,243,19.3,10.9,10.6,0.00
2025-01-26T11:00,18.5,58,100,NaN,2.7,247,21.7,13.2,10.8,0.00
2025-01-26T12:00,19.8,53,100,NaN,1.9,248,22.3,14.9,11.1,0.00
2025-01-26T13:00,21.3,51,8,NaN,2.5,270,24.6,16.3,11.5,0.00
2025-01-26T14:00,24.2,34,100,NaN,8.7,253,24.8,17.7,11.9,0.00
2025-01-26T15:00,23.3,43,100,NaN,10.1,305,21.7,18.1,12.4,0.00
2025-01-26T16:00,18.9,67,100,NaN,14.0,23,17.5,17.5,12.8,0.00
2025-01-26T17:00,17.0,69,100,NaN,7.9,30,14.9,16.4,13.1,0.00
2025-01-26T18:00,14.6,82,6,NaN,6.2,350,11.9,15.1,13.3,0.00
2025-01-26T19:00,13.2,89,24,NaN,2.2,360,10.2,13.7,13.4,0.00
2025-01-26T20:00,12.1,92,100,NaN,4.5,151,10.7,12.7,13.3,0.00
2025-01-26T21:00,11.2,95,100,NaN,2.2,171,9.2,12.1,13.2,0.00
2025-01-26T22:00,11.0,95,38,NaN,1.8,180,7.6,11.4,13.1,0.00
2025-01-26T23:00,11.1,87,8,NaN,1.3,146,6.6,10.6,12.9,0.00
2025-01-27T00:00,10.0,90,32,NaN,2.1,211,6.0,10.0,12.7,0.00
2025-01-27T01:00,9.5,87,40,NaN,1.4,180,5.6,9.5,12.5,0.00
2025-01-27T02:00,9.2,80,20,NaN,3.4,162,5.7,9.0,12.2,0.00
2025-01-27T03:00,8.9,77,25,NaN,3.9,214,6.4,9.1,12.0,0.00
2025-01-27T04:00,9.2,81,27,NaN,5.6,225,7.1,9.0,11.8,0.00
2025-01-27T05:00,11.2,81,99,NaN,9.0,233,8.9,9.2,11.6,0.00
2025-01-27T06:00,13.1,74,96,NaN,10.7,237,10.3,9.9,11.5,0.00
2025-01-27T07:00,14.1,69,100,NaN,11.1,241,11.2,10.5,11.4,0.00
2025-01-27T08:00,15.0,67,100,NaN,12.4,244,13.0,11.0,11.4,0.00
2025-01-27T09:00,17.5,62,100,NaN,12.4,244,16.8,12.2,11.4,0.00
2025-01-27T10:00,20.3,52,100,NaN,16.5,247,20.3,13.6,11.6,0.00
2025-01-27T11:00,22.9,37,62,NaN,25.0,242,23.1,15.3,11.9,0.00
2025-01-27T12:00,25.0,29,100,NaN,33.2,230,25.4,17.2,12.3,0.00
2025-01-27T13:00,25.6,27,100,NaN,35.2,233,25.6,18.3,12.7,0.00
2025-01-27T14:00,26.3,27,94,NaN,35.9,232,25.8,19.1,13.2,0.00
2025-01-27T15:00,26.6,28,25,NaN,28.9,274,25.4,19.8,13.6,0.00
2025-01-27T16:00,23.6,44,35,NaN,14.0,316,21.5,19.5,14.1,0.00
2025-01-27T17:00,22.1,45,65,NaN,12.1,293,18.1,18.7,14.4,0.00
2025-01-27T18:00,20.8,44,100,NaN,14.1,264,17.3,17.8,14.7,0.00
2025-01-27T19:00,19.4,52,16,NaN,15.7,261,16.4,16.9,14.8,0.00
2025-01-27T20:00,19.0,56,3,NaN,18.3,254,16.6,16.4,14.9,0.00
2025-01-27T21:00,19.8,54,36,NaN,24.6,238,17.7,16.5,14.9,0.00
2025-01-27T22:00,19.4,56,22,NaN,23.0,235,17.3,16.4,15.0,0.00
2025-01-27T23:00,17.5,67,78,NaN,14.4,307,15.3,16.1,15.0,0.00
2025-01-28T00:00,17.0,69,51,NaN,13.4,290,14.7,15.8,15.0,0.00
2025-01-28T01:00,16.6,78,93,NaN,14.4,274,15.5,15.4,15.0,0.00
2025-01-28T02:00,16.8,67,100,NaN,16.7,276,15.9,15.4,15.0,0.00
2025-01-28T03:00,16.7,68,95,NaN,18.1,276,15.8,15.4,14.9,0.00
2025-01-28T04:00,16.3,66,97,NaN,18.1,277,15.4,15.4,14.9,0.00
2025-01-28T05:00,16.1,59,93,NaN,14.4,266,14.9,15.3,14.9,0.00
2025-01-28T06:00,15.5,62,87,NaN,13.5,254,14.3,15.0,14.8,0.00
2025-01-28T07:00,14.9,63,76,NaN,12.2,246,13.5,14.7,14.8,0.00
2025-01-28T08:00,14.3,70,70,NaN,11.5,224,13.5,14.3,14.8,0.00
2025-01-28T09:00,15.8,67,75,NaN,15.6,230,16.7,14.6,14.7,0.00
2025-01-28T10:00,16.9,60,62,NaN,17.1,255,19.2,15.3,14.7,0.00
2025-01-28T11:00,18.2,58,46,NaN,18.4,268,21.1,16.4,14.7,0.00
2025-01-28T12:00,19.0,57,59,NaN,13.7,267,22.8,17.3,14.9,0.00
2025-01-28T13:00,20.3,41,72,NaN,22.3,291,21.9,18.2,15.1,0.00
2025-01-28T14:00,19.1,51,74,NaN,27.0,315,20.0,18.5,15.3,0.00
2025-01-28T15:00,17.7,60,71,NaN,36.9,302,17.2,18.2,15.4,0.00
2025-01-28T16:00,17.2,57,64,NaN,29.3,296,16.8,17.4,15.6,0.00
2025-01-28T17:00,16.6,54,84,NaN,18.8,282,15.5,16.8,15.7,0.00
2025-01-28T18:00,15.5,61,55,NaN,11.8,247,13.6,16.1,15.7,0.00
2025-01-28T19:00,14.3,67,67,NaN,11.0,218,12.7,15.3,15.6,0.00
2025-01-28T20:00,13.6,75,58,NaN,9.5,233,11.9,14.6,15.5,0.00
2025-01-28T21:00,12.8,74,28,NaN,6.2,234,10.5,13.8,15.3,0.00
2025-01-28T22:00,12.2,76,31,NaN,5.6,225,10.1,13.2,15.1,0.00
2025-01-28T23:00,11.5,81,42,NaN,5.2,205,9.7,12.7,14.8,0.00
2025-01-29T00:00,11.1,83,59,NaN,6.9,189,9.8,12.4,14.6,0.00
2025-01-29T01:00,11.4,83,54,NaN,7.5,197,10.3,12.2,14.4,0.00
2025-01-29T02:00,11.6,82,63,NaN,7.2,207,10.4,12.1,14.2,0.00
2025-01-29T03:00,11.4,82,60,NaN,7.8,202,10.2,12.0,14.0,0.00
2025-01-29T04:00,11.4,83,46,NaN,8.4,200,10.0,11.9,13.8,0.00
2025-01-29T05:00,11.1,83,59,NaN,8.0,207,9.6,11.7,13.6,0.00
2025-01-29T06:00,11.0,81,98,NaN,7.6,205,9.3,11.6,13.5,0.00
2025-01-29T07:00,9.9,87,29,NaN,6.2,201,7.9,11.2,13.3,0.00
2025-01-29T08:00,9.1,90,92,NaN,5.2,214,9.1,10.7,13.1,0.00
2025-01-29T09:00,11.6,83,100,NaN,4.5,241,14.2,11.4,13.0,0.00
2025-01-29T10:00,14.8,69,5,NaN,10.2,262,19.2,12.9,12.9,0.00
2025-01-29T11:00,16.5,63,63,NaN,11.9,256,19.8,14.8,13.1,0.00
2025-01-29T12:00,18.3,59,54,NaN,10.8,274,23.0,16.3,13.3,0.00
2025-01-29T13:00,19.8,49,93,NaN,12.1,300,23.8,17.6,13.6,0.00
2025-01-29T14:00,17.6,61,100,NaN,18.2,346,18.3,18.0,14.0,0.00
2025-01-29T15:00,16.4,66,100,NaN,11.3,17,17.8,17.4,14.3,0.00
2025-01-29T16:00,15.8,68,100,NaN,10.4,2,15.8,16.7,14.5,0.00
2025-01-29T17:00,15.0,71,100,NaN,6.0,25,13.9,15.8,14.6,0.00
2025-01-29T18:00,13.6,77,100,NaN,3.4,58,11.9,14.7,14.6,0.00
2025-01-29T19:00,12.8,80,100,NaN,3.9,68,11.3,13.9,14.6,0.00
2025-01-29T20:00,12.2,80,100,NaN,4.0,100,10.6,13.3,14.5,0.00
2025-01-29T21:00,11.6,81,100,NaN,2.1,59,9.8,12.7,14.3,0.00
2025-01-29T22:00,11.0,89,100,NaN,1.8,79,9.5,12.3,14.1,0.00
2025-01-29T23:00,11.6,84,100,NaN,0.5,45,8.5,11.9,14.0,0.00
2025-01-30T00:00,13.6,59,98,NaN,12.4,248,12.2,12.1,13.8,0.00
2025-01-30T01:00,14.6,63,81,NaN,19.5,236,13.3,12.6,13.7,0.00
2025-01-30T02:00,13.6,79,100,NaN,20.8,304,12.8,13.0,13.6,0.40
2025-01-30T03:00,12.4,85,99,NaN,11.1,241,11.7,13.0,13.6,1.10
2025-01-30T04:00,12.0,89,71,NaN,9.9,213,11.0,12.7,13.6,0.10
2025-01-30T05:00,11.5,85,79,NaN,10.0,229,10.6,12.3,13.5,0.00
2025-01-30T06:00,11.0,87,86,NaN,7.9,240,10.3,11.9,13.4,0.00
2025-01-30T07:00,10.4,92,83,NaN,7.7,208,9.8,11.5,13.2,0.00
2025-01-30T08:00,10.5,93,85,NaN,6.4,218,10.6,11.4,13.1,0.00
2025-01-30T09:00,11.2,88,91,NaN,10.2,252,12.3,11.7,13.0,0.00
2025-01-30T10:00,11.8,83,81,NaN,15.2,248,13.2,12.3,12.9,0.00
2025-01-30T11:00,12.6,76,97,NaN,20.2,248,14.3,13.0,12.9,0.00
2025-01-30T12:00,13.1,72,95,NaN,22.7,259,13.9,13.3,13.0,0.00
2025-01-30T13:00,13.8,65,76,NaN,23.5,276,15.3,13.9,13.1,0.00
2025-01-30T14:00,13.6,69,71,NaN,23.6,289,15.3,14.2,13.2,0.00
2025-01-30T15:00,14.0,66,80,NaN,24.3,297,14.8,14.3,13.3,0.00
2025-01-30T16:00,14.2,61,54,NaN,22.6,301,13.8,14.1,13.4,0.00
2025-01-30T17:00,13.7,62,54,NaN,18.0,296,12.5,13.8,13.4,0.00
2025-01-30T18:00,12.6,66,24,NaN,11.5,272,10.9,13.2,13.5,0.00
2025-01-30T19:00,11.3,75,69,NaN,7.3,200,9.7,12.4,13.4,0.00
2025-01-30T20:00,10.4,78,100,NaN,6.5,180,9.1,11.6,13.3,0.00
2025-01-30T21:00,9.9,76,29,NaN,9.2,191,8.4,11.0,13.1,0.00
2025-01-30T22:00,9.7,79,18,NaN,9.9,199,8.2,10.6,12.9,0.00
2025-01-30T23:00,9.6,83,62,NaN,9.9,199,8.1,10.3,12.7,0.00
2025-01-31T00:00,9.8,79,53,NaN,10.3,209,8.5,10.1,12.6,0.00
2025-01-31T01:00,9.8,77,40,NaN,10.9,214,8.4,10.0,12.4,0.00
2025-01-31T02:00,9.6,75,41,NaN,8.9,207,7.9,9.9,12.2,0.00
2025-01-31T03:00,9.2,74,64,NaN,8.9,194,7.6,9.6,12.1,0.00
2025-01-31T04:00,9.3,73,91,NaN,9.8,204,8.1,9.5,11.9,0.00
2025-01-31T05:00,9.6,71,100,NaN,10.0,210,8.6,9.6,11.7,0.00
2025-01-31T06:00,9.7,67,72,NaN,7.6,205,8.2,9.7,11.6,0.00
2025-01-31T07:00,9.2,75,100,NaN,5.4,82,8.3,9.6,11.5,0.00
2025-01-31T08:00,8.9,89,94,NaN,4.6,141,9.2,9.6,11.4,0.20
2025-01-31T09:00,10.2,84,77,NaN,6.6,189,11.2,10.1,11.4,0.10
2025-01-31T10:00,11.4,76,41,NaN,12.2,227,13.7,11.0,11.4,0.00
2025-01-31T11:00,12.7,75,33,NaN,12.1,233,16.4,12.2,11.4,0.00
2025-01-31T12:00,13.3,75,71,NaN,10.2,260,16.5,13.2,11.6,0.00
2025-01-31T13:00,13.4,80,80,NaN,6.1,273,16.9,14.1,11.9,0.00
2025-01-31T14:00,13.2,78,78,NaN,4.0,270,16.2,14.5,12.2,0.00
2025-01-31T15:00,13.5,78,84,NaN,5.5,337,16.1,14.9,12.5,0.00
2025-01-31T16:00,12.9,78,81,NaN,6.8,360,14.0,14.6,12.7,0.00
2025-01-31T17:00,12.7,78,53,NaN,2.6,16,12.2,13.9,12.9,0.00
2025-01-31T18:00,11.8,83,57,NaN,2.6,164,10.3,13.0,13.0,0.00
2025-01-31T19:00,10.5,91,69,NaN,4.0,185,9.7,12.1,12.9,0.00
2025-01-31T20:00,9.9,95,82,NaN,3.6,180,9.7,11.5,12.9,0.00
2025-01-31T21:00,9.5,96,78,NaN,4.0,175,9.5,11.1,12.7,0.00
2025-01-31T22:00,9.3,96,84,NaN,5.1,188,9.0,10.8,12.6,0.00
2025-01-31T23:00,9.3,96,87,NaN,5.0,201,8.9,10.6,12.5,0.00
2025-02-01T00:00,9.0,97,92,NaN,3.9,202,8.7,10.4,12.3,0.00
2025-02-01T01:00,9.1,95,79,NaN,4.7,203,9.0,10.3,12.1,0.00
2025-02-01T02:00,9.1,94,92,NaN,5.2,205,8.8,10.2,12.0,0.00
2025-02-01T03:00,8.9,96,84,NaN,5.6,207,8.5,10.0,11.9,0.00
2025-02-01T04:00,8.7,96,83,NaN,5.6,207,8.5,9.9,11.8,0.00
2025-02-01T05:00,8.7,95,72,NaN,5.0,201,8.0,9.8,11.7,0.00
2025-02-01T06:00,8.3,95,64,NaN,5.2,192,7.4,9.6,11.6,0.00
2025-02-01T07:00,7.8,94,57,NaN,4.8,207,6.8,9.1,11.4,0.00
2025-02-01T08:00,7.9,94,45,NaN,5.0,210,8.2,8.9,11.3,0.00
2025-02-01T09:00,11.2,89,13,NaN,6.9,219,13.1,9.8,11.2,0.00
2025-02-01T10:00,13.2,77,7,NaN,12.5,229,15.4,11.3,11.2,0.00
2025-02-01T11:00,14.6,67,0,NaN,14.4,233,16.7,12.6,11.3,0.00
2025-02-01T12:00,15.6,57,5,NaN,16.0,234,17.4,13.6,11.6,0.00
2025-02-01T13:00,16.2,52,30,NaN,15.5,248,18.0,14.4,11.8,0.00
2025-02-01T14:00,16.6,49,58,NaN,15.4,259,17.7,15.0,12.1,0.00
2025-02-01T15:00,16.7,47,34,NaN,15.6,285,16.7,15.1,12.4,0.00
2025-02-01T16:00,15.7,46,0,NaN,13.5,304,14.6,14.9,12.7,0.00
2025-02-01T17:00,14.2,58,3,NaN,10.0,296,12.2,14.2,12.9,0.00
2025-02-01T18:00,12.6,65,20,NaN,6.4,254,10.1,13.2,13.0,0.00
2025-02-01T19:00,11.0,74,14,NaN,6.6,189,9.2,12.1,13.0,0.00
2025-02-01T20:00,10.5,77,37,NaN,6.4,196,8.7,11.4,12.9,0.00
2025-02-01T21:00,10.8,78,65,NaN,6.8,198,9.3,11.0,12.7,0.00
2025-02-01T22:00,10.7,82,73,NaN,6.4,207,9.6,10.8,12.6,0.00
2025-02-01T23:00,10.8,85,72,NaN,6.1,220,9.8,10.8,12.5,0.00
2025-02-02T00:00,10.9,83,72,NaN,6.8,205,9.6,10.9,12.4,0.00
2025-02-02T01:00,10.8,85,60,NaN,7.8,202,9.5,10.8,12.3,0.00
2025-02-02T02:00,10.8,81,63,NaN,9.3,216,9.6,10.7,12.2,0.00
2025-02-02T03:00,10.7,77,74,NaN,7.8,214,9.2,10.5,12.1,0.00
2025-02-02T04:00,10.5,75,61,NaN,6.2,216,8.9,10.3,12.0,0.00
2025-02-02T05:00,10.2,74,43,NaN,7.9,223,8.6,10.2,11.9,0.00
2025-02-02T06:00,9.7,75,42,NaN,6.0,197,7.9,10.0,11.8,0.00
2025-02-02T07:00,9.2,78,71,NaN,4.7,157,7.8,9.6,11.6,0.00
2025-02-02T08:00,9.4,83,85,NaN,3.6,135,9.0,9.6,11.5,0.00
2025-02-02T09:00,11.4,82,80,NaN,3.9,158,12.1,10.3,11.4,0.00
2025-02-02T10:00,13.1,77,79,NaN,3.0,194,15.5,11.4,11.4,0.00
2025-02-02T11:00,14.7,66,36,NaN,5.6,255,18.4,13.0,11.6,0.00
2025-02-02T12:00,15.3,67,88,NaN,10.8,285,17.3,14.1,11.8,0.00
2025-02-02T13:00,16.2,63,75,NaN,11.8,290,18.5,14.8,12.2,0.00
2025-02-02T14:00,16.6,61,62,NaN,14.4,302,18.4,15.4,12.5,0.00
2025-02-02T15:00,16.2,69,32,NaN,14.5,318,17.9,15.7,12.7,0.00
2025-02-02T16:00,15.6,70,32,NaN,10.8,323,15.9,15.6,12.9,0.00
2025-02-02T17:00,14.7,75,32,NaN,5.7,325,13.4,14.9,13.2,0.00
2025-02-02T18:00,13.5,81,21,NaN,3.1,69,10.9,14.0,13.3,0.00
2025-02-02T19:00,12.3,86,28,NaN,2.4,117,9.6,12.8,13.3,0.00
2025-02-02T20:00,11.0,90,25,NaN,2.9,180,8.7,11.8,13.3,0.00
2025-02-02T21:00,10.6,83,62,NaN,5.6,195,9.4,11.5,13.2,0.00
2025-02-02T22:00,10.3,82,45,NaN,5.4,200,8.8,11.0,13.0,0.00
2025-02-02T23:00,9.8,87,37,NaN,4.5,209,8.3,10.7,12.8,0.00
2025-02-03T00:00,9.2,90,52,NaN,4.2,200,8.0,10.3,12.6,0.00
2025-02-03T01:00,9.2,91,52,NaN,4.2,200,7.9,10.0,12.5,0.00
2025-02-03T02:00,9.3,91,79,NaN,4.0,207,8.3,9.9,12.3,0.00
2025-02-03T03:00,9.7,93,95,NaN,3.9,202,9.1,9.9,12.1,0.00
2025-02-03T04:00,10.1,92,100,NaN,1.5,194,9.0,10.0,12.0,0.00
2025-02-03T05:00,10.0,93,100,NaN,1.6,207,8.6,10.0,11.9,0.00
2025-02-03T06:00,9.7,96,64,NaN,2.2,279,8.0,9.8,11.7,0.00
2025-02-03T07:00,9.1,98,96,NaN,0.7,90,7.1,9.5,11.6,0.00
2025-02-03T08:00,9.5,93,100,NaN,0.7,90,8.7,9.3,11.5,0.00
2025-02-03T09:00,10.8,92,100,NaN,1.8,307,11.8,10.0,11.4,0.10
2025-02-03T10:00,11.7,93,100,NaN,4.7,302,12.0,10.9,11.4,0.80
2025-02-03T11:00,12.0,92,100,NaN,6.3,121,12.4,11.4,11.4,3.30
2025-02-03T12:00,12.8,92,100,NaN,9.1,108,12.9,11.8,11.4,1.00
2025-02-03T13:00,15.1,82,100,NaN,0.7,180,16.8,12.6,11.6,0.20
2025-02-03T14:00,15.0,88,97,NaN,2.6,326,16.7,13.5,11.8,0.40
2025-02-03T15:00,14.6,88,95,NaN,7.6,357,14.5,13.7,12.0,0.00
2025-02-03T16:00,13.7,90,100,NaN,8.3,18,13.4,13.4,12.2,0.00
2025-02-03T17:00,13.3,91,100,NaN,5.2,34,12.7,13.1,12.3,0.00
2025-02-03T18:00,12.5,93,99,NaN,4.8,48,11.5,12.8,12.4,0.00
2025-02-03T19:00,12.0,94,100,NaN,3.4,252,10.8,12.2,12.4,0.00
2025-02-03T20:00,11.2,96,100,NaN,6.0,253,10.7,11.8,12.4,0.00
2025-02-03T21:00,10.8,94,100,NaN,6.0,237,10.1,11.5,12.4,0.00
2025-02-03T22:00,10.7,92,100,NaN,6.1,230,9.9,11.2,12.3,0.00
2025-02-03T23:00,10.4,90,100,NaN,6.1,220,9.6,10.9,12.2,0.00
2025-02-04T00:00,10.0,90,99,NaN,5.9,218,9.0,10.6,12.1,0.00
2025-02-04T01:00,9.9,88,100,NaN,5.4,222,9.0,10.5,12.0,0.00
2025-02-04T02:00,9.6,88,99,NaN,5.6,220,8.6,10.3,11.9,0.00
2025-02-04T03:00,9.2,88,89,NaN,5.4,217,8.2,9.9,11.8,0.00
2025-02-04T04:00,8.9,87,80,NaN,5.2,205,7.9,9.7,11.6,0.00
2025-02-04T05:00,8.6,88,93,NaN,5.0,210,7.8,9.5,11.5,0.00
2025-02-04T06:00,8.5,88,93,NaN,5.5,212,7.8,9.3,11.4,0.00
2025-02-04T07:00,8.4,88,91,NaN,5.0,210,7.4,9.2,11.2,0.00
2025-02-04T08:00,8.7,88,89,NaN,5.6,220,8.6,9.2,11.1,0.00
2025-02-04T09:00,10.9,86,58,NaN,5.1,225,12.4,9.9,11.0,0.00
2025-02-04T10:00,12.6,77,53,NaN,9.4,247,14.8,11.1,11.1,0.00
2025-02-04T11:00,13.8,72,50,NaN,12.4,248,15.9,12.3,11.2,0.00
2025-02-04T12:00,14.7,66,75,NaN,12.4,260,16.8,13.3,11.4,0.00
2025-02-04T13:00,15.1,63,76,NaN,12.2,256,16.6,14.0,11.6,0.00
2025-02-04T14:00,15.3,60,79,NaN,10.2,247,15.5,14.3,11.9,0.00
2025-02-04T15:00,15.7,60,76,NaN,5.9,256,16.4,14.4,12.1,0.00
2025-02-04T16:00,15.6,61,90,NaN,4.3,312,15.4,14.4,12.4,0.00
2025-02-04T17:00,14.0,81,65,NaN,10.0,13,13.0,14.1,12.5,0.00
2025-02-04T18:00,12.4,83,80,NaN,6.4,38,10.8,13.2,12.6,0.00
2025-02-04T19:00,11.7,86,74,NaN,3.3,77,10.2,12.3,12.7,0.00
2025-02-04T20:00,11.3,87,61,NaN,1.3,124,9.0,11.7,12.6,0.00
2025-02-04T21:00,10.4,90,13,NaN,2.6,196,8.2,11.0,12.5,0.00
2025-02-04T22:00,8.9,97,33,NaN,3.4,212,7.7,10.4,12.4,0.00
2025-02-04T23:00,8.1,98,45,NaN,3.1,201,7.2,9.9,12.2,0.00
2025-02-05T00:00,7.4,98,50,NaN,4.0,190,6.7,9.4,12.0,0.00
2025-02-05T01:00,6.9,99,72,NaN,4.3,185,6.5,9.1,11.8,0.00
2025-02-05T02:00,6.7,99,80,NaN,4.0,190,6.6,8.8,11.6,0.00
2025-02-05T03:00,6.8,100,85,NaN,4.0,185,6.7,8.7,11.4,0.00
2025-02-05T04:00,6.7,99,85,NaN,3.7,191,6.6,8.5,11.2,0.00
2025-02-05T05:00,6.9,99,84,NaN,3.7,191,6.9,8.5,11.0,0.00
2025-02-05T06:00,6.9,99,84,NaN,4.7,203,6.8,8.4,10.9,0.00
2025-02-05T07:00,6.7,99,71,NaN,4.2,200,6.3,8.3,10.7,0.00
2025-02-05T08:00,7.0,98,54,NaN,3.9,202,7.9,8.2,10.6,0.00
2025-02-05T09:00,9.9,96,47,NaN,3.4,212,12.8,9.1,10.5,0.00
2025-02-05T10:00,12.1,90,42,NaN,3.1,234,15.9,10.8,10.5,0.00
2025-02-05T11:00,14.0,81,49,NaN,2.4,27,17.2,12.3,10.7,0.00
2025-02-05T12:00,15.0,73,30,NaN,7.9,47,17.9,13.6,10.9,0.00
2025-02-05T13:00,15.4,71,66,NaN,12.3,40,17.9,14.4,11.2,0.00
2025-02-05T14:00,14.9,74,42,NaN,14.4,37,16.3,14.7,11.6,0.00
2025-02-05T15:00,15.1,72,32,NaN,14.1,40,16.5,14.7,11.9,0.00
2025-02-05T16:00,14.6,73,32,NaN,14.8,41,14.6,14.5,12.1,0.00
2025-02-05T17:00,13.8,73,0,NaN,12.8,52,12.4,13.9,12.3,0.00
2025-02-05T18:00,12.3,81,6,NaN,9.0,61,10.4,13.0,12.4,0.00
2025-02-05T19:00,11.3,87,42,NaN,6.4,74,9.6,12.0,12.4,0.00
2025-02-05T20:00,10.6,90,26,NaN,3.7,101,8.8,11.3,12.4,0.00
2025-02-05T21:00,10.0,90,16,NaN,2.3,108,7.9,10.7,12.3,0.00
2025-02-05T22:00,9.5,91,14,NaN,2.2,180,6.9,10.0,12.1,0.00
2025-02-05T23:00,8.6,94,1,NaN,3.0,194,6.6,9.5,12.0,0.00
2025-02-06T00:00,6.7,98,49,NaN,4.6,198,6.2,9.1,11.8,0.00
2025-02-06T01:00,6.1,99,49,NaN,4.8,193,5.7,8.7,11.6,0.00
2025-02-06T02:00,5.8,98,49,NaN,4.3,185,5.3,8.3,11.4,0.00
2025-02-06T03:00,5.4,100,59,NaN,4.8,193,5.1,8.0,11.1,0.00
2025-02-06T04:00,5.2,100,58,NaN,4.7,189,4.9,7.7,10.9,0.00
2025-02-06T05:00,4.9,100,62,NaN,4.0,190,4.5,7.4,10.7,0.00
2025-02-06T06:00,4.6,100,66,NaN,4.4,189,4.3,7.1,10.5,0.00
2025-02-06T07:00,4.4,100,63,NaN,4.5,194,4.1,6.9,10.3,0.00
2025-02-06T08:00,5.0,99,54,NaN,3.9,202,6.2,6.8,10.1,0.00
2025-02-06T09:00,8.9,95,0,NaN,3.3,229,12.1,8.1,9.9,0.00
2025-02-06T10:00,11.9,88,0,NaN,3.6,264,16.0,9.9,9.9,0.00
2025-02-06T11:00,14.1,81,35,NaN,1.6,333,17.6,11.9,10.1,0.00
2025-02-06T12:00,15.2,72,33,NaN,4.3,24,18.4,13.3,10.4,0.00
2025-02-06T13:00,15.7,71,57,NaN,8.7,24,18.9,14.3,10.7,0.00
2025-02-06T14:00,15.3,74,51,NaN,12.6,27,17.5,14.8,11.1,0.00
2025-02-06T15:00,15.3,73,40,NaN,13.0,28,17.1,15.0,11.5,0.00
2025-02-06T16:00,14.7,75,50,NaN,11.8,38,15.1,14.7,11.8,0.00
2025-02-06T17:00,13.7,80,85,NaN,8.9,47,12.5,14.0,12.0,0.00
2025-02-06T18:00,12.5,84,28,NaN,4.8,48,10.8,13.1,12.2,0.00
2025-02-06T19:00,11.3,89,38,NaN,2.4,63,8.8,12.1,12.2,0.00
2025-02-06T20:00,10.7,90,1,NaN,1.1,108,7.1,11.0,12.2,0.00
2025-02-06T21:00,8.8,95,0,NaN,3.3,193,6.6,9.9,12.0,0.00
2025-02-06T22:00,7.0,100,60,NaN,3.4,198,6.3,9.4,11.9,0.00
2025-02-06T23:00,6.3,100,61,NaN,3.5,204,5.6,8.9,11.7,0.00
2025-02-07T00:00,5.8,98,50,NaN,4.1,195,5.2,8.5,11.5,0.00
2025-02-07T01:00,5.5,96,37,NaN,4.0,190,4.8,8.1,11.3,0.00
2025-02-07T02:00,5.2,96,37,NaN,4.0,180,4.5,7.7,11.0,0.00
2025-02-07T03:00,4.8,97,46,NaN,4.0,190,4.1,7.3,10.8,0.00
2025-02-07T04:00,4.2,98,51,NaN,3.7,191,3.7,7.0,10.6,0.00
2025-02-07T05:00,3.9,98,47,NaN,3.3,193,3.2,6.7,10.3,0.00
2025-02-07T06:00,3.8,96,39,NaN,4.1,195,3.1,6.4,10.1,0.00
2025-02-07T07:00,3.7,95,34,NaN,3.9,202,2.9,6.1,9.9,0.00
2025-02-07T08:00,4.4,94,27,NaN,3.7,209,5.3,6.0,9.6,0.00
2025-02-07T09:00,8.8,89,0,NaN,3.1,225,12.0,7.4,9.5,0.00
2025-02-07T10:00,12.5,77,0,NaN,6.8,252,16.3,9.5,9.5,0.00
2025-02-07T11:00,14.8,70,0,NaN,9.0,254,18.4,11.6,9.7,0.00
2025-02-07T12:00,15.9,66,0,NaN,11.3,253,19.3,13.2,10.0,0.00
2025-02-07T13:00,17.1,61,5,NaN,10.2,252,20.5,14.5,10.4,0.00
2025-02-07T14:00,17.8,53,11,NaN,8.7,246,20.4,15.4,10.8,0.00
2025-02-07T15:00,18.7,44,9,NaN,7.4,284,19.9,16.2,11.3,0.00
2025-02-07T16:00,17.1,65,0,NaN,10.6,350,16.8,16.1,11.7,0.00
2025-02-07T17:00,14.9,75,0,NaN,8.2,23,13.5,15.2,12.0,0.00
2025-02-07T18:00,13.1,82,1,NaN,2.9,90,10.1,13.9,12.2,0.00
2025-02-07T19:00,11.4,89,98,NaN,3.8,163,8.9,12.4,12.3,0.00
2025-02-07T20:00,9.7,96,100,NaN,4.0,190,8.3,11.4,12.3,0.00
2025-02-07T21:00,8.8,94,91,NaN,5.1,188,7.7,10.7,12.2,0.00
2025-02-07T22:00,8.1,92,100,NaN,4.4,189,6.8,10.0,12.1,0.00
2025-02-07T23:00,7.3,91,0,NaN,4.5,194,6.0,9.4,11.9,0.00
2025-02-08T00:00,7.1,87,0,NaN,4.7,203,5.7,9.0,11.7,0.00
2025-02-08T01:00,6.6,86,61,NaN,4.5,209,5.2,8.5,11.5,0.00
2025-02-08T02:00,6.3,87,0,NaN,4.3,222,4.9,8.0,11.3,0.00
2025-02-08T03:00,6.3,82,10,NaN,5.4,222,4.7,7.6,11.0,0.00
2025-02-08T04:00,6.4,76,73,NaN,5.6,225,4.9,7.4,10.8,0.00
2025-02-08T05:00,7.0,72,83,NaN,5.7,235,5.9,7.4,10.6,0.00
2025-02-08T06:00,7.9,75,71,NaN,7.4,227,6.8,7.5,10.4,0.00
2025-02-08T07:00,8.7,74,89,NaN,8.7,232,7.4,7.8,10.2,0.00
2025-02-08T08:00,10.2,72,73,NaN,9.8,234,9.2,8.3,10.1,0.00
2025-02-08T09:00,13.3,73,39,NaN,9.7,231,13.6,9.6,10.1,0.00
2025-02-08T10:00,15.9,63,52,NaN,14.3,236,16.7,11.1,10.2,0.00
2025-02-08T11:00,17.2,61,55,NaN,16.6,246,18.4,12.6,10.4,0.00
2025-02-08T12:00,19.0,50,48,NaN,17.6,242,19.9,14.0,10.7,0.00
2025-02-08T13:00,19.8,46,39,NaN,17.1,248,20.4,15.0,11.1,0.00
2025-02-08T14:00,20.3,44,55,NaN,14.1,257,20.6,15.8,11.4,0.00
2025-02-08T15:00,20.0,50,59,NaN,11.8,301,18.7,16.0,11.8,0.00
2025-02-08T16:00,18.2,70,59,NaN,12.3,339,17.3,15.9,12.2,0.00
2025-02-08T17:00,17.3,79,53,NaN,7.3,351,15.7,15.5,12.5,0.00
2025-02-08T18:00,15.7,85,48,NaN,3.8,73,13.0,14.8,12.7,0.00
2025-02-08T19:00,13.7,94,45,NaN,4.2,121,11.8,13.8,12.8,0.00
2025-02-08T20:00,12.6,97,67,NaN,3.5,114,11.2,13.0,12.8,0.00
2025-02-08T21:00,12.3,96,70,NaN,3.3,131,11.0,12.5,12.8,0.00
2025-02-08T22:00,12.2,95,76,NaN,3.5,156,11.0,12.2,12.8,0.00
2025-02-08T23:00,11.8,97,85,NaN,2.4,153,10.5,11.9,12.7,0.00
2025-02-09T00:00,12.2,94,85,NaN,1.9,158,10.1,11.7,12.7,0.00
2025-02-09T01:00,11.9,95,78,NaN,2.3,162,9.9,11.4,12.6,0.00
2025-02-09T02:00,11.5,96,76,NaN,2.5,188,9.9,11.2,12.5,0.00
2025-02-09T03:00,11.1,95,73,NaN,2.9,187,9.8,11.2,12.4,0.00
2025-02-09T04:00,10.3,97,63,NaN,3.0,194,9.3,11.0,12.3,0.00
2025-02-09T05:00,9.4,99,77,NaN,3.0,194,8.7,10.6,12.2,0.00
2025-02-09T06:00,8.9,99,76,NaN,3.4,198,8.1,10.4,12.0,0.00
2025-02-09T07:00,8.3,100,68,NaN,3.0,194,7.6,10.0,11.9,0.00
2025-02-09T08:00,8.6,99,65,NaN,2.7,203,9.8,9.8,11.8,0.00
2025-02-09T09:00,12.4,94,1,NaN,2.4,243,15.6,11.0,11.7,0.00
2025-02-09T10:00,15.9,81,0,NaN,3.1,315,19.5,12.9,11.8,0.00
2025-02-09T11:00,17.8,74,0,NaN,6.8,18,21.5,14.8,12.0,0.00
2025-02-09T12:00,17.9,74,19,NaN,12.2,28,20.3,15.9,12.3,0.00
2025-02-09T13:00,17.9,76,52,NaN,15.1,25,20.5,16.5,12.6,0.00
2025-02-09T14:00,17.7,76,42,NaN,16.5,32,19.8,16.9,13.0,0.00
2025-02-09T15:00,17.4,77,39,NaN,15.9,33,19.0,17.0,13.3,0.00
2025-02-09T16:00,16.6,82,47,NaN,14.5,35,17.0,16.7,13.5,0.00
2025-02-09T17:00,15.5,88,71,NaN,12.0,39,14.9,16.0,13.7,0.00
2025-02-09T18:00,14.4,90,44,NaN,7.0,35,12.9,15.1,13.8,0.00
2025-02-09T19:00,13.5,93,42,NaN,3.9,22,11.9,14.2,13.9,0.00
2025-02-09T20:00,12.7,96,36,NaN,2.3,342,10.6,13.4,13.9,0.00
2025-02-09T21:00,12.1,97,16,NaN,1.3,236,8.8,12.3,13.7,0.00
2025-02-09T22:00,11.2,100,70,NaN,3.1,225,8.4,11.5,13.6,0.00
2025-02-09T23:00,10.5,100,69,NaN,3.3,221,9.1,11.1,13.3,0.00
2025-02-10T00:00,9.9,100,69,NaN,3.7,209,8.9,11.0,13.2,0.00
2025-02-10T01:00,9.5,100,66,NaN,3.5,204,8.5,10.7,13.0,0.00
2025-02-10T02:00,9.2,100,70,NaN,2.9,187,8.2,10.5,12.8,0.00
2025-02-10T03:00,8.6,100,74,NaN,3.3,186,7.9,10.1,12.6,0.00
2025-02-10T04:00,8.2,100,74,NaN,3.0,194,7.6,9.9,12.4,0.00
2025-02-10T05:00,7.8,100,73,NaN,2.6,196,7.3,9.6,12.2,0.00
2025-02-10T06:00,7.5,100,80,NaN,3.4,198,7.5,9.4,12.0,0.00
2025-02-10T07:00,7.3,100,88,NaN,3.4,198,6.8,9.2,11.8,0.00
2025-02-10T08:00,7.7,99,89,NaN,3.4,212,8.7,9.1,11.6,0.00
2025-02-10T09:00,11.9,93,72,NaN,4.1,225,15.2,10.3,11.5,0.00
2025-02-10T10:00,14.3,86,47,NaN,5.6,230,18.3,12.2,11.5,0.00
2025-02-10T11:00,16.3,80,81,NaN,3.2,243,20.1,14.0,11.7,0.00
2025-02-10T12:00,17.8,72,75,NaN,2.0,315,21.1,15.3,11.9,0.00
2025-02-10T13:00,18.6,71,62,NaN,4.7,4,22.2,16.5,12.3,0.00
2025-02-10T14:00,18.6,72,100,NaN,11.0,23,20.8,17.3,12.7,0.00
2025-02-10T15:00,17.4,75,26,NaN,14.7,31,18.9,17.3,13.1,0.00
2025-02-10T16:00,16.7,79,96,NaN,14.0,35,17.1,16.9,13.4,0.00
2025-02-10T17:00,15.7,85,81,NaN,10.8,37,14.9,16.1,13.7,0.00
2025-02-10T18:00,14.1,90,55,NaN,5.6,27,12.3,15.1,13.8,0.00
2025-02-10T19:00,13.1,93,22,NaN,2.5,352,10.9,13.9,13.8,0.00
2025-02-10T20:00,12.1,96,23,NaN,3.0,284,9.9,12.9,13.8,0.00
2025-02-10T21:00,11.1,98,25,NaN,2.9,210,9.1,12.2,13.6,0.00
2025-02-10T22:00,10.4,100,70,NaN,2.3,198,8.3,11.5,13.5,0.00
2025-02-10T23:00,10.6,100,71,NaN,1.6,207,7.3,10.8,13.3,0.00
2025-02-11T00:00,10.5,100,96,NaN,3.1,225,8.4,10.5,13.0,0.00
2025-02-11T01:00,9.5,100,96,NaN,3.3,229,9.0,10.4,12.8,0.00
2025-02-11T02:00,9.6,100,90,NaN,2.2,189,9.0,10.5,12.6,0.00
2025-02-11T03:00,9.3,100,100,NaN,2.5,180,8.9,10.5,12.5,0.00
2025-02-11T04:00,9.4,100,100,NaN,2.0,225,9.3,10.4,12.3,0.00
2025-02-11T05:00,9.6,100,100,NaN,2.1,211,9.6,10.5,12.2,0.00
2025-02-11T06:00,9.5,100,100,NaN,2.6,236,9.6,10.4,12.0,0.00
2025-02-11T07:00,9.4,100,100,NaN,2.9,240,9.2,10.4,11.9,0.00
2025-02-11T08:00,10.2,99,100,NaN,2.4,243,10.9,10.5,11.8,0.00
2025-02-11T09:00,12.4,99,100,NaN,2.9,263,14.7,11.5,11.8,0.00
2025-02-11T10:00,14.6,85,100,NaN,4.4,235,17.6,12.8,11.9,0.00
2025-02-11T11:00,16.1,81,100,NaN,1.9,248,19.4,14.3,12.1,0.00
2025-02-11T12:00,17.1,75,100,NaN,1.5,346,20.3,15.6,12.4,0.00
2025-02-11T13:00,18.0,74,100,NaN,4.7,32,21.5,16.5,12.7,0.00
2025-02-11T14:00,18.3,74,100,NaN,9.2,39,21.6,17.3,13.1,0.00
2025-02-11T15:00,17.3,75,99,NaN,11.6,36,19.1,17.4,13.5,0.00
2025-02-11T16:00,16.5,78,28,NaN,11.3,37,17.2,17.0,13.8,0.00
2025-02-11T17:00,15.4,86,38,NaN,8.7,30,14.9,16.2,14.0,0.00
2025-02-11T18:00,13.8,90,0,NaN,4.3,5,11.9,15.1,14.1,0.00
2025-02-11T19:00,12.6,93,0,NaN,1.8,11,10.1,13.8,14.1,0.00
2025-02-11T20:00,12.0,95,0,NaN,1.4,180,8.8,12.6,14.0,0.00
2025-02-11T21:00,10.6,99,51,NaN,3.7,209,9.0,11.8,13.8,0.00
2025-02-11T22:00,10.3,100,66,NaN,3.5,204,9.0,11.3,13.6,0.00
2025-02-11T23:00,9.5,100,65,NaN,3.9,214,8.6,11.0,13.4,0.00
2025-02-12T00:00,9.1,98,51,NaN,4.1,232,8.2,10.8,13.2,0.00
2025-02-12T01:00,9.2,93,37,NaN,3.1,201,7.5,10.4,13.0,0.00
2025-02-12T02:00,9.3,85,99,NaN,2.6,196,6.7,9.9,12.7,0.00
2025-02-12T03:00,9.0,79,99,NaN,3.6,217,6.5,9.6,12.5,0.00
2025-02-12T04:00,8.7,80,85,NaN,2.8,220,6.0,9.2,12.2,0.00
2025-02-12T05:00,8.9,75,82,NaN,1.1,270,5.0,8.7,12.0,0.00
2025-02-12T06:00,8.7,70,100,NaN,2.6,214,5.0,8.5,11.8,0.00
2025-02-12T07:00,8.2,68,100,NaN,3.6,180,5.2,8.0,11.5,0.00
2025-02-12T08:00,8.3,72,22,NaN,4.0,185,8.1,8.1,11.3,0.00
2025-02-12T09:00,12.0,76,0,NaN,4.2,211,14.5,9.6,11.1,0.00
2025-02-12T10:00,16.4,58,2,NaN,7.2,252,19.1,12.0,11.1,0.00
2025-02-12T11:00,18.1,54,28,NaN,10.1,253,20.4,14.1,11.4,0.00
2025-02-12T12:00,19.3,52,0,NaN,10.2,260,22.4,15.8,11.8,0.00
2025-02-12T13:00,20.1,52,3,NaN,10.0,285,23.2,17.0,12.2,0.00
2025-02-12T14:00,19.8,62,29,NaN,15.4,327,21.9,17.8,12.7,0.00
2025-02-12T15:00,18.2,68,36,NaN,17.9,335,19.5,17.8,13.2,0.00
2025-02-12T16:00,17.4,68,58,NaN,17.8,313,17.3,17.2,13.5,0.00
2025-02-12T17:00,16.6,69,89,NaN,14.7,298,15.7,16.4,13.8,0.00
2025-02-12T18:00,15.6,68,86,NaN,8.0,278,13.8,15.5,14.0,0.00
2025-02-12T19:00,14.6,71,68,NaN,6.7,216,12.9,14.7,14.0,0.00
2025-02-12T20:00,13.9,71,35,NaN,8.5,208,12.3,14.0,14.0,0.00
2025-02-12T21:00,13.0,71,0,NaN,8.7,204,10.8,13.4,14.0,0.00
2025-02-12T22:00,12.2,71,1,NaN,7.8,202,10.0,12.6,13.9,0.00
2025-02-12T23:00,11.5,70,0,NaN,7.2,198,9.3,12.0,13.7,0.00
2025-02-13T00:00,11.3,68,0,NaN,9.0,196,9.2,11.6,13.5,0.00
2025-02-13T01:00,11.0,69,0,NaN,8.8,199,9.0,11.2,13.4,0.00
2025-02-13T02:00,10.5,70,0,NaN,7.6,205,8.4,10.9,13.2,0.00
2025-02-13T03:00,10.1,68,0,NaN,7.2,198,8.0,10.6,13.0,0.00
2025-02-13T04:00,9.2,72,0,NaN,6.0,197,7.3,10.2,12.7,0.00
2025-02-13T05:00,8.2,77,0,NaN,5.4,200,6.5,9.8,12.5,0.00
2025-02-13T06:00,7.7,79,0,NaN,5.6,195,6.2,9.4,12.3,0.00
2025-02-13T07:00,7.1,82,0,NaN,5.7,198,5.9,9.0,12.1,0.00
2025-02-13T08:00,7.6,84,0,NaN,5.2,205,8.5,8.9,11.8,0.00
2025-02-13T09:00,12.2,78,0,NaN,4.2,211,15.4,10.3,11.7,0.00
2025-02-13T10:00,15.3,61,0,NaN,4.8,228,19.5,12.5,11.7,0.00
2025-02-13T11:00,17.4,56,0,NaN,3.7,259,21.3,14.6,11.9,0.00
2025-02-13T12:00,18.4,55,16,NaN,5.4,312,22.7,16.1,12.3,0.00
2025-02-13T13:00,18.9,53,36,NaN,9.2,339,23.0,17.4,12.7,0.00
2025-02-13T14:00,18.4,54,12,NaN,12.3,357,21.5,17.9,13.1,0.00
2025-02-13T15:00,18.0,58,4,NaN,12.1,12,20.4,18.0,13.5,0.00
2025-02-13T16:00,17.1,65,28,NaN,11.1,25,18.0,17.7,13.8,0.00
2025-02-13T17:00,16.1,71,5,NaN,9.2,42,15.2,16.7,14.1,0.00
2025-02-13T18:00,14.4,77,0,NaN,5.6,45,12.1,15.5,14.2,0.00
2025-02-13T19:00,12.9,84,0,NaN,2.8,50,10.3,14.1,14.2,0.00
2025-02-13T20:00,12.4,84,0,NaN,1.1,180,8.6,12.9,14.2,0.00
2025-02-13T21:00,10.6,89,0,NaN,3.3,193,8.2,11.8,14.0,0.00
2025-02-13T22:00,9.0,94,12,NaN,3.3,186,7.7,11.2,13.8,0.00
2025-02-13T23:00,8.8,92,5,NaN,2.9,180,6.9,10.6,13.5,0.00
2025-02-14T00:00,8.2,90,5,NaN,3.6,180,6.5,10.0,13.3,0.00
2025-02-14T01:00,7.6,89,4,NaN,3.6,180,6.1,9.6,13.0,0.00
2025-02-14T02:00,6.9,90,4,NaN,3.3,167,5.6,9.2,12.7,0.00
2025-02-14T03:00,6.1,91,6,NaN,3.6,174,5.0,8.7,12.4,0.00
2025-02-14T04:00,5.6,91,6,NaN,3.2,180,4.6,8.3,12.1,0.00
2025-02-14T05:00,5.3,90,6,NaN,3.3,174,4.3,7.9,11.8,0.00
2025-02-14T06:00,4.6,94,7,NaN,3.8,197,3.9,7.4,11.5,0.00
2025-02-14T07:00,4.7,93,7,NaN,3.4,198,3.7,7.2,11.2,0.00
2025-02-14T08:00,5.9,90,6,NaN,3.3,193,7.1,7.2,11.0,0.00
2025-02-14T09:00,10.8,84,0,NaN,2.4,207,14.4,8.8,10.8,0.00
2025-02-14T10:00,15.0,69,0,NaN,2.9,240,19.0,11.3,10.8,0.00
2025-02-14T11:00,17.8,60,0,NaN,0.0,270,21.6,13.6,11.0,0.00
2025-02-14T12:00,18.8,59,0,NaN,4.9,36,22.6,15.2,11.4,0.00
2025-02-14T13:00,19.8,54,0,NaN,9.3,36,23.2,16.7,11.8,0.00
2025-02-14T14:00,19.4,54,0,NaN,12.1,37,21.7,17.5,12.3,0.00
2025-02-14T15:00,19.0,60,0,NaN,13.1,37,20.4,17.6,12.8,0.00
2025-02-14T16:00,18.3,60,0,NaN,11.3,37,18.2,17.2,13.2,0.00
2025-02-14T17:00,17.0,63,0,NaN,7.6,19,15.2,16.5,13.5,0.00
2025-02-14T18:00,14.4,69,0,NaN,4.4,351,11.4,15.2,13.7,0.00
2025-02-14T19:00,12.6,79,0,NaN,2.5,315,9.3,13.6,13.7,0.00
2025-02-14T20:00,11.6,81,0,NaN,1.8,281,7.9,12.2,13.6,0.00
2025-02-14T21:00,10.8,78,0,NaN,1.8,217,6.9,11.2,13.5,0.00
2025-02-14T22:00,10.7,77,0,NaN,2.5,180,6.3,10.3,13.2,0.00
2025-02-14T23:00,10.3,77,0,NaN,2.3,162,5.8,9.7,13.0,0.00
2025-02-15T00:00,9.5,79,0,NaN,3.0,166,5.6,9.2,12.7,0.00
2025-02-15T01:00,8.6,80,0,NaN,3.0,166,5.4,8.9,12.4,0.00
2025-02-15T02:00,7.9,79,0,NaN,2.9,180,4.9,8.5,12.1,0.00
2025-02-15T03:00,6.7,83,0,NaN,2.9,187,4.5,8.1,11.8,0.00
2025-02-15T04:00,5.9,85,1,NaN,2.9,187,4.1,7.7,11.6,0.00
2025-02-15T05:00,5.3,91,1,NaN,2.3,198,3.8,7.4,11.3,0.00
2025-02-15T06:00,5.1,93,6,NaN,3.3,167,3.6,7.0,11.0,0.00
2025-02-15T07:00,5.6,88,5,NaN,3.1,159,3.4,6.8,10.8,0.00
2025-02-15T08:00,6.1,89,1,NaN,3.0,194,7.1,6.9,10.5,0.00
2025-02-15T09:00,10.2,86,9,NaN,1.8,217,13.7,8.5,10.4,0.00
2025-02-15T10:00,14.4,72,6,NaN,1.3,236,18.2,10.8,10.4,0.00
2025-02-15T11:00,17.5,63,14,NaN,0.5,225,21.1,13.1,10.6,0.00
2025-02-15T12:00,19.4,56,7,NaN,2.9,30,22.8,14.9,11.0,0.00
2025-02-15T13:00,21.1,52,16,NaN,6.3,24,24.4,16.6,11.4,0.00
2025-02-15T14:00,21.0,55,81,NaN,9.8,28,23.3,17.7,11.9,0.00
2025-02-15T15:00,19.3,60,58,NaN,11.6,26,20.2,17.6,12.4,0.00
2025-02-15T16:00,18.1,65,100,NaN,11.2,33,17.4,17.1,12.9,0.00
2025-02-15T17:00,16.6,76,100,NaN,8.4,20,15.3,16.2,13.2,0.00
2025-02-15T18:00,14.8,87,100,NaN,5.0,360,12.9,15.2,13.4,0.00
2025-02-15T19:00,13.5,94,97,NaN,3.2,360,11.7,14.0,13.5,0.00
2025-02-15T20:00,12.9,95,100,NaN,2.1,59,10.9,13.2,13.5,0.00
2025-02-15T21:00,12.6,95,100,NaN,1.6,333,10.0,12.5,13.4,0.00
2025-02-15T22:00,12.2,97,100,NaN,2.5,270,9.8,11.9,13.3,0.00
2025-02-15T23:00,11.7,99,100,NaN,2.2,99,9.1,11.5,13.2,0.00
2025-02-16T00:00,12.0,100,100,NaN,0.5,225,8.8,11.1,13.0,0.00
2025-02-16T01:00,10.6,100,98,NaN,4.4,235,9.2,10.7,12.8,0.00
2025-02-16T02:00,9.9,100,94,NaN,3.3,174,9.0,10.7,12.7,0.00
2025-02-16T03:00,9.9,100,97,NaN,2.3,162,8.9,10.7,12.5,0.00
2025-02-16T04:00,9.3,100,100,NaN,3.4,198,9.5,10.6,12.4,0.00
2025-02-16T05:00,9.9,100,100,NaN,4.0,207,9.9,10.7,12.3,0.00
2025-02-16T06:00,9.9,99,100,NaN,5.7,215,9.7,10.6,12.2,0.00
2025-02-16T07:00,10.3,94,100,NaN,8.5,216,9.7,10.7,12.1,0.00
2025-02-16T08:00,11.5,94,100,NaN,9.7,219,12.0,10.9,12.0,0.00
2025-02-16T09:00,13.8,87,100,NaN,12.0,224,14.3,11.7,12.0,0.00
2025-02-16T10:00,15.5,82,100,NaN,12.9,234,16.4,12.7,12.0,0.00
2025-02-16T11:00,16.7,78,100,NaN,13.7,247,17.7,13.6,12.2,0.00
2025-02-16T12:00,16.8,78,100,NaN,13.2,259,16.7,14.1,12.3,0.00
2025-02-16T13:00,17.1,77,100,NaN,12.6,290,17.8,14.8,12.5,0.00
2025-02-16T14:00,16.3,85,100,NaN,10.9,316,16.9,15.1,12.8,0.00
2025-02-16T15:00,16.5,83,96,NaN,11.5,328,16.8,15.6,13.0,0.00
2025-02-16T16:00,16.1,84,100,NaN,10.8,334,16.3,15.3,13.2,0.00
2025-02-16T17:00,15.7,85,94,NaN,4.1,322,14.9,15.0,13.4,0.00
2025-02-16T18:00,14.7,84,36,NaN,4.4,145,12.1,14.5,13.5,0.00
2025-02-16T19:00,12.9,92,29,NaN,5.3,152,11.0,13.5,13.5,0.00
2025-02-16T20:00,11.9,88,6,NaN,4.0,180,9.9,12.6,13.5,0.00
2025-02-16T21:00,10.6,82,0,NaN,5.1,176,8.9,11.8,13.3,0.00
2025-02-16T22:00,9.9,84,0,NaN,5.1,184,8.4,11.2,13.2,0.00
2025-02-16T23:00,9.3,87,0,NaN,4.6,198,7.9,10.7,13.0,0.00
2025-02-17T00:00,9.2,85,0,NaN,5.2,192,7.7,10.4,12.8,0.00
2025-02-17T01:00,8.6,88,0,NaN,4.8,193,7.2,10.0,12.6,0.00
2025-02-17T02:00,8.2,89,0,NaN,4.4,189,6.8,9.6,12.4,0.00
2025-02-17T03:00,7.9,89,0,NaN,4.8,193,6.5,9.3,12.2,0.00
2025-02-17T04:00,7.6,91,0,NaN,4.8,193,6.3,9.0,12.0,0.00
2025-02-17T05:00,7.3,91,0,NaN,4.7,203,6.0,8.7,11.7,0.00
2025-02-17T06:00,7.4,90,0,NaN,4.9,197,6.0,8.6,11.5,0.00
2025-02-17T07:00,7.4,89,0,NaN,5.0,201,5.9,8.4,11.3,0.00
2025-02-17T08:00,8.5,88,0,NaN,4.7,212,9.3,8.5,11.1,0.00
2025-02-17T09:00,13.1,82,0,NaN,4.1,225,15.8,10.2,11.1,0.00
2025-02-17T10:00,16.4,66,0,NaN,8.2,241,19.2,12.4,11.2,0.00
2025-02-17T11:00,18.3,60,0,NaN,8.4,239,21.6,14.4,11.4,0.00
2025-02-17T12:00,19.6,54,0,NaN,4.8,297,23.3,16.1,11.8,0.00
2025-02-17T13:00,20.5,51,0,NaN,8.3,355,23.9,17.5,12.3,0.00
2025-02-17T14:00,20.0,52,0,NaN,12.4,17,22.0,18.2,12.8,0.00
2025-02-17T15:00,19.4,52,0,NaN,14.2,27,20.6,18.2,13.3,0.00
2025-02-17T16:00,18.4,56,0,NaN,14.0,35,18.3,17.8,13.6,0.00
2025-02-17T17:00,17.2,63,0,NaN,11.2,48,15.9,16.9,13.9,0.00
2025-02-17T18:00,15.2,68,85,NaN,6.5,34,12.7,15.7,14.1,0.00
2025-02-17T19:00,13.7,74,100,NaN,3.5,24,11.3,14.4,14.2,0.00
2025-02-17T20:00,13.4,75,100,NaN,0.8,27,10.2,13.3,14.1,0.00
2025-02-17T21:00,13.5,70,100,NaN,1.1,360,9.7,12.5,14.0,0.00
2025-02-17T22:00,13.4,70,86,NaN,0.4,270,8.8,11.9,13.8,0.00
2025-02-17T23:00,12.6,72,97,NaN,2.6,236,7.5,11.2,13.6,0.00
2025-02-18T00:00,11.8,74,100,NaN,2.2,261,7.7,10.8,13.4,0.00
2025-02-18T01:00,11.5,75,99,NaN,1.3,214,7.1,10.3,13.1,0.00
2025-02-18T02:00,11.1,75,76,NaN,2.3,162,6.3,9.8,12.9,0.00
2025-02-18T03:00,9.9,81,100,NaN,0.8,63,5.5,9.0,12.6,0.00
2025-02-18T04:00,9.3,84,100,NaN,1.1,288,5.3,8.7,12.3,0.00
2025-02-18T05:00,9.3,84,100,NaN,2.2,180,5.1,8.3,12.0,0.00
2025-02-18T06:00,8.9,80,0,NaN,2.6,254,4.4,7.9,11.7,0.00
2025-02-18T07:00,7.4,85,0,NaN,3.5,246,4.3,7.6,11.4,0.00
2025-02-18T08:00,7.6,85,0,NaN,4.1,232,8.5,7.8,11.2,0.00
2025-02-18T09:00,13.6,74,0,NaN,5.4,250,16.1,9.8,11.1,0.00
2025-02-18T10:00,18.3,57,11,NaN,6.5,273,21.1,12.5,11.1,0.00
2025-02-18T11:00,20.7,52,14,NaN,6.9,276,23.8,15.0,11.4,0.00
2025-02-18T12:00,21.6,53,63,NaN,9.7,329,24.7,16.8,11.8,0.00
2025-02-18T13:00,22.3,55,100,NaN,9.7,356,25.2,18.3,12.3,0.00
2025-02-18T14:00,21.6,61,100,NaN,11.8,20,24.1,19.0,12.9,0.00
2025-02-18T15:00,20.3,63,100,NaN,12.5,39,21.2,18.7,13.4,0.00
2025-02-18T16:00,19.4,64,100,NaN,11.7,43,18.6,18.3,13.8,0.00
2025-02-18T17:00,18.3,68,100,NaN,8.0,36,16.7,17.3,14.1,0.00
2025-02-18T18:00,16.6,75,88,NaN,5.8,7,14.5,16.3,14.3,0.00
2025-02-18T19:00,15.5,79,100,NaN,3.7,349,13.8,15.3,14.4,0.00
2025-02-18T20:00,15.1,81,78,NaN,1.5,14,12.6,14.6,14.4,0.00
2025-02-18T21:00,14.8,79,95,NaN,1.3,326,12.2,13.8,14.4,0.00
2025-02-18T22:00,14.3,79,97,NaN,2.3,309,12.1,13.4,14.3,0.00
2025-02-18T23:00,13.6,80,80,NaN,4.3,5,12.0,13.2,14.2,0.00
2025-02-19T00:00,14.0,86,100,NaN,1.9,22,11.5,12.9,14.1,0.00
2025-02-19T01:00,13.5,95,100,NaN,3.6,96,12.2,12.8,13.9,0.00
2025-02-19T02:00,13.5,100,100,NaN,3.7,101,12.8,12.9,13.8,0.00
2025-02-19T03:00,14.0,100,100,NaN,0.8,63,12.9,13.1,13.7,0.00
2025-02-19T04:00,13.6,100,100,NaN,4.3,246,13.0,13.1,13.7,0.00
2025-02-19T05:00,13.2,99,100,NaN,2.6,236,12.3,13.1,13.6,0.00
2025-02-19T06:00,13.1,98,100,NaN,4.1,225,12.6,13.0,13.5,0.00
2025-02-19T07:00,13.0,99,98,NaN,3.1,216,12.4,13.0,13.5,0.00
2025-02-19T08:00,13.5,99,93,NaN,3.6,180,14.4,13.1,13.4,0.00
2025-02-19T09:00,15.3,91,86,NaN,3.1,234,18.3,14.0,13.4,0.00
2025-02-19T10:00,16.5,85,84,NaN,6.4,286,19.7,15.1,13.5,0.00
2025-02-19T11:00,17.2,81,84,NaN,7.9,313,20.4,16.1,13.7,0.00
2025-02-19T12:00,17.8,78,80,NaN,10.8,339,20.3,17.2,13.9,0.00
2025-02-19T13:00,18.0,75,100,NaN,10.2,8,22.3,17.7,14.2,0.00
2025-02-19T14:00,17.5,79,100,NaN,9.8,24,21.4,18.0,14.5,0.00
2025-02-19T15:00,17.9,77,84,NaN,11.4,13,19.9,18.2,14.7,0.00
2025-02-19T16:00,17.5,75,51,NaN,11.0,19,18.7,17.9,14.9,0.00
2025-02-19T17:00,16.6,78,48,NaN,9.5,25,16.2,17.3,15.1,0.00
2025-02-19T18:00,15.3,84,64,NaN,6.6,41,13.7,16.4,15.2,0.00
2025-02-19T19:00,14.2,91,45,NaN,3.1,36,12.6,15.3,15.2,0.00
2025-02-19T20:00,13.5,92,39,NaN,1.5,14,11.1,14.4,15.1,0.00
2025-02-19T21:00,13.2,91,41,NaN,1.1,198,10.2,13.6,15.0,0.00
2025-02-19T22:00,12.5,94,49,NaN,2.8,220,9.9,12.8,14.8,0.00
2025-02-19T23:00,11.1,98,67,NaN,3.1,234,10.0,12.4,14.6,0.00
2025-02-20T00:00,10.4,98,72,NaN,3.6,217,9.7,12.2,14.4,0.00
2025-02-20T01:00,10.0,98,74,NaN,3.8,197,9.3,11.9,14.2,0.00
2025-02-20T02:00,9.5,99,78,NaN,3.3,186,9.0,11.5,14.0,0.00
2025-02-20T03:00,9.5,98,73,NaN,3.6,180,8.9,11.3,13.8,0.00
2025-02-20T04:00,9.0,100,81,NaN,3.2,180,8.6,11.1,13.6,0.00
2025-02-20T05:00,8.7,100,71,NaN,3.3,193,8.1,10.8,13.4,0.00
2025-02-20T06:00,8.3,100,66,NaN,4.1,195,7.9,10.6,13.2,0.00
2025-02-20T07:00,7.9,100,66,NaN,4.0,207,7.6,10.3,13.0,0.00
2025-02-20T08:00,8.7,98,61,NaN,3.4,212,10.6,10.3,12.8,0.00
2025-02-20T09:00,12.6,88,30,NaN,3.9,236,16.4,11.4,12.6,0.00
2025-02-20T10:00,15.6,81,7,NaN,1.8,270,19.7,13.5,12.7,0.00
2025-02-20T11:00,17.5,73,42,NaN,3.5,24,21.6,15.3,12.8,0.00
2025-02-20T12:00,18.4,69,43,NaN,7.7,28,23.0,16.7,13.1,0.00
2025-02-20T13:00,18.7,67,72,NaN,11.4,28,22.7,17.9,13.5,0.00
2025-02-20T14:00,18.0,73,53,NaN,13.9,31,21.4,18.3,13.9,0.00
2025-02-20T15:00,17.9,73,39,NaN,14.1,32,20.6,18.4,14.3,0.00
2025-02-20T16:00,17.2,73,23,NaN,13.3,41,18.4,18.0,14.6,0.00
2025-02-20T17:00,16.3,79,38,NaN,12.0,46,16.0,17.2,14.8,0.00
2025-02-20T18:00,14.9,83,26,NaN,8.4,43,13.2,16.2,14.9,0.00
2025-02-20T19:00,13.7,90,27,NaN,4.4,35,11.9,15.0,14.9,0.00
2025-02-20T20:00,12.8,92,3,NaN,2.4,27,10.5,13.9,14.9,0.00
2025-02-20T21:00,12.7,90,0,NaN,1.1,270,9.2,13.0,14.7,0.00
2025-02-20T22:00,11.8,95,0,NaN,3.1,234,8.5,12.1,14.5,0.00
2025-02-20T23:00,10.0,100,52,NaN,3.4,212,8.6,11.5,14.2,0.00
2025-02-21T00:00,9.1,100,63,NaN,3.7,191,8.3,11.3,14.0,0.00
2025-02-21T01:00,8.7,100,66,NaN,3.3,193,8.0,10.9,13.7,0.00
2025-02-21T02:00,8.2,100,65,NaN,2.9,173,7.4,10.5,13.5,0.00
2025-02-21T03:00,7.9,99,43,NaN,3.2,180,7.3,10.3,13.2,0.00
2025-02-21T04:00,7.5,100,58,NaN,2.9,180,6.9,9.9,13.0,0.00
2025-02-21T05:00,8.0,100,69,NaN,3.3,186,7.1,9.6,12.7,0.00
2025-02-21T06:00,8.6,100,68,NaN,3.1,201,7.1,9.4,12.5,0.00
2025-02-21T07:00,8.6,100,67,NaN,2.6,196,6.9,9.3,12.3,0.00
2025-02-21T08:00,9.1,99,66,NaN,3.0,194,10.5,9.5,12.1,0.00
2025-02-21T09:00,12.7,96,52,NaN,1.3,236,16.3,11.0,11.9,0.00
2025-02-21T10:00,16.4,79,2,NaN,1.5,14,20.2,13.3,12.0,0.00
2025-02-21T11:00,18.5,69,2,NaN,4.3,48,22.6,15.4,12.3,0.00
2025-02-21T12:00,19.5,64,5,NaN,10.9,34,23.4,17.1,12.7,0.00
2025-02-21T13:00,20.1,64,12,NaN,14.2,30,23.5,18.3,13.2,0.00
2025-02-21T14:00,19.6,62,100,NaN,14.3,28,21.7,18.7,13.7,0.00
2025-02-21T15:00,18.0,64,100,NaN,10.3,25,18.4,17.5,14.0,0.00
2025-02-21T16:00,17.7,68,78,NaN,8.9,21,18.1,17.2,14.3,0.00
2025-02-21T17:00,16.8,75,100,NaN,7.4,29,15.8,16.6,14.6,0.00
2025-02-21T18:00,15.6,82,100,NaN,4.7,23,13.8,15.7,14.7,0.00
2025-02-21T19:00,14.3,89,0,NaN,3.5,336,12.1,14.7,14.7,0.00
2025-02-21T20:00,13.0,90,0,NaN,3.6,307,11.1,13.7,14.6,0.00
2025-02-21T21:00,13.3,83,0,NaN,1.8,270,9.8,13.0,14.5,0.00
2025-02-21T22:00,12.9,84,0,NaN,1.0,135,9.0,12.2,14.3,0.00
2025-02-21T23:00,12.5,85,53,NaN,1.5,135,9.0,11.5,14.0,0.00
2025-02-22T00:00,10.0,98,31,NaN,2.9,173,8.7,11.0,13.8,0.00
2025-02-22T01:00,9.2,100,49,NaN,3.3,186,8.5,10.8,13.5,0.00
2025-02-22T02:00,9.1,97,7,NaN,1.8,180,7.9,10.5,13.3,0.00
2025-02-22T03:00,8.8,95,96,NaN,3.1,225,7.8,10.4,13.0,0.00
2025-02-22T04:00,9.4,92,100,NaN,0.7,180,8.3,10.2,12.8,0.00
2025-02-22T05:00,10.3,87,100,NaN,0.7,360,8.2,10.1,12.6,0.00
2025-02-22T06:00,10.2,89,100,NaN,1.8,37,8.1,9.9,12.4,0.00
2025-02-22T07:00,10.8,88,100,NaN,5.1,94,9.0,10.0,12.2,0.00
2025-02-22T08:00,11.2,92,100,NaN,4.2,110,11.3,10.4,12.1,0.00
2025-02-22T09:00,13.5,91,100,NaN,2.5,135,15.0,11.6,12.1,0.00
2025-02-22T10:00,15.9,86,100,NaN,3.7,29,18.5,13.3,12.1,0.00
2025-02-22T11:00,17.2,85,100,NaN,7.0,12,20.6,14.8,12.4,0.00
2025-02-22T12:00,17.7,82,100,NaN,8.2,23,20.4,16.1,12.7,0.00
2025-02-22T13:00,17.9,77,100,NaN,8.1,32,19.4,16.6,13.1,0.00
2025-02-22T14:00,17.6,77,100,NaN,11.7,18,18.4,16.6,13.4,0.00
2025-02-22T15:00,17.4,74,100,NaN,11.6,30,17.4,16.9,13.8,0.00
2025-02-22T16:00,16.4,83,100,NaN,10.8,26,15.9,16.4,14.0,0.20
2025-02-22T17:00,15.6,90,100,NaN,9.8,54,15.0,15.7,14.2,0.30
2025-02-22T18:00,15.0,93,100,NaN,10.5,16,14.6,15.2,14.2,1.40
2025-02-22T19:00,14.3,96,100,NaN,4.1,105,14.1,14.8,14.3,4.00
2025-02-22T20:00,13.9,96,79,NaN,5.0,210,13.1,14.4,14.3,0.00
2025-02-22T21:00,13.4,96,53,NaN,6.6,209,12.3,13.9,14.3,0.00
2025-02-22T22:00,12.7,82,27,NaN,9.4,198,11.0,13.3,14.2,0.00
2025-02-22T23:00,12.0,84,49,NaN,9.5,205,10.5,12.7,14.1,0.00
2025-02-23T00:00,11.9,82,12,NaN,11.1,205,10.3,12.4,13.9,0.00
2025-02-23T01:00,11.6,81,32,NaN,11.9,209,10.1,12.0,13.8,0.00
2025-02-23T02:00,11.4,82,11,NaN,11.9,209,9.9,11.7,13.6,0.00
2025-02-23T03:00,11.0,82,15,NaN,10.9,207,9.3,11.4,13.5,0.00
2025-02-23T04:00,10.6,83,47,NaN,7.6,205,9.0,11.1,13.3,0.00
2025-02-23T05:00,10.1,85,49,NaN,5.8,202,8.7,10.8,13.1,0.00
2025-02-23T06:00,9.9,84,77,NaN,6.2,190,9.0,10.7,12.9,0.00
2025-02-23T07:00,10.2,84,73,NaN,7.9,183,9.2,10.6,12.8,0.00
2025-02-23T08:00,11.3,82,56,NaN,6.4,196,11.5,10.8,12.6,0.00
2025-02-23T09:00,13.1,82,100,NaN,5.6,140,13.7,12.0,12.6,0.00
2025-02-23T10:00,13.9,81,70,NaN,5.5,203,16.3,12.8,12.6,0.00
2025-02-23T11:00,15.7,76,24,NaN,8.6,237,20.9,14.3,12.7,0.00
2025-02-23T12:00,16.4,75,64,NaN,4.1,322,20.0,15.9,12.9,0.00
2025-02-23T13:00,16.2,79,75,NaN,8.4,353,20.6,16.7,13.2,0.00
2025-02-23T14:00,15.6,82,83,NaN,9.8,8,18.8,17.0,13.5,0.00
2025-02-23T15:00,16.7,72,77,NaN,7.9,16,20.3,17.3,13.8,0.00
2025-02-23T16:00,16.3,72,54,NaN,8.5,28,17.7,17.1,14.1,0.00
2025-02-23T17:00,15.8,73,43,NaN,8.2,38,15.4,16.6,14.3,0.00
2025-02-23T18:00,14.5,81,1,NaN,6.5,56,12.7,15.6,14.4,0.00
2025-02-23T19:00,12.9,88,0,NaN,4.3,85,11.2,14.5,14.5,0.00
2025-02-23T20:00,12.2,90,11,NaN,2.3,39,10.1,13.5,14.4,0.00
2025-02-23T21:00,11.7,91,23,NaN,1.8,281,8.9,12.5,14.3,0.00
2025-02-23T22:00,10.4,96,24,NaN,2.9,277,8.8,11.8,14.1,0.00
2025-02-23T23:00,10.0,96,56,NaN,2.9,187,8.5,11.3,13.9,0.00
2025-02-24T00:00,9.2,98,57,NaN,5.1,172,8.7,11.0,13.7,0.00
2025-02-24T01:00,8.7,97,42,NaN,4.4,171,8.1,10.8,13.5,0.00
2025-02-24T02:00,8.1,98,47,NaN,2.9,210,7.4,10.4,13.3,0.00
2025-02-24T03:00,7.3,100,65,NaN,4.2,211,7.1,10.1,13.0,0.00
2025-02-24T04:00,6.9,100,59,NaN,4.3,204,6.7,9.7,12.8,0.00
2025-02-24T05:00,6.9,98,45,NaN,4.0,185,6.5,9.4,12.6,0.00
2025-02-24T06:00,6.9,97,37,NaN,4.0,185,6.3,9.2,12.4,0.00
2025-02-24T07:00,6.4,98,47,NaN,3.7,191,6.1,8.9,12.2,0.00
2025-02-24T08:00,7.5,97,23,NaN,3.1,216,9.7,9.0,11.9,0.00
2025-02-24T09:00,12.3,84,4,NaN,4.5,241,16.1,10.6,11.8,0.00
2025-02-24T10:00,15.2,78,4,NaN,3.5,246,19.2,12.6,11.9,0.00
2025-02-24T11:00,17.1,68,4,NaN,1.3,304,20.7,14.4,12.1,0.00
2025-02-24T12:00,18.2,64,35,NaN,3.6,354,22.1,15.9,12.4,0.00
2025-02-24T13:00,18.6,65,55,NaN,9.0,23,22.7,17.0,12.7,0.00
2025-02-24T14:00,18.5,65,93,NaN,12.6,37,22.6,17.8,13.1,0.00
2025-02-24T15:00,18.1,67,100,NaN,14.4,32,19.5,17.9,13.5,0.00
2025-02-24T16:00,17.2,71,100,NaN,13.5,44,17.0,17.3,13.9,0.00
2025-02-24T17:00,16.3,77,100,NaN,10.7,45,15.5,16.4,14.1,0.00
2025-02-24T18:00,15.2,81,100,NaN,6.0,17,13.5,15.7,14.2,0.00
2025-02-24T19:00,13.9,87,29,NaN,2.4,27,11.7,14.6,14.3,0.00
2025-02-24T20:00,13.4,87,0,NaN,0.8,117,10.1,13.6,14.3,0.00
2025-02-24T21:00,12.8,85,0,NaN,2.0,225,9.0,12.6,14.1,0.00
2025-02-24T22:00,10.9,94,0,NaN,4.0,207,9.3,11.9,14.0,0.00
2025-02-24T23:00,9.5,96,28,NaN,4.4,189,8.7,11.5,13.8,0.00
2025-02-25T00:00,8.8,96,34,NaN,4.5,194,8.1,11.1,13.6,0.00
2025-02-25T01:00,8.4,95,33,NaN,4.7,203,7.6,10.6,13.4,0.00
2025-02-25T02:00,8.3,93,4,NaN,4.7,203,7.3,10.3,13.2,0.00
2025-02-25T03:00,8.1,91,4,NaN,4.7,203,7.0,9.9,13.0,0.00
2025-02-25T04:00,8.0,91,5,NaN,4.6,198,6.8,9.6,12.7,0.00
2025-02-25T05:00,7.8,91,8,NaN,3.9,202,6.6,9.4,12.5,0.00
2025-02-25T06:00,7.7,91,5,NaN,5.2,205,6.5,9.1,12.3,0.00
2025-02-25T07:00,7.8,91,86,NaN,4.7,212,6.6,8.9,12.1,0.00
2025-02-25T08:00,9.4,88,31,NaN,4.6,219,10.4,9.2,11.9,0.00
2025-02-25T09:00,14.3,81,40,NaN,6.3,239,16.7,10.9,11.8,0.00
2025-02-25T10:00,17.0,71,85,NaN,11.9,245,19.5,13.0,11.9,0.00
2025-02-25T11:00,18.8,63,65,NaN,14.2,249,21.2,14.8,12.1,0.00
2025-02-25T12:00,20.5,53,93,NaN,14.1,251,23.5,16.3,12.4,0.00
2025-02-25T13:00,21.4,46,87,NaN,13.0,268,24.0,17.6,12.8,0.00
2025-02-25T14:00,21.8,44,89,NaN,15.0,287,23.4,18.5,13.2,0.00
2025-02-25T15:00,21.3,43,96,NaN,16.1,312,21.3,18.8,13.7,0.00
2025-02-25T16:00,20.5,38,100,NaN,13.8,313,19.5,18.7,14.1,0.00
2025-02-25T17:00,19.2,44,100,NaN,7.5,305,17.0,17.9,14.4,0.00
2025-02-25T18:00,17.3,45,100,NaN,5.6,225,13.4,16.8,14.6,0.00
2025-02-25T19:00,14.8,48,100,NaN,7.9,196,12.5,15.3,14.7,0.00
2025-02-25T20:00,14.7,50,99,NaN,7.6,199,12.5,14.5,14.7,0.00
2025-02-25T21:00,14.6,51,55,NaN,7.5,197,12.3,14.2,14.6,0.00
2025-02-25T22:00,14.0,57,93,NaN,7.1,195,12.0,13.7,14.6,0.00
2025-02-25T23:00,14.0,64,95,NaN,6.9,186,12.7,13.5,14.5,0.00
2025-02-26T00:00,14.2,70,78,NaN,6.7,196,12.7,13.4,14.4,0.00
2025-02-26T01:00,13.6,77,50,NaN,6.5,186,11.7,13.2,14.3,0.00
2025-02-26T02:00,13.3,82,74,NaN,6.2,190,11.8,13.0,14.2,0.00
2025-02-26T03:00,12.9,86,100,NaN,5.8,187,11.1,12.7,14.1,0.00
2025-02-26T04:00,12.4,90,100,NaN,4.7,189,10.7,12.4,14.0,0.00
2025-02-26T05:00,12.2,90,99,NaN,2.2,180,10.7,12.2,13.8,0.00
2025-02-26T06:00,12.3,92,96,NaN,2.6,146,10.4,12.2,13.7,0.00
2025-02-26T07:00,11.7,94,64,NaN,3.5,156,10.5,12.0,13.5,0.00
2025-02-26T08:00,12.5,94,64,NaN,2.5,180,13.8,12.1,13.4,0.00
2025-02-26T09:00,16.2,81,36,NaN,3.9,236,19.4,13.6,13.4,0.00
2025-02-26T10:00,17.7,71,62,NaN,3.5,294,20.7,15.4,13.5,0.00
2025-02-26T11:00,18.4,67,78,NaN,5.4,352,22.3,16.6,13.7,0.00
2025-02-26T12:00,18.6,66,78,NaN,7.2,18,21.9,17.6,14.0,0.00
2025-02-26T13:00,18.8,65,82,NaN,10.2,18,21.7,18.3,14.3,0.00
2025-02-26T14:00,18.7,67,45,NaN,12.2,28,22.6,18.5,14.6,0.00
2025-02-26T15:00,18.5,67,42,NaN,15.5,36,20.9,18.8,14.9,0.00
2025-02-26T16:00,17.8,69,46,NaN,16.3,45,18.7,18.4,15.2,0.00
2025-02-26T17:00,16.8,77,30,NaN,15.3,51,16.5,17.7,15.3,0.00
2025-02-26T18:00,15.2,81,7,NaN,9.2,42,13.6,16.6,15.4,0.00
2025-02-26T19:00,13.7,85,20,NaN,4.4,35,12.0,15.4,15.4,0.00
2025-02-26T20:00,13.1,86,0,NaN,1.5,14,10.4,14.2,15.4,0.00
2025-02-26T21:00,12.3,87,0,NaN,3.2,270,9.3,13.2,15.2,0.00
2025-02-26T22:00,10.1,97,25,NaN,3.5,246,9.3,12.5,15.0,0.00
2025-02-26T23:00,9.5,97,43,NaN,3.3,221,8.7,11.9,14.7,0.00
2025-02-27T00:00,9.6,94,35,NaN,3.6,186,8.5,11.6,14.5,0.00
2025-02-27T01:00,9.6,94,70,NaN,2.7,157,9.0,11.3,14.2,0.00
2025-02-27T02:00,9.7,94,91,NaN,2.6,164,9.4,11.2,14.0,0.00
2025-02-27T03:00,9.6,94,69,NaN,2.9,187,8.9,11.0,13.8,0.00
2025-02-27T04:00,9.3,94,70,NaN,2.2,189,8.7,10.9,13.5,0.00
2025-02-27T05:00,8.9,94,94,NaN,2.6,196,8.1,10.7,13.3,0.00
2025-02-27T06:00,8.7,96,100,NaN,3.1,201,8.4,10.4,13.1,0.00
2025-02-27T07:00,9.2,94,100,NaN,2.9,180,8.3,10.3,12.9,0.00
2025-02-27T08:00,10.5,91,89,NaN,2.2,171,11.8,10.5,12.8,0.00
2025-02-27T09:00,13.9,85,83,NaN,0.7,270,17.1,12.1,12.7,0.00
2025-02-27T10:00,16.3,77,89,NaN,1.1,342,19.7,13.9,12.8,0.00
2025-02-27T11:00,18.0,71,41,NaN,2.3,342,21.9,15.6,13.0,0.00
2025-02-27T12:00,19.0,69,100,NaN,5.0,330,22.3,17.0,13.3,0.00
2025-02-27T13:00,19.7,69,100,NaN,9.4,2,23.4,18.2,13.7,0.00
2025-02-27T14:00,18.8,72,100,NaN,13.2,17,21.6,18.7,14.1,0.00
2025-02-27T15:00,17.9,73,100,NaN,14.6,20,19.7,18.3,14.4,0.00
2025-02-27T16:00,17.1,75,100,NaN,13.6,22,17.7,18.0,14.7,0.00
2025-02-27T17:00,16.2,79,100,NaN,10.6,24,15.9,17.1,14.9,0.00
2025-02-27T18:00,15.2,85,100,NaN,7.8,22,13.9,16.3,15.1,0.00
2025-02-27T19:00,13.9,93,100,NaN,4.0,27,12.5,15.2,15.1,0.00
2025-02-27T20:00,13.3,93,87,NaN,1.3,34,11.1,14.3,15.0,0.00
2025-02-27T21:00,12.9,93,100,NaN,0.5,135,10.0,13.4,14.9,0.00
2025-02-27T22:00,12.4,95,98,NaN,1.3,124,9.6,12.7,14.7,0.00
2025-02-27T23:00,11.8,97,100,NaN,1.9,248,9.7,12.3,14.5,0.00
2025-02-28T00:00,10.7,100,100,NaN,1.8,217,8.2,11.6,14.3,0.00
2025-02-28T01:00,10.6,100,100,NaN,3.1,216,8.7,11.2,14.1,0.00
2025-02-28T02:00,10.3,99,100,NaN,3.7,259,10.0,11.2,13.8,0.00
2025-02-28T03:00,10.3,100,100,NaN,4.3,175,9.9,11.4,13.7,0.00
2025-02-28T04:00,10.2,100,100,NaN,3.4,162,9.8,11.4,13.5,0.00
2025-02-28T05:00,10.5,99,100,NaN,3.1,144,10.3,11.4,13.3,0.00
2025-02-28T06:00,10.6,100,99,NaN,1.8,143,9.8,11.3,13.2,0.00
2025-02-28T07:00,10.2,100,82,NaN,2.5,225,9.4,11.1,13.1,0.00
2025-02-28T08:00,10.8,100,100,NaN,3.6,270,13.3,11.3,12.9,0.00
2025-02-28T09:00,13.1,97,100,NaN,3.2,270,16.5,12.4,12.9,0.00
2025-02-28T10:00,15.6,83,100,NaN,7.9,51,17.0,13.8,13.0,0.00
2025-02-28T11:00,17.4,75,100,NaN,8.4,40,21.2,15.0,13.1,0.00
2025-02-28T12:00,18.6,70,100,NaN,9.0,355,22.6,16.7,13.4,0.00
2025-02-28T13:00,18.6,66,100,NaN,14.5,19,21.7,17.5,13.7,0.00
2025-02-28T14:00,18.2,69,100,NaN,13.4,36,20.5,17.8,14.0,0.00
2025-02-28T15:00,17.2,76,100,NaN,13.8,20,18.4,17.3,14.3,0.00
2025-02-28T16:00,16.6,80,100,NaN,14.7,25,17.1,17.0,14.5,0.00
2025-02-28T17:00,15.7,86,100,NaN,3.8,287,15.6,16.4,14.6,0.10
2025-02-28T18:00,14.9,92,100,NaN,4.0,333,14.2,15.7,14.7,0.40
2025-02-28T19:00,14.1,94,100,NaN,6.6,229,13.9,15.1,14.8,0.00
2025-02-28T20:00,13.8,95,100,NaN,5.2,245,13.5,14.6,14.8,0.00
2025-02-28T21:00,13.4,96,100,NaN,3.6,225,13.1,14.2,14.7,0.00
2025-02-28T22:00,13.1,97,100,NaN,3.6,180,12.7,13.9,14.6,0.00
2025-02-28T23:00,13.0,96,100,NaN,2.9,187,12.4,13.6,14.5,0.00
2025-03-01T00:00,12.9,96,100,NaN,4.3,246,12.3,13.4,14.4,0.00
2025-03-01T01:00,12.7,96,100,NaN,5.6,220,12.1,13.2,14.3,0.00
2025-03-01T02:00,12.6,95,88,NaN,3.9,202,12.0,13.1,14.2,0.00
2025-03-01T03:00,11.5,96,28,NaN,3.6,217,10.1,12.6,14.1,0.00
2025-03-01T04:00,10.8,94,43,NaN,3.8,221,9.3,12.1,14.0,0.00
2025-03-01T05:00,10.1,92,5,NaN,3.7,209,8.5,11.5,13.8,0.00
2025-03-01T06:00,9.3,90,1,NaN,4.8,207,8.1,11.0,13.6,0.00
2025-03-01T07:00,9.0,88,2,NaN,4.2,200,7.9,10.6,13.4,0.00
2025-03-01T08:00,10.6,87,43,NaN,4.9,197,11.7,10.6,13.2,0.00
2025-03-01T09:00,13.5,86,46,NaN,6.4,223,15.9,11.8,13.0,0.00
2025-03-01T10:00,15.1,79,51,NaN,12.7,245,16.9,13.2,13.0,0.00
2025-03-01T11:00,15.9,73,72,NaN,16.1,260,16.9,14.2,13.1,0.00
2025-03-01T12:00,16.4,68,69,NaN,18.1,264,17.9,15.1,13.3,0.00
2025-03-01T13:00,16.7,64,72,NaN,17.7,275,18.0,15.6,13.5,0.00
2025-03-01T14:00,16.2,67,71,NaN,15.7,286,17.0,15.8,13.7,0.00
2025-03-01T15:00,15.4,72,98,NaN,13.7,305,15.2,15.8,13.9,0.00
2025-03-01T16:00,15.0,77,91,NaN,9.4,317,15.3,15.6,14.0,0.00
2025-03-01T17:00,14.4,83,100,NaN,8.5,324,14.4,15.1,14.2,0.00
2025-03-01T18:00,13.6,87,98,NaN,6.2,324,13.2,14.7,14.3,0.00
2025-03-01T19:00,13.4,88,97,NaN,1.3,214,12.9,14.1,14.3,0.00
2025-03-01T20:00,13.2,89,94,NaN,1.0,135,12.6,13.8,14.2,0.00
2025-03-01T21:00,12.5,92,84,NaN,2.6,164,11.9,13.3,14.2,0.00
2025-03-01T22:00,12.0,91,61,NaN,3.8,221,10.9,13.0,14.1,0.00
2025-03-01T23:00,11.2,92,47,NaN,4.2,239,9.9,12.5,14.0,0.00
2025-03-02T00:00,10.1,92,27,NaN,4.1,195,8.8,11.7,13.7,0.00
2025-03-02T01:00,9.5,92,13,NaN,4.2,200,8.4,11.2,13.6,0.00
2025-03-02T02:00,9.0,92,18,NaN,4.5,209,8.0,10.8,13.4,0.00
2025-03-02T03:00,8.6,92,4,NaN,4.5,209,7.6,10.4,13.2,0.00
2025-03-02T04:00,8.2,92,3,NaN,3.8,197,7.1,10.0,13.0,0.00
2025-03-02T05:00,7.5,94,35,NaN,3.4,198,6.6,9.7,12.8,0.00
2025-03-02T06:00,6.9,96,90,NaN,3.3,193,6.2,9.2,12.5,0.00
2025-03-02T07:00,6.8,95,100,NaN,2.9,187,6.4,8.9,12.3,0.00
2025-03-02T08:00,8.1,94,100,NaN,2.5,180,9.9,9.1,12.1,0.00
2025-03-02T09:00,11.6,92,100,NaN,0.8,207,14.1,10.3,11.9,0.00
2025-03-02T10:00,14.0,77,100,NaN,1.5,14,16.9,11.9,11.9,0.00
2025-03-02T11:00,15.9,72,100,NaN,5.9,47,18.9,13.5,12.1,0.00
2025-03-02T12:00,16.9,69,100,NaN,10.6,35,20.0,14.9,12.3,0.00
2025-03-02T13:00,17.8,67,100,NaN,14.1,32,19.9,16.0,12.6,0.00
2025-03-02T14:00,17.7,64,61,NaN,18.3,32,19.6,16.5,13.0,0.00
2025-03-02T15:00,17.4,67,39,NaN,21.8,39,18.5,16.5,13.3,0.00
2025-03-02T16:00,17.2,69,21,NaN,21.4,48,17.2,16.4,13.6,0.00
2025-03-02T17:00,16.6,79,34,NaN,15.5,54,15.9,16.0,13.8,0.00
2025-03-02T18:00,15.7,83,66,NaN,11.5,39,14.0,15.5,14.0,0.00
2025-03-02T19:00,14.4,93,45,NaN,7.4,23,12.8,14.6,14.1,0.00
2025-03-02T20:00,14.0,95,100,NaN,5.4,8,12.7,14.0,14.1,0.00
2025-03-02T21:00,13.9,95,96,NaN,2.9,300,12.7,13.6,14.0,0.00
2025-03-02T22:00,13.5,95,99,NaN,3.2,270,11.9,13.3,14.0,0.00
2025-03-02T23:00,12.9,97,100,NaN,5.8,240,12.3,13.1,13.9,0.00
2025-03-03T00:00,13.2,99,100,NaN,4.2,239,13.0,13.0,13.8,0.00
2025-03-03T01:00,13.1,99,100,NaN,4.2,239,12.4,13.0,13.8,0.00
2025-03-03T02:00,13.0,99,100,NaN,4.4,215,12.3,13.0,13.7,0.00
2025-03-03T03:00,12.4,99,100,NaN,4.5,209,11.7,12.9,13.7,0.00
2025-03-03T04:00,12.4,99,100,NaN,4.3,204,11.8,12.7,13.6,0.00
2025-03-03T05:00,12.1,98,100,NaN,4.5,194,11.2,12.5,13.5,0.00
2025-03-03T06:00,12.1,100,100,NaN,4.0,180,11.8,12.5,13.5,0.00
2025-03-03T07:00,11.6,98,97,NaN,4.3,175,11.1,12.3,13.4,0.00
2025-03-03T08:00,12.9,96,63,NaN,3.6,180,14.2,12.5,13.3,0.00
2025-03-03T09:00,15.9,90,52,NaN,3.1,216,18.7,13.8,13.3,0.00
2025-03-03T10:00,17.9,83,52,NaN,5.5,259,21.0,15.4,13.5,0.00
2025-03-03T11:00,19.5,72,36,NaN,6.5,251,22.7,16.8,13.7,0.00
2025-03-03T12:00,20.4,64,33,NaN,7.5,287,23.5,18.1,14.0,0.00
2025-03-03T13:00,21.1,62,16,NaN,6.6,319,24.5,19.0,14.4,0.00
2025-03-03T14:00,19.7,76,98,NaN,13.7,357,22.1,19.6,14.8,0.00
2025-03-03T15:00,19.2,75,100,NaN,15.0,17,20.9,19.5,15.1,0.00
2025-03-03T16:00,18.1,79,100,NaN,13.8,28,18.4,18.8,15.4,0.00
2025-03-03T17:00,17.3,82,100,NaN,10.7,42,17.1,18.0,15.6,0.00
2025-03-03T18:00,16.3,89,100,NaN,7.5,35,15.2,17.2,15.7,0.00
2025-03-03T19:00,15.3,92,74,NaN,2.5,360,13.9,16.3,15.7,0.00
2025-03-03T20:00,14.3,95,73,NaN,3.7,11,13.1,15.4,15.7,0.00
2025-03-03T21:00,14.2,94,91,NaN,3.2,360,12.4,14.8,15.7,0.00
2025-03-03T22:00,13.7,97,100,NaN,1.1,288,12.5,14.3,15.5,0.00
2025-03-03T23:00,13.8,98,100,NaN,4.6,18,13.5,14.1,15.4,0.00
2025-03-04T00:00,14.5,97,100,NaN,5.1,39,14.3,14.3,15.2,0.00
2025-03-04T01:00,14.6,97,100,NaN,6.4,47,14.3,14.4,15.1,0.00
2025-03-04T02:00,14.4,97,100,NaN,6.1,28,13.9,14.4,15.0,0.00
2025-03-04T03:00,14.4,99,100,NaN,11.6,26,14.3,14.4,14.9,0.00
2025-03-04T04:00,14.5,97,100,NaN,9.7,45,14.2,14.4,14.9,0.00
2025-03-04T05:00,14.6,95,100,NaN,13.3,38,14.3,14.5,14.8,0.00
2025-03-04T06:00,14.7,97,100,NaN,6.4,38,14.4,14.5,14.8,0.00
2025-03-04T07:00,14.6,97,100,NaN,3.6,360,14.4,14.5,14.7,0.00
2025-03-04T08:00,15.1,96,100,NaN,5.1,8,15.5,14.6,14.7,0.00
2025-03-04T09:00,15.7,94,100,NaN,5.2,25,16.7,14.9,14.7,0.00
2025-03-04T10:00,16.4,89,100,NaN,8.0,5,18.0,15.6,14.7,0.10
2025-03-04T11:00,17.0,88,98,NaN,6.9,351,19.4,16.5,14.8,0.00
2025-03-04T12:00,16.8,87,94,NaN,5.2,326,19.2,17.2,15.0,0.00
2025-03-04T13:00,17.0,85,96,NaN,6.2,306,19.2,17.4,15.2,0.00
2025-03-04T14:00,17.0,84,98,NaN,4.3,246,19.1,17.5,15.4,0.00
2025-03-04T15:00,16.7,87,98,NaN,1.3,146,18.3,17.4,15.5,0.00
2025-03-04T16:00,16.8,84,93,NaN,2.9,360,17.9,17.2,15.6,0.00
2025-03-04T17:00,16.5,85,85,NaN,5.2,335,16.2,16.9,15.7,0.00
2025-03-04T18:00,15.7,90,72,NaN,4.7,351,14.7,16.4,15.8,0.00
2025-03-04T19:00,14.7,95,79,NaN,2.9,330,13.6,15.6,15.8,0.00
2025-03-04T20:00,14.1,96,77,NaN,3.1,324,13.1,14.9,15.7,0.00
2025-03-04T21:00,13.7,95,72,NaN,1.5,284,12.3,14.3,15.5,0.00
2025-03-04T22:00,13.5,95,47,NaN,2.1,211,11.8,13.9,15.4,0.00
2025-03-04T23:00,13.0,97,66,NaN,3.1,201,12.1,13.5,15.2,0.00
2025-03-05T00:00,12.8,99,74,NaN,3.8,229,12.4,13.6,15.1,0.00
2025-03-05T01:00,12.3,98,64,NaN,4.1,218,11.4,13.3,14.9,0.00
2025-03-05T02:00,11.9,97,56,NaN,3.9,158,11.1,13.0,14.7,0.00
2025-03-05T03:00,11.7,100,83,NaN,3.1,144,11.1,12.9,14.6,0.00
2025-03-05T04:00,11.2,100,97,NaN,2.3,162,10.6,12.5,14.4,0.00
2025-03-05T05:00,11.2,100,91,NaN,2.9,150,10.6,12.3,14.2,0.00
2025-03-05T06:00,11.3,100,89,NaN,1.1,180,10.9,12.2,14.1,0.00
2025-03-05T07:00,11.7,100,85,NaN,2.3,198,10.7,12.0,13.9,0.00
2025-03-05T08:00,12.3,100,71,NaN,2.5,172,14.3,12.4,13.8,0.00
2025-03-05T09:00,14.9,97,56,NaN,0.8,27,18.1,13.8,13.7,0.00
2025-03-05T10:00,17.1,85,32,NaN,4.4,35,21.0,15.6,13.8,0.00
2025-03-05T11:00,18.3,79,43,NaN,3.3,41,21.4,17.0,14.1,0.00
2025-03-05T12:00,19.3,77,78,NaN,7.9,30,22.1,17.9,14.4,0.00
2025-03-05T13:00,19.4,77,45,NaN,11.7,47,22.5,18.7,14.8,0.00
2025-03-05T14:00,19.5,74,44,NaN,14.6,50,21.8,19.0,15.1,0.00
2025-03-05T15:00,19.5,78,100,NaN,12.5,39,21.8,18.9,15.4,0.00
2025-03-05T16:00,19.0,79,79,NaN,11.3,27,19.5,18.9,15.7,0.00
2025-03-05T17:00,18.0,84,83,NaN,9.5,11,17.6,18.2,16.0,0.00
2025-03-05T18:00,16.7,90,48,NaN,6.2,339,15.5,17.3,16.1,0.00
2025-03-05T19:00,15.6,94,100,NaN,3.7,331,14.3,16.3,16.1,0.00
2025-03-05T20:00,14.9,95,100,NaN,3.1,306,13.8,15.5,16.0,0.00
2025-03-05T21:00,14.6,94,61,NaN,5.2,295,13.5,15.0,15.9,0.00
2025-03-05T22:00,14.3,96,100,NaN,6.2,249,14.2,14.8,15.8,0.00
2025-03-05T23:00,14.3,93,100,NaN,3.6,276,13.8,14.8,15.6,0.00
2025-03-06T00:00,14.2,93,84,NaN,3.1,54,13.5,14.5,15.5,0.00
2025-03-06T01:00,13.9,94,100,NaN,2.0,135,13.4,14.4,15.4,0.00
2025-03-06T02:00,13.6,97,93,NaN,2.6,196,13.4,14.2,15.2,0.00
2025-03-06T03:00,13.5,98,100,NaN,4.8,207,13.4,14.1,15.1,0.00
2025-03-06T04:00,13.6,97,73,NaN,3.3,193,12.8,14.0,15.0,0.00
2025-03-06T05:00,13.4,96,84,NaN,1.3,146,12.2,13.7,14.9,0.00
2025-03-06T06:00,13.0,97,88,NaN,3.1,111,12.4,13.4,14.8,0.00
2025-03-06T07:00,12.4,99,92,NaN,2.4,153,12.3,13.3,14.6,0.00
2025-03-06T08:00,13.3,98,97,NaN,2.3,141,14.9,13.5,14.5,0.00
2025-03-06T09:00,15.1,94,100,NaN,0.4,180,17.0,14.5,14.5,0.00
2025-03-06T10:00,16.8,86,99,NaN,3.2,297,20.0,15.7,14.5,0.00
2025-03-06T11:00,17.9,81,95,NaN,3.5,294,20.5,16.9,14.7,0.00
2025-03-06T12:00,18.4,77,96,NaN,7.0,348,19.9,17.6,14.9,0.00
2025-03-06T13:00,17.7,86,100,NaN,10.4,2,20.5,17.9,15.2,0.00
2025-03-06T14:00,17.1,87,100,NaN,6.3,13,18.3,17.9,15.4,0.00
2025-03-06T15:00,17.3,85,100,NaN,6.3,329,19.0,18.0,15.6,0.00
2025-03-06T16:00,16.6,89,100,NaN,5.6,297,17.5,17.6,15.8,0.00
2025-03-06T17:00,16.1,88,100,NaN,5.4,290,16.2,17.1,15.9,0.00
2025-03-06T18:00,15.5,91,100,NaN,6.3,246,15.0,16.4,15.9,0.00
2025-03-06T19:00,15.1,92,100,NaN,6.4,232,14.7,15.9,15.9,0.00
2025-03-06T20:00,14.7,92,86,NaN,7.1,229,14.1,15.4,15.8,0.00
2025-03-06T21:00,14.2,92,100,NaN,6.5,214,13.6,14.9,15.7,0.00
2025-03-06T22:00,14.0,91,79,NaN,6.4,207,13.4,14.7,15.6,0.00
2025-03-06T23:00,13.9,90,83,NaN,7.3,213,13.5,14.5,15.5,0.00
2025-03-07T00:00,13.8,89,91,NaN,8.9,207,13.4,14.2,15.4,0.00
2025-03-07T01:00,13.8,89,93,NaN,9.3,216,13.3,14.2,15.3,0.00
2025-03-07T02:00,13.7,90,98,NaN,9.7,225,13.4,14.1,15.2,0.00
2025-03-07T03:00,13.7,90,92,NaN,8.8,235,13.3,14.0,15.1,0.00
2025-03-07T04:00,13.7,89,92,NaN,8.6,237,13.3,14.0,15.0,0.00
2025-03-07T05:00,13.8,87,95,NaN,7.7,233,13.2,13.9,14.9,0.00
2025-03-07T06:00,13.7,87,88,NaN,5.4,233,13.1,13.9,14.8,0.00
2025-03-07T07:00,13.6,88,95,NaN,4.0,243,13.1,13.8,14.7,0.00
2025-03-07T08:00,14.0,88,86,NaN,3.0,256,14.5,13.9,14.7,0.00
2025-03-07T09:00,15.4,86,77,NaN,4.8,283,17.6,14.5,14.6,0.00
2025-03-07T10:00,17.1,77,100,NaN,7.1,285,20.5,16.0,14.7,0.00
2025-03-07T11:00,18.3,72,95,NaN,8.6,272,22.2,17.1,14.8,0.00
2025-03-07T12:00,19.1,68,100,NaN,5.8,263,22.7,18.0,15.0,0.00
2025-03-07T13:00,19.4,68,100,NaN,5.8,292,21.9,18.6,15.3,0.00
2025-03-07T14:00,19.3,68,100,NaN,6.5,357,20.2,18.8,15.6,0.00
2025-03-07T15:00,19.2,76,85,NaN,8.6,15,21.9,18.9,15.8,0.00
2025-03-07T16:00,18.1,78,80,NaN,10.4,44,19.2,18.6,16.0,0.00
2025-03-07T17:00,17.9,81,54,NaN,8.4,50,17.8,18.2,16.2,0.00
2025-03-07T18:00,16.5,85,0,NaN,7.0,55,15.0,17.4,16.3,0.00
2025-03-07T19:00,14.9,92,0,NaN,4.2,20,13.4,16.3,16.3,0.00
2025-03-07T20:00,13.9,96,0,NaN,3.0,346,12.4,15.4,16.2,0.00
2025-03-07T21:00,13.4,98,30,NaN,1.5,315,11.2,14.5,16.1,0.00
2025-03-07T22:00,12.6,100,100,NaN,2.1,239,10.6,13.7,15.9,0.00
2025-03-07T23:00,12.1,100,100,NaN,2.5,172,10.4,13.2,15.7,0.00
2025-03-08T00:00,10.8,98,100,NaN,2.9,173,10.2,12.9,15.4,0.00
2025-03-08T01:00,10.0,96,100,NaN,2.9,180,9.5,12.5,15.2,0.00
2025-03-08T02:00,9.7,95,39,NaN,3.2,180,9.1,12.1,15.0,0.00
2025-03-08T03:00,9.0,98,51,NaN,3.6,180,8.4,11.4,14.7,0.00
2025-03-08T04:00,8.7,97,49,NaN,3.6,180,8.3,11.1,14.4,0.00
2025-03-08T05:00,8.3,98,90,NaN,4.3,185,8.1,10.9,14.2,0.00
2025-03-08T06:00,8.1,99,100,NaN,4.5,194,8.0,10.6,13.9,0.00
2025-03-08T07:00,8.5,95,100,NaN,4.3,204,8.4,10.4,13.7,0.00
2025-03-08T08:00,11.1,90,100,NaN,3.9,202,12.6,10.8,13.5,0.00
2025-03-08T09:00,16.0,82,100,NaN,4.8,257,18.1,12.6,13.4,0.00
2025-03-08T10:00,19.0,68,100,NaN,8.9,243,20.6,14.5,13.5,0.00
2025-03-08T11:00,21.3,61,77,NaN,12.5,231,21.8,16.2,13.6,0.00
2025-03-08T12:00,23.5,50,64,NaN,11.0,229,24.9,18.0,13.9,0.00
2025-03-08T13:00,24.2,45,25,NaN,11.9,272,25.4,19.2,14.3,0.00
2025-03-08T14:00,24.5,40,92,NaN,17.7,250,24.1,19.9,14.7,0.00
2025-03-08T15:00,24.1,45,83,NaN,18.0,307,22.8,20.3,15.2,0.00
2025-03-08T16:00,20.9,58,97,NaN,27.0,304,19.2,19.8,15.5,0.00
2025-03-08T17:00,14.4,81,99,NaN,21.9,327,14.2,18.1,15.8,0.00
2025-03-08T18:00,14.3,87,100,NaN,4.0,350,14.7,16.9,15.9,0.10
2025-03-08T19:00,14.1,90,100,NaN,5.2,78,14.4,16.1,15.9,0.00
2025-03-08T20:00,14.1,92,100,NaN,0.8,63,14.3,15.6,15.8,0.00
2025-03-08T21:00,13.9,91,100,NaN,1.8,127,13.9,15.1,15.8,0.50
2025-03-08T22:00,13.7,93,100,NaN,4.8,193,13.5,14.9,15.7,0.10
2025-03-08T23:00,13.6,89,99,NaN,7.5,197,13.1,14.6,15.6,0.10
2025-03-09T00:00,13.1,80,100,NaN,7.9,196,12.3,14.2,15.5,0.10
2025-03-09T01:00,12.6,77,100,NaN,8.4,205,11.8,13.8,15.4,0.10
2025-03-09T02:00,12.3,79,100,NaN,7.1,204,11.7,13.5,15.2,0.20
2025-03-09T03:00,12.4,77,100,NaN,8.2,209,11.4,13.2,15.1,0.10
2025-03-09T04:00,12.2,75,93,NaN,8.7,210,11.2,13.0,14.9,0.00
2025-03-09T05:00,11.9,73,57,NaN,11.4,215,10.3,12.7,14.8,0.00
2025-03-09T06:00,11.2,74,15,NaN,11.2,213,9.5,12.2,14.6,0.00
2025-03-09T07:00,11.1,75,0,NaN,12.0,213,9.7,11.8,14.4,0.00
2025-03-09T08:00,12.7,73,0,NaN,13.4,216,12.9,12.0,14.3,0.00
2025-03-09T09:00,14.8,68,0,NaN,19.9,225,15.7,12.9,14.1,0.00
2025-03-09T10:00,16.0,60,0,NaN,25.7,227,17.0,14.0,14.1,0.00
2025-03-09T11:00,16.9,55,0,NaN,30.7,230,18.4,14.9,14.2,0.00
2025-03-09T12:00,17.9,52,9,NaN,31.8,232,19.2,15.7,14.3,0.00
2025-03-09T13:00,18.6,47,6,NaN,29.8,242,19.7,16.5,14.4,0.00
2025-03-09T14:00,19.0,45,20,NaN,28.0,250,19.7,17.0,14.6,0.00
2025-03-09T15:00,19.3,44,77,NaN,23.1,259,19.6,17.3,14.8,0.00
2025-03-09T16:00,19.0,45,9,NaN,16.0,256,18.4,17.3,15.0,0.00
2025-03-09T17:00,18.2,53,4,NaN,10.4,284,16.8,17.1,15.2,0.00
2025-03-09T18:00,15.7,71,37,NaN,7.1,24,13.7,16.4,15.3,0.00
2025-03-09T19:00,13.4,85,29,NaN,5.6,63,11.9,15.3,15.3,0.00
2025-03-09T20:00,12.4,88,60,NaN,1.3,124,10.7,14.3,15.3,0.00
2025-03-09T21:00,12.1,78,82,NaN,3.7,169,10.2,13.3,15.1,0.00
2025-03-09T22:00,12.4,70,100,NaN,4.7,189,10.7,12.9,15.0,0.00
2025-03-09T23:00,12.8,69,100,NaN,5.6,225,10.8,12.6,14.8,0.00
2025-03-10T00:00,12.5,71,100,NaN,2.0,225,10.0,12.1,14.6,0.00
2025-03-10T01:00,12.7,71,100,NaN,2.7,247,10.7,12.1,14.5,0.00
2025-03-10T02:00,12.6,74,100,NaN,4.6,225,11.0,12.2,14.3,0.10
2025-03-10T03:00,13.8,69,100,NaN,9.2,206,12.1,12.5,14.2,0.50
2025-03-10T04:00,14.6,67,100,NaN,18.8,227,13.2,12.8,14.1,0.10
2025-03-10T05:00,14.5,69,77,NaN,13.8,227,12.9,13.1,14.0,0.00
2025-03-10T06:00,13.8,72,1,NaN,10.3,216,11.5,13.1,14.0,0.00
2025-03-10T07:00,13.1,74,5,NaN,9.4,220,11.3,12.8,14.0,0.00
2025-03-10T08:00,14.8,71,6,NaN,13.5,224,14.6,12.9,13.9,0.00
2025-03-10T09:00,16.8,63,5,NaN,21.7,222,17.2,13.9,13.9,0.00
2025-03-10T10:00,17.9,55,3,NaN,26.5,225,18.8,14.9,13.9,0.00
2025-03-10T11:00,18.7,50,66,NaN,26.3,240,19.8,15.9,14.1,0.00
2025-03-10T12:00,20.0,46,46,NaN,25.1,235,21.9,17.0,14.3,0.00
2025-03-10T13:00,20.4,44,35,NaN,25.8,234,21.5,17.7,14.5,0.00
2025-03-10T14:00,21.1,41,8,NaN,24.6,235,22.2,18.2,14.8,0.00
2025-03-10T15:00,21.6,39,11,NaN,22.6,239,21.9,18.8,15.1,0.00
2025-03-10T16:00,21.4,39,5,NaN,17.6,247,20.7,18.9,15.3,0.00
2025-03-10T17:00,20.2,49,22,NaN,10.5,322,18.9,18.6,15.5,0.00
2025-03-10T18:00,17.2,62,64,NaN,8.1,32,15.3,17.9,15.7,0.00
2025-03-10T19:00,14.9,75,38,NaN,6.1,50,13.5,16.7,15.8,0.00
2025-03-10T20:00,13.7,84,100,NaN,1.3,56,12.0,15.5,15.8,0.00
2025-03-10T21:00,14.7,69,96,NaN,6.0,213,13.0,14.8,15.7,0.00
2025-03-10T22:00,15.2,62,100,NaN,9.2,219,13.3,14.5,15.6,0.00
2025-03-10T23:00,15.1,64,89,NaN,10.3,216,13.0,14.3,15.5,0.00
2025-03-11T00:00,14.6,65,3,NaN,10.8,217,12.6,14.1,15.4,0.00
2025-03-11T01:00,14.3,68,1,NaN,10.2,219,12.3,13.9,15.3,0.00
2025-03-11T02:00,14.0,71,100,NaN,10.4,226,12.1,13.7,15.2,0.00
2025-03-11T03:00,14.6,70,100,NaN,14.3,223,13.0,13.4,15.1,0.00
2025-03-11T04:00,15.6,64,100,NaN,18.1,227,14.2,13.8,15.0,0.00
2025-03-11T05:00,15.4,65,33,NaN,17.7,231,13.7,14.0,14.9,0.00
2025-03-11T06:00,15.5,64,46,NaN,19.1,224,13.8,14.2,14.8,0.00
2025-03-11T07:00,15.6,64,81,NaN,18.6,224,14.0,14.2,14.8,0.00
2025-03-11T08:00,16.7,64,79,NaN,22.7,229,16.3,14.4,14.8,0.00
2025-03-11T09:00,18.3,58,56,NaN,27.8,230,18.7,15.3,14.8,0.00
2025-03-11T10:00,19.7,52,22,NaN,31.2,231,20.9,16.3,14.9,0.00
2025-03-11T11:00,20.9,48,43,NaN,32.4,233,22.8,17.4,15.0,0.00
2025-03-11T12:00,21.4,48,98,NaN,29.1,229,22.7,18.3,15.2,0.00
2025-03-11T13:00,20.7,50,100,NaN,29.1,229,20.0,18.7,15.4,0.00
2025-03-11T14:00,20.7,52,97,NaN,30.6,221,21.9,18.6,15.6,0.00
2025-03-11T15:00,19.8,55,100,NaN,28.5,225,19.0,18.3,15.8,0.00
2025-03-11T16:00,19.4,60,100,NaN,31.3,224,18.4,18.2,16.0,0.00
2025-03-11T17:00,18.0,71,100,NaN,25.5,226,16.8,17.7,16.1,0.40
2025-03-11T18:00,16.6,80,100,NaN,17.6,227,15.4,16.9,16.2,0.70
2025-03-11T19:00,16.4,81,100,NaN,11.6,240,15.2,16.3,16.2,0.60
2025-03-11T20:00,15.8,86,100,NaN,6.6,283,15.0,16.0,16.1,0.20
2025-03-11T21:00,15.0,91,100,NaN,6.3,294,14.7,15.6,16.1,0.30
2025-03-11T22:00,15.0,90,90,NaN,3.6,264,14.2,15.4,16.0,0.40
2025-03-11T23:00,14.6,91,86,NaN,6.7,324,14.1,15.1,15.9,0.00
2025-03-12T00:00,14.5,90,90,NaN,4.7,261,13.8,15.1,15.9,0.00
2025-03-12T01:00,14.4,89,88,NaN,3.1,249,13.4,14.8,15.8,0.00
2025-03-12T02:00,14.4,85,77,NaN,4.0,265,13.0,14.5,15.7,0.00
2025-03-12T03:00,14.0,84,81,NaN,2.1,239,12.5,14.2,15.6,0.00
2025-03-12T04:00,13.8,84,78,NaN,1.4,180,12.1,13.9,15.4,0.00
2025-03-12T05:00,13.5,84,69,NaN,1.9,158,11.5,13.6,15.3,0.00
2025-03-12T06:00,12.3,95,76,NaN,3.7,151,11.8,13.5,15.1,0.00
2025-03-12T07:00,12.0,97,75,NaN,1.9,158,12.1,13.3,15.0,0.00
2025-03-12T08:00,13.6,95,48,NaN,1.3,214,15.7,13.6,14.9,0.00
2025-03-12T09:00,16.2,82,100,NaN,3.6,264,19.3,15.0,14.9,0.00
2025-03-12T10:00,17.6,72,99,NaN,8.6,248,20.8,16.3,14.9,0.00
2025-03-12T11:00,18.3,67,100,NaN,10.6,252,20.1,17.2,15.1,0.00
2025-03-12T12:00,19.9,54,75,NaN,15.8,243,21.0,17.7,15.3,0.00
2025-03-12T13:00,21.2,53,76,NaN,11.9,267,24.5,18.5,15.5,0.00
2025-03-12T14:00,19.5,63,100,NaN,12.2,332,20.4,19.1,15.7,0.00
2025-03-12T15:00,17.6,70,100,NaN,11.7,9,18.5,18.8,15.9,0.00
2025-03-12T16:00,16.4,76,100,NaN,7.1,24,16.8,18.0,16.1,0.00
2025-03-12T17:00,15.7,84,100,NaN,7.9,39,15.9,17.2,16.2,0.20
2025-03-12T18:00,15.5,83,100,NaN,6.6,29,15.2,16.7,16.2,0.00
2025-03-12T19:00,14.6,88,100,NaN,2.9,360,13.6,16.0,16.2,0.00
2025-03-12T20:00,13.6,91,30,NaN,2.2,99,12.3,15.3,16.1,0.00
2025-03-12T21:00,12.3,96,32,NaN,3.6,53,11.4,14.4,16.0,0.00
2025-03-12T22:00,11.8,97,100,NaN,4.2,20,11.5,13.9,15.9,0.00
2025-03-12T23:00,11.4,98,100,NaN,1.5,14,11.3,13.5,15.7,0.00
2025-03-13T00:00,12.7,92,86,NaN,2.0,225,11.6,13.5,15.5,0.00
2025-03-13T01:00,13.8,84,100,NaN,4.1,232,11.6,13.2,15.3,0.00
2025-03-13T02:00,14.8,81,100,NaN,9.2,239,12.9,13.3,15.2,0.00
2025-03-13T03:00,15.0,81,100,NaN,9.3,234,13.1,13.4,15.0,0.00
2025-03-13T04:00,15.1,80,100,NaN,8.6,237,13.0,13.6,14.9,0.00
2025-03-13T05:00,15.2,76,100,NaN,7.7,233,13.0,13.6,14.8,0.00
2025-03-13T06:00,14.8,79,100,NaN,6.0,237,12.6,13.5,14.7,0.00
2025-03-13T07:00,14.5,82,83,NaN,5.1,225,12.7,13.4,14.6,0.00
2025-03-13T08:00,16.0,83,10,NaN,4.9,253,16.8,13.8,14.6,0.00
2025-03-13T09:00,18.8,74,3,NaN,10.5,232,20.1,15.1,14.6,0.00
2025-03-13T10:00,20.8,56,0,NaN,26.6,232,21.0,16.6,14.7,0.00
2025-03-13T11:00,20.9,53,70,NaN,33.2,243,21.2,17.5,14.9,0.00
2025-03-13T12:00,21.3,53,3,NaN,35.1,231,23.0,18.3,15.1,0.00
2025-03-13T13:00,22.3,42,31,NaN,34.7,241,23.2,19.1,15.4,0.00
2025-03-13T14:00,22.6,40,8,NaN,34.1,248,23.5,19.6,15.8,0.00
2025-03-13T15:00,22.5,41,13,NaN,33.6,249,22.6,20.0,16.0,0.00
2025-03-13T16:00,21.7,41,1,NaN,29.3,254,21.0,19.8,16.3,0.00
2025-03-13T17:00,20.7,43,1,NaN,22.4,266,19.4,19.4,16.6,0.00
2025-03-13T18:00,19.1,46,0,NaN,15.0,260,16.7,18.6,16.7,0.00
2025-03-13T19:00,16.8,58,0,NaN,6.8,252,14.2,17.4,16.8,0.00
2025-03-13T20:00,15.4,65,0,NaN,4.0,185,12.8,16.2,16.8,0.00
2025-03-13T21:00,14.4,65,0,NaN,4.7,189,12.0,15.2,16.6,0.00
2025-03-13T22:00,13.7,67,0,NaN,4.2,200,11.2,14.4,16.4,0.00
2025-03-13T23:00,12.9,69,0,NaN,4.7,203,10.7,13.8,16.2,0.00
2025-03-14T00:00,12.3,70,16,NaN,5.0,180,10.3,13.2,15.9,0.00
2025-03-14T01:00,12.0,72,19,NaN,4.3,180,9.9,12.8,15.7,0.00
2025-03-14T02:00,11.5,76,28,NaN,4.2,200,9.6,12.4,15.4,0.00
2025-03-14T03:00,11.2,79,86,NaN,4.0,207,9.6,12.1,15.2,0.00
2025-03-14T04:00,11.6,80,94,NaN,4.8,222,10.5,12.1,14.9,0.00
2025-03-14T05:00,12.2,78,96,NaN,7.9,227,11.0,12.2,14.7,0.00
2025-03-14T06:00,13.7,70,50,NaN,21.6,224,12.3,12.2,14.5,0.00
2025-03-14T07:00,14.0,68,0,NaN,26.2,224,12.8,12.7,14.4,0.00
2025-03-14T08:00,14.7,63,0,NaN,32.1,224,14.3,13.2,14.3,0.00
2025-03-14T09:00,16.0,58,0,NaN,35.4,225,16.6,14.0,14.3,0.00
2025-03-14T10:00,17.3,52,0,NaN,35.4,227,18.7,15.0,14.3,0.00
2025-03-14T11:00,18.7,48,0,NaN,37.0,229,20.4,16.1,14.5,0.00
2025-03-14T12:00,19.8,43,35,NaN,35.1,238,20.8,17.1,14.6,0.00
2025-03-14T13:00,20.3,43,62,NaN,35.9,243,21.5,17.9,14.9,0.00
2025-03-14T14:00,20.1,43,61,NaN,35.3,245,20.4,18.2,15.2,0.00
2025-03-14T15:00,19.9,44,80,NaN,31.2,259,19.9,18.3,15.4,0.00
2025-03-14T16:00,18.5,56,96,NaN,22.7,273,18.2,18.1,15.7,0.00
2025-03-14T17:00,17.7,65,100,NaN,14.2,286,17.5,17.7,15.8,0.00
2025-03-14T18:00,16.5,70,57,NaN,7.1,294,14.9,17.2,15.9,0.00
2025-03-14T19:00,14.9,77,100,NaN,3.3,283,13.1,16.0,16.0,0.00
2025-03-14T20:00,13.8,80,48,NaN,4.1,308,11.9,15.0,15.9,0.00
2025-03-14T21:00,12.6,91,69,NaN,4.3,5,12.2,14.3,15.8,0.00
2025-03-14T22:00,12.6,87,63,NaN,1.8,217,10.7,13.8,15.6,0.00
2025-03-14T23:00,11.9,82,54,NaN,4.4,279,10.8,13.2,15.4,0.00
2025-03-15T00:00,11.3,83,39,NaN,2.8,220,9.5,12.6,15.2,0.00
2025-03-15T01:00,10.9,83,51,NaN,3.6,217,9.0,12.1,15.0,0.00
2025-03-15T02:00,10.8,78,13,NaN,6.9,231,9.1,11.7,14.7,0.00
2025-03-15T03:00,10.9,75,41,NaN,7.1,240,9.1,11.4,14.5,0.00
2025-03-15T04:00,10.4,75,31,NaN,4.7,261,8.4,11.3,14.3,0.00
2025-03-15T05:00,10.0,77,64,NaN,4.3,246,8.5,11.0,14.1,0.00
2025-03-15T06:00,10.4,74,66,NaN,4.4,235,8.8,11.1,13.9,0.00
2025-03-15T07:00,10.5,77,66,NaN,3.6,233,9.7,11.0,13.7,0.00
2025-03-15T08:00,12.1,78,82,NaN,2.4,243,13.9,11.5,13.5,0.00
2025-03-15T09:00,14.8,64,81,NaN,6.4,297,17.2,13.1,13.5,0.00
2025-03-15T10:00,16.2,58,68,NaN,9.0,286,19.4,14.6,13.6,0.00
2025-03-15T11:00,16.8,63,68,NaN,10.1,268,20.7,16.1,13.8,0.00
2025-03-15T12:00,18.0,57,79,NaN,12.4,300,21.0,17.3,14.0,0.00
2025-03-15T13:00,16.4,69,58,NaN,16.1,340,20.7,17.4,14.3,0.00
2025-03-15T14:00,16.9,65,68,NaN,13.5,318,21.4,17.9,14.6,0.00
2025-03-15T15:00,16.2,66,81,NaN,12.0,319,18.6,17.8,14.8,0.00
2025-03-15T16:00,16.0,63,85,NaN,11.6,324,16.9,17.4,15.0,0.00
2025-03-15T17:00,15.5,64,94,NaN,10.0,319,15.6,16.7,15.2,0.00
2025-03-15T18:00,15.1,67,69,NaN,3.6,323,14.1,16.0,15.3,0.00
2025-03-15T19:00,14.3,69,73,NaN,2.5,172,12.6,15.2,15.3,0.00
2025-03-15T20:00,13.3,77,74,NaN,2.9,187,11.8,14.4,15.3,0.00
2025-03-15T21:00,12.2,82,64,NaN,4.7,180,11.0,13.6,15.1,0.00
2025-03-15T22:00,11.7,78,55,NaN,4.8,193,10.2,13.1,15.0,0.00
2025-03-15T23:00,11.0,77,39,NaN,4.2,200,9.3,12.5,14.8,0.00
2025-03-16T00:00,10.2,81,59,NaN,4.0,190,8.9,12.0,14.7,0.00
2025-03-16T01:00,9.5,85,45,NaN,3.0,194,8.2,11.5,14.5,0.00
2025-03-16T02:00,8.6,90,22,NaN,2.5,172,7.3,11.0,14.3,0.00
2025-03-16T03:00,7.8,93,22,NaN,2.5,188,6.8,10.5,14.0,0.00
2025-03-16T04:00,7.3,93,4,NaN,2.3,198,6.0,10.0,13.8,0.00
2025-03-16T05:00,7.0,93,4,NaN,2.9,210,5.5,9.5,13.5,0.00
2025-03-16T06:00,6.7,94,24,NaN,3.7,209,5.5,9.0,13.2,0.00
2025-03-16T07:00,7.2,90,1,NaN,3.9,214,6.8,8.8,13.0,0.00
2025-03-16T08:00,10.5,83,1,NaN,4.6,231,12.7,9.5,12.7,0.00
2025-03-16T09:00,15.7,68,3,NaN,12.1,233,18.1,11.8,12.6,0.00
2025-03-16T10:00,17.9,56,38,NaN,21.2,238,19.4,13.7,12.7,0.00
2025-03-16T11:00,19.0,49,31,NaN,24.7,241,21.1,15.3,12.9,0.00
2025-03-16T12:00,19.7,45,45,NaN,22.0,238,21.7,16.5,13.2,0.00
2025-03-16T13:00,20.5,43,78,NaN,20.4,238,22.9,17.4,13.5,0.00
2025-03-16T14:00,21.1,40,48,NaN,14.8,274,21.8,18.3,13.9,0.00
2025-03-16T15:00,19.0,46,33,NaN,16.3,352,20.5,18.3,14.2,0.00
2025-03-16T16:00,18.2,48,0,NaN,14.7,17,18.9,18.1,14.6,0.00
2025-03-16T17:00,17.1,52,1,NaN,10.2,23,16.7,17.5,14.8,0.00
2025-03-16T18:00,15.9,57,4,NaN,6.0,33,13.9,16.7,15.0,0.00
2025-03-16T19:00,14.0,68,1,NaN,4.1,75,11.5,15.3,15.1,0.00
2025-03-16T20:00,12.4,75,0,NaN,3.4,122,10.2,14.1,15.0,0.00
2025-03-16T21:00,10.8,77,39,NaN,3.6,135,9.2,13.1,14.9,0.00
2025-03-16T22:00,9.9,80,0,NaN,2.8,140,8.3,12.2,14.8,0.00
2025-03-16T23:00,9.6,78,21,NaN,2.1,149,7.4,11.5,14.5,0.00
2025-03-17T00:00,10.1,74,38,NaN,2.7,203,7.3,11.0,14.3,0.00
2025-03-17T01:00,9.3,79,44,NaN,3.0,194,7.5,10.5,14.0,0.00
2025-03-17T02:00,9.1,80,67,NaN,2.3,162,7.7,10.3,13.8,0.00
2025-03-17T03:00,8.9,82,66,NaN,2.3,198,7.6,10.2,13.5,0.00
2025-03-17T04:00,9.0,82,69,NaN,2.4,207,7.5,10.1,13.3,0.00
2025-03-17T05:00,9.1,81,74,NaN,2.9,187,7.9,10.0,13.1,0.00
2025-03-17T06:00,9.4,79,79,NaN,3.1,201,8.5,10.0,12.9,0.00
2025-03-17T07:00,9.9,80,71,NaN,3.1,201,9.1,10.0,12.7,0.00
2025-03-17T08:00,11.9,80,73,NaN,3.7,191,13.2,10.7,12.6,0.00
2025-03-17T09:00,17.0,61,69,NaN,5.6,243,19.7,12.8,12.6,0.00
2025-03-17T10:00,19.5,54,68,NaN,8.6,255,21.5,14.9,12.8,0.00
2025-03-17T11:00,21.4,48,56,NaN,10.0,244,25.0,16.8,13.1,0.00
2025-03-17T12:00,22.2,48,43,NaN,6.1,273,26.4,18.5,13.5,0.00
2025-03-17T13:00,24.2,40,9,NaN,7.9,231,28.5,19.9,14.0,0.00
2025-03-17T14:00,24.7,35,79,NaN,13.5,261,26.3,21.1,14.5,0.00
2025-03-17T15:00,23.8,43,19,NaN,13.4,355,25.9,21.7,15.0,0.00
2025-03-17T16:00,21.7,46,100,NaN,16.5,36,21.0,21.2,15.5,0.00
2025-03-17T17:00,18.7,60,100,NaN,13.4,14,18.3,19.9,15.8,0.00
2025-03-17T18:00,17.0,68,100,NaN,10.0,13,15.9,18.6,16.1,0.00
2025-03-17T19:00,15.5,77,61,NaN,7.2,357,14.3,17.2,16.2,0.00
2025-03-17T20:00,14.9,82,83,NaN,4.1,345,13.9,16.2,16.2,0.00
2025-03-17T21:00,14.0,85,47,NaN,2.6,286,12.6,15.5,16.1,0.00
2025-03-17T22:00,13.0,89,31,NaN,3.1,234,11.5,14.7,16.0,0.00
2025-03-17T23:00,12.5,90,40,NaN,1.8,233,10.8,14.0,15.9,0.00
2025-03-18T00:00,12.1,87,42,NaN,2.1,211,9.8,13.2,15.6,0.00
2025-03-18T01:00,11.4,87,0,NaN,2.9,180,9.2,12.6,15.4,0.00
2025-03-18T02:00,10.9,87,0,NaN,4.0,170,9.2,12.1,15.2,0.00
2025-03-18T03:00,12.6,73,16,NaN,6.9,208,10.4,12.2,14.9,0.00
2025-03-18T04:00,13.9,68,1,NaN,10.2,222,11.5,12.3,14.7,0.00
2025-03-18T05:00,14.3,67,0,NaN,13.9,217,12.2,12.6,14.5,0.00
2025-03-18T06:00,14.9,65,9,NaN,17.9,214,12.8,13.0,14.4,0.00
2025-03-18T07:00,15.5,62,50,NaN,21.1,224,14.3,13.3,14.3,0.00
2025-03-18T08:00,16.8,60,91,NaN,21.1,227,16.3,14.1,14.3,0.00
2025-03-18T09:00,19.0,52,66,NaN,24.0,230,19.5,15.4,14.4,0.00
2025-03-18T10:00,20.3,48,32,NaN,20.6,243,22.8,16.7,14.5,0.00
2025-03-18T11:00,21.3,44,43,NaN,18.9,239,24.1,18.1,14.8,0.00
2025-03-18T12:00,22.4,39,90,NaN,20.9,246,24.0,19.5,15.1,0.00
2025-03-18T13:00,22.2,47,84,NaN,16.0,301,24.5,20.2,15.5,0.00
2025-03-18T14:00,20.5,61,57,NaN,15.8,348,23.2,20.4,15.8,0.00
2025-03-18T15:00,20.1,61,46,NaN,17.7,20,23.9,20.4,16.1,0.00
2025-03-18T16:00,19.4,63,45,NaN,13.1,32,21.8,20.5,16.4,0.00
2025-03-18T17:00,18.6,64,0,NaN,12.2,43,19.0,19.8,16.7,0.00
2025-03-18T18:00,17.3,69,3,NaN,10.1,27,15.9,18.7,16.8,0.00
2025-03-18T19:00,15.4,79,2,NaN,5.9,47,13.7,17.3,16.9,0.00
2025-03-18T20:00,14.1,85,0,NaN,6.2,111,12.7,16.1,16.8,0.00
2025-03-18T21:00,13.4,80,0,NaN,5.1,135,11.9,15.1,16.6,0.00
2025-03-18T22:00,12.8,79,0,NaN,3.8,131,11.1,14.4,16.4,0.00
2025-03-18T23:00,12.0,80,1,NaN,2.8,130,10.2,13.7,16.2,0.00
2025-03-19T00:00,11.3,81,0,NaN,2.4,117,9.5,13.1,16.0,0.00
2025-03-19T01:00,10.8,82,2,NaN,2.4,117,9.0,12.5,15.7,0.00
2025-03-19T02:00,10.5,82,0,NaN,2.2,171,8.3,12.0,15.4,0.00
2025-03-19T03:00,9.5,86,0,NaN,3.8,221,7.9,11.3,15.1,0.00
2025-03-19T04:00,8.8,89,7,NaN,3.9,202,7.6,11.0,14.8,0.00
2025-03-19T05:00,8.7,90,35,NaN,2.9,187,7.4,10.7,14.5,0.00
2025-03-19T06:00,8.5,88,2,NaN,2.5,188,6.7,10.2,14.2,0.00
2025-03-19T07:00,8.9,87,17,NaN,2.2,180,8.3,10.0,13.9,0.00
2025-03-19T08:00,11.2,84,19,NaN,2.5,180,14.5,10.9,13.7,0.00
2025-03-19T09:00,16.2,68,9,NaN,1.8,360,20.2,13.1,13.6,0.00
2025-03-19T10:00,18.9,58,88,NaN,7.4,23,23.4,15.6,13.7,0.00
2025-03-19T11:00,20.0,59,100,NaN,12.2,34,23.7,17.5,14.0,0.00
2025-03-19T12:00,20.3,59,100,NaN,15.5,25,24.4,18.5,14.3,0.00
2025-03-19T13:00,21.1,53,91,NaN,18.2,30,25.5,19.6,14.7,0.00
2025-03-19T14:00,21.2,55,100,NaN,19.2,34,24.6,20.3,15.1,0.00
2025-03-19T15:00,20.2,64,100,NaN,19.9,35,22.3,20.0,15.5,0.00
2025-03-19T16:00,19.3,67,100,NaN,18.5,33,19.9,19.5,15.9,0.00
2025-03-19T17:00,17.7,76,100,NaN,12.4,8,17.5,18.7,16.1,0.00
2025-03-19T18:00,16.7,82,100,NaN,9.9,10,15.8,17.8,16.3,0.00
2025-03-19T19:00,15.1,92,10,NaN,5.4,340,13.6,16.6,16.3,0.00
2025-03-19T20:00,14.2,94,0,NaN,2.0,315,12.0,15.5,16.2,0.00
2025-03-19T21:00,13.1,98,38,NaN,3.6,315,11.9,14.7,16.1,0.00
2025-03-19T22:00,12.3,98,44,NaN,3.1,324,11.3,14.0,15.9,0.00
2025-03-19T23:00,12.4,97,68,NaN,1.1,342,10.0,13.4,15.7,0.00
2025-03-20T00:00,12.3,98,100,NaN,7.3,327,11.7,13.5,15.5,0.00
2025-03-20T01:00,12.3,99,100,NaN,6.6,331,11.8,13.4,15.3,0.00
2025-03-20T02:00,12.3,96,100,NaN,5.2,335,11.0,13.1,15.2,0.00
2025-03-20T03:00,13.6,88,100,NaN,4.7,293,11.2,13.1,15.0,0.00
2025-03-20T04:00,15.4,58,100,NaN,4.8,257,11.5,12.9,14.8,0.00
2025-03-20T05:00,15.7,48,100,NaN,4.7,247,11.5,12.9,14.7,0.00
2025-03-20T06:00,12.8,70,100,NaN,4.7,302,11.2,12.9,14.6,0.00
2025-03-20T07:00,12.6,78,100,NaN,5.6,333,11.8,12.8,14.4,0.00
2025-03-20T08:00,15.6,83,100,NaN,4.0,63,16.1,13.3,14.3,0.00
2025-03-20T09:00,18.3,80,100,NaN,4.5,61,21.8,15.1,14.3,0.00
2025-03-20T10:00,20.8,68,100,NaN,7.5,35,25.0,17.6,14.6,0.00
2025-03-20T11:00,21.4,70,100,NaN,13.7,18,25.7,19.4,15.0,0.00
2025-03-20T12:00,21.5,65,38,NaN,17.7,12,26.3,20.5,15.4,0.00
2025-03-20T13:00,21.9,64,1,NaN,18.4,23,26.7,21.4,15.9,0.00
2025-03-20T14:00,21.6,61,0,NaN,17.6,31,26.1,21.8,16.3,0.00
2025-03-20T15:00,20.9,63,0,NaN,20.6,43,23.8,21.6,16.8,0.00
2025-03-20T16:00,20.5,59,11,NaN,19.9,48,21.8,21.2,17.1,0.00
2025-03-20T17:00,20.0,57,55,NaN,19.5,51,19.5,20.2,17.4,0.00
2025-03-20T18:00,18.6,59,91,NaN,15.5,31,16.8,19.1,17.5,0.00
2025-03-20T19:00,16.4,76,93,NaN,9.6,347,14.9,17.7,17.5,0.00
2025-03-20T20:00,15.4,88,95,NaN,5.2,344,14.0,16.7,17.4,0.00
2025-03-20T21:00,14.7,88,95,NaN,5.4,278,13.3,15.7,17.3,0.00
2025-03-20T22:00,13.7,87,9,NaN,7.5,197,12.5,15.1,17.0,0.00
2025-03-20T23:00,13.4,85,0,NaN,7.6,199,12.1,14.6,16.8,0.00
2025-03-21T00:00,13.3,87,9,NaN,5.5,238,11.8,14.3,16.5,0.00
2025-03-21T01:00,13.0,89,22,NaN,2.8,220,11.4,13.9,16.2,0.00
2025-03-21T02:00,12.7,88,34,NaN,1.0,135,10.8,13.5,16.0,0.00
2025-03-21T03:00,13.2,81,49,NaN,2.8,140,11.2,13.3,15.7,0.00
2025-03-21T04:00,12.8,80,74,NaN,2.9,150,11.2,13.1,15.5,0.00
2025-03-21T05:00,13.1,77,100,NaN,1.1,252,11.5,13.0,15.2,0.00
2025-03-21T06:00,13.1,80,100,NaN,4.5,331,12.5,13.2,15.1,0.00
2025-03-21T07:00,13.8,87,94,NaN,5.2,25,13.3,13.4,14.9,0.00
2025-03-21T08:00,15.4,91,83,NaN,7.4,113,16.8,14.1,14.8,0.00
2025-03-21T09:00,17.5,84,56,NaN,3.8,49,21.8,15.9,14.9,0.00
2025-03-21T10:00,18.9,75,74,NaN,6.5,341,23.6,17.8,15.1,0.00
2025-03-21T11:00,20.3,61,69,NaN,7.9,317,25.4,19.2,15.4,0.00
2025-03-21T12:00,21.6,47,95,NaN,8.4,301,26.4,20.7,15.8,0.00
2025-03-21T13:00,21.2,57,100,NaN,14.5,6,26.3,21.6,16.3,0.00
2025-03-21T14:00,19.4,66,77,NaN,20.4,41,24.0,21.6,16.6,0.00
2025-03-21T15:00,20.0,56,100,NaN,16.6,41,24.0,21.6,17.0,0.00
2025-03-21T16:00,18.8,63,92,NaN,16.9,29,20.5,20.9,17.3,0.00
2025-03-21T17:00,18.4,60,55,NaN,12.7,47,19.1,20.0,17.5,0.00
2025-03-21T18:00,17.2,60,54,NaN,10.7,45,15.9,18.9,17.6,0.00
2025-03-21T19:00,15.5,69,50,NaN,4.8,63,13.6,17.4,17.6,0.00
2025-03-21T20:00,14.2,75,47,NaN,3.1,135,12.4,16.2,17.5,0.00
2025-03-21T21:00,13.2,78,39,NaN,2.7,203,11.3,15.1,17.3,0.00
2025-03-21T22:00,12.6,82,0,NaN,1.8,217,10.4,14.3,17.0,0.00
2025-03-21T23:00,12.0,84,0,NaN,2.2,180,9.7,13.5,16.7,0.00
2025-03-22T00:00,11.2,87,0,NaN,3.1,159,9.5,13.0,16.4,0.00
2025-03-22T01:00,10.5,85,0,NaN,2.2,189,9.0,12.5,16.0,0.00
2025-03-22T02:00,9.8,83,0,NaN,3.4,212,8.4,12.0,15.7,0.00
2025-03-22T03:00,9.3,78,0,NaN,4.3,204,8.0,11.4,15.3,0.00
2025-03-22T04:00,9.8,79,17,NaN,6.4,227,8.2,11.2,15.0,0.00
2025-03-22T05:00,10.8,72,40,NaN,10.2,225,9.0,11.1,14.7,0.00
2025-03-22T06:00,12.4,66,88,NaN,13.2,225,10.6,11.5,14.5,0.00
2025-03-22T07:00,13.3,67,86,NaN,10.2,247,12.2,11.9,14.3,0.00
2025-03-22T08:00,15.1,66,89,NaN,13.6,310,15.6,12.9,14.1,0.00
2025-03-22T09:00,15.4,74,100,NaN,20.1,314,15.5,14.1,14.1,0.00
2025-03-22T10:00,15.0,70,100,NaN,17.6,298,15.3,14.5,14.2,0.00
2025-03-22T11:00,15.4,70,100,NaN,11.4,259,16.7,14.7,14.3,0.30
2025-03-22T12:00,16.4,66,100,NaN,10.8,268,18.5,15.4,14.3,0.00
2025-03-22T13:00,16.1,67,100,NaN,15.8,311,17.5,15.7,14.5,0.00
2025-03-22T14:00,16.7,63,90,NaN,16.7,307,19.4,16.4,14.6,0.00
2025-03-22T15:00,16.1,66,96,NaN,15.8,315,16.2,16.5,14.8,0.00
2025-03-22T16:00,15.8,64,93,NaN,14.8,315,16.0,16.0,15.0,0.00
2025-03-22T17:00,15.6,62,93,NaN,11.8,301,15.2,15.7,15.0,0.00
2025-03-22T18:00,15.1,64,81,NaN,6.5,267,13.9,15.4,15.2,0.00
2025-03-22T19:00,14.1,68,81,NaN,5.9,227,12.7,14.8,15.2,0.00
2025-03-22T20:00,13.4,72,82,NaN,5.4,233,12.3,14.2,15.1,0.00
2025-03-22T21:00,13.2,74,78,NaN,4.6,225,12.3,13.9,15.0,0.00
2025-03-22T22:00,12.5,80,80,NaN,5.9,227,11.7,13.5,14.9,0.00
2025-03-22T23:00,12.4,81,78,NaN,6.4,223,11.5,13.2,14.8,0.00
2025-03-23T00:00,12.1,79,73,NaN,6.0,205,11.4,12.9,14.6,0.00
2025-03-23T01:00,11.7,80,74,NaN,4.5,209,10.3,12.6,14.5,0.00
2025-03-23T02:00,11.1,81,37,NaN,3.1,225,9.4,12.1,14.3,0.00
2025-03-23T03:00,10.6,84,39,NaN,3.3,229,8.8,11.7,14.2,0.00
2025-03-23T04:00,9.4,85,54,NaN,3.7,209,8.0,11.2,14.0,0.00
2025-03-23T05:00,8.9,82,83,NaN,3.2,207,7.5,10.6,13.7,0.00
2025-03-23T06:00,8.7,76,0,NaN,3.2,207,6.9,10.4,13.5,0.00
2025-03-23T07:00,8.7,78,0,NaN,4.0,207,8.5,10.0,13.3,0.00
2025-03-23T08:00,11.6,75,0,NaN,4.1,225,14.3,10.9,13.1,0.00
2025-03-23T09:00,15.6,58,0,NaN,16.5,226,18.0,13.1,13.1,0.00
2025-03-23T10:00,17.2,49,17,NaN,25.8,230,19.6,14.9,13.2,0.00
2025-03-23T11:00,18.0,44,25,NaN,28.2,235,19.4,16.2,13.5,0.00
2025-03-23T12:00,19.6,40,55,NaN,29.0,238,22.3,17.5,13.8,0.00
2025-03-23T13:00,20.3,38,60,NaN,31.6,244,22.8,18.4,14.2,0.00
2025-03-23T14:00,19.6,40,100,NaN,34.5,244,20.4,18.7,14.7,0.00
2025-03-23T15:00,19.1,45,100,NaN,33.9,248,19.2,18.4,15.0,0.00
2025-03-23T16:00,17.8,52,100,NaN,24.5,260,17.9,17.8,15.3,0.00
2025-03-23T17:00,14.9,78,87,NaN,22.5,309,15.2,17.1,15.5,0.00
2025-03-23T18:00,13.1,85,98,NaN,13.8,321,12.9,15.9,15.6,0.00
2025-03-23T19:00,12.7,81,82,NaN,9.5,261,12.5,14.8,15.5,0.00
2025-03-23T20:00,12.0,87,88,NaN,10.9,214,11.8,14.1,15.4,0.00
2025-03-23T21:00,11.6,90,78,NaN,9.7,202,11.4,13.6,15.3,0.00
2025-03-23T22:00,11.3,90,69,NaN,10.6,208,11.1,13.1,15.1,0.00
2025-03-23T23:00,11.0,90,75,NaN,9.2,222,10.8,12.8,14.9,0.00
2025-03-24T00:00,10.7,88,64,NaN,6.1,225,9.9,12.4,14.7,0.00
2025-03-24T01:00,10.4,87,57,NaN,5.6,230,9.4,11.9,14.5,0.00
2025-03-24T02:00,10.0,82,32,NaN,6.3,239,8.8,11.5,14.2,0.00
2025-03-24T03:00,9.4,78,21,NaN,6.3,246,8.0,11.1,14.0,0.00
2025-03-24T04:00,8.9,78,21,NaN,5.8,240,7.5,10.6,13.8,0.00
2025-03-24T05:00,8.4,80,15,NaN,5.0,249,7.0,10.1,13.5,0.00
2025-03-24T06:00,8.0,81,14,NaN,4.6,231,6.7,9.7,13.2,0.00
2025-03-24T07:00,8.2,83,2,NaN,4.7,238,8.3,9.5,13.0,0.00
2025-03-24T08:00,11.1,79,3,NaN,6.0,253,13.6,10.4,12.8,0.00
2025-03-24T09:00,13.8,66,0,NaN,11.1,245,17.1,12.4,12.7,0.00
2025-03-24T10:00,15.5,59,8,NaN,15.3,255,19.0,14.2,12.9,0.00
2025-03-24T11:00,16.8,50,59,NaN,16.7,277,20.3,15.6,13.1,0.00
2025-03-24T12:00,17.4,45,63,NaN,15.5,301,20.8,16.6,13.4,0.00
2025-03-24T13:00,17.6,50,84,NaN,17.4,322,22.0,17.8,13.8,0.00
2025-03-24T14:00,17.3,55,26,NaN,17.7,333,22.6,18.2,14.2,0.00
2025-03-24T15:00,16.8,57,58,NaN,15.4,323,20.3,18.4,14.6,0.00
2025-03-24T16:00,16.4,56,59,NaN,12.6,323,18.6,18.1,15.0,0.00
2025-03-24T17:00,15.8,56,61,NaN,11.2,315,16.0,17.4,15.2,0.00
2025-03-24T18:00,15.3,58,69,NaN,6.9,313,14.1,16.5,15.3,0.00
2025-03-24T19:00,14.0,65,53,NaN,3.1,216,11.6,15.2,15.4,0.00
2025-03-24T20:00,12.5,72,51,NaN,5.4,180,11.2,14.0,15.3,0.00
2025-03-24T21:00,11.9,76,69,NaN,6.3,193,10.5,13.3,15.1,0.00
2025-03-24T22:00,11.6,73,60,NaN,5.7,198,10.2,12.7,14.9,0.00
2025-03-24T23:00,11.1,74,57,NaN,5.3,208,9.7,12.3,14.7,0.00
2025-03-25T00:00,10.4,77,32,NaN,5.5,191,8.7,11.7,14.5,0.00
2025-03-25T01:00,10.0,79,27,NaN,5.2,196,8.4,11.3,14.2,0.00
2025-03-25T02:00,9.5,82,1,NaN,5.0,201,8.0,10.9,14.0,0.00
2025-03-25T03:00,9.0,86,0,NaN,5.2,192,7.6,10.6,13.8,0.00
2025-03-25T04:00,8.4,89,0,NaN,4.0,190,7.1,10.2,13.5,0.00
2025-03-25T05:00,7.7,92,1,NaN,2.3,219,6.5,9.8,13.3,0.00
2025-03-25T06:00,7.1,94,32,NaN,3.1,216,6.2,9.4,13.0,0.00
2025-03-25T07:00,7.3,93,31,NaN,3.2,207,8.2,9.2,12.8,0.00
2025-03-25T08:00,10.9,85,30,NaN,3.5,204,14.0,10.3,12.6,0.00
2025-03-25T09:00,14.7,68,31,NaN,7.4,247,19.0,12.6,12.6,0.00
2025-03-25T10:00,16.1,61,3,NaN,9.2,249,21.0,14.7,12.7,0.00
2025-03-25T11:00,17.5,56,47,NaN,7.6,267,22.2,16.5,13.0,0.00
2025-03-25T12:00,18.2,49,74,NaN,8.4,320,22.4,17.6,13.4,0.00
2025-03-25T13:00,18.0,51,91,NaN,14.3,342,21.4,18.1,13.9,0.00
2025-03-25T14:00,18.0,51,68,NaN,13.8,354,22.6,18.4,14.3,0.00
2025-03-25T15:00,18.0,55,39,NaN,14.8,1,21.5,18.8,14.6,0.00
2025-03-25T16:00,17.4,57,7,NaN,13.2,11,19.7,18.7,15.0,0.00
2025-03-25T17:00,16.6,59,4,NaN,10.3,12,17.2,18.1,15.2,0.00
2025-03-25T18:00,15.6,63,27,NaN,7.3,20,14.3,17.0,15.4,0.00
2025-03-25T19:00,13.9,74,0,NaN,3.1,45,11.7,15.5,15.5,0.00
2025-03-25T20:00,13.2,78,0,NaN,1.4,90,10.3,14.2,15.4,0.00
2025-03-25T21:00,11.2,88,37,NaN,3.3,167,9.9,13.3,15.3,0.00
2025-03-25T22:00,10.1,93,41,NaN,4.2,160,9.5,12.6,15.1,0.00
2025-03-25T23:00,9.3,94,36,NaN,2.9,180,8.7,12.0,14.8,0.00
2025-03-26T00:00,8.8,92,21,NaN,4.4,189,8.1,11.5,14.6,0.00
2025-03-26T01:00,8.4,92,28,NaN,4.1,195,7.7,11.0,14.3,0.00
2025-03-26T02:00,8.3,91,12,NaN,4.2,200,7.3,10.6,14.0,0.00
2025-03-26T03:00,8.1,91,7,NaN,4.4,189,7.0,10.2,13.7,0.00
2025-03-26T04:00,8.0,92,10,NaN,4.4,189,6.9,9.9,13.5,0.00
2025-03-26T05:00,7.8,93,19,NaN,4.1,195,6.8,9.6,13.2,0.00
2025-03-26T06:00,7.8,94,31,NaN,4.8,193,6.9,9.5,13.0,0.00
2025-03-26T07:00,8.1,95,39,NaN,4.6,198,8.9,9.5,12.7,0.00
2025-03-26T08:00,11.6,87,0,NaN,4.1,225,14.9,10.6,12.6,0.00
2025-03-26T09:00,15.7,71,0,NaN,9.1,236,20.0,13.1,12.6,0.00
2025-03-26T10:00,17.5,61,7,NaN,11.7,252,21.8,15.2,12.8,0.00
2025-03-26T11:00,18.8,53,75,NaN,9.8,262,23.9,17.0,13.2,0.00
2025-03-26T12:00,19.8,46,36,NaN,8.1,302,25.0,18.4,13.6,0.00
2025-03-26T13:00,19.8,49,75,NaN,13.6,338,23.5,19.2,14.1,0.00
2025-03-26T14:00,19.4,51,9,NaN,15.5,355,23.9,19.6,14.5,0.00
2025-03-26T15:00,19.8,52,0,NaN,16.2,360,24.5,20.4,15.0,0.00
2025-03-26T16:00,18.8,57,0,NaN,14.4,3,21.3,20.2,15.3,0.00
2025-03-26T17:00,17.8,61,0,NaN,10.7,14,18.6,19.3,15.7,0.00
2025-03-26T18:00,17.0,64,0,NaN,6.4,38,15.6,18.3,15.9,0.00
2025-03-26T19:00,15.0,76,0,NaN,3.3,103,12.6,16.7,16.0,0.00
2025-03-26T20:00,13.5,82,0,NaN,3.6,180,11.4,15.2,16.0,0.00
2025-03-26T21:00,12.1,83,0,NaN,4.4,189,10.6,14.3,15.9,0.00
2025-03-26T22:00,11.4,81,38,NaN,2.7,203,9.9,13.4,15.7,0.00
2025-03-26T23:00,11.1,80,56,NaN,2.6,196,9.8,12.8,15.4,0.00
2025-03-27T00:00,11.0,72,58,NaN,4.0,180,9.7,12.4,15.2,0.00
2025-03-27T01:00,10.9,64,60,NaN,4.3,185,9.6,12.1,14.9,0.00
2025-03-27T02:00,10.3,66,60,NaN,4.1,195,8.9,11.8,14.7,0.00
2025-03-27T03:00,10.0,63,52,NaN,5.2,192,8.8,11.4,14.5,0.00
2025-03-27T04:00,9.9,63,37,NaN,5.0,201,8.2,11.2,14.2,0.00
2025-03-27T05:00,9.4,68,49,NaN,4.5,209,7.9,10.8,14.0,0.00
2025-03-27T06:00,9.3,75,54,NaN,5.0,210,7.7,10.5,13.7,0.00
2025-03-27T07:00,9.9,76,52,NaN,4.1,218,9.9,10.4,13.5,0.00
2025-03-27T08:00,13.2,73,44,NaN,4.4,235,16.0,11.5,13.3,0.00
2025-03-27T09:00,17.6,53,41,NaN,8.9,243,20.7,13.9,13.4,0.00
2025-03-27T10:00,19.4,46,30,NaN,11.8,250,23.3,15.9,13.5,0.00
2025-03-27T11:00,21.3,42,3,NaN,13.4,246,26.3,17.9,13.8,0.00
2025-03-27T12:00,22.5,37,0,NaN,13.7,268,27.7,19.7,14.3,0.00
2025-03-27T13:00,22.8,42,7,NaN,15.2,324,28.0,21.1,14.8,0.00
2025-03-27T14:00,21.6,43,16,NaN,18.3,345,25.8,21.6,15.2,0.00
2025-03-27T15:00,21.4,43,5,NaN,16.9,340,24.9,21.7,15.7,0.00
2025-03-27T16:00,20.7,44,3,NaN,15.2,338,22.3,21.2,16.1,0.00
2025-03-27T17:00,19.7,49,3,NaN,11.8,348,19.9,20.4,16.5,0.00
2025-03-27T18:00,18.3,58,0,NaN,7.0,35,16.6,19.4,16.7,0.00
2025-03-27T19:00,16.0,70,0,NaN,5.0,111,13.6,17.7,16.8,0.00
2025-03-27T20:00,14.4,74,4,NaN,4.5,166,12.4,16.2,16.7,0.00
2025-03-27T21:00,13.0,66,16,NaN,5.1,184,11.2,15.0,16.6,0.00
2025-03-27T22:00,12.2,62,45,NaN,4.5,194,10.4,14.2,16.4,0.00
2025-03-27T23:00,11.2,65,93,NaN,3.9,202,9.5,13.4,16.2,0.00
2025-03-28T00:00,10.5,65,16,NaN,3.8,197,8.9,12.8,15.9,0.00
2025-03-28T01:00,9.9,71,20,NaN,2.9,210,8.3,12.2,15.6,0.00
2025-03-28T02:00,9.4,76,67,NaN,2.6,214,7.5,11.6,15.3,0.00
2025-03-28T03:00,9.0,78,64,NaN,3.4,198,7.4,11.2,15.0,0.00
2025-03-28T04:00,8.6,80,21,NaN,3.0,194,7.0,10.7,14.7,0.00
2025-03-28T05:00,8.4,80,12,NaN,3.0,194,6.4,10.3,14.4,0.00
2025-03-28T06:00,7.6,82,0,NaN,3.8,197,6.2,9.8,14.0,0.00
2025-03-28T07:00,8.3,80,0,NaN,3.7,191,8.9,9.7,13.7,0.00
2025-03-28T08:00,12.0,76,0,NaN,3.2,207,15.6,11.0,13.5,0.00
2025-03-28T09:00,17.1,55,0,NaN,3.5,246,21.4,13.6,13.5,0.00
2025-03-28T10:00,19.6,48,0,NaN,3.8,287,24.1,16.0,13.6,0.00
2025-03-28T11:00,21.2,43,0,NaN,5.1,315,26.3,18.1,13.9,0.00
2025-03-28T12:00,21.8,44,0,NaN,7.4,331,27.5,19.6,14.3,0.00
2025-03-28T13:00,21.9,42,0,NaN,11.4,349,28.0,21.1,14.9,0.00
2025-03-28T14:00,21.5,43,0,NaN,14.8,356,26.5,21.8,15.4,0.00
2025-03-28T15:00,21.1,50,0,NaN,14.1,356,25.1,21.8,15.8,0.00
2025-03-28T16:00,20.7,46,0,NaN,9.1,353,23.5,21.5,16.2,0.00
2025-03-28T17:00,19.9,44,0,NaN,8.3,2,20.1,20.8,16.6,0.00
2025-03-28T18:00,18.5,54,0,NaN,6.1,45,16.4,19.7,16.8,0.00
2025-03-28T19:00,15.8,65,0,NaN,4.3,114,12.9,17.7,16.9,0.00
2025-03-28T20:00,14.1,73,0,NaN,2.5,172,11.1,16.0,16.9,0.00
2025-03-28T21:00,11.6,77,0,NaN,5.1,184,10.1,14.6,16.7,0.00
2025-03-28T22:00,11.0,71,0,NaN,5.1,188,9.6,13.7,16.5,0.00
2025-03-28T23:00,10.3,69,0,NaN,4.6,198,8.8,13.0,16.2,0.00
2025-03-29T00:00,10.4,60,0,NaN,6.0,197,8.8,12.5,15.9,0.00
2025-03-29T01:00,10.3,62,0,NaN,5.8,202,8.5,12.0,15.6,0.00
2025-03-29T02:00,10.3,63,0,NaN,5.6,207,8.3,11.6,15.3,0.00
2025-03-29T03:00,10.4,61,0,NaN,6.5,199,8.2,11.3,15.0,0.00
2025-03-29T04:00,10.2,62,0,NaN,6.3,204,8.0,11.1,14.7,0.00
2025-03-29T05:00,9.6,65,0,NaN,5.3,208,7.5,10.8,14.4,0.00
2025-03-29T06:00,9.3,68,0,NaN,5.8,202,7.4,10.5,14.2,0.00
2025-03-29T07:00,9.8,72,0,NaN,5.8,210,9.9,10.4,13.9,0.00
2025-03-29T08:00,14.0,67,0,NaN,6.1,225,16.5,11.6,13.7,0.00
2025-03-29T09:00,18.6,45,0,NaN,9.4,230,21.6,14.1,13.7,0.00
2025-03-29T10:00,21.0,37,0,NaN,9.8,242,25.1,16.5,13.9,0.00
2025-03-29T11:00,23.3,31,0,NaN,9.3,257,28.2,18.8,14.2,0.00
2025-03-29T12:00,24.1,32,0,NaN,8.6,272,29.3,20.6,14.7,0.00
2025-03-29T13:00,24.9,31,0,NaN,10.0,300,29.9,22.1,15.3,0.00
2025-03-29T14:00,24.8,32,0,NaN,12.9,324,28.8,23.0,15.9,0.00
2025-03-29T15:00,24.6,34,0,NaN,10.9,333,27.8,23.4,16.4,0.00
2025-03-29T16:00,23.6,36,0,NaN,10.9,354,24.9,23.1,16.8,0.00
2025-03-29T17:00,22.0,41,0,NaN,11.8,12,21.6,22.2,17.2,0.00
2025-03-29T18:00,20.0,49,0,NaN,7.4,43,17.6,20.9,17.5,0.00
2025-03-29T19:00,17.0,62,0,NaN,5.0,90,14.0,18.9,17.6,0.00
2025-03-29T20:00,15.2,67,0,NaN,3.5,114,12.2,17.1,17.5,0.00
2025-03-29T21:00,12.8,72,0,NaN,3.5,156,10.5,15.5,17.4,0.00
2025-03-29T22:00,10.8,75,0,NaN,3.1,144,9.4,14.3,17.2,0.00
2025-03-29T23:00,9.7,68,0,NaN,4.0,170,8.6,13.4,16.9,0.00
2025-03-30T00:00,9.3,59,0,NaN,3.3,139,8.3,12.9,16.6,0.00
2025-03-30T01:00,9.7,53,0,NaN,2.9,150,7.6,12.1,16.2,0.00
2025-03-30T02:00,10.6,50,0,NaN,1.1,90,7.0,11.5,15.8,0.00
2025-03-30T03:00,11.0,47,0,NaN,1.4,180,6.6,10.9,15.4,0.00
2025-03-30T04:00,10.8,49,0,NaN,3.6,186,6.4,10.5,15.1,0.00
2025-03-30T05:00,8.8,59,0,NaN,2.6,196,6.2,10.2,14.7,0.00
2025-03-30T06:00,8.4,63,0,NaN,2.9,187,5.9,10.0,14.4,0.00
2025-03-30T07:00,9.0,64,0,NaN,3.2,207,9.2,9.8,14.0,0.00
2025-03-30T08:00,12.3,70,0,NaN,1.8,259,15.8,11.2,13.8,0.00
2025-03-30T09:00,17.3,56,0,NaN,5.9,14,22.2,14.1,13.8,0.00
2025-03-30T10:00,19.5,57,0,NaN,14.1,38,24.0,16.4,13.9,0.00
2025-03-30T11:00,20.6,44,0,NaN,19.4,43,24.8,18.1,14.2,0.00
2025-03-30T12:00,20.7,40,0,NaN,23.2,46,24.8,19.1,14.6,0.00
2025-03-30T13:00,20.5,37,0,NaN,25.3,50,24.4,19.9,15.0,0.00
2025-03-30T14:00,20.1,41,0,NaN,25.9,52,23.6,20.2,15.4,0.00
2025-03-30T15:00,19.5,46,0,NaN,25.6,51,22.3,20.2,15.8,0.00
2025-03-30T16:00,18.6,49,0,NaN,25.0,54,20.0,19.8,16.1,0.00
2025-03-30T17:00,17.5,54,0,NaN,22.8,59,17.7,19.0,16.4,0.00
2025-03-30T18:00,16.2,63,0,NaN,16.5,54,15.0,17.9,16.5,0.00
2025-03-30T19:00,14.4,70,0,NaN,9.2,42,12.5,16.5,16.5,0.00
2025-03-30T20:00,13.2,77,0,NaN,4.8,27,11.1,15.2,16.4,0.00
2025-03-30T21:00,12.9,79,0,NaN,1.5,346,9.4,14.1,16.2,0.00
2025-03-30T22:00,11.8,84,0,NaN,3.4,252,8.7,13.0,16.0,0.00
2025-03-30T23:00,9.7,93,11,NaN,4.5,209,8.5,12.3,15.7,0.00
2025-03-31T00:00,8.8,95,16,NaN,4.3,204,7.9,11.9,15.4,0.00
2025-03-31T01:00,8.3,93,6,NaN,3.9,202,7.3,11.3,15.1,0.00
2025-03-31T02:00,7.8,88,5,NaN,2.9,173,6.5,10.8,14.8,0.00
2025-03-31T03:00,7.2,88,5,NaN,3.6,174,6.0,10.2,14.4,0.00
2025-03-31T04:00,6.5,91,5,NaN,4.0,180,5.7,9.7,14.1,0.00
2025-03-31T05:00,6.0,94,6,NaN,4.0,175,5.3,9.4,13.8,0.00
2025-03-31T06:00,5.5,95,7,NaN,4.0,185,4.9,8.9,13.5,0.00
2025-03-31T07:00,6.2,92,6,NaN,4.0,185,7.9,8.8,13.1,0.00
2025-03-31T08:00,10.7,84,0,NaN,1.5,194,14.6,10.1,12.9,0.00
2025-03-31T09:00,14.9,75,0,NaN,1.8,360,19.6,12.5,12.9,0.00
2025-03-31T10:00,17.9,60,0,NaN,7.2,27,23.3,15.0,13.0,0.00
2025-03-31T11:00,19.5,56,0,NaN,10.9,27,25.0,17.1,13.3,0.00
2025-03-31T12:00,19.7,58,0,NaN,13.4,24,25.0,18.4,13.7,0.00
2025-03-31T13:00,20.2,49,0,NaN,14.7,25,24.9,19.5,14.2,0.00
2025-03-31T14:00,20.2,48,0,NaN,15.6,29,24.2,20.0,14.7,0.00
2025-03-31T15:00,19.9,53,0,NaN,16.1,29,22.9,20.2,15.2,0.00
2025-03-31T16:00,19.1,58,56,NaN,14.6,33,20.7,19.8,15.6,0.00
2025-03-31T17:00,18.2,60,18,NaN,11.9,29,18.3,19.0,15.9,0.00
2025-03-31T18:00,16.6,73,25,NaN,8.4,20,15.1,17.9,16.1,0.00
2025-03-31T19:00,14.4,83,3,NaN,3.3,347,11.9,16.3,16.1,0.00
2025-03-31T20:00,13.0,88,0,NaN,2.3,342,10.2,14.8,16.0,0.00
2025-03-31T21:00,12.2,91,0,NaN,1.1,270,8.9,13.6,15.8,0.00
2025-03-31T22:00,11.2,95,54,NaN,2.9,240,8.1,12.6,15.6,0.00
2025-03-31T23:00,9.7,100,100,NaN,2.9,210,7.9,11.8,15.3,0.00
2025-04-01T00:00,8.6,100,100,NaN,3.7,191,8.1,11.4,15.0,0.00
2025-04-01T01:00,8.4,99,100,NaN,3.6,186,8.0,11.1,14.7,0.00
2025-04-01T02:00,8.1,99,100,NaN,3.7,191,7.7,10.9,14.4,0.00
2025-04-01T03:00,7.8,99,100,NaN,4.0,190,7.2,10.5,14.1,0.00
2025-04-01T04:00,7.6,99,100,NaN,3.2,180,7.0,10.2,13.9,0.00
2025-04-01T05:00,7.5,99,100,NaN,3.3,186,6.8,10.0,13.6,0.00
2025-04-01T06:00,7.1,98,93,NaN,4.0,190,6.5,9.7,13.3,0.00
2025-04-01T07:00,7.7,96,100,NaN,3.7,191,9.0,9.7,13.1,0.00
2025-04-01T08:00,11.5,89,100,NaN,2.3,198,15.2,10.8,12.9,0.00
2025-04-01T09:00,15.2,76,92,NaN,0.8,243,19.4,13.0,12.9,0.00
2025-04-01T10:00,17.5,68,100,NaN,3.1,339,22.1,15.1,13.1,0.00
2025-04-01T11:00,19.1,62,100,NaN,6.0,335,24.1,16.9,13.4,0.00
2025-04-01T12:00,20.0,64,36,NaN,10.2,337,26.3,18.6,13.8,0.00
2025-04-01T13:00,20.4,58,7,NaN,12.5,342,26.1,19.9,14.3,0.00
2025-04-01T14:00,20.1,60,3,NaN,13.2,343,25.3,20.5,14.8,0.00
2025-04-01T15:00,19.7,64,17,NaN,13.0,346,24.1,20.7,15.3,0.00
2025-04-01T16:00,19.0,68,23,NaN,10.2,350,22.1,20.5,15.7,0.00
2025-04-01T17:00,18.3,68,78,NaN,6.8,360,19.6,19.8,16.0,0.00
2025-04-01T18:00,17.6,73,94,NaN,4.5,29,16.1,18.8,16.3,0.00
2025-04-01T19:00,16.0,81,100,NaN,3.8,73,14.0,17.3,16.4,0.00
2025-04-01T20:00,15.0,87,100,NaN,2.7,67,13.7,16.2,16.4,0.00
2025-04-01T21:00,14.8,85,100,NaN,3.6,186,12.7,15.5,16.3,0.00
2025-04-01T22:00,14.0,83,13,NaN,4.3,204,11.9,14.8,16.2,0.00
2025-04-01T23:00,13.2,81,2,NaN,3.1,225,10.9,14.1,16.0,0.00
2025-04-02T00:00,12.4,84,22,NaN,4.4,189,10.7,13.6,15.8,0.00
2025-04-02T01:00,12.1,83,12,NaN,4.3,185,10.8,13.2,15.6,0.00
2025-04-02T02:00,11.7,85,4,NaN,3.6,180,10.3,12.9,15.3,0.00
2025-04-02T03:00,11.2,88,13,NaN,3.2,207,9.9,12.6,15.1,0.00
2025-04-02T04:00,10.6,93,25,NaN,2.5,225,9.5,12.3,14.9,0.00
2025-04-02T05:00,10.2,95,5,NaN,2.8,220,9.0,11.9,14.7,0.00
2025-04-02T06:00,10.1,95,28,NaN,3.6,225,9.2,11.8,14.5,0.00
2025-04-02T07:00,11.4,92,3,NaN,3.7,209,12.7,11.8,14.3,0.00
2025-04-02T08:00,15.8,83,0,NaN,2.5,225,19.4,13.4,14.1,0.00
2025-04-02T09:00,19.7,66,0,NaN,1.8,307,23.8,15.9,14.2,0.00
2025-04-02T10:00,21.7,56,0,NaN,2.9,353,26.2,18.1,14.5,0.00
2025-04-02T11:00,22.7,56,7,NaN,8.2,15,28.1,19.9,14.9,0.00
2025-04-02T12:00,21.7,61,47,NaN,16.4,26,24.4,21.0,15.4,0.00
2025-04-02T13:00,22.2,58,73,NaN,19.8,25,28.2,21.4,15.8,0.00
2025-04-02T14:00,21.7,59,17,NaN,19.7,24,26.5,22.0,16.3,0.00
2025-04-02T15:00,21.1,60,5,NaN,20.6,19,24.6,22.0,16.7,0.00
2025-04-02T16:00,20.4,63,3,NaN,18.4,40,22.5,21.5,17.1,0.00
2025-04-02T17:00,19.9,63,5,NaN,16.9,52,20.3,20.7,17.3,0.00
2025-04-02T18:00,19.0,65,0,NaN,13.5,42,17.7,19.7,17.5,0.00
2025-04-02T19:00,16.9,78,0,NaN,8.8,12,15.2,18.3,17.6,0.00
2025-04-02T20:00,15.8,85,71,NaN,7.2,6,14.8,17.2,17.5,0.00
2025-04-02T21:00,15.2,88,51,NaN,3.3,354,13.7,16.4,17.4,0.00
2025-04-02T22:00,14.8,90,43,NaN,1.1,270,12.3,15.6,17.2,0.00
2025-04-02T23:00,14.3,91,57,NaN,2.6,236,12.1,14.9,17.0,0.00
2025-04-03T00:00,14.3,87,23,NaN,1.0,135,11.4,14.6,16.7,0.00
2025-04-03T01:00,13.3,91,30,NaN,1.1,198,11.0,14.1,16.5,0.00
2025-04-03T02:00,13.1,91,4,NaN,1.3,236,10.3,13.6,16.2,0.00
2025-04-03T03:00,12.6,94,39,NaN,3.3,257,10.7,13.1,15.9,0.00
2025-04-03T04:00,12.2,95,59,NaN,4.7,212,11.4,13.1,15.7,0.00
2025-04-03T05:00,12.2,95,77,NaN,5.6,207,11.8,13.1,15.4,0.00
2025-04-03T06:00,12.4,95,72,NaN,6.3,211,11.8,13.2,15.3,0.00
2025-04-03T07:00,13.4,91,72,NaN,5.5,212,14.1,13.4,15.1,0.00
2025-04-03T08:00,15.8,82,84,NaN,5.9,218,17.8,14.4,15.0,0.00
2025-04-03T09:00,17.6,82,77,NaN,6.6,279,21.4,16.0,15.0,0.00
2025-04-03T10:00,19.4,75,63,NaN,7.4,317,23.7,17.8,15.2,0.00
2025-04-03T11:00,20.3,71,100,NaN,11.3,338,24.3,19.3,15.5,0.00
2025-04-03T12:00,19.4,77,100,NaN,15.5,357,25.0,19.9,15.9,0.00
2025-04-03T13:00,19.6,74,100,NaN,17.2,11,25.0,20.5,16.3,0.00
2025-04-03T14:00,19.3,73,100,NaN,16.8,28,23.5,20.7,16.6,0.00
2025-04-03T15:00,19.3,72,100,NaN,18.2,38,22.1,20.7,17.0,0.00
2025-04-03T16:00,19.3,73,72,NaN,17.8,42,21.6,20.3,17.2,0.00
2025-04-03T17:00,18.5,77,51,NaN,18.6,49,19.2,19.8,17.4,0.00
2025-04-03T18:00,17.5,82,40,NaN,16.3,49,16.8,18.8,17.5,0.00
2025-04-03T19:00,16.2,88,5,NaN,12.1,37,15.0,17.7,17.5,0.00
2025-04-03T20:00,15.3,94,23,NaN,7.8,22,14.2,16.7,17.4,0.00
2025-04-03T21:00,14.5,97,48,NaN,5.1,315,13.5,15.9,17.2,0.00
2025-04-03T22:00,14.0,98,62,NaN,3.6,307,12.8,15.3,17.0,0.00
2025-04-03T23:00,14.1,95,100,NaN,4.5,284,13.5,14.9,16.8,0.00
2025-04-04T00:00,14.5,96,100,NaN,5.4,290,14.1,14.7,16.6,0.00
2025-04-04T01:00,14.3,93,100,NaN,5.0,201,14.0,14.8,16.4,0.00
2025-04-04T02:00,14.2,95,89,NaN,4.6,219,13.8,14.8,16.2,0.00
2025-04-04T03:00,14.1,94,50,NaN,2.9,187,12.7,14.7,16.1,0.00
2025-04-04T04:00,13.4,94,26,NaN,3.7,191,11.8,14.3,16.0,0.00
2025-04-04T05:00,12.6,94,37,NaN,2.2,189,11.1,13.8,15.8,0.00
2025-04-04T06:00,12.1,94,59,NaN,2.3,198,10.6,13.3,15.6,0.00
2025-04-04T07:00,12.7,93,47,NaN,2.2,189,14.2,13.3,15.4,0.00
2025-04-04T08:00,16.1,81,52,NaN,2.5,225,19.6,14.7,15.3,0.00
2025-04-04T09:00,19.2,71,56,NaN,3.6,233,23.3,16.9,15.3,0.00
2025-04-04T10:00,21.6,64,55,NaN,4.8,228,26.0,18.8,15.5,0.00
2025-04-04T11:00,23.5,57,65,NaN,4.5,256,27.5,20.5,15.9,0.00
2025-04-04T12:00,24.8,48,58,NaN,3.1,306,28.3,21.9,16.3,0.00
2025-04-04T13:00,25.8,43,51,NaN,9.5,307,30.2,23.1,16.9,0.00
2025-04-04T14:00,24.7,54,36,NaN,11.2,358,28.3,23.8,17.4,0.00
2025-04-04T15:00,24.3,51,38,NaN,14.4,22,26.9,23.8,17.9,0.00
2025-04-04T16:00,23.1,54,27,NaN,14.8,39,24.8,23.2,18.2,0.00
2025-04-04T17:00,22.1,55,14,NaN,12.8,16,22.3,22.4,18.5,0.00
2025-04-04T18:00,20.2,63,34,NaN,10.1,6,18.9,21.3,18.8,0.00
2025-04-04T19:00,18.3,74,44,NaN,3.1,45,16.2,19.7,18.8,0.00
2025-04-04T20:00,17.3,80,51,NaN,1.8,143,14.9,18.4,18.7,0.00
2025-04-04T21:00,16.2,81,49,NaN,1.9,202,14.1,17.3,18.5,0.00
2025-04-04T22:00,15.7,83,50,NaN,0.8,297,13.2,16.5,18.3,0.00
2025-04-04T23:00,15.2,85,65,NaN,3.6,360,13.4,15.8,18.1,0.00
2025-04-05T00:00,15.0,83,59,NaN,3.3,96,12.5,15.3,17.8,0.00
2025-04-05T01:00,13.7,90,41,NaN,4.4,125,12.3,14.9,17.5,0.00
2025-04-05T02:00,13.2,90,41,NaN,2.3,141,11.5,14.6,17.2,0.00
2025-04-05T03:00,13.3,86,52,NaN,2.0,135,10.9,14.1,16.9,0.00
2025-04-05T04:00,13.6,84,67,NaN,0.7,90,11.1,13.8,16.6,0.00
2025-04-05T05:00,13.7,86,72,NaN,1.8,90,11.6,13.6,16.4,0.00
2025-04-05T06:00,13.8,88,77,NaN,2.6,106,12.5,13.9,16.2,0.00
2025-04-05T07:00,14.2,88,80,NaN,3.3,139,15.1,14.2,16.0,0.00
2025-04-05T08:00,16.3,83,85,NaN,2.6,106,19.1,15.2,15.9,0.00
2025-04-05T09:00,18.3,74,69,NaN,5.8,353,21.8,17.0,15.9,0.00
2025-04-05T10:00,19.3,66,65,NaN,11.0,349,24.0,18.5,16.1,0.00
2025-04-05T11:00,20.5,60,68,NaN,12.1,337,27.1,19.9,16.3,0.00
2025-04-05T12:00,20.9,56,92,NaN,14.6,340,27.3,21.5,16.7,0.00
2025-04-05T13:00,20.7,55,100,NaN,15.6,341,26.3,22.1,17.1,0.00
2025-04-05T14:00,20.7,52,100,NaN,17.7,336,26.6,22.6,17.5,0.00
2025-04-05T15:00,20.3,53,97,NaN,17.9,338,24.5,22.4,17.8,0.00
2025-04-05T16:00,19.6,54,100,NaN,16.3,342,22.1,22.0,18.1,0.00
2025-04-05T17:00,18.9,53,100,NaN,11.9,346,19.5,21.0,18.3,0.00
2025-04-05T18:00,18.0,55,100,NaN,7.6,8,17.1,19.9,18.4,0.00
2025-04-05T19:00,16.3,64,83,NaN,4.7,99,14.1,18.5,18.4,0.00
2025-04-05T20:00,15.0,70,87,NaN,4.9,144,13.3,17.1,18.3,0.00
2025-04-05T21:00,14.2,63,27,NaN,4.7,171,12.3,16.2,18.1,0.00
2025-04-05T22:00,13.0,63,33,NaN,4.8,193,11.4,15.3,17.8,0.00
2025-04-05T23:00,12.3,67,78,NaN,4.3,204,11.2,14.6,17.5,0.00
2025-04-06T00:00,12.5,65,75,NaN,4.0,190,11.6,14.3,17.2,0.00
2025-04-06T01:00,12.4,67,72,NaN,3.7,191,11.2,14.0,16.9,0.00
2025-04-06T02:00,12.0,70,54,NaN,3.7,191,10.6,13.7,16.7,0.00
2025-04-06T03:00,11.4,71,40,NaN,4.0,190,10.1,13.3,16.4,0.00
2025-04-06T04:00,10.6,75,12,NaN,4.1,195,9.1,12.8,16.1,0.00
2025-04-06T05:00,9.8,77,0,NaN,4.0,207,8.4,12.3,15.8,0.00
2025-04-06T06:00,9.4,75,15,NaN,4.3,204,8.2,11.9,15.5,0.00
2025-04-06T07:00,10.7,74,26,NaN,4.2,211,12.0,11.8,15.2,0.00
2025-04-06T08:00,15.3,68,68,NaN,3.3,257,18.9,13.4,15.0,0.00
2025-04-06T09:00,18.6,56,100,NaN,5.4,270,22.9,16.0,15.0,0.00
2025-04-06T10:00,20.8,48,100,NaN,8.2,311,26.0,18.1,15.2,0.00
2025-04-06T11:00,21.4,50,100,NaN,14.5,330,26.1,19.9,15.6,0.00
2025-04-06T12:00,20.2,60,100,NaN,14.7,338,22.9,20.6,16.0,0.00
2025-04-06T13:00,21.0,58,73,NaN,15.0,339,26.9,21.0,16.4,0.00
2025-04-06T14:00,21.7,47,41,NaN,17.1,332,26.7,22.0,16.8,0.00
2025-04-06T15:00,21.4,46,18,NaN,17.1,325,24.8,22.3,17.3,0.00
2025-04-06T16:00,20.3,53,31,NaN,15.3,326,22.4,21.8,17.6,0.00
2025-04-06T17:00,19.4,56,6,NaN,9.5,323,20.5,21.0,17.9,0.00
2025-04-06T18:00,19.2,59,67,NaN,0.8,243,17.8,20.1,18.1,0.00
2025-04-06T19:00,17.0,65,16,NaN,4.0,153,14.2,18.5,18.1,0.00
2025-04-06T20:00,15.8,67,64,NaN,3.6,180,13.0,17.0,18.0,0.00
2025-04-06T21:00,14.5,59,9,NaN,5.1,188,12.2,16.0,17.8,0.00
2025-04-06T22:00,13.9,60,12,NaN,4.8,193,11.6,15.1,17.6,0.00
2025-04-06T23:00,13.1,63,0,NaN,3.9,214,10.8,14.5,17.3,0.00
2025-04-07T00:00,12.8,62,0,NaN,4.6,198,10.7,14.1,17.0,0.00
2025-04-07T01:00,12.1,67,0,NaN,4.6,198,10.2,13.6,16.7,0.00
2025-04-07T02:00,11.6,70,4,NaN,4.2,200,9.8,13.1,16.4,0.00
2025-04-07T03:00,11.1,70,0,NaN,4.9,197,9.5,12.7,16.1,0.00
2025-04-07T04:00,10.8,74,0,NaN,4.5,194,9.1,12.4,15.8,0.00
2025-04-07T05:00,10.5,77,33,NaN,4.6,198,8.9,12.0,15.5,0.00
2025-04-07T06:00,10.5,78,89,NaN,4.9,197,9.3,11.8,15.3,0.00
2025-04-07T07:00,11.7,78,61,NaN,4.7,203,12.6,12.0,15.0,0.00
2025-04-07T08:00,15.9,71,5,NaN,4.3,228,19.3,13.5,14.9,0.00
2025-04-07T09:00,20.0,56,1,NaN,6.5,236,24.8,16.4,14.9,0.00
2025-04-07T10:00,22.2,47,0,NaN,5.1,262,27.3,18.8,15.2,0.00
2025-04-07T11:00,23.8,42,72,NaN,3.0,346,29.0,20.7,15.6,0.00
2025-04-07T12:00,24.4,41,37,NaN,10.6,10,30.9,22.2,16.1,0.00
2025-04-07T13:00,24.0,42,22,NaN,16.5,23,29.5,23.4,16.7,0.00
2025-04-07T14:00,23.5,43,0,NaN,18.5,27,28.1,23.8,17.3,0.00
2025-04-07T15:00,22.5,47,0,NaN,19.8,29,26.1,23.6,17.8,0.00
2025-04-07T16:00,21.5,51,0,NaN,17.9,38,23.7,22.9,18.2,0.00
2025-04-07T17:00,20.6,55,0,NaN,15.8,43,21.3,21.9,18.5,0.00
2025-04-07T18:00,19.4,65,0,NaN,11.8,40,18.2,20.8,18.6,0.00
2025-04-07T19:00,17.1,76,0,NaN,5.8,7,15.1,19.2,18.7,0.00
2025-04-07T20:00,15.5,85,0,NaN,3.7,349,13.6,17.7,18.6,0.00
2025-04-07T21:00,14.6,87,0,NaN,2.3,342,12.3,16.5,18.4,0.00
2025-04-07T22:00,14.1,89,0,NaN,1.6,297,11.2,15.5,18.1,0.00
2025-04-07T23:00,13.7,90,0,NaN,1.8,270,10.4,14.6,17.8,0.00
2025-04-08T00:00,13.4,88,0,NaN,2.3,252,10.1,14.0,17.4,0.00
2025-04-08T01:00,12.8,90,0,NaN,3.1,234,10.1,13.6,17.1,0.00
2025-04-08T02:00,11.9,90,0,NaN,2.8,220,10.0,13.3,16.7,0.00
2025-04-08T03:00,11.3,89,0,NaN,2.6,196,9.1,12.8,16.4,0.00
2025-04-08T04:00,11.3,88,0,NaN,1.8,169,8.8,12.4,16.1,0.00
2025-04-08T05:00,11.3,91,0,NaN,2.3,141,8.5,12.0,15.8,0.00
2025-04-08T06:00,11.5,92,1,NaN,0.8,207,7.8,11.5,15.5,0.00
2025-04-08T07:00,12.2,94,0,NaN,2.7,247,13.2,11.7,15.2,0.00
2025-04-08T08:00,15.9,81,0,NaN,2.6,254,20.3,13.7,15.0,0.00
2025-04-08T09:00,19.8,66,0,NaN,5.4,352,24.9,16.5,15.0,0.00
2025-04-08T10:00,22.1,60,0,NaN,9.3,16,27.5,18.9,15.3,0.00
2025-04-08T11:00,23.2,57,0,NaN,15.0,17,28.6,20.9,15.7,0.00
2025-04-08T12:00,23.0,51,0,NaN,18.1,17,28.0,21.7,16.2,0.00
2025-04-08T13:00,23.5,48,0,NaN,17.7,24,28.7,22.6,16.7,0.00
2025-04-08T14:00,23.6,53,0,NaN,17.4,30,28.3,23.2,17.2,0.00
2025-04-08T15:00,23.5,54,10,NaN,19.3,33,26.8,23.4,17.7,0.00
2025-04-08T16:00,22.7,55,12,NaN,17.6,31,24.6,23.1,18.1,0.00
2025-04-08T17:00,21.3,60,7,NaN,15.3,24,21.9,22.2,18.5,0.00
2025-04-08T18:00,19.8,67,6,NaN,12.3,5,18.6,21.1,18.7,0.00
2025-04-08T19:00,17.7,77,0,NaN,7.1,336,15.8,19.5,18.7,0.00
2025-04-08T20:00,16.5,83,36,NaN,4.1,315,14.7,18.1,18.6,0.00
2025-04-08T21:00,15.9,83,58,NaN,4.3,275,14.6,17.2,18.5,0.00
2025-04-08T22:00,15.5,85,79,NaN,4.6,252,14.7,16.7,18.3,0.00
2025-04-08T23:00,15.3,87,80,NaN,4.5,241,14.5,16.4,18.1,0.00
2025-04-09T00:00,14.7,89,78,NaN,5.0,240,13.8,15.9,17.8,0.00
2025-04-09T01:00,14.4,91,91,NaN,4.8,228,13.2,15.6,17.6,0.00
2025-04-09T02:00,13.6,94,91,NaN,3.9,202,12.2,15.3,17.4,0.00
2025-04-09T03:00,13.2,95,71,NaN,3.8,221,12.1,14.9,17.2,0.00
2025-04-09T04:00,12.6,97,76,NaN,3.9,202,11.9,14.5,17.0,0.00
2025-04-09T05:00,12.2,99,60,NaN,2.9,187,11.4,14.2,16.7,0.00
2025-04-09T06:00,12.3,100,67,NaN,2.6,214,11.6,13.9,16.5,0.00
2025-04-09T07:00,13.3,98,77,NaN,2.9,173,15.4,14.1,16.3,0.00
2025-04-09T08:00,16.0,91,59,NaN,1.8,169,20.0,15.4,16.2,0.00
2025-04-09T09:00,19.3,78,36,NaN,4.8,27,24.5,17.5,16.2,0.00
2025-04-09T10:00,20.9,72,30,NaN,8.2,23,27.1,19.5,16.4,0.00
2025-04-09T11:00,21.9,70,51,NaN,12.7,25,28.5,21.2,16.7,0.00
2025-04-09T12:00,21.5,72,68,NaN,15.8,27,27.9,21.9,17.1,0.00
2025-04-09T13:00,21.3,73,65,NaN,17.9,30,27.2,22.7,17.5,0.00
2025-04-09T14:00,21.1,72,69,NaN,17.7,33,26.4,22.9,17.9,0.00
2025-04-09T15:00,20.7,74,99,NaN,18.0,37,25.1,22.7,18.3,0.00
2025-04-09T16:00,19.6,80,100,NaN,17.1,35,21.2,21.9,18.6,0.00
2025-04-09T17:00,18.8,80,100,NaN,14.7,36,20.5,21.0,18.7,0.00
2025-04-09T18:00,17.8,83,100,NaN,13.0,34,17.5,19.9,18.8,0.00
2025-04-09T19:00,16.8,89,100,NaN,8.2,29,16.2,18.8,18.8,0.00
2025-04-09T20:00,16.4,92,99,NaN,6.2,7,16.0,18.0,18.7,0.00
2025-04-09T21:00,16.0,96,88,NaN,4.7,360,15.6,17.5,18.5,0.00
2025-04-09T22:00,15.8,97,89,NaN,3.1,339,15.3,17.1,18.3,0.00
2025-04-09T23:00,15.5,97,90,NaN,2.9,7,14.8,16.8,18.2,0.00
2025-04-10T00:00,15.2,99,100,NaN,4.4,35,14.9,16.6,18.0,0.00
2025-04-10T01:00,15.2,97,100,NaN,3.6,45,14.5,16.4,17.8,0.00
2025-04-10T02:00,14.9,97,100,NaN,2.3,51,14.1,16.1,17.6,0.00
2025-04-10T03:00,15.0,97,100,NaN,2.3,321,14.2,15.8,17.5,0.00
2025-04-10T04:00,14.8,97,100,NaN,2.8,310,14.7,15.8,17.3,0.00
2025-04-10T05:00,14.9,98,100,NaN,3.9,56,14.7,15.8,17.2,0.00
2025-04-10T06:00,15.1,97,100,NaN,2.1,59,14.3,15.7,17.0,0.00
2025-04-10T07:00,16.4,94,66,NaN,6.4,38,17.6,15.9,16.9,0.00
2025-04-10T08:00,18.3,86,41,NaN,10.4,46,21.6,17.1,16.9,0.00
2025-04-10T09:00,19.1,83,62,NaN,14.2,30,23.3,18.5,16.9,0.00
2025-04-10T10:00,19.8,79,57,NaN,14.7,25,24.9,19.8,17.1,0.00
2025-04-10T11:00,20.0,79,100,NaN,16.9,29,24.1,20.7,17.4,0.00
2025-04-10T12:00,19.5,78,100,NaN,16.3,31,23.0,20.8,17.6,0.00
2025-04-10T13:00,19.6,78,100,NaN,16.9,29,23.0,21.1,17.9,0.00
2025-04-10T14:00,19.2,80,100,NaN,17.5,32,22.9,20.9,18.2,0.00
2025-04-10T15:00,18.8,80,100,NaN,18.3,36,21.0,20.6,18.3,0.00
2025-04-10T16:00,18.5,81,100,NaN,19.1,43,20.1,20.2,18.5,0.00
2025-04-10T17:00,17.9,83,100,NaN,18.6,46,18.7,19.6,18.5,0.00
2025-04-10T18:00,17.3,85,100,NaN,18.6,47,17.5,18.8,18.5,0.00
2025-04-10T19:00,16.7,88,100,NaN,15.8,41,16.4,18.2,18.4,0.00
2025-04-10T20:00,16.7,89,100,NaN,14.0,48,16.5,17.7,18.3,0.00
2025-04-10T21:00,16.7,90,100,NaN,12.7,35,16.3,17.5,18.2,0.00
2025-04-10T22:00,16.6,92,100,NaN,10.7,33,16.2,17.3,18.1,0.00
2025-04-10T23:00,16.5,93,100,NaN,10.9,44,16.2,17.1,18.0,0.00
2025-04-11T00:00,16.5,93,100,NaN,12.7,35,16.3,17.1,17.9,0.00
2025-04-11T01:00,16.5,93,100,NaN,13.3,38,16.5,17.0,17.7,0.00
2025-04-11T02:00,16.5,92,100,NaN,10.6,35,16.4,17.0,17.7,0.00
2025-04-11T03:00,16.4,94,100,NaN,11.3,31,16.3,16.9,17.5,0.00
2025-04-11T04:00,16.3,94,100,NaN,9.4,23,16.1,16.8,17.5,0.00
2025-04-11T05:00,16.0,96,100,NaN,6.4,27,15.5,16.6,17.4,0.00
2025-04-11T06:00,16.0,95,100,NaN,7.6,25,15.8,16.6,17.3,0.00
2025-04-11T07:00,16.6,94,100,NaN,8.7,24,17.6,16.6,17.2,0.00
2025-04-11T08:00,17.8,89,100,NaN,9.8,24,19.8,17.3,17.2,0.00
2025-04-11T09:00,18.0,88,100,NaN,13.2,22,20.3,17.7,17.1,0.00
2025-04-11T10:00,18.6,84,100,NaN,12.0,39,21.7,18.5,17.2,0.00
2025-04-11T11:00,19.3,84,100,NaN,12.7,25,22.3,19.4,17.4,0.00
2025-04-11T12:00,18.6,91,100,NaN,17.5,352,20.8,19.3,17.5,0.00
2025-04-11T13:00,21.0,80,100,NaN,21.0,5,24.3,20.3,17.7,0.00
2025-04-11T14:00,20.0,83,100,NaN,20.1,21,23.4,20.7,18.0,0.00
2025-04-11T15:00,17.7,89,100,NaN,20.3,23,18.2,19.1,18.1,0.10
2025-04-11T16:00,17.3,90,100,NaN,14.8,14,17.6,18.6,18.1,0.00
2025-04-11T17:00,16.9,91,100,NaN,11.8,27,17.3,18.1,18.1,0.00
2025-04-11T18:00,16.9,91,100,NaN,12.3,40,16.8,17.7,18.0,0.00
2025-04-11T19:00,16.7,92,100,NaN,11.2,40,16.5,17.4,17.9,0.00
2025-04-11T20:00,16.5,93,100,NaN,10.8,53,16.3,17.2,17.8,0.00
2025-04-11T21:00,15.9,94,100,NaN,11.0,49,15.6,16.7,17.6,0.00
2025-04-11T22:00,15.7,96,100,NaN,8.6,33,15.6,16.4,17.5,0.00
2025-04-11T23:00,15.6,96,100,NaN,9.0,37,15.5,16.4,17.3,0.00
2025-04-12T00:00,15.8,93,100,NaN,11.8,40,15.8,16.4,17.3,0.00
2025-04-12T01:00,15.7,95,100,NaN,8.1,21,15.5,16.3,17.1,0.00
2025-04-12T02:00,15.7,96,100,NaN,3.9,34,15.5,16.2,17.0,0.00
2025-04-12T03:00,15.6,97,100,NaN,8.4,43,15.3,16.0,16.9,0.00
2025-04-12T04:00,15.4,97,100,NaN,8.8,35,15.1,15.9,16.8,0.00
2025-04-12T05:00,15.4,97,100,NaN,5.6,50,15.1,15.8,16.7,0.00
2025-04-12T06:00,15.2,99,100,NaN,7.9,30,15.2,15.6,16.6,0.00
2025-04-12T07:00,15.9,95,100,NaN,10.8,37,16.7,15.9,16.5,0.00
2025-04-12T08:00,16.7,90,100,NaN,10.6,35,18.1,16.4,16.5,0.00
2025-04-12T09:00,16.3,94,100,NaN,8.4,25,18.3,16.7,16.4,0.00
2025-04-12T10:00,17.5,90,100,NaN,14.8,14,20.2,17.8,16.5,0.00
2025-04-12T11:00,17.1,91,100,NaN,9.5,9,19.0,18.1,16.7,0.00
2025-04-12T12:00,16.9,92,100,NaN,9.0,16,19.0,17.8,16.9,0.00
2025-04-12T13:00,17.5,91,100,NaN,11.0,38,20.6,18.5,17.0,0.00
2025-04-12T14:00,17.3,91,100,NaN,7.1,24,19.0,18.4,17.2,0.00
2025-04-12T15:00,17.6,90,100,NaN,10.4,358,19.8,18.7,17.4,0.00
2025-04-12T16:00,17.5,89,100,NaN,8.8,19,18.5,18.4,17.5,0.00
2025-04-12T17:00,17.1,89,100,NaN,13.0,39,17.3,18.0,17.6,0.00
2025-04-12T18:00,16.7,92,100,NaN,12.0,44,16.7,17.4,17.6,0.00
2025-04-12T19:00,16.3,93,100,NaN,8.0,54,15.9,16.9,17.5,0.00
2025-04-12T20:00,16.1,96,100,NaN,1.8,53,15.9,16.7,17.4,0.40
2025-04-12T21:00,15.9,97,100,NaN,2.2,189,15.9,16.6,17.2,1.10
2025-04-12T22:00,15.8,98,100,NaN,6.6,9,15.7,16.4,17.1,0.50
2025-04-12T23:00,15.5,99,100,NaN,6.8,108,15.5,16.3,17.0,0.10
2025-04-13T00:00,15.8,97,99,NaN,2.2,90,15.6,16.3,17.0,0.00
2025-04-13T01:00,15.6,99,100,NaN,5.7,18,15.5,16.1,16.8,0.00
2025-04-13T02:00,15.6,98,100,NaN,4.7,23,15.3,15.9,16.7,0.00
2025-04-13T03:00,15.2,98,100,NaN,3.6,84,14.8,15.6,16.6,0.00
2025-04-13T04:00,15.4,98,100,NaN,0.5,315,15.2,15.7,16.5,0.00
2025-04-13T05:00,15.4,98,100,NaN,2.7,113,15.2,15.7,16.4,0.20
2025-04-13T06:00,15.4,98,100,NaN,2.3,108,15.3,15.6,16.3,0.20
2025-04-13T07:00,15.8,98,100,NaN,4.1,135,16.2,15.8,16.2,0.10
2025-04-13T08:00,16.6,95,93,NaN,0.8,63,17.9,16.4,16.2,0.00
2025-04-13T09:00,17.6,90,99,NaN,5.4,340,18.9,17.3,16.4,0.00
2025-04-13T10:00,17.8,90,100,NaN,8.7,343,18.8,18.1,16.6,0.00
2025-04-13T11:00,17.4,90,100,NaN,13.2,334,17.9,17.8,16.7,0.00
2025-04-13T12:00,17.5,89,100,NaN,11.0,322,19.6,17.7,16.8,0.00
2025-04-13T13:00,17.6,89,100,NaN,10.2,318,19.1,18.0,17.0,0.00
2025-04-13T14:00,17.5,92,100,NaN,8.0,297,18.2,17.9,17.1,0.30
2025-04-13T15:00,18.1,89,100,NaN,6.8,252,18.6,18.0,17.2,0.20
2025-04-13T16:00,17.9,88,100,NaN,7.9,204,18.3,17.8,17.2,0.30
2025-04-13T17:00,18.2,85,100,NaN,9.4,203,18.0,17.8,17.3,0.00
2025-04-13T18:00,17.8,87,100,NaN,7.7,191,17.0,17.6,17.3,0.00
2025-04-13T19:00,16.7,88,73,NaN,6.1,183,15.3,17.0,17.3,0.00
2025-04-13T20:00,15.6,90,47,NaN,5.2,205,14.4,16.2,17.2,0.00
2025-04-13T21:00,14.7,91,18,NaN,7.4,194,13.8,15.6,17.0,0.00
2025-04-13T22:00,14.4,92,23,NaN,7.9,196,13.5,15.1,16.8,0.00
2025-04-13T23:00,14.2,93,97,NaN,5.0,210,13.3,14.8,16.6,0.00
2025-04-14T00:00,14.2,93,84,NaN,6.0,205,13.5,14.8,16.5,0.00
2025-04-14T01:00,14.0,92,74,NaN,6.2,216,13.4,14.6,16.3,0.00
2025-04-14T02:00,14.1,92,67,NaN,5.9,223,13.4,14.5,16.1,0.00
2025-04-14T03:00,14.2,91,45,NaN,6.2,216,13.2,14.4,15.9,0.00
2025-04-14T04:00,13.9,91,41,NaN,5.7,215,12.9,14.3,15.8,0.00
2025-04-14T05:00,13.5,92,41,NaN,5.4,228,12.5,14.0,15.7,0.00
2025-04-14T06:00,13.1,92,32,NaN,6.1,220,12.2,13.7,15.5,0.00
2025-04-14T07:00,14.2,91,0,NaN,5.9,223,15.2,13.9,15.4,0.00
2025-04-14T08:00,17.3,81,0,NaN,8.2,247,19.4,15.5,15.3,0.00
2025-04-14T09:00,19.2,74,0,NaN,11.5,250,22.0,17.3,15.5,0.00
2025-04-14T10:00,20.7,70,0,NaN,11.9,256,24.6,19.0,15.8,0.00
2025-04-14T11:00,21.9,60,60,NaN,14.6,260,23.9,20.5,16.3,0.00
2025-04-14T12:00,22.4,57,85,NaN,14.3,309,25.2,21.2,16.8,0.00
2025-04-14T13:00,21.4,64,87,NaN,18.4,348,26.0,21.7,17.3,0.00
2025-04-14T14:00,21.1,65,100,NaN,17.8,339,25.6,22.1,17.7,0.00
2025-04-14T15:00,20.5,65,80,NaN,16.0,324,23.2,21.8,18.0,0.00
2025-04-14T16:00,20.2,65,46,NaN,16.1,321,22.3,21.8,18.4,0.00
2025-04-14T17:00,19.6,67,84,NaN,15.1,322,20.1,20.9,18.6,0.00
2025-04-14T18:00,19.2,67,85,NaN,11.6,330,18.7,20.0,18.7,0.00
2025-04-14T19:00,18.1,72,84,NaN,8.0,333,17.2,19.0,18.8,0.00
2025-04-14T20:00,17.5,76,76,NaN,2.5,45,16.6,18.2,18.7,0.00
2025-04-14T21:00,16.6,82,86,NaN,4.2,121,15.9,17.6,18.5,0.00
2025-04-14T22:00,15.9,88,79,NaN,3.6,135,15.4,17.1,18.3,0.00
2025-04-14T23:00,15.4,90,64,NaN,4.1,142,14.9,16.7,18.1,0.00
2025-04-15T00:00,15.1,88,69,NaN,1.1,180,14.2,16.3,18.0,0.00
2025-04-15T01:00,14.8,90,67,NaN,1.1,198,13.8,15.9,17.8,0.00
2025-04-15T02:00,14.6,92,87,NaN,1.5,194,13.7,15.6,17.5,0.00
2025-04-15T03:00,13.9,93,63,NaN,2.3,198,12.9,15.1,17.3,0.00
2025-04-15T04:00,13.4,94,12,NaN,2.6,196,12.2,14.7,17.0,0.00
2025-04-15T05:00,12.9,91,7,NaN,4.1,218,11.4,14.2,16.8,0.00
2025-04-15T06:00,13.4,82,0,NaN,6.5,236,11.9,13.9,16.5,0.00
2025-04-15T07:00,15.5,72,67,NaN,12.8,232,15.7,14.2,16.3,0.00
2025-04-15T08:00,17.4,64,89,NaN,21.0,239,17.8,15.5,16.2,0.00
2025-04-15T09:00,15.9,83,95,NaN,15.2,306,15.9,16.2,16.2,0.10
2025-04-15T10:00,14.7,86,100,NaN,15.1,310,15.2,15.9,16.2,1.00
2025-04-15T11:00,14.7,84,94,NaN,9.5,259,15.7,15.8,16.2,0.60
2025-04-15T12:00,15.3,76,90,NaN,13.9,280,16.3,15.9,16.2,0.00
2025-04-15T13:00,15.4,76,93,NaN,14.1,285,16.9,16.3,16.2,0.00
2025-04-15T14:00,15.2,77,92,NaN,13.7,275,16.2,16.3,16.2,0.00
2025-04-15T15:00,15.6,73,87,NaN,13.3,273,16.7,16.6,16.3,0.00
2025-04-15T16:00,15.6,70,79,NaN,13.1,262,15.8,16.5,16.4,0.00
2025-04-15T17:00,15.6,69,94,NaN,13.6,258,15.0,16.3,16.4,0.00
2025-04-15T18:00,14.7,76,80,NaN,12.1,243,14.2,15.8,16.4,0.00
2025-04-15T19:00,13.8,81,84,NaN,9.9,226,13.0,15.2,16.3,0.00
2025-04-15T20:00,13.3,84,70,NaN,10.4,226,12.7,14.6,16.2,0.00
2025-04-15T21:00,12.6,82,57,NaN,9.2,211,11.9,14.1,16.0,0.00
2025-04-15T22:00,12.3,82,53,NaN,9.7,222,11.4,13.7,15.8,0.00
2025-04-15T23:00,12.1,81,51,NaN,12.0,229,11.3,13.3,15.6,0.00
2025-04-16T00:00,11.6,84,58,NaN,13.1,217,11.0,12.9,15.3,0.00
2025-04-16T01:00,11.6,81,59,NaN,11.7,236,10.8,12.7,15.1,0.00
2025-04-16T02:00,11.5,79,47,NaN,12.7,241,10.8,12.5,14.9,0.00
2025-04-16T03:00,11.6,73,30,NaN,16.3,248,10.5,12.3,14.7,0.00
2025-04-16T04:00,11.5,71,24,NaN,20.5,255,10.5,12.2,14.5,0.00
2025-04-16T05:00,11.3,69,11,NaN,22.0,252,10.2,12.0,14.4,0.00
2025-04-16T06:00,11.0,71,20,NaN,18.5,241,10.2,11.9,14.2,0.00
2025-04-16T07:00,11.8,71,26,NaN,20.7,247,12.3,12.0,14.1,0.00
2025-04-16T08:00,13.4,65,28,NaN,26.1,263,15.1,13.0,14.0,0.00
2025-04-16T09:00,15.8,52,3,NaN,31.6,278,18.2,14.7,14.1,0.00
2025-04-16T10:00,16.7,47,5,NaN,33.1,282,19.9,15.9,14.3,0.00
2025-04-16T11:00,17.7,40,0,NaN,35.5,285,21.4,17.1,14.6,0.00
2025-04-16T12:00,17.9,38,0,NaN,34.8,286,21.7,17.9,14.9,0.00
2025-04-16T13:00,18.3,34,0,NaN,34.7,287,22.0,18.7,15.3,0.00
2025-04-16T14:00,18.4,33,0,NaN,34.0,290,21.6,19.1,15.7,0.00
2025-04-16T15:00,18.7,35,0,NaN,30.1,291,21.3,19.5,16.0,0.00
2025-04-16T16:00,18.1,40,0,NaN,26.6,295,19.7,19.2,16.3,0.00
2025-04-16T17:00,17.4,43,0,NaN,22.4,298,17.7,18.5,16.6,0.00
2025-04-16T18:00,16.7,48,0,NaN,12.1,300,15.7,17.8,16.7,0.00
2025-04-16T19:00,15.1,55,0,NaN,4.3,222,12.6,16.4,16.7,0.00
2025-04-16T20:00,13.5,60,0,NaN,6.6,193,11.6,15.1,16.6,0.00
2025-04-16T21:00,13.0,56,0,NaN,8.5,192,11.3,14.3,16.4,0.00
2025-04-16T22:00,12.8,60,0,NaN,9.1,198,11.2,13.7,16.2,0.00
2025-04-16T23:00,12.5,66,0,NaN,8.2,203,10.9,13.3,16.0,0.00
2025-04-17T00:00,12.5,70,0,NaN,8.2,195,10.9,13.1,15.8,0.00
2025-04-17T01:00,12.4,73,0,NaN,7.9,196,10.7,12.9,15.5,0.00
2025-04-17T02:00,12.0,75,0,NaN,5.8,210,10.3,12.6,15.3,0.00
2025-04-17T03:00,11.5,76,0,NaN,4.6,198,9.8,12.4,15.1,0.00
2025-04-17T04:00,10.8,79,20,NaN,4.8,207,9.3,12.0,14.8,0.00
2025-04-17T05:00,10.4,79,37,NaN,5.4,228,9.2,11.6,14.6,0.00
2025-04-17T06:00,11.0,76,0,NaN,7.5,215,9.8,11.6,14.4,0.00
2025-04-17T07:00,12.9,73,0,NaN,7.2,233,13.5,12.0,14.2,0.00
2025-04-17T08:00,16.0,62,4,NaN,11.4,246,18.3,13.6,14.1,0.00
2025-04-17T09:00,18.9,53,100,NaN,15.8,240,21.7,15.9,14.3,0.00
2025-04-17T10:00,20.7,45,100,NaN,18.7,242,24.1,17.7,14.6,0.00
2025-04-17T11:00,21.9,42,100,NaN,18.2,243,24.8,19.2,15.0,0.00
2025-04-17T12:00,22.9,42,100,NaN,15.1,258,27.2,20.6,15.5,0.00
2025-04-17T13:00,23.4,42,100,NaN,13.7,273,27.3,21.7,16.0,0.00
2025-04-17T14:00,22.9,49,39,NaN,15.5,324,27.2,22.4,16.6,0.00
2025-04-17T15:00,22.6,51,23,NaN,15.1,335,26.0,22.8,17.0,0.00
2025-04-17T16:00,22.0,55,20,NaN,14.0,337,24.5,22.5,17.5,0.00
2025-04-17T17:00,21.3,57,8,NaN,9.0,360,22.2,21.9,17.8,0.00
2025-04-17T18:00,20.4,60,85,NaN,7.6,31,19.3,21.1,18.1,0.00
2025-04-17T19:00,18.4,72,12,NaN,5.8,86,16.3,19.6,18.2,0.00
2025-04-17T20:00,17.0,77,1,NaN,4.8,117,15.0,18.2,18.2,0.00
2025-04-17T21:00,16.3,76,100,NaN,2.7,157,14.1,17.1,18.1,0.00
2025-04-17T22:00,15.6,78,100,NaN,2.5,188,13.5,16.3,18.0,0.00
2025-04-17T23:00,14.5,84,100,NaN,2.7,203,13.0,15.7,17.8,0.00
2025-04-18T00:00,13.3,90,100,NaN,3.7,191,12.4,15.1,17.5,0.00
2025-04-18T01:00,12.9,92,100,NaN,3.0,194,12.0,14.7,17.3,0.00
2025-04-18T02:00,12.7,91,100,NaN,2.2,180,11.7,14.3,17.0,0.00
2025-04-18T03:00,12.2,92,100,NaN,2.5,188,11.1,13.8,16.7,0.00
2025-04-18T04:00,12.2,91,100,NaN,2.7,203,11.0,13.5,16.5,0.00
2025-04-18T05:00,12.0,90,91,NaN,2.9,180,10.8,13.3,16.2,0.00
2025-04-18T06:00,11.5,92,74,NaN,3.6,186,10.7,13.0,16.0,0.00
2025-04-18T07:00,12.9,89,78,NaN,3.0,194,14.9,13.3,15.7,0.00
2025-04-18T08:00,16.6,76,39,NaN,3.1,225,20.6,15.0,15.6,0.00
2025-04-18T09:00,20.0,64,33,NaN,2.9,270,24.3,17.3,15.7,0.00
2025-04-18T10:00,22.1,53,99,NaN,1.5,346,26.5,19.3,15.9,0.00
2025-04-18T11:00,23.3,51,100,NaN,3.1,36,27.3,20.8,16.3,0.00
2025-04-18T12:00,23.6,53,100,NaN,10.0,21,29.0,22.1,16.7,0.00
2025-04-18T13:00,23.1,52,100,NaN,12.8,32,27.6,23.0,17.2,0.00
2025-04-18T14:00,22.6,55,96,NaN,14.3,34,26.7,23.1,17.7,0.00
2025-04-18T15:00,22.7,55,17,NaN,15.0,24,26.8,23.4,18.1,0.00
2025-04-18T16:00,21.8,57,43,NaN,14.8,18,24.3,23.1,18.4,0.00
2025-04-18T17:00,20.7,61,89,NaN,13.6,22,21.3,22.3,18.7,0.00
2025-04-18T18:00,19.2,72,91,NaN,9.8,17,18.8,21.1,18.9,0.00
2025-04-18T19:00,17.6,80,100,NaN,4.8,27,16.0,19.7,18.9,0.00
2025-04-18T20:00,16.6,86,100,NaN,1.8,53,15.1,18.3,18.9,0.00
2025-04-18T21:00,16.2,83,81,NaN,2.2,189,14.2,17.3,18.8,0.00
2025-04-18T22:00,15.3,90,89,NaN,2.6,214,14.1,16.7,18.6,0.00
2025-04-18T23:00,14.7,92,82,NaN,3.0,194,13.9,16.2,18.3,0.00
2025-04-19T00:00,14.3,92,34,NaN,3.3,186,13.0,15.7,18.0,0.00
2025-04-19T01:00,13.9,92,68,NaN,2.8,230,12.6,15.3,17.8,0.00
2025-04-19T02:00,14.0,90,29,NaN,0.4,360,11.9,14.9,17.5,0.00
2025-04-19T03:00,14.2,86,68,NaN,2.9,83,11.8,14.5,17.3,0.00
2025-04-19T04:00,13.7,90,50,NaN,4.7,176,12.3,14.3,17.0,0.00
2025-04-19T05:00,13.1,93,30,NaN,5.4,184,11.9,14.2,16.7,0.00
2025-04-19T06:00,13.7,89,68,NaN,4.6,198,12.6,14.2,16.5,0.00
2025-04-19T07:00,14.8,87,76,NaN,2.4,243,16.5,14.5,16.3,0.00
2025-04-19T08:00,17.6,77,76,NaN,2.9,300,20.9,16.1,16.3,0.00
2025-04-19T09:00,19.3,71,74,NaN,7.4,321,23.3,17.8,16.3,0.00
2025-04-19T10:00,21.1,60,81,NaN,14.8,276,23.3,19.1,16.6,0.00
2025-04-19T11:00,20.5,66,77,NaN,20.7,309,24.1,20.0,16.8,0.00
2025-04-19T12:00,20.2,63,87,NaN,23.9,315,23.9,20.9,17.1,0.00
2025-04-19T13:00,19.0,66,85,NaN,23.7,311,21.9,20.3,17.4,0.00
2025-04-19T14:00,19.0,56,99,NaN,24.9,304,19.9,20.2,17.6,0.00
2025-04-19T15:00,18.6,58,91,NaN,22.9,307,20.4,19.9,17.8,0.00
2025-04-19T16:00,18.0,58,97,NaN,22.1,300,18.6,19.4,17.9,0.00
2025-04-19T17:00,17.6,57,88,NaN,18.9,294,17.9,18.7,18.0,0.00
2025-04-19T18:00,17.3,59,82,NaN,12.9,288,16.8,18.4,18.0,0.00
2025-04-19T19:00,16.4,57,90,NaN,8.1,249,15.4,17.6,18.0,0.00
2025-04-19T20:00,15.8,57,91,NaN,7.7,208,14.8,17.0,17.9,0.00
2025-04-19T21:00,15.3,54,99,NaN,7.2,207,14.3,16.4,17.7,0.00
2025-04-19T22:00,14.9,57,96,NaN,6.8,205,13.8,16.0,17.6,0.00
2025-04-19T23:00,14.6,62,100,NaN,6.6,209,13.5,15.6,17.4,0.00
2025-04-20T00:00,14.4,65,100,NaN,6.7,216,13.5,15.5,17.2,0.00
2025-04-20T01:00,14.1,69,94,NaN,7.1,221,13.4,15.2,17.1,0.00
2025-04-20T02:00,13.7,73,78,NaN,7.7,217,12.9,14.9,16.9,0.00
2025-04-20T03:00,13.4,73,78,NaN,6.8,212,12.4,14.7,16.7,0.00
2025-04-20T04:00,13.2,73,72,NaN,6.1,220,12.4,14.4,16.5,0.00
2025-04-20T05:00,12.8,73,78,NaN,5.9,218,11.8,14.1,16.3,0.00
2025-04-20T06:00,12.6,72,79,NaN,5.9,223,11.7,13.8,16.1,0.00
2025-04-20T07:00,13.6,74,62,NaN,7.1,225,14.7,13.9,16.0,0.00
2025-04-20T08:00,15.4,63,52,NaN,12.9,257,18.5,15.0,15.9,0.00
2025-04-20T09:00,17.0,54,74,NaN,14.2,263,19.5,16.6,15.9,0.00
2025-04-20T10:00,18.2,47,74,NaN,18.4,276,22.0,17.6,16.0,0.00
2025-04-20T11:00,19.2,41,96,NaN,20.9,285,22.6,18.8,16.2,0.00
2025-04-20T12:00,18.6,43,97,NaN,24.4,301,18.3,19.1,16.5,0.00
2025-04-20T13:00,19.9,36,44,NaN,22.7,306,25.6,19.5,16.7,0.00
2025-04-20T14:00,19.5,41,62,NaN,27.0,312,19.6,20.5,16.9,0.00
2025-04-20T15:00,19.6,48,69,NaN,24.7,313,23.5,20.1,17.2,0.00
2025-04-20T16:00,19.2,52,60,NaN,25.6,305,21.4,20.2,17.4,0.00
2025-04-20T17:00,18.6,54,0,NaN,22.8,301,19.3,19.8,17.6,0.00
2025-04-20T18:00,17.9,52,0,NaN,19.2,296,17.0,19.2,17.7,0.00
2025-04-20T19:00,16.7,56,0,NaN,12.0,277,14.7,18.0,17.7,0.00
2025-04-20T20:00,15.3,60,0,NaN,6.6,257,13.2,16.9,17.7,0.00
2025-04-20T21:00,13.9,66,17,NaN,5.8,202,12.1,15.8,17.5,0.00
2025-04-20T22:00,13.2,72,82,NaN,5.6,195,11.6,15.0,17.3,0.00
2025-04-20T23:00,12.7,75,60,NaN,5.9,194,11.2,14.4,17.1,0.00
2025-04-21T00:00,12.4,76,19,NaN,6.5,186,10.8,14.0,16.9,0.00
2025-04-21T01:00,12.2,78,31,NaN,6.2,190,10.6,13.6,16.7,0.00
2025-04-21T02:00,12.0,80,35,NaN,5.7,198,10.4,13.2,16.4,0.00
2025-04-21T03:00,12.0,82,28,NaN,5.5,191,10.3,13.1,16.2,0.00
2025-04-21T04:00,11.7,84,37,NaN,5.9,191,10.1,12.8,15.9,0.00
2025-04-21T05:00,11.5,85,33,NaN,5.6,195,9.9,12.6,15.7,0.00
2025-04-21T06:00,11.7,83,39,NaN,5.2,196,10.5,12.5,15.5,0.00
2025-04-21T07:00,13.6,79,10,NaN,4.8,207,15.2,12.9,15.3,0.00
2025-04-21T08:00,16.7,63,0,NaN,7.4,231,20.6,14.7,15.2,0.00
2025-04-21T09:00,19.2,53,22,NaN,8.0,252,24.5,17.2,15.3,0.00
2025-04-21T10:00,20.7,47,17,NaN,7.6,270,26.9,19.2,15.6,0.00
2025-04-21T11:00,21.8,43,58,NaN,6.4,317,27.4,20.6,16.0,0.00
2025-04-21T12:00,22.3,43,80,NaN,12.0,353,29.5,22.1,16.5,0.00
2025-04-21T13:00,21.7,46,15,NaN,16.3,8,27.8,22.8,17.0,0.00
2025-04-21T14:00,21.7,50,0,NaN,15.5,12,28.4,23.4,17.5,0.00
2025-04-21T15:00,21.5,51,0,NaN,16.1,20,26.8,23.7,17.9,0.00
2025-04-21T16:00,20.5,55,0,NaN,15.8,17,24.0,23.2,18.3,0.00
2025-04-21T17:00,19.4,61,0,NaN,14.2,21,21.1,22.2,18.6,0.00
2025-04-21T18:00,18.2,69,0,NaN,12.6,31,18.1,21.0,18.8,0.00
2025-04-21T19:00,16.5,77,0,NaN,7.1,41,15.1,19.3,18.8,0.00
2025-04-21T20:00,15.2,87,0,NaN,3.7,29,13.6,17.8,18.8,0.00
2025-04-21T21:00,14.4,89,0,NaN,1.8,307,11.8,16.5,18.6,0.00
2025-04-21T22:00,13.5,93,0,NaN,1.9,248,10.9,15.4,18.3,0.00
2025-04-21T23:00,12.8,95,1,NaN,2.8,230,10.4,14.6,18.0,0.00
2025-04-22T00:00,11.7,96,2,NaN,2.9,187,10.3,14.0,17.6,0.00
2025-04-22T01:00,11.1,95,6,NaN,3.3,167,10.1,13.6,17.3,0.00
2025-04-22T02:00,10.6,95,66,NaN,3.1,159,10.3,13.3,17.0,0.00
2025-04-22T03:00,10.3,95,9,NaN,3.4,198,9.7,13.1,16.7,0.00
2025-04-22T04:00,10.1,95,100,NaN,3.7,209,9.3,12.7,16.4,0.00
2025-04-22T05:00,10.3,92,59,NaN,3.1,201,9.0,12.4,16.1,0.00
2025-04-22T06:00,10.3,89,92,NaN,3.3,186,9.5,12.0,15.8,0.00
2025-04-22T07:00,12.3,83,77,NaN,2.7,203,14.6,12.5,15.6,0.00
2025-04-22T08:00,16.2,68,7,NaN,5.4,233,20.7,14.5,15.4,0.00
2025-04-22T09:00,19.2,62,21,NaN,7.1,246,24.6,16.9,15.5,0.00
2025-04-22T10:00,21.5,51,29,NaN,7.6,270,27.4,19.1,15.7,0.00
2025-04-22T11:00,23.2,43,73,NaN,7.8,304,29.6,21.1,16.1,0.00
2025-04-22T12:00,23.0,43,100,NaN,14.1,347,29.2,22.6,16.6,0.00
2025-04-22T13:00,22.6,42,100,NaN,15.8,360,28.2,23.3,17.2,0.00
2025-04-22T14:00,22.5,48,72,NaN,15.1,3,28.2,23.6,17.7,0.00
2025-04-22T15:00,22.0,52,40,NaN,14.8,357,26.6,23.7,18.1,0.00
2025-04-22T16:00,21.5,56,0,NaN,11.9,360,25.4,23.5,18.5,0.00
2025-04-22T17:00,20.9,58,0,NaN,8.3,5,22.9,22.9,18.9,0.00
2025-04-22T18:00,20.4,59,4,NaN,6.1,40,19.7,21.9,19.1,0.00
2025-04-22T19:00,18.4,69,21,NaN,5.2,65,16.2,20.3,19.2,0.00
2025-04-22T20:00,16.9,77,32,NaN,4.0,63,14.9,18.7,19.1,0.00
2025-04-22T21:00,15.5,81,38,NaN,2.9,97,13.7,17.4,19.0,0.00
2025-04-22T22:00,14.7,82,13,NaN,2.4,117,12.8,16.6,18.7,0.00
2025-04-22T23:00,14.0,79,0,NaN,2.3,108,11.7,15.7,18.5,0.00
2025-04-23T00:00,12.8,73,0,NaN,3.4,162,11.0,15.0,18.2,0.00
2025-04-23T01:00,12.1,76,0,NaN,3.2,180,10.6,14.4,17.9,0.00
2025-04-23T02:00,11.1,81,0,NaN,3.3,193,9.9,13.9,17.5,0.00
2025-04-23T03:00,10.0,86,0,NaN,3.6,186,9.0,13.2,17.2,0.00
2025-04-23T04:00,9.5,90,0,NaN,3.3,186,8.6,12.7,16.9,0.00
2025-04-23T05:00,9.2,91,3,NaN,2.2,189,8.0,12.2,16.5,0.00
2025-04-23T06:00,9.3,91,3,NaN,3.1,201,8.8,11.9,16.2,0.00
2025-04-23T07:00,11.4,86,0,NaN,1.6,207,14.6,12.4,15.9,0.00
2025-04-23T08:00,17.0,62,0,NaN,1.9,338,21.3,14.4,15.7,0.00
2025-04-23T09:00,20.4,53,0,NaN,9.0,29,25.4,17.2,15.8,0.00
2025-04-23T10:00,22.0,50,0,NaN,14.8,34,27.1,19.4,16.0,0.00
2025-04-23T11:00,22.9,47,0,NaN,18.0,37,28.5,21.1,16.4,0.00
2025-04-23T12:00,22.7,48,0,NaN,22.0,35,27.9,21.9,16.8,0.00
2025-04-23T13:00,22.9,48,0,NaN,24.1,38,27.8,22.7,17.3,0.00
2025-04-23T14:00,22.7,50,0,NaN,24.5,40,27.1,23.2,17.7,0.00
2025-04-23T15:00,22.1,55,2,NaN,22.4,37,25.9,23.2,18.1,0.00
2025-04-23T16:00,21.4,57,0,NaN,21.0,38,23.7,22.7,18.5,0.00
2025-04-23T17:00,20.5,60,0,NaN,18.4,42,21.5,21.9,18.7,0.00
2025-04-23T18:00,19.1,68,0,NaN,16.0,36,18.6,20.9,18.9,0.00
2025-04-23T19:00,17.4,76,0,NaN,9.8,17,15.8,19.5,18.9,0.00
2025-04-23T20:00,16.1,84,0,NaN,5.2,348,14.6,18.2,18.9,0.00
2025-04-23T21:00,15.1,88,0,NaN,3.3,283,13.6,17.1,18.7,0.00
2025-04-23T22:00,14.2,92,1,NaN,3.4,252,12.9,16.3,18.5,0.00
2025-04-23T23:00,13.6,93,2,NaN,3.6,233,12.5,15.7,18.2,0.00
2025-04-24T00:00,13.3,93,0,NaN,3.7,209,12.1,15.2,18.0,0.00
2025-04-24T01:00,12.9,93,0,NaN,3.0,194,11.7,14.8,17.7,0.00
2025-04-24T02:00,12.6,93,0,NaN,2.5,180,11.3,14.4,17.4,0.00
2025-04-24T03:00,12.5,91,0,NaN,2.2,180,10.6,14.0,17.1,0.00
2025-04-24T04:00,11.8,94,1,NaN,2.7,203,10.5,13.6,16.9,0.00
2025-04-24T05:00,11.0,97,34,NaN,3.4,198,10.3,13.3,16.6,0.00
2025-04-24T06:00,10.8,98,50,NaN,5.2,205,11.0,13.1,16.3,0.00
2025-04-24T07:00,13.5,92,0,NaN,4.6,198,16.2,13.6,16.1,0.00
2025-04-24T08:00,17.2,80,0,NaN,5.4,222,21.8,15.6,16.0,0.00
2025-04-24T09:00,19.9,73,0,NaN,2.9,277,24.7,17.9,16.1,0.00
2025-04-24T10:00,22.2,65,0,NaN,4.6,342,27.6,19.8,16.3,0.00
2025-04-24T11:00,23.3,66,14,NaN,9.8,6,30.3,21.8,16.7,0.00
2025-04-24T12:00,23.1,61,0,NaN,13.6,11,29.8,23.0,17.2,0.00
2025-04-24T13:00,23.4,58,0,NaN,15.5,18,29.6,23.9,17.7,0.00
2025-04-24T14:00,23.3,57,5,NaN,15.8,21,28.9,24.3,18.3,0.00
2025-04-24T15:00,22.4,60,59,NaN,16.8,23,26.7,24.1,18.7,0.00
2025-04-24T16:00,21.6,61,100,NaN,14.7,25,23.9,23.5,19.1,0.00
2025-04-24T17:00,20.3,70,100,NaN,12.8,22,21.5,22.4,19.4,0.00
2025-04-24T18:00,18.8,71,100,NaN,9.4,7,18.5,21.1,19.5,0.00
2025-04-24T19:00,17.4,78,78,NaN,4.6,342,15.7,19.6,19.5,0.00
2025-04-24T20:00,16.4,82,100,NaN,4.0,360,14.8,18.3,19.3,0.00
2025-04-24T21:00,15.7,83,100,NaN,2.3,51,14.2,17.4,19.1,0.00
2025-04-24T22:00,15.6,84,100,NaN,1.1,18,14.0,16.8,18.9,0.00
2025-04-24T23:00,15.6,83,94,NaN,1.1,252,13.6,16.4,18.6,0.00
2025-04-25T00:00,15.5,84,100,NaN,4.9,197,14.1,16.2,18.4,0.00
2025-04-25T01:00,15.0,88,100,NaN,0.7,90,14.3,16.0,18.2,0.00
2025-04-25T02:00,14.6,93,100,NaN,3.6,180,13.8,15.9,17.9,0.00
2025-04-25T03:00,14.6,93,100,NaN,4.0,85,13.9,15.7,17.7,0.00
2025-04-25T04:00,14.6,95,100,NaN,2.2,99,14.1,15.6,17.5,0.00
2025-04-25T05:00,14.8,93,100,NaN,1.8,217,14.3,15.5,17.3,0.00
2025-04-25T06:00,14.9,95,100,NaN,1.5,166,14.6,15.5,17.2,0.20
2025-04-25T07:00,15.5,94,100,NaN,3.1,111,15.8,15.7,17.0,0.20
2025-04-25T08:00,16.8,92,100,NaN,1.6,297,19.6,16.3,16.9,0.00
2025-04-25T09:00,19.0,79,100,NaN,4.3,42,21.1,17.8,17.0,0.00
2025-04-25T10:00,19.5,80,100,NaN,1.1,360,22.5,18.5,17.1,0.00
2025-04-25T11:00,20.4,79,100,NaN,6.9,208,22.3,19.6,17.3,0.00
2025-04-25T12:00,22.0,76,100,NaN,11.4,242,23.6,20.5,17.5,0.00
2025-04-25T13:00,23.1,74,91,NaN,8.0,280,26.1,21.2,17.8,0.00
2025-04-25T14:00,22.1,74,96,NaN,12.7,335,23.7,21.8,18.1,0.00
2025-04-25T15:00,21.9,70,89,NaN,8.8,9,23.4,22.5,18.6,0.00
2025-04-25T16:00,21.6,69,69,NaN,10.1,17,23.8,22.0,18.8,0.00
2025-04-25T17:00,21.0,69,86,NaN,6.5,34,21.7,21.7,19.0,0.00
2025-04-25T18:00,20.4,67,54,NaN,5.4,37,19.5,21.1,19.1,0.00
2025-04-25T19:00,18.8,76,70,NaN,3.6,37,17.1,19.9,19.2,0.00
2025-04-25T20:00,17.9,79,64,NaN,0.4,270,15.4,18.7,19.2,0.00
2025-04-25T21:00,17.2,81,9,NaN,4.1,195,15.2,17.8,19.1,0.00
2025-04-25T22:00,16.9,86,19,NaN,3.8,197,14.9,17.2,18.9,0.00
2025-04-25T23:00,16.7,86,6,NaN,3.2,207,14.3,16.7,18.6,0.00
2025-04-26T00:00,16.3,82,18,NaN,3.2,207,14.1,16.4,18.4,0.00
2025-04-26T01:00,16.0,82,3,NaN,3.2,207,13.7,16.0,18.2,0.00
2025-04-26T02:00,15.8,84,0,NaN,2.6,214,13.3,15.6,17.9,0.00
2025-04-26T03:00,14.7,89,7,NaN,3.1,339,12.8,15.1,17.7,0.00
2025-04-26T04:00,15.4,85,20,NaN,1.8,143,12.3,14.8,17.4,0.00
2025-04-26T05:00,14.7,88,26,NaN,4.3,180,12.9,14.5,17.2,0.00
2025-04-26T06:00,14.9,89,0,NaN,6.1,180,13.9,14.7,17.0,0.00
2025-04-26T07:00,17.4,84,0,NaN,5.2,205,18.4,15.4,16.8,0.00
2025-04-26T08:00,21.3,73,0,NaN,7.5,235,24.0,17.4,16.8,0.00
2025-04-26T09:00,23.6,59,0,NaN,10.8,255,26.9,19.8,17.0,0.00
2025-04-26T10:00,25.4,50,0,NaN,13.0,275,29.7,21.8,17.3,0.00
2025-04-26T11:00,26.8,43,0,NaN,14.7,298,31.7,23.7,17.8,0.00
2025-04-26T12:00,26.5,46,0,NaN,17.7,321,31.6,25.1,18.4,0.00
2025-04-26T13:00,26.1,49,0,NaN,18.6,324,31.3,25.8,18.9,0.00
2025-04-26T14:00,26.1,46,0,NaN,18.1,325,30.8,26.2,19.4,0.00
2025-04-26T15:00,26.1,45,0,NaN,16.6,330,29.8,26.5,20.0,0.00
2025-04-26T16:00,25.4,42,17,NaN,14.6,327,27.5,26.0,20.4,0.00
2025-04-26T17:00,24.9,41,26,NaN,9.4,337,25.5,25.2,20.7,0.00
2025-04-26T18:00,23.8,50,65,NaN,6.4,43,22.7,24.2,21.0,0.00
2025-04-26T19:00,21.5,63,50,NaN,6.2,83,19.4,22.7,21.1,0.00
2025-04-26T20:00,20.0,70,60,NaN,5.2,56,18.5,21.3,21.0,0.00
2025-04-26T21:00,18.8,72,52,NaN,4.3,42,17.3,20.2,20.9,0.00
2025-04-26T22:00,17.8,77,6,NaN,2.9,30,15.8,19.3,20.7,0.00
2025-04-26T23:00,17.2,76,0,NaN,2.1,59,13.9,18.2,20.4,0.00
2025-04-27T00:00,16.6,73,0,NaN,2.3,129,12.7,17.1,20.1,0.00
2025-04-27T01:00,15.5,74,1,NaN,2.2,171,12.2,16.2,19.8,0.00
2025-04-27T02:00,14.9,76,7,NaN,1.8,180,12.1,15.6,19.4,0.00
2025-04-27T03:00,14.5,74,13,NaN,1.8,169,11.9,15.2,19.0,0.00
2025-04-27T04:00,14.3,72,31,NaN,1.5,166,11.8,14.9,18.6,0.00
2025-04-27T05:00,14.4,66,38,NaN,1.1,72,11.6,14.5,18.3,0.00
2025-04-27T06:00,14.7,63,37,NaN,1.5,45,12.3,14.3,17.9,0.00
2025-04-27T07:00,15.9,63,31,NaN,2.2,360,17.5,14.9,17.6,0.00
2025-04-27T08:00,18.7,64,13,NaN,2.9,353,22.6,16.9,17.5,0.00
2025-04-27T09:00,21.4,63,6,NaN,7.2,18,26.1,19.3,17.6,0.00
2025-04-27T10:00,23.2,54,2,NaN,11.9,25,28.3,21.3,17.8,0.00
2025-04-27T11:00,23.7,51,0,NaN,16.1,24,28.9,22.8,18.2,0.00
2025-04-27T12:00,23.4,54,0,NaN,17.7,20,29.1,23.6,18.6,0.00
2025-04-27T13:00,23.4,54,0,NaN,18.5,24,29.1,24.3,18.9,0.00
2025-04-27T14:00,22.8,62,2,NaN,19.2,30,28.2,24.6,19.4,0.00
2025-04-27T15:00,22.1,66,11,NaN,19.2,34,26.6,24.4,19.7,0.00
2025-04-27T16:00,21.5,71,9,NaN,17.8,36,24.5,24.0,20.0,0.00
2025-04-27T17:00,20.7,72,1,NaN,15.0,35,22.3,23.2,20.3,0.00
2025-04-27T18:00,19.6,79,0,NaN,11.4,24,19.6,22.2,20.4,0.00
2025-04-27T19:00,17.9,83,0,NaN,6.5,357,16.5,20.6,20.4,0.00
2025-04-27T20:00,16.5,89,24,NaN,3.4,342,15.1,19.1,20.2,0.00
2025-04-27T21:00,15.7,87,0,NaN,2.4,333,14.1,18.0,20.1,0.00
2025-04-27T22:00,15.2,88,0,NaN,2.0,315,13.2,17.0,19.8,0.00
2025-04-27T23:00,14.8,87,0,NaN,1.3,326,12.6,16.3,19.5,0.00
2025-04-28T00:00,14.2,90,0,NaN,2.2,270,11.9,15.6,19.1,0.00
2025-04-28T01:00,13.6,92,0,NaN,2.3,252,11.5,15.1,18.7,0.00
2025-04-28T02:00,13.1,94,0,NaN,2.3,231,11.1,14.6,18.4,0.00
2025-04-28T03:00,12.2,96,20,NaN,2.7,247,10.7,14.2,18.0,0.00
2025-04-28T04:00,12.0,96,7,NaN,1.9,248,10.1,13.8,17.7,0.00
2025-04-28T05:00,11.9,96,31,NaN,1.5,256,9.5,13.3,17.3,0.00
2025-04-28T06:00,12.2,94,64,NaN,2.3,252,11.3,13.2,17.0,0.00
2025-04-28T07:00,14.1,93,52,NaN,1.3,214,16.9,13.9,16.7,0.00
2025-04-28T08:00,17.4,83,42,NaN,4.7,58,21.8,16.0,16.6,0.00
2025-04-28T09:00,19.7,68,7,NaN,11.3,37,24.5,18.4,16.7,0.00
2025-04-28T10:00,20.8,58,0,NaN,16.6,39,25.8,20.0,17.0,0.00
2025-04-28T11:00,21.5,59,1,NaN,21.1,44,26.9,21.3,17.3,0.00
2025-04-28T12:00,21.6,65,25,NaN,26.0,47,26.9,22.1,17.7,0.00
2025-04-28T13:00,21.9,64,17,NaN,28.6,49,26.8,22.7,18.1,0.00
2025-04-28T14:00,21.7,63,8,NaN,29.4,50,26.0,23.0,18.5,0.00
2025-04-28T15:00,21.4,63,5,NaN,28.3,49,25.0,23.1,18.9,0.00
2025-04-28T16:00,20.5,66,12,NaN,28.2,52,22.8,22.6,19.2,0.00
2025-04-28T17:00,19.5,71,27,NaN,25.8,54,20.7,21.8,19.4,0.00
2025-04-28T18:00,18.5,78,21,NaN,23.2,49,18.5,20.9,19.5,0.00
2025-04-28T19:00,17.4,82,19,NaN,17.6,46,16.4,19.6,19.5,0.00
2025-04-28T20:00,16.8,86,5,NaN,12.8,40,15.8,18.6,19.4,0.00
2025-04-28T21:00,16.2,88,18,NaN,9.5,29,15.2,17.8,19.3,0.00
2025-04-28T22:00,15.9,91,32,NaN,5.7,18,14.8,17.2,19.1,0.00
2025-04-28T23:00,15.7,91,44,NaN,5.2,25,14.5,16.8,18.9,0.00
2025-04-29T00:00,15.4,92,47,NaN,4.4,9,14.2,16.5,18.7,0.00
2025-04-29T01:00,15.4,92,84,NaN,3.2,333,14.8,16.3,18.4,0.00
2025-04-29T02:00,15.4,92,83,NaN,2.2,279,15.1,16.3,18.2,0.00
2025-04-29T03:00,15.4,91,89,NaN,1.6,333,14.8,16.2,18.1,0.00
2025-04-29T04:00,15.3,92,76,NaN,2.6,16,14.8,16.1,17.9,0.00
2025-04-29T05:00,15.2,92,86,NaN,2.1,59,14.5,16.0,17.8,0.00
2025-04-29T06:00,15.3,91,59,NaN,3.7,29,15.2,15.9,17.6,0.00
2025-04-29T07:00,16.5,87,62,NaN,5.4,37,18.5,16.4,17.5,0.00
2025-04-29T08:00,17.7,80,59,NaN,9.7,45,21.6,17.5,17.5,0.00
2025-04-29T09:00,18.8,77,67,NaN,12.7,35,23.3,18.8,17.5,0.00
2025-04-29T10:00,19.6,74,92,NaN,13.7,30,24.3,20.2,17.7,0.00
2025-04-29T11:00,20.3,73,94,NaN,16.2,32,25.7,21.1,18.0,0.00
2025-04-29T12:00,20.8,72,97,NaN,17.2,29,27.3,22.1,18.3,0.00
2025-04-29T13:00,20.9,71,100,NaN,18.4,26,26.2,22.7,18.6,0.00
2025-04-29T14:00,20.4,74,100,NaN,18.2,27,24.6,22.6,18.9,0.00
2025-04-29T15:00,19.6,77,100,NaN,16.1,27,21.6,22.0,19.2,0.00
2025-04-29T16:00,19.3,78,100,NaN,16.6,41,21.2,21.4,19.3,0.00
2025-04-29T17:00,18.6,81,100,NaN,15.4,37,19.8,20.7,19.4,0.00
2025-04-29T18:00,18.4,83,100,NaN,12.7,35,18.7,20.1,19.5,0.00
2025-04-29T19:00,17.6,86,100,NaN,11.3,27,17.4,19.3,19.4,0.00
2025-04-29T20:00,17.2,89,88,NaN,9.2,31,16.9,18.7,19.3,0.00
2025-04-29T21:00,17.1,88,96,NaN,9.5,37,17.1,18.2,19.2,0.00
2025-04-29T22:00,17.2,88,97,NaN,9.0,37,17.1,18.1,19.1,0.00
2025-04-29T23:00,17.1,88,100,NaN,8.7,30,17.0,18.0,19.0,0.00
2025-04-30T00:00,17.2,87,98,NaN,6.8,32,17.1,18.0,18.9,0.00
2025-04-30T01:00,17.0,90,95,NaN,6.8,25,16.9,17.8,18.7,0.00
2025-04-30T02:00,16.9,91,97,NaN,5.5,11,16.5,17.7,18.6,0.00
2025-04-30T03:00,16.8,90,95,NaN,7.6,25,16.6,17.6,18.5,0.00
2025-04-30T04:00,16.7,91,92,NaN,5.7,18,16.5,17.4,18.4,0.00
2025-04-30T05:00,16.6,93,91,NaN,5.0,30,16.4,17.3,18.3,0.00
2025-04-30T06:00,16.5,94,96,NaN,4.4,351,16.7,17.2,18.2,0.00
2025-04-30T07:00,17.4,91,80,NaN,6.1,3,19.1,17.5,18.1,0.00
2025-04-30T08:00,18.4,85,77,NaN,5.7,18,21.7,18.5,18.1,0.00
2025-04-30T09:00,19.1,84,83,NaN,7.6,360,23.6,19.3,18.1,0.00
2025-04-30T10:00,20.3,77,81,NaN,10.0,345,25.9,20.7,18.3,0.00
2025-04-30T11:00,21.4,71,99,NaN,12.7,325,25.8,21.8,18.6,0.00
2025-04-30T12:00,20.7,74,100,NaN,14.6,350,24.7,22.2,18.8,0.00
2025-04-30T13:00,21.0,75,100,NaN,16.2,347,25.4,22.6,19.1,0.00
2025-04-30T14:00,20.6,77,100,NaN,14.4,357,24.5,22.7,19.4,0.00
2025-04-30T15:00,20.2,80,100,NaN,13.4,6,22.7,22.4,19.6,0.00
2025-04-30T16:00,19.9,82,100,NaN,12.9,18,22.4,21.9,19.8,0.00
2025-04-30T17:00,19.3,84,100,NaN,9.7,22,20.9,21.3,19.9,0.00
2025-04-30T18:00,18.4,85,100,NaN,9.8,17,19.1,20.6,19.9,0.00
2025-04-30T19:00,17.7,90,100,NaN,6.0,17,17.3,19.7,19.9,0.00
2025-04-30T20:00,17.1,94,100,NaN,2.4,333,16.3,18.9,19.7,0.00
2025-04-30T21:00,16.7,94,92,NaN,3.6,360,16.2,18.2,19.6,0.00
2025-04-30T22:00,16.4,95,98,NaN,2.4,27,16.0,17.9,19.4,0.00
2025-04-30T23:00,16.2,96,92,NaN,1.5,45,15.1,17.5,19.2,0.00
2025-05-01T00:00,16.4,95,79,NaN,1.5,45,16.0,17.4,19.0,0.00
2025-05-01T01:00,16.3,95,80,NaN,1.5,14,15.9,17.3,18.8,0.00
2025-05-01T02:00,16.2,96,75,NaN,1.5,346,15.3,17.1,18.6,0.00
2025-05-01T03:00,15.7,96,69,NaN,1.3,326,14.4,16.7,18.5,0.00
2025-05-01T04:00,15.6,97,71,NaN,0.7,360,14.3,16.4,18.3,0.00
2025-05-01T05:00,15.4,97,70,NaN,1.1,108,13.7,16.1,18.1,0.00
2025-05-01T06:00,15.7,96,58,NaN,0.5,225,15.0,16.0,17.9,0.00
2025-05-01T07:00,16.8,92,65,NaN,2.1,31,19.4,16.6,17.8,0.00
2025-05-01T08:00,18.6,85,44,NaN,4.8,42,23.2,18.3,17.7,0.00
2025-05-01T09:00,20.7,75,65,NaN,9.7,42,25.5,20.1,17.9,0.00
2025-05-01T10:00,22.0,67,40,NaN,11.8,27,28.2,21.5,18.1,0.00
2025-05-01T11:00,22.9,65,37,NaN,16.4,33,29.3,23.0,18.5,0.00
2025-05-01T12:00,22.6,65,47,NaN,19.7,31,28.6,23.9,18.9,0.00
2025-05-01T13:00,22.9,64,40,NaN,19.5,34,29.1,24.5,19.4,0.00
2025-05-01T14:00,22.7,67,31,NaN,20.2,39,28.5,24.8,19.8,0.00
2025-05-01T15:00,22.1,70,38,NaN,19.9,32,26.6,24.6,20.2,0.00
2025-05-01T16:00,21.0,75,100,NaN,19.5,30,23.4,24.0,20.5,0.00
2025-05-01T17:00,20.1,80,100,NaN,15.5,31,21.4,22.8,20.7,0.00
2025-05-01T18:00,18.9,87,100,NaN,12.8,22,19.4,21.6,20.7,0.00
2025-05-01T19:00,18.0,91,100,NaN,7.2,18,17.5,20.5,20.6,0.00
2025-05-01T20:00,17.2,95,100,NaN,4.7,23,16.7,19.4,20.5,0.00
2025-05-01T21:00,16.6,97,100,NaN,6.1,360,16.4,18.6,20.2,0.00
2025-05-01T22:00,16.6,97,100,NaN,4.0,355,16.4,18.2,20.0,0.00
2025-05-01T23:00,16.4,98,100,NaN,1.8,11,16.1,18.0,19.8,0.00
2025-05-02T00:00,17.1,96,100,NaN,5.2,335,16.5,18.2,19.6,0.00
2025-05-02T01:00,16.8,99,100,NaN,7.3,327,16.3,17.9,19.4,0.00
2025-05-02T02:00,16.7,96,100,NaN,3.8,319,16.0,17.7,19.2,0.00
2025-05-02T03:00,17.7,87,100,NaN,6.0,295,16.1,17.6,19.0,0.00
2025-05-02T04:00,19.9,70,63,NaN,7.4,284,16.7,17.6,18.8,0.00
2025-05-02T05:00,18.8,82,100,NaN,18.7,335,17.5,17.8,18.7,0.00
2025-05-02T06:00,17.8,94,100,NaN,12.4,17,17.4,17.7,18.6,0.00
2025-05-02T07:00,18.7,88,100,NaN,10.1,55,19.8,18.1,18.5,0.00
2025-05-02T08:00,20.1,85,100,NaN,6.6,49,23.7,19.2,18.5,0.00
2025-05-02T09:00,22.7,73,100,NaN,7.1,15,28.4,21.4,18.7,0.00
2025-05-02T10:00,23.7,66,100,NaN,14.0,1,29.3,23.0,19.0,0.00
2025-05-02T11:00,24.3,60,11,NaN,18.0,1,30.5,24.2,19.4,0.00
2025-05-02T12:00,24.6,61,26,NaN,21.0,354,31.2,25.4,19.9,0.00
2025-05-02T13:00,24.2,64,36,NaN,19.8,358,30.9,26.1,20.3,0.00
2025-05-02T14:00,24.2,64,22,NaN,17.1,7,30.9,26.4,20.8,0.00
2025-05-02T15:00,24.0,63,39,NaN,17.0,5,29.5,26.4,21.2,0.00
2025-05-02T16:00,23.3,64,6,NaN,14.3,12,27.3,26.0,21.5,0.00
2025-05-02T17:00,22.4,67,31,NaN,12.4,22,24.6,25.2,21.8,0.00
2025-05-02T18:00,21.0,75,21,NaN,12.2,14,21.2,23.8,21.9,0.00
2025-05-02T19:00,19.7,81,0,NaN,6.3,24,18.4,22.3,21.9,0.00
2025-05-02T20:00,18.5,88,21,NaN,3.9,56,17.2,20.9,21.7,0.00
2025-05-02T21:00,17.5,91,1,NaN,3.1,21,16.1,19.7,21.5,0.00
2025-05-02T22:00,17.1,92,17,NaN,1.8,79,15.3,18.9,21.2,0.00
2025-05-02T23:00,16.4,94,17,NaN,4.1,135,15.3,18.2,20.9,0.00
2025-05-03T00:00,16.1,90,10,NaN,3.8,139,14.8,17.9,20.6,0.00
2025-05-03T01:00,15.8,85,2,NaN,2.5,135,14.2,17.4,20.2,0.00
2025-05-03T02:00,15.3,85,0,NaN,3.1,144,13.9,17.0,19.9,0.00
2025-05-03T03:00,14.3,89,8,NaN,4.2,149,13.3,16.4,19.6,0.00
2025-05-03T04:00,13.9,91,13,NaN,3.4,162,13.0,16.1,19.3,0.00
2025-05-03T05:00,13.6,92,5,NaN,2.2,180,12.5,15.7,19.0,0.00
2025-05-03T06:00,13.6,92,9,NaN,3.2,180,13.8,15.5,18.7,0.00
2025-05-03T07:00,16.1,88,31,NaN,2.3,219,19.3,16.3,18.4,0.00
2025-05-03T08:00,19.6,70,29,NaN,1.8,281,23.8,18.3,18.3,0.00
2025-05-03T09:00,21.3,62,38,NaN,7.1,336,26.7,20.4,18.4,0.00
2025-05-03T10:00,22.3,61,48,NaN,10.9,354,28.5,22.1,18.7,0.00
2025-05-03T11:00,22.8,59,76,NaN,14.4,3,30.2,23.5,19.0,0.00
2025-05-03T12:00,22.5,59,100,NaN,17.3,358,28.2,24.4,19.4,0.00
2025-05-03T13:00,21.7,61,100,NaN,15.8,360,25.5,24.2,19.8,0.00
2025-05-03T14:00,21.3,62,100,NaN,17.0,347,25.7,23.6,20.1,0.00
2025-05-03T15:00,21.6,60,100,NaN,16.9,344,26.7,23.9,20.4,0.00
2025-05-03T16:00,21.4,60,93,NaN,15.6,337,24.5,23.9,20.6,0.00
2025-05-03T17:00,20.9,56,90,NaN,12.8,344,22.1,23.1,20.8,0.00
2025-05-03T18:00,20.5,53,78,NaN,7.6,341,20.2,22.3,20.9,0.00
2025-05-03T19:00,19.2,61,35,NaN,3.3,77,16.8,21.0,20.9,0.00
2025-05-03T20:00,17.5,68,52,NaN,5.2,124,15.9,19.6,20.7,0.00
2025-05-03T21:00,16.7,68,47,NaN,4.8,132,15.4,18.7,20.5,0.00
2025-05-03T22:00,16.2,70,40,NaN,4.1,142,14.7,18.0,20.3,0.00
2025-05-03T23:00,15.7,74,46,NaN,2.9,150,14.2,17.4,20.0,0.00
2025-05-04T00:00,15.0,77,67,NaN,2.5,180,13.7,16.9,19.8,0.00
2025-05-04T01:00,14.0,83,67,NaN,2.6,214,13.2,16.5,19.5,0.00
2025-05-04T02:00,13.7,85,84,NaN,2.3,198,13.1,16.1,19.2,0.00
2025-05-04T03:00,13.2,87,52,NaN,2.1,211,12.3,15.6,18.9,0.00
2025-05-04T04:00,13.2,86,49,NaN,2.2,189,11.9,15.3,18.6,0.00
2025-05-04T05:00,13.3,83,41,NaN,2.2,180,11.5,14.9,18.3,0.00
2025-05-04T06:00,13.4,84,50,NaN,2.5,188,13.0,14.7,18.0,0.00
2025-05-04T07:00,15.3,83,0,NaN,1.5,225,18.6,15.5,17.8,0.00
2025-05-04T08:00,18.9,61,0,NaN,2.3,342,23.4,17.5,17.7,0.00
2025-05-04T09:00,21.3,55,0,NaN,4.6,321,26.8,19.9,17.8,0.00
2025-05-04T10:00,22.7,55,7,NaN,8.7,330,29.1,21.8,18.1,0.00
2025-05-04T11:00,23.5,55,73,NaN,14.5,341,30.0,23.3,18.5,0.00
2025-05-04T12:00,21.9,64,53,NaN,17.2,20,25.9,23.8,18.9,0.00
2025-05-04T13:00,22.5,62,46,NaN,20.3,13,30.3,24.2,19.3,0.00
2025-05-04T14:00,21.9,61,39,NaN,20.2,359,28.8,24.8,19.7,0.00
2025-05-04T15:00,21.6,61,32,NaN,20.5,345,26.9,24.8,20.1,0.00
2025-05-04T16:00,21.0,61,27,NaN,18.3,340,24.7,24.2,20.4,0.00
2025-05-04T17:00,20.6,62,46,NaN,15.8,333,22.7,23.4,20.6,0.00
2025-05-04T18:00,20.2,63,24,NaN,12.1,333,20.1,22.5,20.7,0.00
2025-05-04T19:00,18.9,67,16,NaN,3.3,347,16.7,21.1,20.7,0.00
2025-05-04T20:00,17.3,75,38,NaN,4.6,141,15.2,19.6,20.6,0.00
2025-05-04T21:00,15.7,82,41,NaN,5.0,159,14.7,18.5,20.4,0.00
2025-05-04T22:00,15.4,82,58,NaN,4.0,180,14.5,17.8,20.2,0.00
2025-05-04T23:00,15.1,84,97,NaN,4.4,189,14.0,17.3,19.9,0.00
2025-05-05T00:00,15.2,82,92,NaN,5.2,205,13.9,16.9,19.7,0.00
2025-05-05T01:00,15.1,79,70,NaN,4.8,207,13.8,16.6,19.4,0.00
2025-05-05T02:00,14.9,80,59,NaN,3.4,212,13.3,16.3,19.2,0.00
2025-05-05T03:00,14.6,79,50,NaN,2.4,207,12.9,16.0,18.9,0.00
2025-05-05T04:00,14.2,81,56,NaN,2.9,187,12.6,15.6,18.6,0.00
2025-05-05T05:00,13.5,85,48,NaN,3.3,174,12.0,15.3,18.4,0.00
2025-05-05T06:00,13.3,89,96,NaN,4.3,175,13.6,15.1,18.1,0.00
2025-05-05T07:00,15.7,84,54,NaN,4.0,185,18.5,15.7,17.9,0.00
2025-05-05T08:00,18.5,70,61,NaN,6.4,223,23.3,17.5,17.8,0.00
2025-05-05T09:00,20.6,59,42,NaN,10.5,264,25.1,19.7,17.9,0.00
2025-05-05T10:00,22.1,50,51,NaN,11.5,284,28.5,21.3,18.2,0.00
2025-05-05T11:00,23.1,46,75,NaN,15.8,311,29.6,23.0,18.5,0.00
2025-05-05T12:00,22.4,51,34,NaN,20.2,321,29.1,23.7,18.9,0.00
2025-05-05T13:00,22.5,48,5,NaN,23.1,321,29.2,24.0,19.3,0.00
2025-05-05T14:00,22.6,47,1,NaN,24.5,317,28.5,24.5,19.7,0.00
2025-05-05T15:00,22.6,49,0,NaN,21.7,313,26.8,24.7,20.1,0.00
2025-05-05T16:00,22.2,48,0,NaN,20.2,320,25.4,24.3,20.4,0.00
2025-05-05T17:00,21.7,50,16,NaN,19.1,311,23.0,23.6,20.6,0.00
2025-05-05T18:00,20.8,52,0,NaN,12.8,310,20.2,22.6,20.7,0.00
2025-05-05T19:00,19.3,58,1,NaN,4.0,280,16.7,21.2,20.8,0.00
2025-05-05T20:00,17.8,64,50,NaN,4.3,204,15.6,19.7,20.7,0.00
2025-05-05T21:00,16.9,65,75,NaN,5.8,202,15.5,18.7,20.5,0.00
2025-05-05T22:00,16.7,64,72,NaN,6.5,199,15.2,18.1,20.2,0.00
2025-05-05T23:00,16.4,65,61,NaN,6.6,202,14.9,17.7,20.0,0.00
2025-05-06T00:00,16.3,65,62,NaN,7.3,200,14.7,17.4,19.8,0.00
2025-05-06T01:00,15.9,68,56,NaN,6.2,201,14.2,17.1,19.5,0.00
2025-05-06T02:00,15.4,71,52,NaN,5.5,203,13.9,16.6,19.3,0.00
2025-05-06T03:00,15.0,72,46,NaN,5.8,202,13.4,16.3,19.0,0.00
2025-05-06T04:00,14.4,75,52,NaN,4.9,197,13.0,16.0,18.8,0.00
2025-05-06T05:00,13.7,79,38,NaN,4.7,203,12.2,15.6,18.6,0.00
2025-05-06T06:00,14.1,79,40,NaN,4.6,198,13.8,15.5,18.3,0.00
2025-05-06T07:00,16.5,77,27,NaN,4.1,225,19.3,16.1,18.1,0.00
2025-05-06T08:00,19.3,63,10,NaN,7.2,243,24.2,18.0,18.1,0.00
2025-05-06T09:00,21.8,53,4,NaN,7.8,248,27.8,20.3,18.2,0.00
2025-05-06T10:00,23.4,46,15,NaN,8.8,261,30.7,22.2,18.5,0.00
2025-05-06T11:00,24.7,43,100,NaN,7.6,301,32.1,24.0,18.8,0.00
2025-05-06T12:00,24.5,46,91,NaN,15.0,350,31.0,25.2,19.3,0.00
2025-05-06T13:00,24.0,48,97,NaN,17.6,1,31.3,25.6,19.8,0.00
2025-05-06T14:00,22.7,52,100,NaN,16.9,359,25.7,25.5,20.2,0.00
2025-05-06T15:00,22.7,54,25,NaN,17.3,356,28.6,25.1,20.6,0.00
2025-05-06T16:00,21.9,58,100,NaN,15.9,6,24.8,24.8,20.9,0.00
2025-05-06T17:00,20.7,62,100,NaN,11.6,30,21.7,23.7,21.1,0.00
2025-05-06T18:00,20.0,64,49,NaN,9.9,46,19.9,22.6,21.2,0.00
2025-05-06T19:00,18.6,71,88,NaN,5.6,45,16.7,21.2,21.1,0.00
2025-05-06T20:00,17.2,80,14,NaN,3.1,324,14.9,19.8,21.0,0.00
2025-05-06T21:00,16.4,82,33,NaN,2.3,219,13.6,18.5,20.8,0.00
2025-05-06T22:00,15.0,86,100,NaN,2.6,196,13.9,17.6,20.5,0.00
2025-05-06T23:00,14.7,84,70,NaN,3.0,166,13.7,17.2,20.2,0.00
2025-05-07T00:00,14.6,81,100,NaN,1.9,158,13.9,16.9,19.9,0.00
2025-05-07T01:00,14.9,78,100,NaN,1.3,146,14.0,16.7,19.6,0.00
2025-05-07T02:00,15.3,74,46,NaN,1.4,90,13.0,16.4,19.3,0.00
2025-05-07T03:00,14.7,72,53,NaN,1.4,180,11.3,15.5,19.0,0.00
2025-05-07T04:00,14.6,72,68,NaN,1.5,104,12.1,15.0,18.7,0.00
2025-05-07T05:00,14.3,74,81,NaN,1.5,45,12.1,14.9,18.4,0.00
2025-05-07T06:00,14.6,73,45,NaN,1.8,191,13.2,14.8,18.2,0.00
2025-05-07T07:00,15.3,79,100,NaN,2.3,252,17.7,15.6,17.9,0.00
2025-05-07T08:00,17.6,75,100,NaN,1.1,360,20.1,17.1,17.8,0.00
2025-05-07T09:00,20.0,71,91,NaN,8.7,38,25.7,19.1,17.9,0.00
2025-05-07T10:00,20.7,70,86,NaN,10.0,26,26.2,20.4,18.1,0.00
2025-05-07T11:00,21.4,69,84,NaN,13.4,27,27.6,21.8,18.3,0.00
2025-05-07T12:00,21.8,65,79,NaN,16.1,29,28.8,23.0,18.7,0.00
2025-05-07T13:00,21.9,66,78,NaN,19.2,30,28.0,23.9,19.1,0.00
2025-05-07T14:00,21.4,68,86,NaN,19.2,30,26.1,24.0,19.5,0.00
2025-05-07T15:00,21.4,67,52,NaN,18.0,20,26.8,24.0,19.8,0.00
2025-05-07T16:00,21.0,67,29,NaN,16.8,23,24.9,23.8,20.1,0.00
2025-05-07T17:00,20.3,70,22,NaN,14.0,23,22.4,23.1,20.3,0.00
2025-05-07T18:00,19.1,79,37,NaN,11.3,27,19.4,22.0,20.5,0.00
2025-05-07T19:00,17.8,83,30,NaN,7.7,28,16.4,20.7,20.5,0.00
2025-05-07T20:00,16.5,92,31,NaN,3.3,13,15.1,19.3,20.4,0.00
2025-05-07T21:00,15.9,93,29,NaN,0.8,27,13.5,18.1,20.2,0.00
2025-05-07T22:00,15.2,96,31,NaN,1.6,297,12.7,17.1,19.9,0.00
2025-05-07T23:00,14.8,98,90,NaN,0.8,63,13.0,16.4,19.6,0.00
2025-05-08T00:00,14.7,98,88,NaN,2.1,211,13.3,16.2,19.3,0.00
2025-05-08T01:00,14.7,99,93,NaN,0.8,117,13.5,16.0,19.0,0.00
2025-05-08T02:00,14.7,100,94,NaN,3.3,139,14.1,15.9,18.8,0.00
2025-05-08T03:00,14.3,100,95,NaN,1.8,169,13.9,15.8,18.5,0.00
2025-05-08T04:00,14.1,100,92,NaN,2.5,225,13.7,15.7,18.3,0.00
2025-05-08T05:00,13.8,100,95,NaN,3.3,229,13.7,15.6,18.1,0.00
2025-05-08T06:00,14.3,99,92,NaN,2.8,220,14.8,15.9,18.0,0.00
2025-05-08T07:00,16.0,94,89,NaN,4.3,222,18.1,16.4,17.9,0.00
2025-05-08T08:00,17.5,90,89,NaN,5.6,195,21.0,17.5,17.8,0.00
2025-05-08T09:00,19.0,79,92,NaN,4.6,231,23.0,19.0,17.9,0.00
2025-05-08T10:00,20.7,69,79,NaN,4.9,253,26.8,20.4,18.0,0.00
2025-05-08T11:00,22.5,55,96,NaN,7.6,295,27.9,21.9,18.3,0.00
2025-05-08T12:00,21.8,64,92,NaN,11.6,344,25.4,22.6,18.6,0.00
2025-05-08T13:00,21.5,61,57,NaN,15.5,1,27.9,22.9,19.0,0.00
2025-05-08T14:00,21.1,64,94,NaN,9.7,360,25.0,23.2,19.3,0.00
2025-05-08T15:00,19.8,76,86,NaN,13.2,343,22.8,22.9,19.7,0.00
2025-05-08T16:00,19.9,73,72,NaN,11.6,344,23.3,22.4,19.9,0.00
2025-05-08T17:00,20.0,68,61,NaN,8.3,358,22.2,22.1,20.0,0.00
2025-05-08T18:00,19.7,67,72,NaN,6.8,32,19.5,21.4,20.1,0.00
2025-05-08T19:00,18.4,73,40,NaN,5.5,67,16.6,20.2,20.1,0.00
2025-05-08T20:00,17.1,81,21,NaN,3.8,73,15.4,18.9,20.0,0.00
2025-05-08T21:00,16.1,85,21,NaN,2.7,113,14.3,18.0,19.8,0.00
2025-05-08T22:00,15.2,91,14,NaN,2.6,146,13.7,17.2,19.6,0.00
2025-05-08T23:00,14.5,94,36,NaN,2.5,172,13.2,16.5,19.3,0.00
2025-05-09T00:00,13.9,92,49,NaN,3.6,186,13.0,16.2,19.1,0.00
2025-05-09T01:00,13.3,94,52,NaN,3.7,191,12.6,15.8,18.8,0.00
2025-05-09T02:00,13.0,94,47,NaN,3.2,207,12.1,15.4,18.5,0.00
2025-05-09T03:00,12.7,91,52,NaN,3.1,201,11.8,14.9,18.3,0.00
2025-05-09T04:00,12.5,91,31,NaN,2.3,198,11.2,14.6,18.0,0.00
2025-05-09T05:00,12.3,91,23,NaN,1.8,191,10.6,14.2,17.7,0.00
2025-05-09T06:00,12.6,90,42,NaN,2.3,219,12.8,14.0,17.4,0.00
2025-05-09T07:00,15.3,85,13,NaN,1.6,243,18.7,15.0,17.2,0.00
2025-05-09T08:00,19.4,67,0,NaN,4.1,285,24.3,17.3,17.2,0.00
2025-05-09T09:00,22.2,57,0,NaN,3.5,336,27.4,19.9,17.4,0.00
2025-05-09T10:00,23.9,52,0,NaN,5.1,8,30.0,21.9,17.7,0.00
2025-05-09T11:00,24.5,48,4,NaN,13.4,24,30.3,23.6,18.1,0.00
2025-05-09T12:00,23.7,48,9,NaN,19.0,33,30.3,24.0,18.6,0.00
2025-05-09T13:00,23.9,49,26,NaN,20.6,29,30.6,25.0,19.1,0.00
2025-05-09T14:00,23.4,51,27,NaN,21.6,30,28.7,25.3,19.6,0.00
2025-05-09T15:00,23.2,54,35,NaN,21.9,25,27.7,25.3,20.1,0.00
2025-05-09T16:00,22.4,58,60,NaN,19.3,29,25.7,24.7,20.4,0.00
2025-05-09T17:00,21.5,64,100,NaN,17.2,29,23.1,23.9,20.7,0.00
2025-05-09T18:00,20.3,71,100,NaN,13.8,33,20.3,22.6,20.8,0.00
2025-05-09T19:00,19.0,78,100,NaN,8.7,17,17.7,21.3,20.8,0.00
2025-05-09T20:00,18.0,85,100,NaN,5.0,180,16.3,20.0,20.7,0.00
2025-05-09T21:00,17.0,88,100,NaN,4.0,85,16.2,19.1,20.6,0.00
2025-05-09T22:00,16.9,87,83,NaN,4.7,81,16.1,18.6,20.3,0.00
2025-05-09T23:00,16.5,86,32,NaN,4.8,347,15.2,18.1,20.1,0.00
2025-05-10T00:00,15.7,90,100,NaN,6.7,234,15.2,17.6,19.9,0.00
2025-05-10T01:00,15.6,90,100,NaN,4.1,142,15.0,17.3,19.7,0.00
2025-05-10T02:00,15.4,91,100,NaN,2.1,121,15.1,17.1,19.4,0.00
2025-05-10T03:00,15.3,90,79,NaN,1.4,180,14.6,16.9,19.2,0.00
2025-05-10T04:00,14.9,91,100,NaN,2.8,50,13.3,16.5,19.0,0.00
2025-05-10T05:00,14.4,94,100,NaN,3.3,319,14.1,16.1,18.8,0.00
2025-05-10T06:00,15.0,90,100,NaN,1.9,248,15.3,16.3,18.6,0.00
2025-05-10T07:00,16.5,89,100,NaN,2.7,157,18.5,16.7,18.4,0.00
2025-05-10T08:00,18.5,79,100,NaN,1.6,27,22.5,18.0,18.3,0.00
2025-05-10T09:00,20.3,74,97,NaN,5.0,30,25.1,20.0,18.4,0.00
2025-05-10T10:00,21.6,68,83,NaN,6.6,22,27.5,21.3,18.6,0.00
2025-05-10T11:00,22.8,65,78,NaN,10.0,21,30.5,22.9,18.9,0.00
2025-05-10T12:00,23.2,62,65,NaN,13.9,17,31.5,24.5,19.2,0.00
2025-05-10T13:00,23.7,56,67,NaN,16.1,20,31.4,25.4,19.7,0.00
2025-05-10T14:00,23.8,55,7,NaN,17.0,13,31.1,26.1,20.2,0.00
2025-05-10T15:00,23.3,54,15,NaN,19.4,359,28.8,26.2,20.6,0.00
2025-05-10T16:00,22.3,60,12,NaN,17.7,358,26.4,25.7,20.9,0.00
2025-05-10T17:00,21.3,66,31,NaN,15.5,357,23.6,24.7,21.2,0.00
2025-05-10T18:00,20.6,69,23,NaN,12.4,352,21.0,23.6,21.4,0.00
2025-05-10T19:00,19.3,74,16,NaN,6.2,21,17.9,22.0,21.4,0.00
2025-05-10T20:00,17.9,83,0,NaN,5.0,111,16.5,20.5,21.3,0.00
2025-05-10T21:00,16.9,86,0,NaN,4.0,153,15.5,19.4,21.1,0.00
2025-05-10T22:00,16.1,86,7,NaN,3.7,169,14.6,18.5,20.9,0.00
2025-05-10T23:00,15.2,85,26,NaN,2.6,164,13.8,17.7,20.6,0.00
2025-05-11T00:00,13.9,88,1,NaN,3.6,174,12.8,17.0,20.3,0.00
2025-05-11T01:00,13.2,90,8,NaN,3.6,180,12.2,16.3,19.9,0.00
2025-05-11T02:00,12.6,91,40,NaN,2.7,203,11.7,15.8,19.6,0.00
2025-05-11T03:00,12.0,92,54,NaN,3.5,204,11.4,15.2,19.2,0.00
2025-05-11T04:00,12.0,91,64,NaN,2.6,214,11.6,14.9,18.9,0.00
2025-05-11T05:00,12.5,88,78,NaN,2.1,211,12.0,14.7,18.6,0.00
2025-05-11T06:00,13.7,85,98,NaN,3.3,193,14.0,14.9,18.3,0.00
2025-05-11T07:00,15.5,82,90,NaN,2.5,135,17.2,15.6,18.1,0.00
2025-05-11T08:00,18.1,70,79,NaN,2.6,74,21.7,17.0,18.0,0.00
2025-05-11T09:00,20.3,65,95,NaN,4.9,324,24.9,19.2,18.0,0.00
2025-05-11T10:00,21.6,57,86,NaN,4.3,270,26.5,20.8,18.2,0.00
2025-05-11T11:00,23.3,49,59,NaN,5.4,270,30.1,22.3,18.5,0.00
2025-05-11T12:00,24.0,52,78,NaN,15.6,337,30.6,23.9,18.8,0.00
2025-05-11T13:00,23.2,54,100,NaN,17.0,347,30.7,24.6,19.2,0.00
2025-05-11T14:00,23.4,49,100,NaN,17.9,330,29.8,25.1,19.6,0.00
2025-05-11T15:00,23.0,47,100,NaN,16.6,333,28.0,25.1,20.0,0.00
2025-05-11T16:00,22.7,47,100,NaN,16.3,325,26.0,25.0,20.3,0.00
2025-05-11T17:00,22.3,46,38,NaN,15.0,314,23.7,24.1,20.6,0.00
2025-05-11T18:00,21.9,48,90,NaN,10.4,316,21.3,23.2,20.8,0.00
2025-05-11T19:00,20.5,55,43,NaN,1.5,346,17.5,21.9,20.8,0.00
2025-05-11T20:00,19.1,60,41,NaN,3.6,135,16.0,20.3,20.8,0.00
2025-05-11T21:00,17.3,67,35,NaN,4.0,180,15.2,19.1,20.6,0.00
2025-05-11T22:00,16.1,75,3,NaN,4.8,193,14.4,18.2,20.4,0.00
2025-05-11T23:00,15.4,77,10,NaN,3.6,186,13.5,17.5,20.2,0.00
2025-05-12T00:00,14.2,81,52,NaN,4.0,180,12.8,16.7,19.9,0.00
2025-05-12T01:00,13.8,83,61,NaN,2.9,187,12.9,16.3,19.6,0.00
2025-05-12T02:00,13.3,84,43,NaN,2.2,189,12.1,15.9,19.4,0.00
2025-05-12T03:00,12.4,86,20,NaN,3.2,180,11.2,15.3,19.1,0.00
2025-05-12T04:00,12.0,87,0,NaN,3.3,167,10.8,14.9,18.8,0.00
2025-05-12T05:00,11.6,88,0,NaN,2.3,162,10.0,14.4,18.5,0.00
2025-05-12T06:00,12.0,87,0,NaN,3.2,180,12.5,14.2,18.2,0.00
2025-05-12T07:00,15.1,83,0,NaN,1.5,194,18.9,15.0,17.9,0.00
2025-05-12T08:00,19.0,58,0,NaN,0.8,243,23.6,17.2,17.8,0.00
2025-05-12T09:00,21.8,45,0,NaN,4.1,315,27.5,19.5,17.9,0.00
2025-05-12T10:00,23.5,43,0,NaN,6.5,326,30.6,21.6,18.1,0.00
2025-05-12T11:00,24.5,41,0,NaN,12.6,347,33.2,23.7,18.5,0.00
2025-05-12T12:00,24.1,42,0,NaN,15.9,355,31.9,24.9,18.9,0.00
2025-05-12T13:00,24.3,39,0,NaN,17.1,353,31.8,25.8,19.4,0.00
2025-05-12T14:00,24.0,39,0,NaN,17.6,359,30.7,26.1,19.9,0.00
2025-05-12T15:00,23.6,42,0,NaN,17.7,355,29.2,26.3,20.3,0.00
2025-05-12T16:00,22.7,45,0,NaN,16.6,1,26.5,25.7,20.7,0.00
2025-05-12T17:00,21.8,50,0,NaN,12.4,8,24.1,24.8,20.9,0.00
2025-05-12T18:00,20.9,54,0,NaN,10.6,18,20.9,23.7,21.1,0.00
2025-05-12T19:00,19.2,60,15,NaN,5.0,60,16.9,22.1,21.2,0.00
2025-05-12T20:00,17.6,70,46,NaN,3.1,144,15.4,20.4,21.1,0.00
2025-05-12T21:00,16.5,64,42,NaN,4.5,166,15.0,19.2,21.0,0.00
2025-05-12T22:00,16.2,52,74,NaN,4.0,185,14.9,18.4,20.7,0.00
2025-05-12T23:00,15.7,55,97,NaN,3.3,193,14.5,17.9,20.5,0.00
2025-05-13T00:00,15.5,56,100,NaN,2.7,203,14.5,17.5,20.2,0.00
2025-05-13T01:00,15.2,63,100,NaN,3.3,221,14.4,17.2,20.0,0.00
2025-05-13T02:00,15.1,66,100,NaN,2.8,220,14.7,17.0,19.7,0.00
2025-05-13T03:00,14.0,82,100,NaN,2.5,270,14.2,16.7,19.5,0.00
2025-05-13T04:00,13.6,88,100,NaN,4.9,306,13.8,16.5,19.3,0.00
2025-05-13T05:00,13.5,87,100,NaN,4.1,255,13.3,16.1,19.0,0.00
2025-05-13T06:00,13.6,88,100,NaN,2.6,254,14.3,16.0,18.8,0.00
2025-05-13T07:00,14.4,85,100,NaN,2.3,252,16.2,16.1,18.6,0.00
2025-05-13T08:00,15.0,83,100,NaN,0.4,180,16.5,16.7,18.5,0.00
2025-05-13T09:00,16.6,83,100,NaN,3.6,6,19.8,17.6,18.4,0.00
2025-05-13T10:00,17.7,79,100,NaN,5.6,15,20.4,18.3,18.4,0.00
2025-05-13T11:00,17.9,78,100,NaN,7.9,3,20.2,18.9,18.4,0.00
2025-05-13T12:00,19.2,72,100,NaN,11.2,2,22.4,19.9,18.5,0.00
2025-05-13T13:00,19.6,71,100,NaN,12.3,3,25.3,20.5,18.6,0.00
2025-05-13T14:00,18.9,71,100,NaN,13.8,6,20.8,21.1,18.8,0.00
2025-05-13T15:00,18.8,70,100,NaN,16.6,2,21.0,21.2,19.0,0.00
2025-05-13T16:00,17.8,76,100,NaN,13.3,358,20.0,20.8,19.1,0.00
2025-05-13T17:00,16.9,82,100,NaN,11.9,5,17.9,20.1,19.2,0.00
2025-05-13T18:00,16.6,86,100,NaN,7.0,35,17.0,19.4,19.2,0.00
2025-05-13T19:00,16.1,90,100,NaN,6.1,140,16.2,18.6,19.1,0.10
2025-05-13T20:00,15.7,92,100,NaN,10.2,162,15.8,18.0,19.1,4.00
2025-05-13T21:00,15.3,87,100,NaN,9.8,152,15.2,17.5,19.0,3.20
2025-05-13T22:00,15.0,86,100,NaN,10.0,193,14.9,17.0,18.8,2.90
2025-05-13T23:00,14.7,91,100,NaN,10.4,214,14.8,16.6,18.7,2.20
2025-05-14T00:00,15.0,89,100,NaN,11.0,199,15.0,16.6,18.6,2.00
2025-05-14T01:00,15.0,87,100,NaN,6.8,205,14.8,16.4,18.4,0.50
2025-05-14T02:00,14.7,88,100,NaN,3.7,209,14.5,16.2,18.3,0.30
2025-05-14T03:00,14.5,85,100,NaN,8.3,198,14.0,15.8,18.1,0.10
2025-05-14T04:00,14.5,83,100,NaN,6.9,219,14.0,15.7,17.9,0.00
2025-05-14T05:00,14.5,84,100,NaN,7.9,219,14.0,15.5,17.8,0.00
2025-05-14T06:00,14.9,86,100,NaN,8.0,216,14.7,15.5,17.6,0.00
2025-05-14T07:00,15.7,83,100,NaN,9.0,209,16.1,15.7,17.5,0.00
2025-05-14T08:00,16.9,81,99,NaN,11.7,223,17.9,16.2,17.4,0.00
2025-05-14T09:00,17.7,74,99,NaN,14.5,224,18.8,17.0,17.4,0.00
2025-05-14T10:00,19.1,67,99,NaN,11.9,270,23.1,18.3,17.5,0.00
2025-05-14T11:00,19.7,67,98,NaN,13.8,303,24.8,19.8,17.6,0.00
2025-05-14T12:00,20.2,63,90,NaN,17.6,293,23.4,20.4,17.7,0.00
2025-05-14T13:00,20.9,61,72,NaN,22.3,309,25.8,21.2,18.0,0.00
2025-05-14T14:00,20.6,65,77,NaN,21.9,315,24.3,21.9,18.3,0.00
2025-05-14T15:00,21.3,62,78,NaN,21.1,313,25.3,22.0,18.6,0.00
2025-05-14T16:00,21.2,61,56,NaN,22.9,314,24.1,22.1,18.8,0.00
2025-05-14T17:00,20.4,64,39,NaN,19.9,316,22.0,21.9,19.0,0.00
2025-05-14T18:00,19.8,65,45,NaN,14.0,325,19.7,21.3,19.2,0.00
2025-05-14T19:00,18.6,71,3,NaN,4.6,342,17.1,20.3,19.3,0.00
2025-05-14T20:00,17.7,76,4,NaN,2.2,351,15.3,19.0,19.3,0.00
2025-05-14T21:00,16.7,75,23,NaN,4.3,222,14.6,17.9,19.2,0.00
2025-05-14T22:00,15.4,76,52,NaN,6.5,183,14.5,17.2,19.1,0.00
2025-05-14T23:00,15.1,68,73,NaN,5.8,173,14.1,16.7,18.9,0.00
2025-05-15T00:00,14.9,67,68,NaN,6.1,177,13.6,16.3,18.7,0.00
2025-05-15T01:00,14.8,65,70,NaN,6.5,180,13.5,16.0,18.5,0.00
2025-05-15T02:00,14.8,63,47,NaN,6.2,190,13.2,15.6,18.3,0.00
2025-05-15T03:00,14.6,62,43,NaN,6.9,189,12.7,15.3,18.1,0.00
2025-05-15T04:00,14.1,63,44,NaN,7.3,200,12.3,15.0,17.9,0.00
2025-05-15T05:00,14.0,66,71,NaN,7.8,214,12.3,14.7,17.7,0.00
2025-05-15T06:00,14.6,68,64,NaN,9.5,209,13.9,14.5,17.5,0.00
2025-05-15T07:00,17.0,63,13,NaN,14.5,224,17.9,15.2,17.3,0.00
2025-05-15T08:00,19.0,55,20,NaN,20.8,240,21.1,16.8,17.2,0.00
2025-05-15T09:00,21.0,50,46,NaN,22.1,254,24.3,18.6,17.3,0.00
2025-05-15T10:00,22.3,44,61,NaN,23.7,287,25.0,20.2,17.5,0.00
2025-05-15T11:00,22.5,45,65,NaN,24.9,301,25.9,21.1,17.8,0.00
2025-05-15T12:00,23.1,43,87,NaN,20.0,304,27.3,22.0,18.1,0.00
2025-05-15T13:00,22.2,49,61,NaN,24.1,322,24.9,22.6,18.4,0.00
2025-05-15T14:00,22.1,49,39,NaN,24.1,325,28.5,22.9,18.7,0.00
2025-05-15T15:00,21.7,49,34,NaN,21.3,330,26.4,23.6,19.1,0.00
2025-05-15T16:00,21.1,53,0,NaN,18.3,328,24.7,23.5,19.4,0.00
2025-05-15T17:00,20.8,51,4,NaN,15.9,321,22.6,23.0,19.7,0.00
2025-05-15T18:00,20.0,46,41,NaN,11.2,327,19.7,21.9,19.9,0.00
2025-05-15T19:00,18.7,54,52,NaN,2.3,18,16.5,20.6,19.9,0.00
2025-05-15T20:00,16.8,64,43,NaN,3.3,84,14.7,19.1,19.9,0.00
2025-05-15T21:00,15.1,74,0,NaN,2.5,90,13.3,17.7,19.7,0.00
2025-05-15T22:00,13.9,80,0,NaN,2.0,135,12.0,16.6,19.5,0.00
2025-05-15T23:00,13.1,82,0,NaN,3.3,174,11.2,15.7,19.2,0.00
