latitude,longitude,elevation,utc_offset_seconds,timezone,timezone_abbreviation
34.973637,-2.4015198,105.0,0,GMT,GMT

time,temperature_2m (°C),relative_humidity_2m (%),cloud_cover (%),wind_speed_10m (km/h),wind_direction_100m (°),soil_temperature_0_to_7cm (°C),soil_temperature_7_to_28cm (°C),soil_temperature_28_to_100cm (°C),rain (mm),precipitation (mm),et0_fao_evapotranspiration (mm)
2024-12-12T00:00,8.3,63,1,2.6,234,9.1,12.8,17.3,0.00,0.00,0.00
2024-12-12T01:00,7.2,56,0,3.7,202,8.7,12.9,17.3,0.00,0.00,0.01
2024-12-12T02:00,6.1,55,43,3.8,192,8.4,12.7,17.2,0.00,0.00,0.01
2024-12-12T03:00,5.7,61,79,3.5,210,8.2,12.5,17.2,0.00,0.00,0.00
2024-12-12T04:00,5.4,66,6,4.8,201,8.0,12.4,17.2,0.00,0.00,0.00
2024-12-12T05:00,5.0,71,28,3.9,225,7.8,12.2,17.2,0.00,0.00,0.00
2024-12-12T06:00,5.2,70,3,4.6,226,7.6,12.0,17.2,0.00,0.00,0.00
2024-12-12T07:00,5.0,68,0,4.6,225,7.4,11.9,17.1,0.00,0.00,0.00
2024-12-12T08:00,6.7,64,0,5.9,219,7.6,11.7,17.1,0.00,0.00,0.02
2024-12-12T09:00,11.4,57,0,6.3,226,8.9,11.6,17.1,0.00,0.00,0.09
2024-12-12T10:00,14.9,45,0,7.1,265,10.8,11.6,17.1,0.00,0.00,0.19
2024-12-12T11:00,16.8,38,0,6.6,289,12.6,11.7,17.1,0.00,0.00,0.26
2024-12-12T12:00,18.1,35,0,6.4,311,14.3,12.0,17.0,0.00,0.00,0.31
2024-12-12T13:00,18.9,34,0,7.1,334,15.1,12.2,17.0,0.00,0.00,0.32
2024-12-12T14:00,18.9,33,1,7.0,351,16.0,12.5,17.0,0.00,0.00,0.29
2024-12-12T15:00,17.8,41,1,9.6,40,16.2,12.8,17.0,0.00,0.00,0.23
2024-12-12T16:00,15.9,50,0,8.4,74,15.7,13.1,17.0,0.00,0.00,0.13
2024-12-12T17:00,12.4,57,0,6.9,91,14.4,13.3,17.0,0.00,0.00,0.04
2024-12-12T18:00,11.4,60,0,3.0,101,12.9,13.4,16.9,0.00,0.00,0.00
2024-12-12T19:00,10.5,63,0,0.7,78,11.8,13.4,16.9,0.00,0.00,0.00
2024-12-12T20:00,9.6,65,6,1.0,28,10.9,13.3,16.9,0.00,0.00,0.00
2024-12-12T21:00,8.6,67,21,4.1,282,10.2,13.2,16.9,0.00,0.00,0.00
2024-12-12T22:00,8.9,64,94,7.3,254,9.9,13.1,16.9,0.00,0.00,0.02
2024-12-12T23:00,10.1,60,72,6.6,242,10.1,13.0,16.9,0.00,0.00,0.02
2024-12-13T00:00,10.4,57,49,7.8,226,10.1,12.9,16.9,0.00,0.00,0.03
2024-12-13T01:00,9.2,52,26,8.4,222,9.9,13.0,16.9,0.00,0.00,0.03
2024-12-13T02:00,9.9,54,18,8.5,221,9.9,12.9,16.8,0.00,0.00,0.03
2024-12-13T03:00,8.6,62,23,7.2,224,9.7,12.8,16.8,0.00,0.00,0.02
2024-12-13T04:00,8.1,67,9,7.6,228,9.5,12.7,16.8,0.00,0.00,0.02
2024-12-13T05:00,7.4,72,0,6.5,225,9.2,12.6,16.8,0.00,0.00,0.01
2024-12-13T06:00,6.9,76,0,5.5,230,8.9,12.5,16.8,0.00,0.00,0.00
2024-12-13T07:00,6.8,79,3,5.2,231,8.6,12.3,16.8,0.00,0.00,0.00
2024-12-13T08:00,8.7,75,1,4.5,238,8.7,12.2,16.8,0.00,0.00,0.02
2024-12-13T09:00,12.6,67,0,5.7,242,10.0,12.1,16.7,0.00,0.00,0.08
2024-12-13T10:00,15.6,58,0,5.6,259,11.8,12.2,16.7,0.00,0.00,0.18
2024-12-13T11:00,17.4,51,0,6.4,271,13.7,12.3,16.7,0.00,0.00,0.25
2024-12-13T12:00,18.7,47,0,6.0,275,15.3,12.5,16.7,0.00,0.00,0.30
2024-12-13T13:00,20.1,40,0,5.7,287,16.9,12.8,16.7,0.00,0.00,0.32
2024-12-13T14:00,20.4,38,0,6.0,325,17.6,13.2,16.7,0.00,0.00,0.29
2024-12-13T15:00,18.8,48,0,13.2,14,17.6,13.5,16.7,0.00,0.00,0.24
2024-12-13T16:00,16.0,62,1,12.0,25,16.9,13.8,16.7,0.00,0.00,0.13
2024-12-13T17:00,13.1,78,3,4.9,49,15.5,14.0,16.6,0.00,0.00,0.02
2024-12-13T18:00,12.6,81,0,2.9,49,14.1,14.1,16.6,0.00,0.00,0.00
2024-12-13T19:00,12.2,82,0,0.9,53,13.0,14.1,16.6,0.00,0.00,0.00
2024-12-13T20:00,11.2,82,0,1.1,98,12.1,14.1,16.6,0.00,0.00,0.00
2024-12-13T21:00,10.4,83,0,3.2,287,11.4,14.0,16.6,0.00,0.00,0.00
2024-12-13T22:00,9.9,85,0,3.9,234,10.9,13.9,16.6,0.00,0.00,0.00
2024-12-13T23:00,9.7,80,0,2.7,205,10.4,13.7,16.6,0.00,0.00,0.00
2024-12-14T00:00,9.0,82,4,3.2,288,10.0,13.6,16.6,0.00,0.00,0.00
2024-12-14T01:00,8.2,80,0,4.4,254,9.6,13.5,16.6,0.00,0.00,0.00
2024-12-14T02:00,7.9,75,1,4.7,234,9.4,13.4,16.6,0.00,0.00,0.00
2024-12-14T03:00,7.5,75,99,3.1,293,9.1,13.2,16.6,0.00,0.00,0.00
2024-12-14T04:00,7.2,74,91,3.3,256,9.0,13.0,16.6,0.00,0.00,0.00
2024-12-14T05:00,6.4,74,99,4.6,223,9.0,12.9,16.6,0.00,0.00,0.00
2024-12-14T06:00,5.7,78,82,6.6,258,8.9,12.7,16.6,0.00,0.00,0.00
2024-12-14T07:00,6.6,75,49,6.7,220,8.9,12.6,16.5,0.00,0.00,0.00
2024-12-14T08:00,7.7,75,64,6.9,239,9.1,12.4,16.5,0.00,0.00,0.02
2024-12-14T09:00,10.4,75,99,6.2,278,10.0,12.4,16.5,0.00,0.00,0.07
2024-12-14T10:00,13.5,72,57,6.0,277,11.5,12.4,16.5,0.00,0.00,0.14
2024-12-14T11:00,15.6,61,57,2.7,322,13.4,12.5,16.5,0.00,0.00,0.23
2024-12-14T12:00,16.7,55,60,5.5,9,15.1,12.6,16.5,0.00,0.00,0.28
2024-12-14T13:00,17.3,57,68,8.8,24,16.2,13.1,16.5,0.00,0.00,0.29
2024-12-14T14:00,17.2,61,85,10.2,33,16.8,13.4,16.5,0.00,0.00,0.26
2024-12-14T15:00,16.8,64,98,11.2,45,16.9,13.6,16.5,0.00,0.00,0.19
2024-12-14T16:00,15.8,67,0,10.6,52,16.4,13.9,16.5,0.00,0.00,0.11
2024-12-14T17:00,13.0,83,19,6.3,51,15.2,14.0,16.4,0.00,0.00,0.02
2024-12-14T18:00,12.1,86,21,3.6,64,13.9,14.1,16.4,0.00,0.00,0.00
2024-12-14T19:00,11.9,82,14,1.9,69,12.9,14.1,16.4,0.00,0.00,0.00
2024-12-14T20:00,11.0,82,60,2.7,99,12.0,14.0,16.4,0.00,0.00,0.00
2024-12-14T21:00,9.8,87,6,2.6,110,11.4,14.0,16.4,0.00,0.00,0.00
2024-12-14T22:00,9.0,91,62,2.1,37,10.8,13.8,16.4,0.00,0.00,0.00
2024-12-14T23:00,8.8,92,76,2.4,311,10.4,13.7,16.4,0.00,0.00,0.00
2024-12-15T00:00,8.7,90,19,4.7,235,10.0,13.5,16.4,0.00,0.00,0.00
2024-12-15T01:00,8.6,87,98,4.4,262,9.9,13.6,16.4,0.00,0.00,0.00
2024-12-15T02:00,8.4,86,100,5.0,234,9.7,13.4,16.4,0.00,0.00,0.00
2024-12-15T03:00,8.2,86,100,5.0,216,9.7,13.3,16.4,0.00,0.00,0.00
2024-12-15T04:00,7.9,86,100,4.3,266,9.6,13.1,16.4,0.00,0.00,0.00
2024-12-15T05:00,8.4,84,91,5.5,243,9.7,13.0,16.4,0.00,0.00,0.00
2024-12-15T06:00,8.4,82,34,4.8,197,9.7,12.9,16.4,0.00,0.00,0.00
2024-12-15T07:00,7.9,84,97,4.3,199,9.6,12.8,16.4,0.00,0.00,0.00
2024-12-15T08:00,9.2,80,100,6.5,200,9.9,12.7,16.4,0.00,0.00,0.02
2024-12-15T09:00,11.6,74,30,6.0,193,10.8,12.6,16.3,0.00,0.00,0.06
2024-12-15T10:00,13.9,70,92,4.3,270,12.2,12.6,16.3,0.00,0.00,0.14
2024-12-15T11:00,15.7,64,36,4.7,14,14.0,12.7,16.3,0.00,0.00,0.23
2024-12-15T12:00,16.9,60,100,10.2,30,15.4,12.9,16.3,0.00,0.00,0.28
2024-12-15T13:00,17.1,60,60,14.9,44,15.7,13.1,16.3,0.00,0.00,0.27
2024-12-15T14:00,17.1,58,10,14.1,49,16.3,13.3,16.3,0.00,0.00,0.26
2024-12-15T15:00,16.5,62,4,14.5,48,16.5,13.5,16.3,0.00,0.00,0.20
2024-12-15T16:00,15.4,69,19,12.5,50,16.0,13.7,16.3,0.00,0.00,0.12
2024-12-15T17:00,12.4,85,2,6.8,58,14.9,13.9,16.3,0.00,0.00,0.02
2024-12-15T18:00,11.0,88,2,6.2,71,13.5,14.0,16.3,0.00,0.00,0.00
2024-12-15T19:00,10.5,89,17,4.6,73,12.4,13.9,16.3,0.00,0.00,0.00
2024-12-15T20:00,10.3,88,0,3.5,75,11.5,13.9,16.3,0.00,0.00,0.00
2024-12-15T21:00,10.1,89,2,2.6,84,10.8,13.8,16.3,0.00,0.00,0.00
2024-12-15T22:00,9.6,89,2,1.5,75,10.2,13.6,16.3,0.00,0.00,0.00
2024-12-15T23:00,9.4,88,37,1.4,63,9.6,13.5,16.3,0.00,0.00,0.00
2024-12-16T00:00,9.1,86,0,0.4,59,9.2,13.3,16.2,0.00,0.00,0.00
2024-12-16T01:00,8.5,83,5,0.7,60,8.7,13.3,16.2,0.00,0.00,0.00
2024-12-16T02:00,7.8,83,24,0.4,50,8.3,13.1,16.2,0.00,0.00,0.00
2024-12-16T03:00,7.1,84,5,0.3,39,8.0,12.9,16.2,0.00,0.00,0.00
2024-12-16T04:00,6.6,83,0,0.4,35,7.6,12.6,16.2,0.00,0.00,0.00
2024-12-16T05:00,5.8,85,9,1.2,33,7.3,12.4,16.2,0.00,0.00,0.00
2024-12-16T06:00,5.1,88,0,3.3,310,7.1,12.2,16.2,0.00,0.00,0.00
2024-12-16T07:00,4.9,89,0,3.8,297,7.0,12.0,16.2,0.00,0.00,0.00
2024-12-16T08:00,5.6,86,16,3.9,318,7.2,11.8,16.2,0.00,0.00,0.01
2024-12-16T09:00,10.3,78,15,4.5,324,8.4,11.6,16.2,0.00,0.00,0.07
2024-12-16T10:00,13.9,59,0,6.1,310,10.4,11.6,16.1,0.00,0.00,0.17
2024-12-16T11:00,16.0,48,0,5.4,333,12.4,11.7,16.1,0.00,0.00,0.25
2024-12-16T12:00,17.2,43,0,6.8,8,14.1,11.9,16.1,0.00,0.00,0.30
2024-12-16T13:00,18.1,42,0,9.3,25,15.7,12.2,16.1,0.00,0.00,0.32
2024-12-16T14:00,17.1,46,0,16.6,31,16.2,12.5,16.1,0.00,0.00,0.29
2024-12-16T15:00,16.1,47,0,17.1,35,16.0,12.8,16.1,0.00,0.00,0.23
2024-12-16T16:00,15.1,53,0,14.8,39,15.5,13.0,16.1,0.00,0.00,0.15
2024-12-16T17:00,13.3,59,0,11.3,54,14.4,13.2,16.1,0.00,0.00,0.06
2024-12-16T18:00,12.2,64,0,8.8,65,13.3,13.3,16.1,0.00,0.00,0.03
2024-12-16T19:00,10.9,65,2,4.8,68,12.1,13.3,16.1,0.00,0.00,0.01
2024-12-16T20:00,9.5,60,6,0.4,44,10.9,13.3,16.0,0.00,0.00,0.00
2024-12-16T21:00,7.9,60,0,6.7,273,10.1,13.2,16.0,0.00,0.00,0.02
2024-12-16T22:00,6.2,64,0,6.2,263,9.6,13.0,16.0,0.00,0.00,0.01
2024-12-16T23:00,5.4,61,0,4.4,285,9.0,12.9,16.0,0.00,0.00,0.01
2024-12-17T00:00,5.4,57,0,4.8,267,8.5,12.7,16.0,0.00,0.00,0.01
2024-12-17T01:00,5.3,57,0,4.1,268,8.4,12.6,16.0,0.00,0.00,0.01
2024-12-17T02:00,4.9,54,0,2.9,279,7.8,12.4,16.0,0.00,0.00,0.00
2024-12-17T03:00,4.4,55,0,3.8,270,7.3,12.2,16.0,0.00,0.00,0.01
2024-12-17T04:00,4.1,58,13,4.0,274,6.9,12.0,16.0,0.00,0.00,0.01
2024-12-17T05:00,4.1,59,1,4.8,272,6.7,11.8,16.0,0.00,0.00,0.01
2024-12-17T06:00,4.3,58,5,5.2,265,6.5,11.5,16.0,0.00,0.00,0.01
2024-12-17T07:00,3.8,60,64,4.7,264,6.2,11.3,15.9,0.00,0.00,0.01
2024-12-17T08:00,5.4,60,39,5.5,264,6.3,11.1,15.9,0.00,0.00,0.02
2024-12-17T09:00,10.2,57,2,5.2,255,7.7,11.0,15.9,0.00,0.00,0.08
2024-12-17T10:00,13.9,45,6,5.4,284,9.7,11.0,15.9,0.00,0.00,0.18
2024-12-17T11:00,16.0,38,9,5.4,314,11.8,11.0,15.9,0.00,0.00,0.26
2024-12-17T12:00,17.1,35,95,7.6,327,13.5,11.2,15.8,0.00,0.00,0.31
2024-12-17T13:00,17.3,42,100,8.0,342,14.6,11.4,15.8,0.00,0.00,0.30
2024-12-17T14:00,16.9,46,68,7.5,10,15.3,11.7,15.8,0.00,0.00,0.26
2024-12-17T15:00,16.1,51,84,8.0,33,15.5,12.0,15.8,0.00,0.00,0.20
2024-12-17T16:00,14.5,61,98,5.5,44,14.9,12.3,15.8,0.00,0.00,0.10
2024-12-17T17:00,11.6,71,100,2.9,66,13.6,12.4,15.8,0.00,0.00,0.02
2024-12-17T18:00,11.2,73,100,1.2,54,12.2,12.5,15.8,0.00,0.00,0.00
2024-12-17T19:00,11.2,73,99,1.6,123,11.4,12.5,15.8,0.00,0.00,0.00
2024-12-17T20:00,10.7,73,90,2.3,187,10.7,12.5,15.8,0.00,0.00,0.00
2024-12-17T21:00,9.9,72,19,2.1,246,10.1,12.5,15.7,0.00,0.00,0.00
2024-12-17T22:00,8.8,73,2,3.9,238,9.4,12.4,15.7,0.00,0.00,0.00
2024-12-17T23:00,8.3,71,7,4.6,224,9.0,12.2,15.7,0.00,0.00,0.00
2024-12-18T00:00,8.0,68,0,4.1,236,8.5,12.1,15.7,0.00,0.00,0.00
2024-12-18T01:00,7.3,70,0,4.7,236,7.8,12.1,15.7,0.00,0.00,0.00
2024-12-18T02:00,7.1,60,0,4.9,218,7.7,11.9,15.7,0.00,0.00,0.01
2024-12-18T03:00,7.1,55,0,4.6,203,7.5,11.7,15.7,0.00,0.00,0.01
2024-12-18T04:00,7.4,53,0,3.3,224,7.3,11.6,15.7,0.00,0.00,0.01
2024-12-18T05:00,6.8,58,0,4.8,251,7.1,11.4,15.7,0.00,0.00,0.01
2024-12-18T06:00,6.6,57,0,6.2,228,7.0,11.2,15.7,0.00,0.00,0.02
2024-12-18T07:00,6.4,56,0,5.1,231,6.9,11.1,15.6,0.00,0.00,0.01
2024-12-18T08:00,8.0,56,4,6.1,240,7.0,10.9,15.6,0.00,0.00,0.03
2024-12-18T09:00,12.1,53,0,7.9,243,8.4,10.8,15.6,0.00,0.00,0.10
2024-12-18T10:00,15.0,50,0,5.5,262,10.4,10.8,15.6,0.00,0.00,0.17
2024-12-18T11:00,17.1,39,0,4.2,277,12.4,11.0,15.6,0.00,0.00,0.25
2024-12-18T12:00,18.7,36,0,3.8,262,14.2,11.2,15.6,0.00,0.00,0.30
2024-12-18T13:00,19.9,35,1,5.2,273,14.6,11.4,15.5,0.00,0.00,0.31
2024-12-18T14:00,20.6,33,0,4.7,287,15.8,11.7,15.5,0.00,0.00,0.28
2024-12-18T15:00,20.6,34,0,2.2,322,16.4,12.1,15.5,0.00,0.00,0.20
2024-12-18T16:00,18.3,60,0,3.4,46,16.2,12.4,15.5,0.00,0.00,0.11
2024-12-18T17:00,14.4,60,0,4.2,74,14.9,12.6,15.5,0.00,0.00,0.03
2024-12-18T18:00,13.7,62,0,0.8,90,13.4,12.8,15.5,0.00,0.00,0.00
2024-12-18T19:00,12.7,62,0,1.3,184,12.3,12.8,15.5,0.00,0.00,0.00
2024-12-18T20:00,12.2,57,2,2.4,222,11.5,12.8,15.5,0.00,0.00,0.00
2024-12-18T21:00,12.1,49,7,3.0,221,10.8,12.8,15.5,0.00,0.00,0.01
2024-12-18T22:00,12.3,43,0,2.6,232,10.3,12.7,15.5,0.00,0.00,0.01
2024-12-18T23:00,11.8,43,0,3.9,235,9.9,12.6,15.5,0.00,0.00,0.02
2024-12-19T00:00,11.3,40,0,5.6,233,9.6,12.5,15.5,0.00,0.00,0.03
2024-12-19T01:00,10.5,37,6,4.4,222,8.4,12.4,15.5,0.00,0.00,0.02
2024-12-19T02:00,9.3,35,0,6.4,240,8.4,12.3,15.5,0.00,0.00,0.04
2024-12-19T03:00,8.8,36,9,6.0,253,8.4,12.1,15.5,0.00,0.00,0.03
2024-12-19T04:00,9.0,35,23,6.1,243,8.3,12.0,15.5,0.00,0.00,0.04
2024-12-19T05:00,9.2,34,20,7.1,234,8.3,11.8,15.4,0.00,0.00,0.04
2024-12-19T06:00,9.0,36,2,6.7,257,8.2,11.7,15.4,0.00,0.00,0.04
2024-12-19T07:00,10.6,30,3,11.4,238,8.3,11.6,15.4,0.00,0.00,0.08
2024-12-19T08:00,12.8,30,12,13.8,225,9.0,11.5,15.4,0.00,0.00,0.11
2024-12-19T09:00,16.2,32,65,13.0,228,10.3,11.5,15.4,0.00,0.00,0.16
2024-12-19T10:00,19.6,31,43,10.2,235,12.2,11.5,15.4,0.00,0.00,0.24
2024-12-19T11:00,21.5,31,32,9.6,242,14.1,11.7,15.4,0.00,0.00,0.31
2024-12-19T12:00,22.4,28,35,12.3,250,15.8,12.0,15.4,0.00,0.00,0.37
2024-12-19T13:00,23.1,28,88,9.0,262,16.7,12.3,15.4,0.00,0.00,0.36
2024-12-19T14:00,22.7,33,99,6.3,273,17.3,12.6,15.4,0.00,0.00,0.26
2024-12-19T15:00,21.4,41,100,4.2,283,17.3,13.0,15.4,0.00,0.00,0.14
2024-12-19T16:00,19.6,49,90,3.1,305,16.6,13.2,15.4,0.00,0.00,0.07
2024-12-19T17:00,18.2,45,100,2.2,290,15.7,13.4,15.4,0.00,0.00,0.03
2024-12-19T18:00,16.2,57,100,1.6,270,14.7,13.6,15.4,0.10,0.10,0.00
2024-12-19T19:00,14.5,58,37,6.0,201,13.7,13.6,15.4,0.00,0.00,0.02
2024-12-19T20:00,13.0,59,12,6.9,211,12.9,13.7,15.4,0.00,0.00,0.02
2024-12-19T21:00,13.1,61,24,7.6,219,12.4,13.6,15.4,0.00,0.00,0.02
2024-12-19T22:00,12.9,66,62,6.8,218,12.1,13.6,15.4,0.00,0.00,0.02
2024-12-19T23:00,13.1,69,94,6.8,223,11.9,13.5,15.4,0.00,0.00,0.01
2024-12-20T00:00,13.4,70,63,6.5,237,11.9,13.5,15.4,0.00,0.00,0.01
2024-12-20T01:00,14.5,62,98,6.6,262,13.8,13.9,15.4,0.00,0.00,0.02
2024-12-20T02:00,15.1,61,100,7.3,255,13.5,13.9,15.4,0.00,0.00,0.03
2024-12-20T03:00,14.4,59,100,7.9,243,13.1,13.9,15.4,0.00,0.00,0.03
2024-12-20T04:00,13.9,60,100,11.4,219,12.9,13.9,15.4,0.00,0.00,0.04
2024-12-20T05:00,13.7,68,99,11.3,219,12.8,13.8,15.4,0.00,0.00,0.03
2024-12-20T06:00,13.2,76,99,10.0,222,12.6,13.8,15.4,0.00,0.00,0.02
2024-12-20T07:00,12.7,80,96,7.7,232,12.4,13.8,15.4,0.00,0.00,0.00
2024-12-20T08:00,13.1,80,94,5.0,229,12.4,13.7,15.4,0.00,0.00,0.02
2024-12-20T09:00,15.4,74,99,4.0,210,13.2,13.7,15.4,0.00,0.00,0.07
2024-12-20T10:00,17.1,66,92,2.4,171,14.4,13.7,15.4,0.00,0.00,0.12
2024-12-20T11:00,18.1,62,81,0.8,198,15.7,13.9,15.4,0.00,0.00,0.19
2024-12-20T12:00,19.0,58,86,2.7,340,17.2,14.0,15.4,0.00,0.00,0.28
2024-12-20T13:00,20.5,51,97,5.2,321,18.5,14.3,15.4,0.00,0.00,0.29
2024-12-20T14:00,20.5,51,98,8.0,342,18.8,14.5,15.4,0.00,0.00,0.25
2024-12-20T15:00,18.7,61,34,12.5,6,18.4,14.8,15.4,0.00,0.00,0.17
2024-12-20T16:00,17.5,68,38,8.5,22,17.9,15.0,15.4,0.00,0.00,0.11
2024-12-20T17:00,15.0,83,66,4.7,37,16.8,15.1,15.4,0.00,0.00,0.02
2024-12-20T18:00,14.7,84,54,5.6,77,15.9,15.2,15.4,0.00,0.00,0.00
2024-12-20T19:00,14.4,84,100,4.2,102,15.3,15.2,15.5,0.00,0.00,0.00
2024-12-20T20:00,14.4,82,100,3.5,129,15.0,15.2,15.5,0.00,0.00,0.00
2024-12-20T21:00,14.1,82,100,2.2,165,14.7,15.2,15.5,0.00,0.00,0.00
2024-12-20T22:00,14.4,79,100,1.1,330,14.4,15.2,15.5,0.00,0.00,0.00
2024-12-20T23:00,14.4,81,100,1.0,352,14.3,15.1,15.5,0.00,0.00,0.00
2024-12-21T00:00,13.9,83,88,0.4,23,14.1,15.1,15.5,0.00,0.00,0.00
2024-12-21T01:00,12.2,81,88,0.2,29,12.9,15.0,15.5,0.00,0.00,0.00
2024-12-21T02:00,11.6,82,100,1.7,71,12.4,14.9,15.5,0.00,0.00,0.00
2024-12-21T03:00,11.8,80,100,1.5,72,12.1,14.7,15.5,0.00,0.00,0.00
2024-12-21T04:00,12.3,81,100,0.7,56,12.2,14.6,15.5,0.00,0.00,0.00
2024-12-21T05:00,12.2,83,100,0.6,64,12.2,14.5,15.5,0.00,0.00,0.00
2024-12-21T06:00,12.5,82,100,1.0,71,12.3,14.4,15.6,0.00,0.00,0.00
2024-12-21T07:00,12.8,81,100,1.8,68,12.3,14.3,15.6,0.00,0.00,0.00
2024-12-21T08:00,13.1,83,100,4.1,65,12.4,14.2,15.6,0.00,0.00,0.02
2024-12-21T09:00,14.4,79,100,6.8,52,13.0,14.1,15.6,0.00,0.00,0.05
2024-12-21T10:00,15.3,74,100,12.5,46,13.8,14.1,15.6,0.00,0.00,0.10
2024-12-21T11:00,16.4,67,100,13.7,45,14.8,14.2,15.6,0.00,0.00,0.18
2024-12-21T12:00,16.9,65,100,13.9,42,15.7,14.3,15.6,0.00,0.00,0.21
2024-12-21T13:00,17.1,66,93,15.7,44,16.2,14.4,15.6,0.00,0.00,0.25
2024-12-21T14:00,16.9,67,100,18.0,46,16.9,14.6,15.6,0.00,0.00,0.24
2024-12-21T15:00,16.3,67,100,17.7,52,16.8,14.7,15.6,0.00,0.00,0.17
2024-12-21T16:00,15.5,69,100,14.8,53,16.3,14.8,15.6,0.00,0.00,0.10
2024-12-21T17:00,14.3,74,100,12.7,57,15.6,14.9,15.6,0.00,0.00,0.05
2024-12-21T18:00,13.6,78,100,10.3,68,14.9,14.9,15.6,0.00,0.00,0.01
2024-12-21T19:00,13.2,80,99,8.7,67,14.3,14.9,15.6,0.00,0.00,0.01
2024-12-21T20:00,12.6,82,77,7.7,62,13.7,14.9,15.6,0.00,0.00,0.00
2024-12-21T21:00,11.9,82,1,7.9,62,13.1,14.8,15.6,0.00,0.00,0.00
2024-12-21T22:00,11.0,82,1,5.2,65,12.4,14.7,15.6,0.00,0.00,0.00
2024-12-21T23:00,10.8,81,0,2.6,48,11.7,14.6,15.6,0.00,0.00,0.00
2024-12-22T00:00,10.5,81,0,2.2,48,11.2,14.4,15.6,0.00,0.00,0.00
2024-12-22T01:00,10.5,76,3,1.3,36,11.6,14.4,15.7,0.00,0.00,0.00
2024-12-22T02:00,9.8,79,18,1.2,7,11.0,14.3,15.7,0.00,0.00,0.00
2024-12-22T03:00,9.1,82,19,2.7,295,10.5,14.1,15.7,0.00,0.00,0.00
2024-12-22T04:00,8.4,85,1,3.7,295,10.1,13.9,15.7,0.00,0.00,0.00
2024-12-22T05:00,8.3,87,0,5.2,288,10.0,13.7,15.7,0.00,0.00,0.00
2024-12-22T06:00,7.3,92,0,7.2,256,9.8,13.5,15.7,0.00,0.00,0.00
2024-12-22T07:00,6.9,92,0,5.2,273,9.6,13.3,15.7,0.00,0.00,0.00
2024-12-22T08:00,8.0,87,0,1.9,311,9.6,13.2,15.7,0.00,0.00,0.01
2024-12-22T09:00,11.6,76,0,2.4,292,10.6,13.0,15.6,0.00,0.00,0.06
2024-12-22T10:00,14.2,63,0,4.2,315,12.2,13.0,15.6,0.00,0.00,0.16
2024-12-22T11:00,16.1,57,0,6.1,310,13.9,13.1,15.6,0.00,0.00,0.24
2024-12-22T12:00,17.0,53,0,9.3,342,15.3,13.2,15.6,0.00,0.00,0.28
2024-12-22T13:00,16.9,55,0,9.3,22,15.8,13.3,15.6,0.00,0.00,0.29
2024-12-22T14:00,16.9,57,0,7.7,38,16.6,13.5,15.6,0.00,0.00,0.26
2024-12-22T15:00,16.7,58,0,8.8,42,16.8,13.8,15.6,0.00,0.00,0.20
2024-12-22T16:00,16.1,62,0,4.5,77,16.4,14.0,15.6,0.00,0.00,0.11
2024-12-22T17:00,14.0,69,0,0.7,114,15.2,14.1,15.6,0.00,0.00,0.01
2024-12-22T18:00,12.7,74,0,1.3,184,13.8,14.1,15.6,0.00,0.00,0.00
2024-12-22T19:00,12.3,75,0,0.8,338,12.8,14.1,15.6,0.00,0.00,0.00
2024-12-22T20:00,11.6,77,0,1.9,288,11.9,14.0,15.6,0.00,0.00,0.00
2024-12-22T21:00,10.9,79,0,2.3,300,11.3,13.9,15.6,0.00,0.00,0.00
2024-12-22T22:00,9.8,82,0,4.6,194,10.7,13.8,15.6,0.00,0.00,0.00
2024-12-22T23:00,9.4,83,0,5.1,222,10.4,13.6,15.6,0.00,0.00,0.00
2024-12-23T00:00,9.1,84,0,5.8,250,10.1,13.5,15.6,0.00,0.00,0.00
2024-12-23T01:00,9.1,78,0,6.2,224,9.8,13.4,15.6,0.00,0.00,0.00
2024-12-23T02:00,9.7,73,0,9.8,221,9.8,13.3,15.6,0.00,0.00,0.02
2024-12-23T03:00,9.7,74,0,9.2,231,9.8,13.1,15.6,0.00,0.00,0.01
2024-12-23T04:00,8.9,77,0,6.0,229,9.6,13.0,15.6,0.00,0.00,0.00
2024-12-23T05:00,9.0,73,0,1.3,220,9.1,12.8,15.6,0.00,0.00,0.00
2024-12-23T06:00,8.6,73,0,3.4,208,8.8,12.6,15.6,0.00,0.00,0.00
2024-12-23T07:00,8.7,70,0,6.4,225,8.5,12.5,15.6,0.00,0.00,0.01
2024-12-23T08:00,9.9,69,0,2.2,247,8.6,12.3,15.6,0.00,0.00,0.01
2024-12-23T09:00,11.9,66,0,2.3,90,9.9,12.2,15.6,0.00,0.00,0.07
2024-12-23T10:00,14.8,57,0,2.4,90,11.7,12.2,15.6,0.00,0.00,0.16
2024-12-23T11:00,17.1,51,0,5.1,63,13.5,12.3,15.6,0.00,0.00,0.25
2024-12-23T12:00,18.4,51,0,10.9,60,15.1,12.5,15.6,0.00,0.00,0.30
2024-12-23T13:00,19.3,48,0,7.3,52,16.6,12.8,15.6,0.00,0.00,0.31
2024-12-23T14:00,19.1,52,0,11.2,48,17.2,13.1,15.6,0.00,0.00,0.29
2024-12-23T15:00,17.7,57,0,15.5,50,17.2,13.4,15.6,0.00,0.00,0.22
2024-12-23T16:00,16.3,63,0,15.7,56,16.6,13.7,15.6,0.00,0.00,0.14
2024-12-23T17:00,13.9,73,0,8.5,69,15.5,13.8,15.6,0.00,0.00,0.04
2024-12-23T18:00,12.2,79,0,3.3,72,14.0,13.9,15.6,0.00,0.00,0.00
2024-12-23T19:00,11.4,80,0,4.8,54,12.7,13.9,15.6,0.00,0.00,0.00
2024-12-23T20:00,11.0,82,0,3.7,70,11.8,13.8,15.6,0.00,0.00,0.00
2024-12-23T21:00,10.7,81,0,2.2,63,10.9,13.7,15.6,0.00,0.00,0.00
2024-12-23T22:00,10.5,79,0,2.2,74,10.3,13.6,15.6,0.00,0.00,0.00
2024-12-23T23:00,10.2,73,0,2.1,78,9.7,13.4,15.6,0.00,0.00,0.00
2024-12-24T00:00,10.0,67,0,1.5,68,9.2,13.2,15.5,0.00,0.00,0.00
2024-12-24T01:00,8.9,73,0,0.4,56,8.4,13.0,15.5,0.00,0.00,0.00
2024-12-24T02:00,8.5,69,0,1.0,63,8.1,12.8,15.5,0.00,0.00,0.00
2024-12-24T03:00,8.0,64,0,1.5,65,7.8,12.6,15.5,0.00,0.00,0.00
2024-12-24T04:00,8.1,59,0,0.4,58,7.5,12.3,15.5,0.00,0.00,0.00
2024-12-24T05:00,8.3,57,0,0.4,58,7.2,12.1,15.5,0.00,0.00,0.00
2024-12-24T06:00,8.1,56,0,0.2,54,6.9,11.9,15.5,0.00,0.00,0.00
2024-12-24T07:00,7.5,56,0,0.8,43,6.7,11.6,15.5,0.00,0.00,0.00
2024-12-24T08:00,7.5,62,0,3.4,309,6.8,11.4,15.5,0.00,0.00,0.02
2024-12-24T09:00,10.5,65,0,6.1,285,8.1,11.3,15.5,0.00,0.00,0.07
2024-12-24T10:00,13.2,54,0,5.9,312,10.0,11.2,15.5,0.00,0.00,0.16
2024-12-24T11:00,14.9,49,0,5.3,345,11.9,11.3,15.4,0.00,0.00,0.24
2024-12-24T12:00,15.9,46,0,7.4,8,13.5,11.5,15.4,0.00,0.00,0.29
2024-12-24T13:00,16.6,42,0,5.8,10,14.7,11.6,15.4,0.00,0.00,0.30
2024-12-24T14:00,16.7,43,0,7.2,22,15.4,11.9,15.4,0.00,0.00,0.27
2024-12-24T15:00,16.2,50,0,9.8,40,15.5,12.2,15.4,0.00,0.00,0.21
2024-12-24T16:00,15.2,59,0,8.6,47,15.1,12.5,15.4,0.00,0.00,0.12
2024-12-24T17:00,12.0,72,0,5.9,58,13.8,12.6,15.4,0.00,0.00,0.03
2024-12-24T18:00,11.4,74,0,3.6,62,12.4,12.7,15.4,0.00,0.00,0.00
2024-12-24T19:00,11.2,75,0,2.4,53,11.3,12.7,15.4,0.00,0.00,0.00
2024-12-24T20:00,11.1,76,0,0.9,41,10.4,12.6,15.4,0.00,0.00,0.00
2024-12-24T21:00,10.1,81,0,1.8,2,9.7,12.5,15.4,0.00,0.00,0.00
2024-12-24T22:00,9.3,85,0,4.6,289,9.3,12.4,15.4,0.00,0.00,0.00
2024-12-24T23:00,8.5,87,0,5.0,276,9.2,12.3,15.3,0.00,0.00,0.00
2024-12-25T00:00,8.0,83,0,6.4,264,8.9,12.1,15.3,0.00,0.00,0.00
2024-12-25T01:00,7.2,82,0,5.9,273,8.2,12.1,15.3,0.00,0.00,0.00
2024-12-25T02:00,6.9,75,0,4.6,285,7.9,11.9,15.3,0.00,0.00,0.00
2024-12-25T03:00,7.0,67,0,2.3,307,7.5,11.7,15.3,0.00,0.00,0.00
2024-12-25T04:00,6.8,62,0,3.6,268,7.2,11.5,15.3,0.00,0.00,0.00
2024-12-25T05:00,6.4,62,0,5.9,258,7.0,11.3,15.3,0.00,0.00,0.01
2024-12-25T06:00,6.0,62,0,5.8,257,6.9,11.1,15.3,0.00,0.00,0.01
2024-12-25T07:00,5.3,62,0,4.3,273,6.7,11.0,15.3,0.00,0.00,0.00
2024-12-25T08:00,6.7,60,0,3.6,268,6.8,10.8,15.2,0.00,0.00,0.02
2024-12-25T09:00,10.8,60,0,6.0,251,8.0,10.7,15.2,0.00,0.00,0.08
2024-12-25T10:00,14.3,57,0,4.3,347,10.0,10.7,15.2,0.00,0.00,0.16
2024-12-25T11:00,16.1,48,0,5.9,6,12.0,10.8,15.2,0.00,0.00,0.24
2024-12-25T12:00,17.1,47,0,7.4,360,13.6,11.0,15.2,0.00,0.00,0.29
2024-12-25T13:00,17.0,49,0,9.6,12,14.2,11.2,15.2,0.00,0.00,0.30
2024-12-25T14:00,17.0,54,0,10.6,27,15.0,11.5,15.2,0.00,0.00,0.27
2024-12-25T15:00,16.9,55,0,9.9,34,15.3,11.8,15.1,0.00,0.00,0.21
2024-12-25T16:00,15.6,62,0,6.7,43,14.9,12.1,15.1,0.00,0.00,0.12
2024-12-25T17:00,12.5,70,0,4.6,55,13.7,12.3,15.1,0.00,0.00,0.03
2024-12-25T18:00,12.1,72,0,2.3,54,12.2,12.3,15.1,0.00,0.00,0.00
2024-12-25T19:00,12.2,72,0,1.2,56,11.2,12.4,15.1,0.00,0.00,0.00
2024-12-25T20:00,12.4,72,0,1.5,54,10.4,12.3,15.1,0.00,0.00,0.00
2024-12-25T21:00,12.1,72,0,1.7,47,9.8,12.2,15.1,0.00,0.00,0.00
2024-12-25T22:00,11.7,73,0,1.9,46,9.3,12.1,15.1,0.00,0.00,0.00
2024-12-25T23:00,11.0,75,0,1.3,40,8.8,12.0,15.1,0.00,0.00,0.00
2024-12-26T00:00,10.4,78,0,1.5,37,8.4,11.8,15.1,0.00,0.00,0.00
2024-12-26T01:00,9.6,78,0,1.1,27,7.4,11.8,15.1,0.00,0.00,0.00
2024-12-26T02:00,9.1,78,0,2.5,357,7.3,11.6,15.1,0.00,0.00,0.00
2024-12-26T03:00,8.3,80,0,4.8,319,7.3,11.4,15.1,0.00,0.00,0.00
2024-12-26T04:00,8.2,81,0,5.4,311,7.5,11.2,15.1,0.00,0.00,0.00
2024-12-26T05:00,7.6,83,0,4.1,334,7.6,11.1,15.0,0.00,0.00,0.00
2024-12-26T06:00,7.4,79,0,3.0,14,7.4,10.9,15.0,0.00,0.00,0.00
2024-12-26T07:00,8.1,72,0,1.5,37,7.2,10.8,15.0,0.00,0.00,0.00
2024-12-26T08:00,9.6,68,0,0.9,48,7.2,10.6,15.0,0.00,0.00,0.01
2024-12-26T09:00,12.6,60,0,5.0,39,8.7,10.6,15.0,0.00,0.00,0.08
2024-12-26T10:00,15.0,58,0,10.6,34,10.5,10.6,15.0,0.00,0.00,0.18
2024-12-26T11:00,15.9,56,0,16.3,45,12.1,10.7,15.0,0.00,0.00,0.25
2024-12-26T12:00,16.3,53,0,16.3,47,13.5,11.0,14.9,0.00,0.00,0.29
2024-12-26T13:00,16.6,54,0,16.6,49,14.5,11.1,14.9,0.00,0.00,0.29
2024-12-26T14:00,16.5,56,0,17.0,53,15.1,11.4,14.9,0.00,0.00,0.27
2024-12-26T15:00,16.2,59,0,16.6,55,15.2,11.7,14.9,0.00,0.00,0.21
2024-12-26T16:00,15.3,65,0,14.5,55,14.8,12.0,14.9,0.00,0.00,0.13
2024-12-26T17:00,12.9,79,0,8.8,54,13.9,12.2,14.9,0.00,0.00,0.03
2024-12-26T18:00,11.0,87,0,6.3,62,12.6,12.3,14.9,0.00,0.00,0.00
2024-12-26T19:00,11.0,86,0,2.7,65,11.5,12.3,14.9,0.00,0.00,0.00
2024-12-26T20:00,11.0,83,0,1.7,59,10.6,12.3,14.9,0.00,0.00,0.00
2024-12-26T21:00,10.7,81,0,1.7,49,9.8,12.2,14.9,0.00,0.00,0.00
2024-12-26T22:00,10.1,81,0,0.9,39,9.1,12.1,14.9,0.00,0.00,0.00
2024-12-26T23:00,9.2,85,0,1.0,22,8.6,12.0,14.9,0.00,0.00,0.00
2024-12-27T00:00,8.6,87,0,1.2,22,8.2,11.8,14.9,0.00,0.00,0.00
2024-12-27T01:00,7.9,82,0,2.1,5,7.7,11.8,14.9,0.00,0.00,0.00
2024-12-27T02:00,7.5,87,0,8.8,253,7.7,11.6,14.9,0.00,0.00,0.00
2024-12-27T03:00,6.0,94,0,11.0,263,7.7,11.4,14.9,0.00,0.00,0.00
2024-12-27T04:00,5.5,93,0,7.8,265,7.6,11.2,14.8,0.00,0.00,0.00
2024-12-27T05:00,5.0,91,11,5.9,261,7.4,11.1,14.8,0.00,0.00,0.00
2024-12-27T06:00,4.2,90,24,4.4,265,7.1,10.9,14.8,0.00,0.00,0.00
2024-12-27T07:00,3.9,84,15,3.9,257,6.8,10.8,14.8,0.00,0.00,0.00
2024-12-27T08:00,5.0,75,13,3.8,275,6.8,10.6,14.8,0.00,0.00,0.01
2024-12-27T09:00,8.1,80,25,4.0,347,7.8,10.5,14.8,0.00,0.00,0.05
2024-12-27T10:00,11.1,70,3,5.5,6,9.4,10.5,14.8,0.00,0.00,0.13
2024-12-27T11:00,13.7,57,0,7.7,350,11.2,10.5,14.8,0.00,0.00,0.23
2024-12-27T12:00,15.2,53,0,10.9,15,12.7,10.7,14.7,0.00,0.00,0.28
2024-12-27T13:00,15.9,49,0,11.7,37,14.0,11.1,14.7,0.00,0.00,0.30
2024-12-27T14:00,16.3,45,0,15.9,53,14.6,11.4,14.7,0.00,0.00,0.29
2024-12-27T15:00,15.8,46,0,18.4,56,14.7,11.7,14.7,0.00,0.00,0.24
2024-12-27T16:00,14.9,51,0,15.9,58,14.3,11.9,14.7,0.00,0.00,0.16
2024-12-27T17:00,12.8,57,0,10.1,60,13.4,12.1,14.7,0.00,0.00,0.06
2024-12-27T18:00,10.7,67,0,7.8,67,12.1,12.2,14.7,0.00,0.00,0.02
2024-12-27T19:00,10.0,68,0,7.1,75,10.9,12.2,14.7,0.00,0.00,0.01
2024-12-27T20:00,9.5,71,0,7.7,76,10.0,12.1,14.7,0.00,0.00,0.01
2024-12-27T21:00,9.2,74,0,6.8,63,9.3,12.0,14.7,0.00,0.00,0.01
2024-12-27T22:00,9.2,75,0,3.2,53,8.7,11.9,14.7,0.00,0.00,0.00
2024-12-27T23:00,8.4,78,0,1.5,46,8.1,11.7,14.7,0.00,0.00,0.00
2024-12-28T00:00,7.5,79,0,0.4,33,7.5,11.5,14.7,0.00,0.00,0.00
2024-12-28T01:00,6.4,78,0,3.2,300,7.0,11.5,14.7,0.00,0.00,0.00
2024-12-28T02:00,5.6,79,0,5.1,273,6.8,11.2,14.7,0.00,0.00,0.00
2024-12-28T03:00,4.7,78,0,5.1,267,6.7,11.0,14.7,0.00,0.00,0.00
2024-12-28T04:00,4.2,76,0,4.8,255,6.4,10.8,14.6,0.00,0.00,0.00
2024-12-28T05:00,3.8,73,0,4.6,240,6.1,10.6,14.6,0.00,0.00,0.00
2024-12-28T06:00,3.4,73,0,4.5,245,5.8,10.4,14.6,0.00,0.00,0.00
2024-12-28T07:00,3.0,76,0,4.3,257,5.6,10.2,14.6,0.00,0.00,0.00
2024-12-28T08:00,4.3,73,0,4.8,264,5.6,10.0,14.6,0.00,0.00,0.01
2024-12-28T09:00,8.6,69,0,6.2,266,6.8,9.9,14.6,0.00,0.00,0.07
2024-12-28T10:00,12.1,56,0,7.2,285,8.7,9.8,14.6,0.00,0.00,0.16
2024-12-28T11:00,13.9,46,0,6.2,304,10.6,9.9,14.5,0.00,0.00,0.23
2024-12-28T12:00,15.1,41,0,6.5,337,12.2,10.1,14.5,0.00,0.00,0.28
2024-12-28T13:00,15.9,38,0,8.3,13,13.6,10.6,14.5,0.00,0.00,0.30
2024-12-28T14:00,15.8,40,0,10.1,21,14.3,10.9,14.5,0.00,0.00,0.28
2024-12-28T15:00,15.1,47,0,10.4,30,14.4,11.1,14.5,0.00,0.00,0.22
2024-12-28T16:00,13.9,57,0,8.0,42,14.0,11.4,14.5,0.00,0.00,0.12
2024-12-28T17:00,10.8,70,0,3.9,54,12.7,11.6,14.5,0.00,0.00,0.02
2024-12-28T18:00,10.1,71,0,1.5,61,11.2,11.7,14.5,0.00,0.00,0.00
2024-12-28T19:00,9.4,72,0,0.7,72,10.0,11.6,14.5,0.00,0.00,0.00
2024-12-28T20:00,8.8,72,0,0.6,72,9.1,11.6,14.5,0.00,0.00,0.00
2024-12-28T21:00,8.5,70,0,0.9,58,8.4,11.4,14.5,0.00,0.00,0.00
2024-12-28T22:00,8.3,69,0,0.4,41,7.8,11.3,14.5,0.00,0.00,0.00
2024-12-28T23:00,8.0,70,2,1.0,18,7.4,11.1,14.5,0.00,0.00,0.00
2024-12-29T00:00,7.1,74,0,3.2,317,7.1,10.9,14.4,0.00,0.00,0.00
2024-12-29T01:00,6.2,71,0,5.0,261,6.9,11.0,14.4,0.00,0.00,0.00
2024-12-29T02:00,5.2,73,0,6.4,255,6.8,10.8,14.4,0.00,0.00,0.00
2024-12-29T03:00,5.0,72,3,7.1,249,6.7,10.6,14.4,0.00,0.00,0.01
2024-12-29T04:00,4.8,70,0,7.6,244,6.5,10.4,14.4,0.00,0.00,0.01
2024-12-29T05:00,4.6,69,0,7.4,246,6.4,10.3,14.4,0.00,0.00,0.01
2024-12-29T06:00,4.1,69,0,7.0,246,6.2,10.1,14.4,0.00,0.00,0.01
2024-12-29T07:00,3.6,71,0,6.8,244,6.0,10.0,14.4,0.00,0.00,0.01
2024-12-29T08:00,4.5,71,1,7.0,237,6.0,9.8,14.4,0.00,0.00,0.02
2024-12-29T09:00,9.3,59,4,6.8,233,7.1,9.7,14.3,0.00,0.00,0.07
2024-12-29T10:00,13.2,55,24,4.9,282,8.9,9.7,14.3,0.00,0.00,0.16
2024-12-29T11:00,15.3,42,60,4.2,353,10.9,9.8,14.3,0.00,0.00,0.24
2024-12-29T12:00,16.4,40,67,7.2,8,12.6,10.0,14.3,0.00,0.00,0.29
2024-12-29T13:00,16.8,41,65,10.8,12,14.0,10.4,14.3,0.00,0.00,0.31
2024-12-29T14:00,16.2,45,32,13.1,16,14.6,10.7,14.3,0.00,0.00,0.28
2024-12-29T15:00,15.4,52,6,12.0,27,14.6,11.1,14.3,0.00,0.00,0.21
2024-12-29T16:00,13.9,64,3,9.8,48,14.2,11.3,14.3,0.00,0.00,0.12
2024-12-29T17:00,10.7,75,17,5.4,75,12.9,11.5,14.3,0.00,0.00,0.03
2024-12-29T18:00,9.6,73,24,5.9,85,11.4,11.6,14.3,0.00,0.00,0.00
2024-12-29T19:00,9.5,71,30,5.1,76,10.2,11.6,14.3,0.00,0.00,0.00
2024-12-29T20:00,9.7,69,5,2.6,64,9.4,11.5,14.2,0.00,0.00,0.00
2024-12-29T21:00,9.1,68,2,1.2,57,8.6,11.4,14.2,0.00,0.00,0.00
2024-12-29T22:00,7.5,68,5,0.9,54,8.0,11.3,14.2,0.00,0.00,0.00
2024-12-29T23:00,5.7,65,50,3.0,194,7.5,11.1,14.2,0.00,0.00,0.00
2024-12-30T00:00,5.0,67,90,6.6,243,7.3,11.0,14.2,0.00,0.00,0.01
2024-12-30T01:00,5.4,65,90,6.1,247,7.3,10.9,14.2,0.00,0.00,0.01
2024-12-30T02:00,5.0,65,29,7.1,247,7.1,10.8,14.2,0.00,0.00,0.01
2024-12-30T03:00,4.5,66,3,7.5,243,6.8,10.6,14.2,0.00,0.00,0.01
2024-12-30T04:00,4.0,67,2,6.7,244,6.6,10.4,14.2,0.00,0.00,0.01
2024-12-30T05:00,3.6,68,6,6.6,240,6.3,10.3,14.2,0.00,0.00,0.01
2024-12-30T06:00,3.6,68,18,7.1,238,6.1,10.1,14.2,0.00,0.00,0.01
2024-12-30T07:00,3.6,68,11,6.6,235,5.9,9.9,14.2,0.00,0.00,0.01
2024-12-30T08:00,4.6,68,4,8.0,229,5.9,9.8,14.1,0.00,0.00,0.03
2024-12-30T09:00,9.3,62,1,9.6,229,7.0,9.6,14.1,0.00,0.00,0.08
2024-12-30T10:00,13.4,53,3,6.5,260,8.9,9.6,14.1,0.00,0.00,0.16
2024-12-30T11:00,15.1,42,8,6.1,327,10.8,9.7,14.1,0.00,0.00,0.24
2024-12-30T12:00,15.9,38,18,7.7,358,12.4,10.0,14.1,0.00,0.00,0.29
2024-12-30T13:00,16.4,38,8,8.5,7,13.8,10.3,14.1,0.00,0.00,0.31
2024-12-30T14:00,16.2,40,12,10.0,12,14.4,10.6,14.1,0.00,0.00,0.28
2024-12-30T15:00,15.4,48,24,10.1,35,14.5,10.9,14.1,0.00,0.00,0.20
2024-12-30T16:00,14.2,57,23,7.4,65,14.0,11.2,14.1,0.00,0.00,0.12
2024-12-30T17:00,11.4,68,20,3.8,66,12.8,11.4,14.1,0.00,0.00,0.03
2024-12-30T18:00,10.8,68,34,1.2,55,11.4,11.5,14.0,0.00,0.00,0.00
2024-12-30T19:00,10.0,66,3,1.1,66,10.3,11.5,14.0,0.00,0.00,0.00
2024-12-30T20:00,9.0,64,6,2.3,102,9.4,11.4,14.0,0.00,0.00,0.00
2024-12-30T21:00,8.1,68,3,2.2,95,8.7,11.3,14.0,0.00,0.00,0.00
2024-12-30T22:00,7.4,71,4,1.6,88,8.1,11.2,14.0,0.00,0.00,0.00
2024-12-30T23:00,6.6,74,4,1.8,132,7.6,11.1,14.0,0.00,0.00,0.00
2024-12-31T00:00,6.6,73,3,1.7,313,7.2,10.9,14.0,0.00,0.00,0.00
2024-12-31T01:00,5.6,71,9,7.3,240,7.1,10.8,14.0,0.00,0.00,0.01
2024-12-31T02:00,5.0,69,9,6.7,246,6.9,10.6,14.0,0.00,0.00,0.01
2024-12-31T03:00,4.8,63,68,7.5,240,6.7,10.5,14.0,0.00,0.00,0.02
2024-12-31T04:00,4.4,61,5,6.0,236,6.5,10.3,14.0,0.00,0.00,0.01
2024-12-31T05:00,3.7,63,10,4.7,229,6.2,10.1,14.0,0.00,0.00,0.01
2024-12-31T06:00,3.9,62,3,6.9,222,6.0,10.0,14.0,0.00,0.00,0.01
2024-12-31T07:00,4.7,58,0,8.3,218,6.0,9.8,14.0,0.00,0.00,0.02
2024-12-31T08:00,6.0,59,1,8.1,224,6.1,9.7,13.9,0.00,0.00,0.03
2024-12-31T09:00,9.4,53,15,9.1,242,7.2,9.6,13.9,0.00,0.00,0.09
2024-12-31T10:00,12.1,48,13,8.4,246,8.8,9.6,13.9,0.00,0.00,0.16
2024-12-31T11:00,14.0,48,16,7.9,272,10.5,9.7,13.9,0.00,0.00,0.23
2024-12-31T12:00,14.8,52,7,5.3,309,12.2,9.9,13.9,0.00,0.00,0.26
2024-12-31T13:00,15.3,52,25,2.8,344,14.1,10.5,13.9,0.00,0.00,0.25
2024-12-31T14:00,15.3,48,40,4.5,2,14.6,10.8,13.9,0.00,0.00,0.21
2024-12-31T15:00,14.9,49,23,8.4,12,14.5,11.1,13.9,0.00,0.00,0.18
2024-12-31T16:00,14.1,54,25,8.7,35,14.0,11.3,13.9,0.00,0.00,0.12
2024-12-31T17:00,11.9,67,30,8.1,56,13.0,11.5,13.9,0.00,0.00,0.04
2024-12-31T18:00,10.2,76,10,7.4,73,11.9,11.6,13.9,0.00,0.00,0.01
2024-12-31T19:00,9.4,79,17,5.5,77,10.8,11.6,13.9,0.00,0.00,0.00
2024-12-31T20:00,8.7,80,9,4.6,109,9.9,11.6,13.9,0.00,0.00,0.00
2024-12-31T21:00,8.2,80,26,2.7,100,9.1,11.5,13.9,0.00,0.00,0.00
2024-12-31T22:00,8.5,79,5,1.3,72,8.6,11.4,13.9,0.00,0.00,0.00
2024-12-31T23:00,7.7,81,7,0.4,48,8.0,11.2,13.9,0.00,0.00,0.00
2025-01-01T00:00,7.1,83,11,1.1,12,7.6,11.1,13.9,0.00,0.00,0.00
2025-01-01T01:00,5.4,79,2,4.2,283,7.0,11.0,13.9,0.00,0.00,0.00
2025-01-01T02:00,4.9,80,10,6.1,257,6.8,10.8,13.9,0.00,0.00,0.00
2025-01-01T03:00,5.2,78,0,6.9,250,6.7,10.6,13.8,0.00,0.00,0.00
2025-01-01T04:00,4.7,78,0,6.2,249,6.4,10.4,13.8,0.00,0.00,0.00
2025-01-01T05:00,4.5,76,9,6.7,225,6.2,10.3,13.8,0.00,0.00,0.00
2025-01-01T06:00,4.3,76,3,6.4,218,5.9,10.1,13.8,0.00,0.00,0.00
2025-01-01T07:00,4.0,81,6,6.2,220,5.7,9.9,13.8,0.00,0.00,0.00
2025-01-01T08:00,5.6,77,42,7.5,219,5.8,9.7,13.8,0.00,0.00,0.02
2025-01-01T09:00,9.0,72,100,9.4,228,7.0,9.6,13.8,0.00,0.00,0.07
2025-01-01T10:00,11.9,65,79,7.7,239,8.7,9.6,13.8,0.00,0.00,0.14
2025-01-01T11:00,13.7,59,1,4.0,265,10.6,9.7,13.8,0.00,0.00,0.21
2025-01-01T12:00,14.8,56,1,6.1,27,12.3,9.9,13.8,0.00,0.00,0.26
2025-01-01T13:00,15.3,56,10,11.3,47,13.1,10.4,13.8,0.00,0.00,0.27
2025-01-01T14:00,15.0,57,75,13.1,43,13.7,10.6,13.8,0.00,0.00,0.23
2025-01-01T15:00,14.7,58,100,13.0,43,13.9,10.9,13.7,0.00,0.00,0.19
2025-01-01T16:00,13.5,66,100,11.8,39,13.6,11.1,13.7,0.00,0.00,0.10
2025-01-01T17:00,12.1,77,63,7.8,14,12.9,11.3,13.7,0.00,0.00,0.04
2025-01-01T18:00,10.6,88,63,2.1,5,11.9,11.4,13.7,0.00,0.00,0.01
2025-01-01T19:00,10.2,87,67,0.6,350,11.0,11.5,13.7,0.10,0.10,0.00
2025-01-01T20:00,9.9,86,71,1.1,50,10.5,11.5,13.7,0.20,0.20,0.00
2025-01-01T21:00,9.8,89,44,3.5,240,10.2,11.4,13.7,0.10,0.10,0.00
2025-01-01T22:00,8.7,90,34,3.7,232,9.6,11.4,13.7,0.10,0.10,0.00
2025-01-01T23:00,8.4,91,40,5.5,238,9.0,11.3,13.7,0.00,0.00,0.00
2025-01-02T00:00,8.1,93,22,6.4,234,8.7,11.2,13.7,0.00,0.00,0.00
2025-01-02T01:00,7.3,96,22,6.7,222,9.0,11.2,13.7,0.00,0.00,0.00
2025-01-02T02:00,6.8,96,54,7.1,223,8.4,11.1,13.7,0.00,0.00,0.00
2025-01-02T03:00,6.2,96,75,6.6,226,7.9,10.9,13.7,0.00,0.00,0.00
2025-01-02T04:00,5.7,98,91,7.7,231,7.5,10.8,13.7,0.00,0.00,0.00
2025-01-02T05:00,5.3,100,100,8.7,222,7.3,10.6,13.7,0.00,0.00,0.00
2025-01-02T06:00,5.2,100,99,9.0,219,7.2,10.5,13.7,0.00,0.00,0.00
2025-01-02T07:00,5.4,100,97,9.4,223,7.1,10.4,13.7,0.00,0.00,0.00
2025-01-02T08:00,6.0,97,24,9.4,225,7.1,10.2,13.7,0.00,0.00,0.01
2025-01-02T09:00,8.5,91,29,9.6,232,7.9,10.1,13.7,0.00,0.00,0.04
2025-01-02T10:00,11.0,87,26,9.6,233,9.4,10.1,13.7,0.00,0.00,0.11
2025-01-02T11:00,13.4,74,3,10.6,256,11.0,10.2,13.7,0.00,0.00,0.19
2025-01-02T12:00,14.8,63,4,6.8,270,12.6,10.4,13.7,0.00,0.00,0.26
2025-01-02T13:00,15.9,59,1,3.7,299,14.5,10.7,13.6,0.00,0.00,0.26
2025-01-02T14:00,16.4,56,2,4.4,335,15.2,11.0,13.6,0.00,0.00,0.26
2025-01-02T15:00,16.2,55,1,5.8,1,15.4,11.3,13.6,0.00,0.00,0.20
2025-01-02T16:00,15.3,63,0,6.9,27,15.0,11.6,13.6,0.00,0.00,0.12
2025-01-02T17:00,12.2,78,0,6.3,52,13.9,11.8,13.6,0.00,0.00,0.03
2025-01-02T18:00,10.5,84,0,4.7,67,12.4,11.9,13.6,0.00,0.00,0.02
2025-01-02T19:00,10.0,83,0,3.1,91,11.2,11.9,13.6,0.00,0.00,0.00
2025-01-02T20:00,9.1,85,0,2.0,113,10.3,11.9,13.6,0.00,0.00,0.00
2025-01-02T21:00,8.4,86,0,1.2,50,9.5,11.8,13.6,0.00,0.00,0.00
2025-01-02T22:00,8.1,87,0,1.9,27,8.9,11.7,13.6,0.00,0.00,0.00
2025-01-02T23:00,7.5,87,0,2.8,184,8.5,11.5,13.6,0.00,0.00,0.00
2025-01-03T00:00,6.9,88,0,4.0,222,8.1,11.4,13.6,0.00,0.00,0.00
2025-01-03T01:00,6.4,89,0,5.1,234,7.8,11.3,13.6,0.00,0.00,0.00
2025-01-03T02:00,6.0,90,0,5.6,229,7.5,11.2,13.6,0.00,0.00,0.00
2025-01-03T03:00,5.8,90,0,5.6,226,7.4,11.0,13.6,0.00,0.00,0.00
2025-01-03T04:00,5.9,87,0,6.3,219,7.2,10.8,13.6,0.00,0.00,0.00
2025-01-03T05:00,5.7,86,0,6.2,221,7.0,10.6,13.6,0.00,0.00,0.00
2025-01-03T06:00,5.5,85,0,6.7,231,6.9,10.5,13.6,0.00,0.00,0.00
2025-01-03T07:00,5.6,83,0,7.7,237,6.7,10.3,13.6,0.00,0.00,0.00
2025-01-03T08:00,6.9,77,0,8.0,241,6.8,10.2,13.6,0.00,0.00,0.02
2025-01-03T09:00,10.7,67,0,10.0,244,7.9,10.1,13.6,0.00,0.00,0.08
2025-01-03T10:00,13.7,58,4,10.5,252,9.6,10.1,13.6,0.00,0.00,0.17
2025-01-03T11:00,15.9,49,0,11.6,258,11.4,10.2,13.6,0.00,0.00,0.26
2025-01-03T12:00,17.3,44,13,11.2,260,13.0,10.4,13.6,0.00,0.00,0.31
2025-01-03T13:00,18.6,40,7,11.0,256,14.4,10.7,13.6,0.00,0.00,0.33
2025-01-03T14:00,19.1,36,2,11.1,255,15.2,11.0,13.6,0.00,0.00,0.32
2025-01-03T15:00,19.3,37,5,8.7,265,15.5,11.3,13.6,0.00,0.00,0.25
2025-01-03T16:00,17.5,52,7,4.3,294,15.2,11.6,13.6,0.00,0.00,0.13
2025-01-03T17:00,14.7,51,6,0.9,309,13.9,11.8,13.6,0.00,0.00,0.02
2025-01-03T18:00,12.7,58,0,0.6,180,12.3,11.9,13.6,0.00,0.00,0.02
2025-01-03T19:00,11.5,55,0,2.4,202,11.1,11.9,13.6,0.00,0.00,0.00
2025-01-03T20:00,9.9,55,65,5.8,222,10.1,11.9,13.6,0.00,0.00,0.02
2025-01-03T21:00,9.2,57,64,6.6,227,9.5,11.8,13.6,0.00,0.00,0.02
2025-01-03T22:00,9.0,58,76,6.6,230,9.1,11.7,13.6,0.00,0.00,0.02
2025-01-03T23:00,8.8,58,16,6.2,221,8.7,11.5,13.6,0.00,0.00,0.02
2025-01-04T00:00,9.1,56,29,4.7,225,8.2,11.4,13.6,0.00,0.00,0.01
2025-01-04T01:00,8.2,57,100,7.2,223,7.8,11.3,13.6,0.00,0.00,0.02
2025-01-04T02:00,7.4,58,100,7.9,221,7.7,11.1,13.6,0.00,0.00,0.02
2025-01-04T03:00,6.8,61,97,8.4,221,7.6,10.9,13.6,0.00,0.00,0.02
2025-01-04T04:00,7.0,61,81,9.2,225,7.6,10.8,13.6,0.00,0.00,0.03
2025-01-04T05:00,6.6,63,7,9.3,224,7.5,10.6,13.6,0.00,0.00,0.02
2025-01-04T06:00,6.5,63,12,10.1,226,7.3,10.5,13.6,0.00,0.00,0.03
2025-01-04T07:00,6.6,62,31,10.5,227,7.2,10.4,13.6,0.00,0.00,0.03
2025-01-04T08:00,7.6,61,47,10.8,228,7.3,10.2,13.5,0.00,0.00,0.04
2025-01-04T09:00,11.8,56,97,10.9,233,8.3,10.1,13.5,0.00,0.00,0.10
2025-01-04T10:00,15.4,48,97,10.6,243,10.0,10.2,13.5,0.00,0.00,0.18
2025-01-04T11:00,17.6,38,58,11.5,263,11.8,10.3,13.5,0.00,0.00,0.28
2025-01-04T12:00,19.1,33,91,11.7,265,13.4,10.5,13.5,0.00,0.00,0.34
2025-01-04T13:00,20.1,31,90,8.8,267,14.6,10.8,13.5,0.00,0.00,0.35
2025-01-04T14:00,20.5,30,99,7.7,286,15.5,11.1,13.5,0.00,0.00,0.32
2025-01-04T15:00,19.5,34,99,8.1,341,15.8,11.4,13.5,0.00,0.00,0.24
2025-01-04T16:00,16.7,49,98,8.0,24,15.3,11.7,13.5,0.00,0.00,0.14
2025-01-04T17:00,12.8,67,84,4.6,57,14.0,11.9,13.5,0.00,0.00,0.04
2025-01-04T18:00,10.9,70,100,5.1,78,12.4,12.0,13.5,0.00,0.00,0.02
2025-01-04T19:00,10.0,68,17,4.4,102,11.2,12.0,13.5,0.00,0.00,0.00
2025-01-04T20:00,9.4,67,11,2.7,123,10.2,12.0,13.5,0.00,0.00,0.00
2025-01-04T21:00,9.1,67,97,1.6,120,9.4,11.9,13.5,0.00,0.00,0.00
2025-01-04T22:00,9.0,67,95,1.5,132,8.8,11.7,13.5,0.00,0.00,0.00
2025-01-04T23:00,8.8,68,99,2.6,151,8.4,11.6,13.5,0.00,0.00,0.00
2025-01-05T00:00,8.2,70,100,4.2,187,8.0,11.4,13.5,0.00,0.00,0.00
2025-01-05T01:00,7.6,65,100,5.3,201,7.2,11.3,13.5,0.00,0.00,0.01
2025-01-05T02:00,7.4,60,100,5.5,216,7.2,11.1,13.5,0.00,0.00,0.01
2025-01-05T03:00,7.3,54,100,5.9,223,7.2,10.9,13.5,0.00,0.00,0.02
2025-01-05T04:00,6.9,50,100,6.2,235,7.1,10.7,13.5,0.00,0.00,0.02
2025-01-05T05:00,6.9,49,100,6.6,243,7.0,10.5,13.5,0.00,0.00,0.02
2025-01-05T06:00,7.2,50,100,6.6,248,7.0,10.4,13.5,0.00,0.00,0.03
2025-01-05T07:00,7.1,52,100,6.6,252,7.0,10.2,13.5,0.00,0.00,0.02
2025-01-05T08:00,7.7,57,100,6.1,247,7.1,10.1,13.5,0.00,0.00,0.04
2025-01-05T09:00,11.0,54,100,7.1,248,8.0,10.0,13.5,0.00,0.00,0.08
2025-01-05T10:00,14.0,46,100,8.2,254,9.5,10.0,13.5,0.00,0.00,0.16
2025-01-05T11:00,16.1,41,100,6.4,278,11.1,10.1,13.5,0.00,0.00,0.21
2025-01-05T12:00,16.9,40,100,6.8,285,12.2,10.3,13.5,0.00,0.00,0.21
2025-01-05T13:00,17.6,39,100,5.9,295,13.1,10.7,13.5,0.00,0.00,0.21
2025-01-05T14:00,18.8,36,100,4.5,320,14.3,10.9,13.5,0.00,0.00,0.26
2025-01-05T15:00,18.5,42,100,2.8,322,14.7,11.2,13.5,0.00,0.00,0.17
2025-01-05T16:00,17.2,59,99,2.8,40,14.6,11.4,13.5,0.00,0.00,0.10
2025-01-05T17:00,14.1,61,96,3.4,77,13.6,11.6,13.5,0.00,0.00,0.04
2025-01-05T18:00,12.2,66,75,1.1,175,12.1,11.7,13.5,0.00,0.00,0.01
2025-01-05T19:00,10.1,60,77,4.1,200,10.9,11.8,13.5,0.00,0.00,0.01
2025-01-05T20:00,9.6,47,9,8.7,209,10.1,11.7,13.5,0.00,0.00,0.04
2025-01-05T21:00,11.2,40,18,10.8,211,9.8,11.6,13.5,0.00,0.00,0.06
2025-01-05T22:00,11.2,42,90,10.4,212,9.6,11.6,13.5,0.00,0.00,0.06
2025-01-05T23:00,11.1,45,30,9.9,215,9.4,11.5,13.5,0.00,0.00,0.05
2025-01-06T00:00,12.4,43,19,12.4,213,9.4,11.4,13.5,0.00,0.00,0.07
2025-01-06T01:00,10.4,50,10,9.4,203,9.6,11.5,13.5,0.00,0.00,0.04
2025-01-06T02:00,12.0,46,59,11.4,211,9.5,11.4,13.5,0.00,0.00,0.06
2025-01-06T03:00,14.0,42,100,12.4,212,9.9,11.3,13.5,0.00,0.00,0.08
2025-01-06T04:00,15.3,36,63,14.9,213,10.5,11.3,13.5,0.00,0.00,0.11
2025-01-06T05:00,14.0,37,94,12.2,213,10.6,11.3,13.5,0.00,0.00,0.08
2025-01-06T06:00,13.8,35,97,13.9,221,10.6,11.3,13.5,0.00,0.00,0.10
2025-01-06T07:00,13.9,33,100,15.2,226,10.7,11.3,13.5,0.00,0.00,0.11
2025-01-06T08:00,13.5,36,100,20.3,230,10.9,11.3,13.5,0.00,0.00,0.14
2025-01-06T09:00,14.1,44,91,29.0,227,11.3,11.3,13.5,0.00,0.00,0.17
2025-01-06T10:00,15.6,49,99,23.8,226,12.0,11.4,13.5,0.20,0.20,0.20
2025-01-06T11:00,17.3,44,75,29.7,224,13.1,11.5,13.5,0.00,0.00,0.28
2025-01-06T12:00,18.2,44,92,30.3,223,14.3,11.7,13.5,0.00,0.00,0.34
2025-01-06T13:00,17.2,50,99,28.6,226,13.8,12.1,13.5,0.00,0.00,0.26
2025-01-06T14:00,17.7,50,94,27.1,230,14.5,12.2,13.5,0.00,0.00,0.26
2025-01-06T15:00,18.0,50,96,25.5,236,14.8,12.4,13.5,0.00,0.00,0.23
2025-01-06T16:00,14.6,67,82,14.4,264,14.6,12.6,13.5,0.90,0.90,0.11
2025-01-06T17:00,12.1,81,52,3.3,265,13.7,12.7,13.5,0.00,0.00,0.03
2025-01-06T18:00,11.1,86,2,9.7,188,12.6,12.7,13.5,0.00,0.00,0.02
2025-01-06T19:00,10.5,87,21,7.3,227,11.7,12.7,13.5,0.00,0.00,0.00
2025-01-06T20:00,11.1,80,8,9.6,222,11.2,12.6,13.5,0.00,0.00,0.01
2025-01-06T21:00,10.8,80,10,10.8,217,10.8,12.6,13.5,0.00,0.00,0.01
2025-01-06T22:00,10.6,80,13,10.8,221,10.5,12.4,13.5,0.00,0.00,0.01
2025-01-06T23:00,10.5,82,4,11.9,222,10.3,12.3,13.5,0.00,0.00,0.01
2025-01-07T00:00,10.3,84,10,12.9,220,10.2,12.2,13.5,0.00,0.00,0.01
2025-01-07T01:00,10.8,82,5,10.6,225,11.5,12.5,13.6,0.00,0.00,0.01
2025-01-07T02:00,10.5,82,15,8.6,229,11.0,12.5,13.6,0.00,0.00,0.00
2025-01-07T03:00,10.4,79,29,8.3,226,10.5,12.4,13.6,0.10,0.10,0.01
2025-01-07T04:00,10.3,81,22,8.5,227,10.3,12.3,13.6,0.00,0.00,0.00
2025-01-07T05:00,10.2,81,21,8.6,235,10.1,12.2,13.6,0.00,0.00,0.00
2025-01-07T06:00,10.0,81,17,9.3,235,10.0,12.1,13.6,0.00,0.00,0.01
2025-01-07T07:00,9.5,83,18,9.4,231,9.7,11.9,13.6,0.00,0.00,0.00
2025-01-07T08:00,10.0,82,6,10.4,231,9.7,11.8,13.6,0.00,0.00,0.02
2025-01-07T09:00,12.5,76,9,11.6,225,10.5,11.8,13.6,0.00,0.00,0.07
2025-01-07T10:00,14.7,65,18,11.3,228,11.9,11.8,13.6,0.00,0.00,0.16
2025-01-07T11:00,15.8,61,34,14.7,261,13.2,11.9,13.6,0.00,0.00,0.22
2025-01-07T12:00,16.6,56,50,14.8,256,14.2,12.0,13.6,0.00,0.00,0.26
2025-01-07T13:00,17.7,49,36,12.0,249,15.5,12.3,13.6,0.00,0.00,0.29
2025-01-07T14:00,18.0,45,23,11.3,251,16.1,12.5,13.6,0.00,0.00,0.28
2025-01-07T15:00,18.0,44,6,10.7,257,16.2,12.8,13.6,0.00,0.00,0.24
2025-01-07T16:00,17.2,51,1,4.9,275,15.9,13.0,13.6,0.00,0.00,0.14
2025-01-07T17:00,13.9,63,0,3.6,350,14.7,13.2,13.6,0.00,0.00,0.04
2025-01-07T18:00,11.3,80,37,5.0,36,13.2,13.2,13.6,0.00,0.00,0.02
2025-01-07T19:00,10.6,83,87,6.4,90,12.2,13.2,13.6,0.00,0.00,0.00
2025-01-07T20:00,9.6,84,99,4.6,88,11.4,13.1,13.6,0.00,0.00,0.00
2025-01-07T21:00,9.6,81,100,1.5,73,10.7,13.0,13.7,0.00,0.00,0.00
2025-01-07T22:00,9.3,81,83,0.2,49,10.1,12.8,13.7,0.00,0.00,0.00
2025-01-07T23:00,8.6,81,3,1.1,49,9.5,12.7,13.7,0.00,0.00,0.00
2025-01-08T00:00,8.1,81,1,1.3,14,9.0,12.5,13.7,0.00,0.00,0.00
2025-01-08T01:00,7.8,83,2,2.1,297,8.6,12.4,13.7,0.00,0.00,0.00
2025-01-08T02:00,6.7,84,42,3.2,254,8.3,12.1,13.7,0.00,0.00,0.00
2025-01-08T03:00,6.0,83,77,3.6,246,7.9,11.9,13.7,0.00,0.00,0.00
2025-01-08T04:00,5.6,81,97,4.9,239,7.7,11.7,13.7,0.00,0.00,0.00
2025-01-08T05:00,5.7,78,40,5.9,246,7.4,11.5,13.7,0.00,0.00,0.00
2025-01-08T06:00,5.8,75,28,6.0,252,7.2,11.3,13.7,0.00,0.00,0.00
2025-01-08T07:00,5.6,73,54,6.1,244,7.0,11.1,13.7,0.00,0.00,0.00
2025-01-08T08:00,7.0,70,63,5.1,241,7.0,10.8,13.7,0.00,0.00,0.02
2025-01-08T09:00,11.1,66,93,5.8,253,8.3,10.7,13.7,0.00,0.00,0.07
2025-01-08T10:00,14.7,56,59,5.4,256,10.2,10.7,13.7,0.00,0.00,0.17
2025-01-08T11:00,17.9,47,16,6.5,281,12.2,10.8,13.6,0.00,0.00,0.26
2025-01-08T12:00,20.5,39,75,8.7,272,14.1,11.0,13.6,0.00,0.00,0.34
2025-01-08T13:00,22.0,31,100,9.8,277,15.2,11.3,13.6,0.00,0.00,0.37
2025-01-08T14:00,19.7,44,100,14.9,314,15.9,11.6,13.6,0.00,0.00,0.32
2025-01-08T15:00,18.5,54,86,3.3,331,16.2,11.9,13.6,0.00,0.00,0.21
2025-01-08T16:00,18.0,66,0,1.8,107,16.0,12.2,13.6,0.00,0.00,0.13
2025-01-08T17:00,14.7,72,0,3.4,20,14.8,12.5,13.6,0.00,0.00,0.04
2025-01-08T18:00,13.4,74,0,1.3,4,13.2,12.6,13.6,0.00,0.00,0.02
2025-01-08T19:00,12.6,80,0,1.4,339,12.0,12.6,13.7,0.00,0.00,0.00
2025-01-08T20:00,11.5,78,33,2.9,210,11.0,12.5,13.7,0.00,0.00,0.00
2025-01-08T21:00,10.7,67,12,4.3,238,10.3,12.4,13.7,0.00,0.00,0.00
2025-01-08T22:00,10.3,68,0,0.9,274,9.6,12.3,13.7,0.00,0.00,0.00
2025-01-08T23:00,9.7,67,0,2.2,242,9.0,12.1,13.7,0.00,0.00,0.00
2025-01-09T00:00,8.9,74,0,5.5,231,8.6,12.0,13.7,0.00,0.00,0.00
2025-01-09T01:00,9.8,71,0,8.2,231,9.0,12.0,13.7,0.00,0.00,0.01
2025-01-09T02:00,9.9,68,7,2.0,252,8.5,11.8,13.7,0.00,0.00,0.00
2025-01-09T03:00,9.6,69,0,1.6,241,8.2,11.7,13.7,0.00,0.00,0.00
2025-01-09T04:00,8.8,73,12,7.8,226,7.9,11.5,13.7,0.00,0.00,0.01
2025-01-09T05:00,10.3,69,22,10.2,222,8.1,11.3,13.7,0.00,0.00,0.02
2025-01-09T06:00,11.0,66,35,10.2,222,8.4,11.1,13.7,0.00,0.00,0.03
2025-01-09T07:00,11.5,63,87,10.9,219,8.7,11.0,13.7,0.00,0.00,0.03
2025-01-09T08:00,12.3,61,16,10.6,219,9.1,10.9,13.7,0.00,0.00,0.05
2025-01-09T09:00,15.8,54,4,11.6,223,10.2,10.9,13.7,0.00,0.00,0.12
2025-01-09T10:00,18.7,47,11,12.1,234,12.0,11.0,13.7,0.00,0.00,0.21
2025-01-09T11:00,20.5,42,11,12.6,249,13.7,11.2,13.6,0.00,0.00,0.30
2025-01-09T12:00,21.7,39,5,11.8,258,15.2,11.4,13.6,0.00,0.00,0.35
2025-01-09T13:00,23.0,34,9,11.5,258,16.5,11.8,13.6,0.00,0.00,0.38
2025-01-09T14:00,23.4,34,10,8.9,276,17.3,12.1,13.6,0.00,0.00,0.34
2025-01-09T15:00,22.6,39,8,7.7,319,17.7,12.5,13.6,0.00,0.00,0.27
2025-01-09T16:00,20.1,53,6,4.1,5,17.4,12.8,13.7,0.00,0.00,0.14
2025-01-09T17:00,16.7,61,4,2.8,63,16.2,13.1,13.7,0.00,0.00,0.04
2025-01-09T18:00,14.2,68,2,5.1,121,14.6,13.2,13.7,0.00,0.00,0.04
2025-01-09T19:00,13.5,68,2,3.7,158,13.4,13.3,13.7,0.00,0.00,0.00
2025-01-09T20:00,13.1,66,0,4.0,190,12.5,13.3,13.7,0.00,0.00,0.00
2025-01-09T21:00,12.9,64,0,4.7,189,11.9,13.2,13.7,0.00,0.00,0.01
2025-01-09T22:00,12.6,63,0,5.4,196,11.4,13.1,13.7,0.00,0.00,0.01
2025-01-09T23:00,12.1,68,5,6.6,202,11.1,13.0,13.7,0.00,0.00,0.01
2025-01-10T00:00,12.0,78,6,6.9,201,11.0,12.9,13.7,0.00,0.00,0.00
2025-01-10T01:00,11.8,78,0,6.4,200,11.3,13.0,13.7,0.00,0.00,0.00
2025-01-10T02:00,11.4,85,0,5.6,201,11.0,12.9,13.7,0.00,0.00,0.00
2025-01-10T03:00,11.3,85,0,4.8,211,10.7,12.8,13.7,0.00,0.00,0.00
2025-01-10T04:00,11.0,86,1,6.8,223,10.5,12.6,13.7,0.00,0.00,0.00
2025-01-10T05:00,10.8,86,0,7.4,227,10.4,12.5,13.7,0.00,0.00,0.00
2025-01-10T06:00,10.6,86,4,7.4,234,10.3,12.4,13.7,0.00,0.00,0.00
2025-01-10T07:00,10.5,84,12,8.2,238,10.1,12.3,13.7,0.00,0.00,0.00
2025-01-10T08:00,11.2,80,2,9.1,237,10.2,12.2,13.7,0.00,0.00,0.02
2025-01-10T09:00,14.5,68,1,10.1,236,11.2,12.1,13.8,0.00,0.00,0.09
2025-01-10T10:00,17.6,58,1,7.6,242,12.8,12.2,13.8,0.00,0.00,0.18
2025-01-10T11:00,19.9,49,0,7.7,271,14.6,12.3,13.8,0.00,0.00,0.28
2025-01-10T12:00,21.3,44,0,8.0,274,16.1,12.5,13.8,0.00,0.00,0.34
2025-01-10T13:00,22.4,40,0,7.8,277,17.3,12.6,13.8,0.00,0.00,0.36
2025-01-10T14:00,22.9,38,0,7.5,288,18.1,13.0,13.8,0.00,0.00,0.34
2025-01-10T15:00,22.4,41,0,7.3,332,18.4,13.3,13.8,0.00,0.00,0.27
2025-01-10T16:00,19.7,57,0,8.6,18,18.0,13.6,13.8,0.00,0.00,0.16
2025-01-10T17:00,15.7,79,0,4.9,58,16.8,13.8,13.8,0.00,0.00,0.04
2025-01-10T18:00,13.8,85,0,6.0,103,15.3,14.0,13.8,0.00,0.00,0.02
2025-01-10T19:00,12.5,84,0,4.9,145,14.2,14.0,13.8,0.00,0.00,0.00
2025-01-10T20:00,12.0,81,0,4.5,184,13.2,14.0,13.8,0.00,0.00,0.00
2025-01-10T21:00,11.9,78,0,5.1,199,12.4,13.9,13.8,0.00,0.00,0.00
2025-01-10T22:00,12.1,76,0,4.6,206,11.8,13.8,13.8,0.00,0.00,0.00
2025-01-10T23:00,12.2,74,0,4.2,209,11.3,13.7,13.8,0.00,0.00,0.00
2025-01-11T00:00,12.1,74,0,4.0,215,10.9,13.5,13.9,0.00,0.00,0.00
2025-01-11T01:00,10.8,79,0,6.3,243,10.4,13.5,13.9,0.00,0.00,0.00
2025-01-11T02:00,11.2,76,0,9.0,235,10.3,13.3,13.9,0.00,0.00,0.01
2025-01-11T03:00,10.9,76,0,8.8,222,10.4,13.1,13.9,0.00,0.00,0.01
2025-01-11T04:00,10.4,84,0,8.6,233,10.3,13.0,13.9,0.00,0.00,0.00
2025-01-11T05:00,10.6,89,1,9.8,236,10.3,12.8,13.9,0.00,0.00,0.00
2025-01-11T06:00,11.2,89,0,9.6,215,10.5,12.7,13.9,0.00,0.00,0.00
2025-01-11T07:00,10.5,91,0,7.2,216,10.4,12.6,13.9,0.00,0.00,0.00
2025-01-11T08:00,11.4,89,6,11.1,229,10.5,12.5,13.9,0.00,0.00,0.02
2025-01-11T09:00,15.3,75,94,12.3,212,11.6,12.4,13.9,0.00,0.00,0.09
2025-01-11T10:00,18.4,62,100,10.3,219,13.3,12.5,13.9,0.00,0.00,0.19
2025-01-11T11:00,20.1,55,100,11.7,241,14.9,12.6,13.9,0.00,0.00,0.27
2025-01-11T12:00,20.8,51,100,12.3,259,16.1,12.8,13.9,0.00,0.00,0.28
2025-01-11T13:00,21.3,52,28,15.3,281,17.1,13.1,13.9,0.00,0.00,0.31
2025-01-11T14:00,21.7,52,7,14.9,277,17.9,13.4,13.9,0.00,0.00,0.32
2025-01-11T15:00,21.1,56,0,14.5,277,18.2,13.7,13.9,0.00,0.00,0.27
2025-01-11T16:00,20.2,60,6,9.3,284,18.0,14.0,13.9,0.00,0.00,0.17
2025-01-11T17:00,17.6,68,3,4.0,293,17.0,14.2,14.0,0.00,0.00,0.05
2025-01-11T18:00,16.1,72,10,3.2,250,15.5,14.3,14.0,0.00,0.00,0.03
2025-01-11T19:00,15.8,75,21,8.6,221,14.6,14.3,14.0,0.00,0.00,0.02
2025-01-11T20:00,14.6,83,15,6.8,216,14.1,14.3,14.0,0.00,0.00,0.00
2025-01-11T21:00,13.4,85,23,4.9,193,13.5,14.3,14.0,0.00,0.00,0.00
2025-01-11T22:00,12.8,87,34,5.0,175,12.9,14.2,14.0,0.00,0.00,0.00
2025-01-11T23:00,12.4,88,17,3.1,180,12.4,14.1,14.0,0.00,0.00,0.00
2025-01-12T00:00,12.4,87,18,1.0,180,11.8,14.0,14.0,0.00,0.00,0.00
2025-01-12T01:00,12.0,85,70,4.4,246,11.6,13.9,14.0,0.00,0.00,0.00
2025-01-12T02:00,11.5,87,98,6.0,234,11.3,13.7,14.1,0.00,0.00,0.00
2025-01-12T03:00,11.0,87,81,6.1,239,11.0,13.6,14.1,0.00,0.00,0.00
2025-01-12T04:00,11.6,85,78,7.7,227,11.0,13.4,14.1,0.00,0.00,0.00
2025-01-12T05:00,11.7,85,8,7.5,211,11.1,13.3,14.1,0.00,0.00,0.00
2025-01-12T06:00,10.9,86,2,6.5,208,10.9,13.2,14.1,0.00,0.00,0.00
2025-01-12T07:00,10.2,87,14,4.3,192,10.5,13.1,14.1,0.00,0.00,0.00
2025-01-12T08:00,10.9,90,12,4.2,190,10.5,12.9,14.1,0.00,0.00,0.01
2025-01-12T09:00,13.7,83,6,6.1,233,11.6,12.8,14.1,0.00,0.00,0.07
2025-01-12T10:00,16.0,77,31,2.8,256,13.2,12.8,14.1,0.00,0.00,0.16
2025-01-12T11:00,17.4,73,62,2.1,151,14.9,12.9,14.1,0.00,0.00,0.22
2025-01-12T12:00,18.5,67,36,2.6,257,16.4,13.1,14.1,0.00,0.00,0.26
2025-01-12T13:00,20.0,57,41,9.7,273,17.4,13.4,14.1,0.00,0.00,0.29
2025-01-12T14:00,20.4,54,84,9.6,287,18.0,13.7,14.1,0.00,0.00,0.29
2025-01-12T15:00,18.8,66,0,14.8,353,17.8,14.0,14.1,0.00,0.00,0.17
2025-01-12T16:00,17.5,76,2,9.9,356,17.5,14.2,14.1,0.00,0.00,0.13
2025-01-12T17:00,15.1,88,5,4.8,11,16.5,14.4,14.1,0.00,0.00,0.04
2025-01-12T18:00,13.3,96,99,12.9,34,15.4,14.4,14.1,0.40,0.40,0.01
2025-01-12T19:00,13.7,94,33,2.8,57,14.7,14.5,14.2,0.10,0.10,0.00
2025-01-12T20:00,12.2,93,30,3.6,88,13.5,14.4,14.2,0.00,0.00,0.00
2025-01-12T21:00,12.1,85,43,4.8,85,12.8,14.3,14.2,0.00,0.00,0.00
2025-01-12T22:00,12.5,76,76,6.8,88,12.5,14.2,14.2,0.00,0.00,0.01
2025-01-12T23:00,12.0,71,44,4.4,122,12.2,14.1,14.2,0.00,0.00,0.00
2025-01-13T00:00,11.1,72,89,2.6,121,11.8,14.0,14.2,0.00,0.00,0.00
2025-01-13T01:00,11.7,66,56,2.1,110,12.2,14.1,14.2,0.00,0.00,0.00
2025-01-13T02:00,10.3,64,4,0.2,56,11.1,14.0,14.2,0.00,0.00,0.00
2025-01-13T03:00,9.9,64,6,1.8,26,10.2,13.8,14.2,0.00,0.00,0.00
2025-01-13T04:00,9.9,68,11,2.1,54,9.4,13.6,14.2,0.00,0.00,0.00
2025-01-13T05:00,9.6,66,6,3.6,62,8.9,13.3,14.2,0.00,0.00,0.00
2025-01-13T06:00,8.9,66,7,4.6,72,8.4,13.1,14.2,0.00,0.00,0.00
2025-01-13T07:00,8.1,67,4,4.2,100,8.0,12.8,14.2,0.00,0.00,0.00
2025-01-13T08:00,7.9,73,5,3.8,120,7.9,12.5,14.2,0.00,0.00,0.01
2025-01-13T09:00,11.3,72,28,4.0,115,9.1,12.3,14.2,0.00,0.00,0.07
2025-01-13T10:00,14.0,56,23,4.2,63,11.0,12.2,14.2,0.00,0.00,0.15
2025-01-13T11:00,14.9,49,6,10.9,53,12.5,12.3,14.2,0.00,0.00,0.23
2025-01-13T12:00,15.3,43,7,13.2,49,13.9,12.4,14.2,0.00,0.00,0.30
2025-01-13T13:00,15.7,44,10,12.0,43,15.1,12.4,14.2,0.00,0.00,0.30
2025-01-13T14:00,15.5,43,3,13.6,41,15.6,12.6,14.2,0.00,0.00,0.29
2025-01-13T15:00,14.9,46,1,14.8,42,15.7,12.8,14.2,0.00,0.00,0.24
2025-01-13T16:00,13.7,52,0,14.0,45,15.2,13.0,14.2,0.00,0.00,0.16
2025-01-13T17:00,11.9,61,0,9.3,46,14.2,13.1,14.2,0.00,0.00,0.06
2025-01-13T18:00,9.7,71,0,7.5,55,12.8,13.2,14.2,0.00,0.00,0.03
2025-01-13T19:00,8.5,76,0,6.7,67,11.5,13.1,14.2,0.00,0.00,0.00
2025-01-13T20:00,8.0,77,0,6.1,82,10.5,13.0,14.2,0.00,0.00,0.00
2025-01-13T21:00,7.3,79,8,5.4,102,9.7,12.8,14.2,0.00,0.00,0.00
2025-01-13T22:00,6.8,81,26,4.9,118,9.1,12.7,14.2,0.00,0.00,0.00
2025-01-13T23:00,6.4,82,11,4.2,124,8.8,12.5,14.2,0.00,0.00,0.00
2025-01-14T00:00,5.6,82,1,2.8,125,8.3,12.3,14.2,0.00,0.00,0.00
2025-01-14T01:00,4.9,81,0,2.2,103,7.9,12.2,14.2,0.00,0.00,0.00
2025-01-14T02:00,4.4,81,0,2.0,82,7.5,12.0,14.2,0.00,0.00,0.00
2025-01-14T03:00,4.3,79,2,1.1,51,7.1,11.7,14.2,0.00,0.00,0.00
2025-01-14T04:00,4.3,78,13,2.1,88,6.8,11.5,14.2,0.00,0.00,0.00
2025-01-14T05:00,4.1,77,24,1.9,87,6.4,11.3,14.2,0.00,0.00,0.00
2025-01-14T06:00,4.2,77,18,2.1,92,6.3,11.1,14.2,0.00,0.00,0.00
2025-01-14T07:00,4.2,76,7,1.1,70,6.0,10.8,14.2,0.00,0.00,0.00
2025-01-14T08:00,4.9,77,23,1.5,80,6.0,10.6,14.2,0.00,0.00,0.01
2025-01-14T09:00,8.9,67,18,1.5,65,7.3,10.5,14.2,0.00,0.00,0.06
2025-01-14T10:00,11.6,56,4,6.3,51,9.1,10.4,14.2,0.00,0.00,0.16
2025-01-14T11:00,13.2,48,1,11.8,63,10.9,10.5,14.1,0.00,0.00,0.24
2025-01-14T12:00,13.8,45,16,14.4,56,12.3,10.6,14.1,0.00,0.00,0.29
2025-01-14T13:00,13.9,46,28,16.7,46,13.2,10.8,14.1,0.00,0.00,0.29
2025-01-14T14:00,13.0,52,17,20.5,52,13.6,11.0,14.1,0.00,0.00,0.24
2025-01-14T15:00,12.5,54,40,20.5,53,13.6,11.2,14.1,0.00,0.00,0.21
2025-01-14T16:00,11.8,57,38,19.5,58,13.1,11.4,14.1,0.00,0.00,0.14
2025-01-14T17:00,11.0,61,43,16.7,61,12.4,11.5,14.1,0.00,0.00,0.08
2025-01-14T18:00,9.7,70,21,8.8,69,11.5,11.6,14.1,0.00,0.00,0.04
2025-01-14T19:00,7.9,80,48,5.9,62,10.5,11.6,14.1,0.00,0.00,0.00
2025-01-14T20:00,8.2,81,43,1.5,59,9.7,11.5,14.1,0.00,0.00,0.00
2025-01-14T21:00,7.8,83,31,0.7,53,9.0,11.5,14.1,0.00,0.00,0.00
2025-01-14T22:00,6.9,85,52,2.3,103,8.4,11.4,14.1,0.00,0.00,0.00
2025-01-14T23:00,6.8,87,24,3.1,281,8.2,11.2,14.1,0.10,0.10,0.00
2025-01-15T00:00,5.7,92,51,3.0,302,7.8,11.1,14.0,0.10,0.10,0.00
2025-01-15T01:00,7.8,88,51,2.7,151,8.9,11.2,14.0,0.20,0.20,0.00
2025-01-15T02:00,6.8,87,10,3.4,219,8.1,11.1,14.0,0.50,0.50,0.00
2025-01-15T03:00,5.8,93,96,3.1,283,7.4,10.9,14.0,0.10,0.10,0.00
2025-01-15T04:00,6.3,96,27,6.8,213,7.4,10.8,14.0,0.20,0.20,0.00
2025-01-15T05:00,5.5,96,48,5.9,237,7.0,10.7,14.0,0.00,0.00,0.00
2025-01-15T06:00,5.6,95,24,5.9,237,6.8,10.5,14.0,0.00,0.00,0.00
2025-01-15T07:00,5.7,94,34,7.3,248,6.6,10.3,14.0,0.00,0.00,0.00
2025-01-15T08:00,6.2,92,88,9.8,247,6.6,10.2,14.0,0.00,0.00,0.01
2025-01-15T09:00,8.1,91,95,11.7,240,7.5,10.1,14.0,0.00,0.00,0.04
2025-01-15T10:00,10.2,81,10,10.1,237,8.8,10.0,13.9,0.00,0.00,0.10
2025-01-15T11:00,12.2,71,46,7.9,258,10.5,10.1,13.9,0.00,0.00,0.21
2025-01-15T12:00,13.1,66,42,4.6,265,12.1,10.3,13.9,0.00,0.00,0.23
2025-01-15T13:00,14.0,59,40,1.8,302,13.6,10.7,13.9,0.00,0.00,0.23
2025-01-15T14:00,14.5,57,51,3.0,326,14.4,11.0,13.9,0.00,0.00,0.23
2025-01-15T15:00,14.3,57,66,5.1,355,14.5,11.2,13.9,0.00,0.00,0.17
2025-01-15T16:00,13.5,63,42,8.1,13,14.1,11.5,13.9,0.00,0.00,0.11
2025-01-15T17:00,11.5,77,20,4.8,29,13.3,11.6,13.9,0.00,0.00,0.04
2025-01-15T18:00,9.7,84,12,2.9,41,11.9,11.7,13.9,0.00,0.00,0.02
2025-01-15T19:00,8.7,86,4,2.8,117,10.7,11.7,13.9,0.00,0.00,0.00
2025-01-15T20:00,7.4,89,2,3.8,174,9.8,11.7,13.9,0.00,0.00,0.00
2025-01-15T21:00,6.5,92,8,5.2,193,9.2,11.6,13.9,0.00,0.00,0.00
2025-01-15T22:00,5.7,93,16,4.5,216,8.7,11.5,13.9,0.00,0.00,0.00
2025-01-15T23:00,5.7,90,7,5.8,231,8.1,11.3,13.9,0.00,0.00,0.00
2025-01-16T00:00,5.9,89,14,7.2,232,7.8,11.2,13.9,0.00,0.00,0.00
2025-01-16T01:00,4.5,90,52,6.1,234,7.2,11.1,13.9,0.00,0.00,0.00
2025-01-16T02:00,4.5,89,98,6.6,231,6.9,10.9,13.8,0.00,0.00,0.00
2025-01-16T03:00,5.3,86,100,8.2,226,6.9,10.7,13.8,0.00,0.00,0.00
2025-01-16T04:00,6.3,81,91,8.6,225,7.0,10.6,13.8,0.00,0.00,0.00
2025-01-16T05:00,5.8,83,53,7.4,224,6.9,10.4,13.8,0.00,0.00,0.00
2025-01-16T06:00,5.9,80,8,8.6,225,6.8,10.3,13.8,0.00,0.00,0.00
2025-01-16T07:00,5.3,80,5,9.4,226,6.6,10.2,13.8,0.00,0.00,0.01
2025-01-16T08:00,6.0,75,7,10.2,225,6.6,10.0,13.8,0.00,0.00,0.03
2025-01-16T09:00,9.9,64,0,10.4,225,7.6,9.9,13.8,0.00,0.00,0.08
2025-01-16T10:00,13.3,50,0,11.3,238,9.4,9.9,13.8,0.00,0.00,0.19
2025-01-16T11:00,15.1,40,0,12.7,249,11.1,10.0,13.7,0.00,0.00,0.28
2025-01-16T12:00,16.3,33,21,10.1,264,12.7,10.2,13.7,0.00,0.00,0.33
2025-01-16T13:00,16.9,29,66,6.0,304,14.4,10.6,13.7,0.00,0.00,0.34
2025-01-16T14:00,17.0,27,96,8.4,338,15.2,10.9,13.7,0.00,0.00,0.32
2025-01-16T15:00,16.4,31,100,10.3,358,15.3,11.2,13.7,0.00,0.00,0.26
2025-01-16T16:00,15.1,41,100,10.0,13,14.8,11.5,13.7,0.00,0.00,0.17
2025-01-16T17:00,12.3,58,100,3.7,35,13.6,11.7,13.7,0.00,0.00,0.05
2025-01-16T18:00,11.4,58,99,1.5,59,12.2,11.8,13.7,0.00,0.00,0.02
2025-01-16T19:00,10.8,60,100,1.8,106,11.3,11.8,13.7,0.00,0.00,0.00
2025-01-16T20:00,10.0,60,99,3.2,167,10.6,11.8,13.7,0.00,0.00,0.00
2025-01-16T21:00,9.4,62,100,4.0,178,10.2,11.8,13.7,0.00,0.00,0.00
2025-01-16T22:00,8.7,68,100,2.9,198,9.8,11.7,13.7,0.00,0.00,0.00
2025-01-16T23:00,9.4,66,100,1.1,333,9.6,11.6,13.7,0.00,0.00,0.00
2025-01-17T00:00,9.6,66,100,1.9,311,9.5,11.5,13.7,0.00,0.00,0.00
2025-01-17T01:00,10.5,62,100,1.8,11,10.3,11.6,13.7,0.00,0.00,0.00
2025-01-17T02:00,9.1,84,100,5.5,50,10.0,11.6,13.7,0.50,0.50,0.00
2025-01-17T03:00,9.3,89,95,3.0,167,9.8,11.5,13.7,1.30,1.30,0.00
2025-01-17T04:00,9.0,96,100,2.4,6,9.7,11.5,13.7,1.30,1.30,0.00
2025-01-17T05:00,8.7,94,98,2.8,188,9.4,11.4,13.7,0.70,0.70,0.00
2025-01-17T06:00,8.2,93,100,0.5,13,8.8,11.3,13.7,0.20,0.20,0.00
2025-01-17T07:00,8.4,94,100,1.9,329,8.7,11.2,13.7,0.30,0.30,0.00
2025-01-17T08:00,8.5,95,100,2.6,307,8.7,11.1,13.7,0.30,0.30,0.01
2025-01-17T09:00,9.6,89,81,2.2,352,9.4,11.0,13.7,0.10,0.10,0.04
2025-01-17T10:00,10.9,81,58,3.3,348,10.4,11.0,13.7,0.10,0.10,0.10
2025-01-17T11:00,11.3,80,71,3.4,353,11.3,11.0,13.7,0.10,0.10,0.15
2025-01-17T12:00,11.9,77,67,4.7,360,12.3,11.1,13.6,0.10,0.10,0.18
2025-01-17T13:00,12.5,73,67,7.3,39,12.7,11.3,13.6,0.10,0.10,0.19
2025-01-17T14:00,12.8,69,39,8.5,32,13.4,11.4,13.6,0.00,0.00,0.19
2025-01-17T15:00,12.8,68,25,9.4,39,13.7,11.6,13.6,0.00,0.00,0.17
2025-01-17T16:00,12.5,67,17,11.2,43,13.5,11.7,13.6,0.00,0.00,0.13
2025-01-17T17:00,11.0,74,27,6.5,50,12.8,11.9,13.6,0.00,0.00,0.05
2025-01-17T18:00,9.1,82,30,3.4,62,11.5,11.9,13.6,0.00,0.00,0.02
2025-01-17T19:00,8.7,84,54,2.5,84,10.6,11.9,13.6,0.00,0.00,0.00
2025-01-17T20:00,7.9,87,44,2.7,126,9.9,11.8,13.6,0.00,0.00,0.00
2025-01-17T21:00,7.5,89,64,1.0,61,9.4,11.7,13.6,0.00,0.00,0.00
2025-01-17T22:00,7.1,89,28,1.4,27,8.9,11.6,13.6,0.00,0.00,0.00
2025-01-17T23:00,6.2,91,54,3.0,259,8.4,11.5,13.6,0.00,0.00,0.00
2025-01-18T00:00,6.7,92,46,5.5,241,8.3,11.3,13.6,0.00,0.00,0.00
2025-01-18T01:00,7.4,90,60,4.4,240,8.8,11.4,13.6,0.00,0.00,0.00
2025-01-18T02:00,7.6,91,48,6.5,233,8.7,11.3,13.6,0.00,0.00,0.00
2025-01-18T03:00,7.4,90,60,7.7,241,8.5,11.2,13.6,0.00,0.00,0.00
2025-01-18T04:00,6.9,92,81,7.1,243,8.2,11.0,13.6,0.00,0.00,0.00
2025-01-18T05:00,6.7,92,100,6.7,233,8.0,10.9,13.6,0.00,0.00,0.00
2025-01-18T06:00,7.3,90,100,7.9,233,8.0,10.8,13.6,0.00,0.00,0.00
2025-01-18T07:00,7.2,90,100,8.5,231,8.0,10.7,13.6,0.00,0.00,0.00
2025-01-18T08:00,7.7,89,100,9.3,232,8.1,10.6,13.6,0.00,0.00,0.02
2025-01-18T09:00,8.8,87,100,10.1,221,8.6,10.5,13.6,0.30,0.30,0.04
2025-01-18T10:00,9.5,90,100,9.9,221,9.1,10.5,13.6,0.90,0.90,0.05
2025-01-18T11:00,9.9,90,100,9.2,218,9.5,10.4,13.6,1.40,1.40,0.05
2025-01-18T12:00,9.9,91,100,9.3,231,9.9,10.5,13.5,0.60,0.60,0.06
2025-01-18T13:00,12.1,78,100,8.6,256,11.4,10.7,13.5,0.20,0.20,0.13
2025-01-18T14:00,12.7,72,99,4.2,297,12.1,10.9,13.5,0.10,0.10,0.15
2025-01-18T15:00,13.2,70,87,1.4,27,12.8,11.0,13.5,0.00,0.00,0.14
2025-01-18T16:00,13.2,70,30,2.1,12,13.0,11.2,13.5,0.00,0.00,0.11
2025-01-18T17:00,11.6,81,68,2.9,33,12.5,11.3,13.5,0.00,0.00,0.04
2025-01-18T18:00,10.5,82,80,1.7,71,11.6,11.4,13.5,0.00,0.00,0.02
2025-01-18T19:00,9.6,86,100,3.2,174,10.9,11.4,13.5,0.00,0.00,0.00
2025-01-18T20:00,9.0,89,4,3.7,210,10.4,11.4,13.5,0.00,0.00,0.00
2025-01-18T21:00,7.3,94,0,5.0,235,9.7,11.4,13.5,0.00,0.00,0.00
2025-01-18T22:00,6.6,94,0,6.1,237,9.1,11.3,13.5,0.00,0.00,0.00
2025-01-18T23:00,6.1,93,0,6.4,223,8.6,11.2,13.5,0.00,0.00,0.00
2025-01-19T00:00,5.6,94,0,7.0,218,8.1,11.0,13.5,0.00,0.00,0.00
2025-01-19T01:00,5.1,95,0,5.3,224,8.2,10.8,13.5,0.00,0.00,0.00
2025-01-19T02:00,4.9,95,1,4.9,236,7.7,10.6,13.5,0.00,0.00,0.00
2025-01-19T03:00,4.7,94,1,4.6,240,7.3,10.5,13.5,0.00,0.00,0.00
2025-01-19T04:00,4.5,93,1,4.4,219,6.9,10.3,13.5,0.00,0.00,0.00
2025-01-19T05:00,4.3,93,2,5.4,219,6.6,10.2,13.4,0.00,0.00,0.00
2025-01-19T06:00,4.2,93,5,5.4,201,6.4,10.0,13.4,0.00,0.00,0.00
2025-01-19T07:00,4.0,92,5,4.8,194,6.1,9.9,13.4,0.00,0.00,0.00
2025-01-19T08:00,5.3,89,2,7.4,224,6.2,9.7,13.4,0.00,0.00,0.01
2025-01-19T09:00,9.4,80,0,8.4,233,7.3,9.6,13.4,0.00,0.00,0.07
2025-01-19T10:00,12.7,68,0,7.7,254,9.2,9.6,13.4,0.00,0.00,0.16
2025-01-19T11:00,14.6,58,0,7.0,261,11.1,9.7,13.4,0.00,0.00,0.24
2025-01-19T12:00,15.9,54,0,4.9,267,12.9,9.9,13.4,0.00,0.00,0.30
2025-01-19T13:00,16.9,51,0,4.4,286,13.9,10.2,13.4,0.00,0.00,0.32
2025-01-19T14:00,17.3,46,0,6.0,298,14.9,10.5,13.3,0.00,0.00,0.30
2025-01-19T15:00,17.3,44,0,5.2,310,15.3,10.9,13.3,0.00,0.00,0.24
2025-01-19T16:00,16.3,53,77,6.4,10,15.1,11.2,13.3,0.00,0.00,0.16
2025-01-19T17:00,13.0,74,66,5.9,59,14.0,11.5,13.3,0.00,0.00,0.05
2025-01-19T18:00,10.9,79,92,2.2,78,12.4,11.6,13.3,0.00,0.00,0.01
2025-01-19T19:00,10.3,80,100,0.9,90,11.1,11.6,13.3,0.00,0.00,0.00
2025-01-19T20:00,10.4,79,100,2.7,185,10.5,11.6,13.3,0.00,0.00,0.00
2025-01-19T21:00,10.9,74,82,2.0,189,10.3,11.6,13.3,0.00,0.00,0.00
2025-01-19T22:00,9.6,77,66,4.5,235,9.8,11.5,13.3,0.00,0.00,0.00
2025-01-19T23:00,8.6,78,4,5.7,233,9.3,11.4,13.3,0.00,0.00,0.00
2025-01-20T00:00,7.4,76,0,6.1,230,8.8,11.3,13.3,0.00,0.00,0.00
2025-01-20T01:00,7.7,71,0,5.6,232,9.5,11.5,13.3,0.00,0.00,0.00
2025-01-20T02:00,6.9,73,0,5.5,231,8.9,11.4,13.3,0.00,0.00,0.00
2025-01-20T03:00,6.3,76,2,5.7,228,8.4,11.3,13.3,0.00,0.00,0.00
2025-01-20T04:00,5.7,79,0,5.7,213,8.0,11.1,13.3,0.00,0.00,0.00
2025-01-20T05:00,5.4,82,0,5.7,201,7.7,11.0,13.3,0.00,0.00,0.00
2025-01-20T06:00,5.4,83,0,5.9,206,7.4,10.8,13.3,0.00,0.00,0.00
2025-01-20T07:00,5.5,84,0,5.7,211,7.1,10.6,13.3,0.00,0.00,0.00
2025-01-20T08:00,7.2,80,0,5.6,204,7.2,10.5,13.3,0.00,0.00,0.02
2025-01-20T09:00,11.7,71,49,7.0,217,8.5,10.4,13.3,0.00,0.00,0.08
2025-01-20T10:00,15.6,57,98,6.8,252,10.4,10.4,13.3,0.00,0.00,0.18
2025-01-20T11:00,17.9,47,100,7.3,254,12.4,10.5,13.3,0.00,0.00,0.27
2025-01-20T12:00,19.3,39,100,8.7,243,13.8,10.7,13.3,0.00,0.00,0.30
2025-01-20T13:00,20.7,33,81,10.1,245,14.9,11.0,13.3,0.00,0.00,0.37
2025-01-20T14:00,21.3,31,68,10.5,239,15.9,11.3,13.3,0.00,0.00,0.36
2025-01-20T15:00,21.5,35,98,8.2,243,16.4,11.7,13.3,0.00,0.00,0.29
2025-01-20T16:00,20.1,47,100,3.8,294,16.4,12.0,13.3,0.00,0.00,0.17
2025-01-20T17:00,16.7,62,100,4.2,2,15.6,12.3,13.3,0.00,0.00,0.06
2025-01-20T18:00,14.0,75,100,5.5,53,14.2,12.4,13.3,0.00,0.00,0.03
2025-01-20T19:00,13.2,75,100,2.8,29,13.1,12.5,13.3,0.00,0.00,0.00
2025-01-20T20:00,13.6,73,100,0.9,62,12.7,12.6,13.3,0.00,0.00,0.00
2025-01-20T21:00,13.1,72,100,0.4,78,12.1,12.6,13.3,0.00,0.00,0.00
2025-01-20T22:00,11.8,76,99,2.2,343,11.4,12.5,13.3,0.00,0.00,0.00
2025-01-20T23:00,10.6,75,100,3.0,227,10.8,12.4,13.3,0.00,0.00,0.00
2025-01-21T00:00,9.9,73,95,3.0,270,10.4,12.3,13.3,0.00,0.00,0.00
2025-01-21T01:00,10.1,77,100,1.7,170,10.7,12.6,13.3,0.00,0.00,0.00
2025-01-21T02:00,9.3,78,100,1.3,22,10.2,12.5,13.3,0.00,0.00,0.00
2025-01-21T03:00,9.0,79,99,1.1,9,9.8,12.3,13.3,0.00,0.00,0.00
2025-01-21T04:00,9.1,78,99,0.7,42,9.6,12.2,13.3,0.00,0.00,0.00
2025-01-21T05:00,8.6,80,100,2.3,300,9.3,12.0,13.3,0.00,0.00,0.00
2025-01-21T06:00,8.3,80,100,3.5,221,9.1,11.9,13.3,0.00,0.00,0.00
2025-01-21T07:00,8.5,77,100,4.5,213,9.0,11.7,13.3,0.00,0.00,0.00
2025-01-21T08:00,10.0,73,99,6.0,226,9.1,11.6,13.3,0.00,0.00,0.03
2025-01-21T09:00,13.9,68,100,7.8,234,10.2,11.5,13.3,0.00,0.00,0.08
2025-01-21T10:00,18.1,57,100,7.2,242,12.0,11.5,13.3,0.00,0.00,0.17
2025-01-21T11:00,20.5,45,99,6.3,270,13.8,11.7,13.3,0.00,0.00,0.26
2025-01-21T12:00,21.8,41,100,4.1,305,15.5,11.9,13.3,0.00,0.00,0.31
2025-01-21T13:00,22.7,42,99,5.3,328,16.2,12.0,13.3,0.00,0.00,0.35
2025-01-21T14:00,22.9,41,93,4.2,337,17.3,12.4,13.3,0.00,0.00,0.32
2025-01-21T15:00,22.7,44,87,4.6,36,17.9,12.7,13.3,0.00,0.00,0.27
2025-01-21T16:00,21.3,53,96,5.0,49,17.8,13.1,13.3,0.00,0.00,0.17
2025-01-21T17:00,17.6,66,89,5.9,83,16.8,13.3,13.4,0.00,0.00,0.07
2025-01-21T18:00,15.9,68,84,2.4,80,15.2,13.5,13.4,0.00,0.00,0.02
2025-01-21T19:00,15.4,69,100,1.1,74,14.0,13.6,13.4,0.00,0.00,0.00
2025-01-21T20:00,15.2,67,87,0.8,63,13.0,13.5,13.4,0.00,0.00,0.00
2025-01-21T21:00,13.5,71,83,0.4,63,12.2,13.5,13.4,0.00,0.00,0.00
2025-01-21T22:00,11.7,71,63,6.2,257,11.7,13.4,13.4,0.00,0.00,0.01
2025-01-21T23:00,11.5,67,0,7.9,255,11.4,13.3,13.4,0.00,0.00,0.02
2025-01-22T00:00,10.7,68,0,7.2,240,11.1,13.1,13.4,0.00,0.00,0.01
2025-01-22T01:00,10.6,70,6,6.1,254,10.3,13.1,13.4,0.00,0.00,0.01
2025-01-22T02:00,10.1,70,39,6.4,248,10.1,13.0,13.4,0.00,0.00,0.01
2025-01-22T03:00,9.8,70,64,6.6,233,9.8,12.8,13.5,0.00,0.00,0.01
2025-01-22T04:00,9.6,71,100,7.0,228,9.8,12.6,13.5,0.00,0.00,0.01
2025-01-22T05:00,9.1,72,100,7.1,222,9.7,12.4,13.5,0.00,0.00,0.01
2025-01-22T06:00,8.8,71,100,6.9,216,9.5,12.3,13.5,0.00,0.00,0.01
2025-01-22T07:00,8.7,68,100,7.5,211,9.4,12.1,13.5,0.00,0.00,0.01
2025-01-22T08:00,9.9,65,100,8.2,208,9.5,12.0,13.5,0.00,0.00,0.04
2025-01-22T09:00,14.0,60,100,8.9,200,10.4,11.9,13.5,0.00,0.00,0.10
2025-01-22T10:00,18.2,53,100,7.4,207,12.2,11.9,13.5,0.00,0.00,0.19
2025-01-22T11:00,20.8,41,98,6.7,238,14.0,12.0,13.5,0.00,0.00,0.27
2025-01-22T12:00,22.4,35,100,8.8,250,15.7,12.2,13.5,0.00,0.00,0.35
2025-01-22T13:00,23.3,31,100,10.6,243,17.0,12.7,13.5,0.00,0.00,0.38
2025-01-22T14:00,23.4,32,100,8.2,255,17.8,13.0,13.5,0.00,0.00,0.34
2025-01-22T15:00,22.9,39,100,4.3,293,18.0,13.4,13.5,0.00,0.00,0.24
2025-01-22T16:00,21.6,57,99,2.7,339,18.0,13.7,13.5,0.00,0.00,0.14
2025-01-22T17:00,19.5,50,97,1.0,32,17.1,13.9,13.5,0.00,0.00,0.05
2025-01-22T18:00,17.5,53,96,1.7,44,15.6,14.0,13.5,0.00,0.00,0.02
2025-01-22T19:00,16.7,56,97,1.2,66,14.5,14.1,13.5,0.00,0.00,0.00
2025-01-22T20:00,16.4,58,100,1.0,53,13.7,14.1,13.5,0.00,0.00,0.00
2025-01-22T21:00,15.8,57,99,0.5,33,13.1,14.0,13.6,0.00,0.00,0.00
2025-01-22T22:00,14.6,58,95,2.5,315,12.6,13.9,13.6,0.00,0.00,0.00
2025-01-22T23:00,12.8,60,78,5.3,254,12.1,13.8,13.6,0.00,0.00,0.01
2025-01-23T00:00,11.1,64,33,6.7,241,11.7,13.7,13.6,0.00,0.00,0.02
2025-01-23T01:00,11.5,60,26,7.7,238,11.2,13.6,13.6,0.00,0.00,0.03
2025-01-23T02:00,9.8,64,15,9.6,232,10.9,13.4,13.6,0.00,0.00,0.03
2025-01-23T03:00,9.3,65,5,6.6,241,10.7,13.3,13.6,0.00,0.00,0.01
2025-01-23T04:00,9.2,64,29,7.3,233,10.3,13.1,13.6,0.00,0.00,0.02
2025-01-23T05:00,9.9,61,58,7.6,234,10.1,12.9,13.6,0.00,0.00,0.02
2025-01-23T06:00,10.6,59,2,11.2,237,10.1,12.8,13.6,0.00,0.00,0.04
2025-01-23T07:00,11.0,55,0,10.7,230,10.2,12.6,13.6,0.00,0.00,0.04
2025-01-23T08:00,11.7,57,0,9.7,231,10.3,12.5,13.6,0.00,0.00,0.05
2025-01-23T09:00,15.0,55,0,11.3,239,11.3,12.4,13.6,0.00,0.00,0.12
2025-01-23T10:00,18.1,48,0,11.6,243,12.9,12.4,13.6,0.00,0.00,0.22
2025-01-23T11:00,20.6,40,0,12.4,243,14.6,12.5,13.6,0.00,0.00,0.33
2025-01-23T12:00,22.0,37,0,12.0,250,16.2,12.7,13.6,0.00,0.00,0.39
2025-01-23T13:00,22.8,36,0,7.9,282,17.1,12.9,13.6,0.00,0.00,0.39
2025-01-23T14:00,22.9,34,0,6.6,327,18.0,13.2,13.6,0.00,0.00,0.37
2025-01-23T15:00,22.6,35,0,5.8,31,18.4,13.6,13.7,0.00,0.00,0.30
2025-01-23T16:00,21.3,50,0,4.8,43,18.2,13.9,13.7,0.00,0.00,0.19
2025-01-23T17:00,17.9,66,0,4.4,60,17.2,14.1,13.7,0.00,0.00,0.07
2025-01-23T18:00,15.5,69,0,3.6,81,15.6,14.2,13.7,0.00,0.00,0.02
2025-01-23T19:00,14.9,65,0,1.8,75,14.2,14.3,13.7,0.00,0.00,0.00
2025-01-23T20:00,14.4,63,0,1.2,52,13.1,14.2,13.7,0.00,0.00,0.00
2025-01-23T21:00,13.8,65,0,0.6,54,12.2,14.1,13.7,0.00,0.00,0.00
2025-01-23T22:00,12.8,72,0,1.8,354,11.6,13.9,13.7,0.00,0.00,0.00
2025-01-23T23:00,11.8,72,0,2.3,290,11.1,13.8,13.7,0.00,0.00,0.00
2025-01-24T00:00,11.0,70,0,2.6,292,10.6,13.6,13.7,0.00,0.00,0.00
2025-01-24T01:00,9.7,71,0,2.4,302,9.8,13.5,13.8,0.00,0.00,0.00
2025-01-24T02:00,9.1,70,0,3.7,265,9.5,13.3,13.8,0.00,0.00,0.00
2025-01-24T03:00,9.1,68,0,4.1,245,9.2,13.0,13.8,0.00,0.00,0.00
2025-01-24T04:00,8.8,69,0,3.2,267,8.9,12.8,13.8,0.00,0.00,0.00
2025-01-24T05:00,8.5,70,0,3.3,270,8.7,12.6,13.8,0.00,0.00,0.00
2025-01-24T06:00,7.9,72,0,5.4,260,8.5,12.4,13.8,0.00,0.00,0.00
2025-01-24T07:00,7.8,74,0,6.8,255,8.4,12.1,13.8,0.00,0.00,0.01
2025-01-24T08:00,9.4,70,0,7.6,256,8.6,11.9,13.8,0.00,0.00,0.03
2025-01-24T09:00,13.3,61,0,8.6,257,9.9,11.8,13.8,0.00,0.00,0.10
2025-01-24T10:00,16.3,56,0,6.2,283,11.8,11.8,13.8,0.00,0.00,0.19
2025-01-24T11:00,18.3,45,0,5.9,308,13.7,11.9,13.8,0.00,0.00,0.29
2025-01-24T12:00,19.6,41,0,6.3,319,15.4,12.1,13.8,0.00,0.00,0.35
2025-01-24T13:00,20.4,43,0,7.4,355,16.2,12.4,13.8,0.00,0.00,0.37
2025-01-24T14:00,20.6,43,0,9.0,7,17.1,12.7,13.8,0.00,0.00,0.36
2025-01-24T15:00,19.9,47,0,10.3,17,17.5,13.0,13.8,0.00,0.00,0.29
2025-01-24T16:00,18.1,53,0,8.6,32,17.2,13.3,13.8,0.00,0.00,0.19
2025-01-24T17:00,14.9,67,0,5.1,45,16.2,13.5,13.8,0.00,0.00,0.07
2025-01-24T18:00,13.2,66,0,2.2,38,14.5,13.7,13.8,0.00,0.00,0.02
2025-01-24T19:00,12.6,66,0,1.8,8,13.2,13.7,13.8,0.00,0.00,0.00
2025-01-24T20:00,11.4,69,0,2.4,320,12.2,13.6,13.8,0.00,0.00,0.00
2025-01-24T21:00,10.9,73,0,1.9,294,11.4,13.5,13.8,0.00,0.00,0.00
2025-01-24T22:00,9.8,80,0,5.6,277,10.8,13.3,13.8,0.00,0.00,0.00
2025-01-24T23:00,9.5,83,0,6.0,263,10.4,13.2,13.8,0.00,0.00,0.00
2025-01-25T00:00,9.3,80,0,6.5,262,10.1,13.0,13.8,0.00,0.00,0.00
2025-01-25T01:00,9.2,75,0,6.4,256,9.9,13.1,13.8,0.00,0.00,0.00
2025-01-25T02:00,8.6,70,0,4.8,265,9.6,12.9,13.8,0.00,0.00,0.00
2025-01-25T03:00,8.3,65,0,4.8,255,9.2,12.7,13.8,0.00,0.00,0.01
2025-01-25T04:00,8.1,63,0,4.3,231,8.9,12.5,13.8,0.00,0.00,0.01
2025-01-25T05:00,7.6,65,0,4.5,267,8.5,12.3,13.8,0.00,0.00,0.00
2025-01-25T06:00,7.7,62,0,6.5,240,8.3,12.1,13.8,0.00,0.00,0.01
2025-01-25T07:00,8.0,56,0,7.4,219,8.2,11.9,13.8,0.00,0.00,0.02
2025-01-25T08:00,9.7,57,6,6.8,235,8.4,11.7,13.8,0.00,0.00,0.04
2025-01-25T09:00,14.2,52,5,7.3,246,9.8,11.5,13.8,0.00,0.00,0.11
2025-01-25T10:00,17.8,48,2,5.1,243,11.8,11.6,13.8,0.00,0.00,0.20
2025-01-25T11:00,19.7,39,11,12.6,312,13.7,11.7,13.8,0.00,0.00,0.33
2025-01-25T12:00,19.7,39,86,9.7,319,15.2,11.9,13.8,0.00,0.00,0.36
2025-01-25T13:00,20.4,44,4,3.9,21,16.6,12.4,13.8,0.00,0.00,0.36
2025-01-25T14:00,20.6,50,59,10.4,19,17.5,12.7,13.8,0.00,0.00,0.35
2025-01-25T15:00,18.7,64,7,10.7,24,17.7,13.0,13.8,0.00,0.00,0.26
2025-01-25T16:00,17.5,75,1,9.8,1,17.4,13.3,13.8,0.00,0.00,0.16
2025-01-25T17:00,15.9,85,73,2.5,7,16.5,13.6,13.8,0.00,0.00,0.05
2025-01-25T18:00,14.4,90,54,5.9,153,15.3,13.7,13.8,0.00,0.00,0.02
2025-01-25T19:00,12.4,93,67,5.6,166,14.2,13.8,13.8,0.00,0.00,0.00
2025-01-25T20:00,11.4,94,89,5.1,198,13.4,13.8,13.9,0.00,0.00,0.00
2025-01-25T21:00,11.0,94,60,6.6,210,12.7,13.7,13.9,0.00,0.00,0.00
2025-01-25T22:00,10.6,93,99,5.7,202,12.2,13.6,13.9,0.00,0.00,0.00
2025-01-25T23:00,10.9,93,100,5.0,213,11.9,13.5,13.9,0.00,0.00,0.00
2025-01-26T00:00,11.0,93,100,4.9,208,11.8,13.4,13.9,0.00,0.00,0.00
2025-01-26T01:00,11.1,83,92,2.2,90,12.5,13.6,13.9,0.00,0.00,0.00
2025-01-26T02:00,11.5,77,47,1.8,72,12.0,13.5,13.9,0.00,0.00,0.00
2025-01-26T03:00,10.9,74,0,1.1,133,11.3,13.4,13.9,0.00,0.00,0.00
2025-01-26T04:00,10.2,76,0,2.2,140,10.7,13.3,13.9,0.00,0.00,0.00
2025-01-26T05:00,10.5,72,0,1.7,122,10.3,13.1,13.9,0.00,0.00,0.00
2025-01-26T06:00,9.6,77,2,4.6,263,9.9,13.0,13.9,0.00,0.00,0.00
2025-01-26T07:00,9.1,80,8,5.6,217,9.7,12.8,13.9,0.00,0.00,0.00
2025-01-26T08:00,9.7,80,3,5.2,247,9.7,12.6,13.9,0.00,0.00,0.02
2025-01-26T09:00,14.2,69,0,7.1,233,10.9,12.5,13.9,0.00,0.00,0.09
2025-01-26T10:00,17.2,59,39,4.8,310,12.8,12.5,13.9,0.00,0.00,0.19
2025-01-26T11:00,19.1,52,55,3.7,331,14.7,12.6,13.9,0.00,0.00,0.28
2025-01-26T12:00,20.9,47,57,5.9,317,16.4,12.8,13.9,0.00,0.00,0.36
2025-01-26T13:00,22.2,44,98,4.4,309,17.5,13.1,13.9,0.00,0.00,0.36
2025-01-26T14:00,23.5,37,86,5.9,294,18.5,13.4,13.9,0.00,0.00,0.35
2025-01-26T15:00,22.2,47,100,9.4,352,18.9,13.7,13.9,0.00,0.00,0.31
2025-01-26T16:00,18.8,61,100,10.6,36,18.3,14.0,13.9,0.00,0.00,0.17
2025-01-26T17:00,15.9,70,100,8.2,72,17.3,14.3,13.9,0.00,0.00,0.08
2025-01-26T18:00,13.3,80,100,3.5,30,15.7,14.4,13.9,0.00,0.00,0.02
2025-01-26T19:00,12.1,86,100,1.8,360,14.4,14.4,14.0,0.00,0.00,0.00
2025-01-26T20:00,11.7,87,100,1.1,114,13.4,14.4,14.0,0.00,0.00,0.00
2025-01-26T21:00,12.0,82,100,2.1,204,12.7,14.3,14.0,0.00,0.00,0.00
2025-01-26T22:00,11.7,77,94,4.7,225,12.2,14.2,14.0,0.00,0.00,0.00
2025-01-26T23:00,11.0,70,57,5.3,227,11.6,14.0,14.0,0.00,0.00,0.01
2025-01-27T00:00,10.9,65,95,6.5,220,11.1,13.8,14.0,0.00,0.00,0.01
2025-01-27T01:00,11.1,70,99,6.6,221,10.6,13.7,14.0,0.00,0.00,0.01
2025-01-27T02:00,12.9,64,84,9.8,218,10.6,13.6,14.0,0.00,0.00,0.03
2025-01-27T03:00,16.3,56,99,17.6,217,11.2,13.4,14.0,0.00,0.00,0.08
2025-01-27T04:00,17.7,52,94,23.6,219,12.1,13.3,14.0,0.00,0.00,0.12
2025-01-27T05:00,18.0,49,97,23.8,220,12.9,13.3,14.0,0.00,0.00,0.13
2025-01-27T06:00,18.1,45,99,22.2,220,13.4,13.3,14.0,0.00,0.00,0.14
2025-01-27T07:00,18.1,42,99,20.9,221,13.7,13.3,14.0,0.00,0.00,0.14
2025-01-27T08:00,18.1,43,86,20.9,222,14.0,13.4,14.0,0.00,0.00,0.15
2025-01-27T09:00,19.7,40,98,20.4,225,14.6,13.4,14.0,0.00,0.00,0.21
2025-01-27T10:00,21.5,35,74,23.3,227,15.6,13.6,14.0,0.00,0.00,0.32
2025-01-27T11:00,23.2,32,38,26.0,225,16.9,13.7,14.0,0.00,0.00,0.43
2025-01-27T12:00,24.7,29,27,26.5,226,18.1,14.0,14.0,0.00,0.00,0.50
2025-01-27T13:00,25.9,26,67,25.9,231,19.9,14.4,14.1,0.00,0.00,0.54
2025-01-27T14:00,27.0,22,87,29.7,228,20.5,14.8,14.1,0.00,0.00,0.57
2025-01-27T15:00,26.5,24,88,21.6,246,20.7,15.1,14.1,0.00,0.00,0.46
2025-01-27T16:00,24.4,30,67,10.3,262,20.4,15.4,14.1,0.00,0.00,0.26
2025-01-27T17:00,20.9,44,17,6.6,264,19.3,15.6,14.1,0.00,0.00,0.11
2025-01-27T18:00,18.9,39,41,4.5,254,17.6,15.8,14.1,0.00,0.00,0.05
2025-01-27T19:00,17.8,40,47,8.6,244,16.4,15.8,14.2,0.00,0.00,0.06
2025-01-27T20:00,19.6,42,19,15.1,225,16.1,15.8,14.2,0.00,0.00,0.11
2025-01-27T21:00,19.5,55,37,19.1,222,16.2,15.8,14.2,0.00,0.00,0.10
2025-01-27T22:00,19.6,59,28,18.5,228,16.3,15.8,14.2,0.00,0.00,0.09
2025-01-27T23:00,17.1,73,100,10.6,294,16.1,15.8,14.2,0.10,0.10,0.03
2025-01-28T00:00,16.3,82,100,9.0,289,15.8,15.8,14.2,0.30,0.30,0.01
2025-01-28T01:00,16.9,77,100,11.4,274,16.9,16.0,14.2,0.10,0.10,0.02
2025-01-28T02:00,16.9,72,100,11.8,263,16.5,16.0,14.3,0.00,0.00,0.03
2025-01-28T03:00,16.4,73,100,10.2,257,16.2,16.0,14.3,0.10,0.10,0.02
2025-01-28T04:00,15.9,77,100,10.4,255,15.9,15.9,14.3,0.10,0.10,0.02
2025-01-28T05:00,15.6,78,100,10.7,257,15.6,15.9,14.3,0.20,0.20,0.02
2025-01-28T06:00,15.2,78,100,11.1,237,15.1,15.8,14.3,0.30,0.30,0.02
2025-01-28T07:00,14.8,76,83,12.4,220,14.7,15.7,14.3,0.10,0.10,0.02
2025-01-28T08:00,14.5,75,34,14.3,216,14.4,15.6,14.4,0.00,0.00,0.05
2025-01-28T09:00,15.6,65,59,11.4,227,14.7,15.5,14.4,0.00,0.00,0.11
2025-01-28T10:00,16.9,61,36,8.1,261,15.6,15.5,14.4,0.00,0.00,0.16
2025-01-28T11:00,18.1,59,1,8.6,274,16.8,15.5,14.4,0.10,0.10,0.25
2025-01-28T12:00,19.8,52,2,11.8,259,18.1,15.6,14.4,0.00,0.00,0.35
2025-01-28T13:00,21.4,41,4,13.0,281,19.6,15.7,14.4,0.00,0.00,0.40
2025-01-28T14:00,20.9,39,48,22.7,312,19.9,15.9,14.4,0.00,0.00,0.39
2025-01-28T15:00,16.9,66,61,26.4,304,19.2,16.1,14.4,0.00,0.00,0.20
2025-01-28T16:00,16.8,66,9,20.2,299,18.6,16.2,14.5,0.00,0.00,0.16
2025-01-28T17:00,16.1,62,15,15.6,292,17.8,16.3,14.5,0.00,0.00,0.11
2025-01-28T18:00,15.1,63,9,11.5,266,16.8,16.3,14.5,0.00,0.00,0.06
2025-01-28T19:00,14.6,64,5,13.0,248,16.0,16.3,14.5,0.00,0.00,0.04
2025-01-28T20:00,14.0,62,10,9.8,249,15.3,16.2,14.5,0.00,0.00,0.04
2025-01-28T21:00,13.0,64,23,7.9,259,14.5,16.1,14.5,0.00,0.00,0.02
2025-01-28T22:00,12.9,65,3,9.1,276,13.9,16.0,14.6,0.00,0.00,0.03
2025-01-28T23:00,11.7,73,4,7.2,282,13.2,15.8,14.6,0.00,0.00,0.01
2025-01-29T00:00,11.3,76,19,4.0,263,12.5,15.6,14.6,0.00,0.00,0.00
2025-01-29T01:00,12.1,69,32,7.4,222,13.0,15.5,14.6,0.00,0.00,0.01
2025-01-29T02:00,11.9,71,28,9.4,224,12.8,15.3,14.6,0.00,0.00,0.02
2025-01-29T03:00,11.8,72,51,9.6,235,12.6,15.1,14.6,0.00,0.00,0.02
2025-01-29T04:00,11.9,74,38,10.8,229,12.5,15.0,14.6,0.00,0.00,0.02
2025-01-29T05:00,11.0,79,99,11.1,229,12.2,14.8,14.6,0.00,0.00,0.01
2025-01-29T06:00,10.6,81,67,10.4,227,12.0,14.7,14.6,0.00,0.00,0.01
2025-01-29T07:00,9.7,85,99,7.4,215,11.6,14.5,14.6,0.00,0.00,0.00
2025-01-29T08:00,10.4,83,63,6.1,212,11.4,14.3,14.6,0.00,0.00,0.02
2025-01-29T09:00,13.6,72,69,4.9,225,12.4,14.2,14.6,0.00,0.00,0.08
2025-01-29T10:00,15.6,62,78,7.2,241,13.8,14.1,14.7,0.00,0.00,0.18
2025-01-29T11:00,17.6,53,3,10.2,237,15.4,14.2,14.7,0.00,0.00,0.29
2025-01-29T12:00,19.4,43,31,11.4,245,16.9,14.3,14.7,0.00,0.00,0.37
2025-01-29T13:00,20.5,39,99,11.0,275,17.9,14.5,14.7,0.00,0.00,0.40
2025-01-29T14:00,19.0,50,100,11.8,342,18.5,14.7,14.7,0.00,0.00,0.33
2025-01-29T15:00,16.4,66,100,12.6,18,18.2,14.9,14.7,0.00,0.00,0.20
2025-01-29T16:00,15.1,71,100,9.8,31,17.6,15.1,14.7,0.00,0.00,0.13
2025-01-29T17:00,14.2,77,100,3.9,27,16.7,15.2,14.7,0.00,0.00,0.05
2025-01-29T18:00,13.0,84,100,2.8,34,15.6,15.2,14.7,0.00,0.00,0.02
2025-01-29T19:00,12.2,87,100,3.1,52,14.6,15.2,14.7,0.00,0.00,0.00
2025-01-29T20:00,11.8,90,100,4.9,130,14.1,15.2,14.7,0.00,0.00,0.00
2025-01-29T21:00,11.5,92,100,3.5,219,13.6,15.1,14.7,0.00,0.00,0.00
2025-01-29T22:00,13.8,68,100,14.1,232,13.4,15.0,14.7,0.00,0.00,0.04
2025-01-29T23:00,16.2,48,100,27.9,227,13.7,14.9,14.7,0.00,0.00,0.14
2025-01-30T00:00,14.6,62,99,28.1,224,14.0,14.8,14.7,0.40,0.40,0.09
2025-01-30T01:00,14.7,62,98,24.0,233,15.1,14.9,14.7,0.00,0.00,0.08
2025-01-30T02:00,13.3,76,96,13.3,261,14.5,14.9,14.8,0.50,0.50,0.02
2025-01-30T03:00,12.0,87,100,4.2,283,13.7,14.8,14.8,0.30,0.30,0.00
2025-01-30T04:00,12.0,91,100,6.3,223,13.2,14.7,14.8,1.00,1.00,0.00
2025-01-30T05:00,12.1,89,100,3.4,227,12.9,14.6,14.8,0.50,0.50,0.00
2025-01-30T06:00,10.9,92,62,5.2,230,12.4,14.5,14.8,6.50,6.50,0.00
2025-01-30T07:00,10.5,89,99,3.0,276,12.1,14.4,14.8,5.10,5.10,0.00
2025-01-30T08:00,10.6,88,56,10.3,224,11.9,14.2,14.8,2.40,2.40,0.03
2025-01-30T09:00,11.7,82,56,11.1,233,12.1,14.1,14.8,0.10,0.10,0.07
2025-01-30T10:00,11.3,76,84,19.6,252,12.5,14.0,14.8,1.60,1.60,0.13
2025-01-30T11:00,13.2,64,21,19.9,253,13.1,13.9,14.8,0.00,0.00,0.19
2025-01-30T12:00,13.8,62,25,22.7,264,14.0,13.9,14.8,0.10,0.10,0.24
2025-01-30T13:00,14.2,54,55,21.5,263,13.9,13.8,14.8,1.20,1.20,0.23
2025-01-30T14:00,14.4,52,54,22.7,283,14.4,13.8,14.8,0.00,0.00,0.24
2025-01-30T15:00,13.7,58,56,22.3,293,14.6,13.9,14.8,0.20,0.20,0.20
2025-01-30T16:00,13.5,64,32,17.7,289,14.1,13.9,14.8,0.20,0.20,0.14
2025-01-30T17:00,13.0,63,29,12.6,284,13.7,13.9,14.8,0.10,0.10,0.09
2025-01-30T18:00,11.8,67,48,8.6,280,12.8,13.9,14.8,0.20,0.20,0.04
2025-01-30T19:00,10.6,79,43,7.2,247,12.0,13.8,14.8,1.00,1.00,0.00
2025-01-30T20:00,9.9,86,25,9.1,208,11.3,13.7,14.8,1.00,1.00,0.00
2025-01-30T21:00,9.4,90,40,11.6,194,10.8,13.5,14.8,0.00,0.00,0.00
2025-01-30T22:00,9.4,84,22,12.3,216,10.5,13.3,14.8,0.00,0.00,0.01
2025-01-30T23:00,9.6,80,71,14.1,208,10.2,13.1,14.8,0.00,0.00,0.02
2025-01-31T00:00,9.3,78,83,7.2,211,10.1,13.0,14.7,0.00,0.00,0.00
2025-01-31T01:00,9.3,89,93,4.5,189,11.5,13.3,14.8,3.00,3.00,0.00
2025-01-31T02:00,8.6,96,97,7.7,144,10.9,13.2,14.8,1.20,1.20,0.00
2025-01-31T03:00,8.4,88,11,13.9,200,10.3,13.0,14.8,0.10,0.10,0.00
2025-01-31T04:00,8.1,87,4,9.8,221,9.8,12.8,14.7,0.00,0.00,0.00
2025-01-31T05:00,7.8,82,22,12.2,220,9.3,12.6,14.7,0.00,0.00,0.01
2025-01-31T06:00,7.6,81,58,12.4,215,9.0,12.4,14.7,0.00,0.00,0.01
2025-01-31T07:00,7.8,79,93,9.4,209,8.8,12.2,14.7,0.10,0.10,0.01
2025-01-31T08:00,7.7,91,100,10.6,101,8.9,12.0,14.7,4.80,4.80,0.02
2025-01-31T09:00,9.1,90,94,11.7,203,9.4,11.9,14.7,5.10,5.10,0.04
2025-01-31T10:00,10.9,79,21,14.1,223,10.3,11.8,14.7,0.10,0.10,0.10
2025-01-31T11:00,11.9,72,63,12.3,239,11.2,11.8,14.7,0.00,0.00,0.15
2025-01-31T12:00,13.1,63,63,11.8,260,12.4,11.8,14.7,0.00,0.00,0.22
2025-01-31T13:00,14.7,57,6,6.0,300,13.5,12.0,14.6,0.00,0.00,0.32
2025-01-31T14:00,15.0,55,5,6.8,340,14.7,12.2,14.6,0.00,0.00,0.30
2025-01-31T15:00,14.7,56,10,10.0,349,15.1,12.5,14.6,0.00,0.00,0.24
2025-01-31T16:00,13.7,62,25,11.3,357,14.7,12.7,14.6,0.00,0.00,0.15
2025-01-31T17:00,12.4,71,29,5.8,24,14.0,12.9,14.6,0.00,0.00,0.07
2025-01-31T18:00,10.2,79,28,2.5,34,12.7,12.9,14.6,0.10,0.10,0.01
2025-01-31T19:00,9.2,84,43,2.5,225,11.6,12.9,14.6,0.00,0.00,0.00
2025-01-31T20:00,8.7,83,70,3.1,280,10.9,12.8,14.6,0.20,0.20,0.00
2025-01-31T21:00,9.0,88,59,6.2,235,10.6,12.7,14.6,0.10,0.10,0.00
2025-01-31T22:00,8.9,92,63,8.5,205,10.4,12.6,14.6,0.10,0.10,0.00
2025-01-31T23:00,8.5,92,96,6.5,207,10.1,12.4,14.6,0.20,0.20,0.00
2025-02-01T00:00,8.8,92,28,7.9,218,9.9,12.3,14.6,0.20,0.20,0.00
2025-02-01T01:00,9.5,93,43,8.2,225,10.9,12.4,14.6,0.00,0.00,0.00
2025-02-01T02:00,9.0,92,42,8.4,231,10.3,12.4,14.6,0.00,0.00,0.00
2025-02-01T03:00,8.9,97,98,7.0,226,10.1,12.2,14.6,0.30,0.30,0.00
2025-02-01T04:00,9.2,93,97,8.9,218,10.0,12.1,14.5,0.10,0.10,0.00
2025-02-01T05:00,8.9,92,45,7.8,223,9.7,12.0,14.5,0.00,0.00,0.00
2025-02-01T06:00,8.5,92,39,8.7,217,9.4,11.9,14.5,0.10,0.10,0.00
2025-02-01T07:00,8.4,91,9,7.9,221,9.2,11.8,14.5,0.00,0.00,0.00
2025-02-01T08:00,9.2,89,12,10.0,224,9.2,11.6,14.5,0.00,0.00,0.02
2025-02-01T09:00,11.5,86,11,11.1,224,10.2,11.6,14.5,0.00,0.00,0.07
2025-02-01T10:00,13.6,69,2,11.2,230,11.5,11.6,14.5,0.00,0.00,0.18
2025-02-01T11:00,15.2,55,0,11.9,238,13.0,11.7,14.5,0.00,0.00,0.27
2025-02-01T12:00,16.1,48,0,12.3,245,14.3,11.9,14.5,0.00,0.00,0.33
2025-02-01T13:00,16.9,45,0,11.4,246,15.5,12.0,14.4,0.00,0.00,0.36
2025-02-01T14:00,17.4,42,43,13.6,264,16.1,12.4,14.4,0.00,0.00,0.35
2025-02-01T15:00,16.9,43,3,12.9,295,16.2,12.7,14.4,0.00,0.00,0.29
2025-02-01T16:00,15.6,50,0,12.1,327,15.8,12.9,14.4,0.00,0.00,0.20
2025-02-01T17:00,13.6,68,0,4.3,324,14.9,13.1,14.4,0.00,0.00,0.07
2025-02-01T18:00,11.6,66,0,1.9,241,13.3,13.2,14.4,0.00,0.00,0.01
2025-02-01T19:00,10.4,70,1,6.4,213,12.2,13.2,14.4,0.00,0.00,0.01
2025-02-01T20:00,9.9,73,6,8.8,226,11.6,13.1,14.4,0.00,0.00,0.01
2025-02-01T21:00,10.1,77,36,10.3,224,11.2,13.0,14.4,0.00,0.00,0.01
2025-02-01T22:00,10.4,78,30,8.5,242,11.0,12.9,14.4,0.00,0.00,0.01
2025-02-01T23:00,10.3,78,10,9.2,237,10.8,12.8,14.4,0.00,0.00,0.01
2025-02-02T00:00,9.6,78,15,8.6,225,10.6,12.7,14.4,0.00,0.00,0.01
2025-02-02T01:00,10.2,76,31,9.7,230,11.4,12.7,14.4,0.30,0.30,0.01
2025-02-02T02:00,9.7,79,49,9.6,234,10.8,12.6,14.4,0.50,0.50,0.01
2025-02-02T03:00,9.5,80,62,6.0,222,10.3,12.5,14.4,0.40,0.40,0.00
2025-02-02T04:00,8.9,82,77,5.8,228,9.9,12.4,14.4,0.00,0.00,0.00
2025-02-02T05:00,9.7,79,48,10.2,231,9.8,12.2,14.4,0.00,0.00,0.01
2025-02-02T06:00,9.2,82,72,8.3,233,9.5,12.1,14.4,0.00,0.00,0.00
2025-02-02T07:00,9.1,82,66,6.8,236,9.4,12.0,14.4,0.10,0.10,0.00
2025-02-02T08:00,10.0,84,67,9.2,232,9.6,11.8,14.3,0.10,0.10,0.02
2025-02-02T09:00,11.3,84,52,8.4,222,10.4,11.8,14.3,0.00,0.00,0.06
2025-02-02T10:00,13.0,70,47,11.2,232,11.4,11.8,14.3,0.00,0.00,0.14
2025-02-02T11:00,14.1,66,38,10.3,240,12.5,11.8,14.3,0.00,0.00,0.20
2025-02-02T12:00,15.0,64,17,8.4,252,13.8,12.0,14.3,0.00,0.00,0.25
2025-02-02T13:00,16.1,61,42,10.4,270,15.2,12.3,14.3,0.10,0.10,0.28
2025-02-02T14:00,16.5,55,39,11.9,285,15.7,12.6,14.3,0.00,0.00,0.27
2025-02-02T15:00,16.5,56,25,12.0,304,15.8,12.8,14.3,0.00,0.00,0.24
2025-02-02T16:00,16.0,60,9,7.8,306,15.7,13.1,14.3,0.00,0.00,0.17
2025-02-02T17:00,14.9,69,4,0.8,293,15.1,13.3,14.3,0.00,0.00,0.06
2025-02-02T18:00,12.3,73,11,1.1,243,13.5,13.3,14.3,0.00,0.00,0.01
2025-02-02T19:00,10.7,76,0,4.5,221,12.3,13.3,14.3,0.00,0.00,0.00
2025-02-02T20:00,9.8,78,4,5.6,202,11.6,13.2,14.3,0.00,0.00,0.00
2025-02-02T21:00,8.6,83,13,4.3,200,10.9,13.1,14.3,0.00,0.00,0.00
2025-02-02T22:00,8.5,81,14,5.4,203,10.5,13.0,14.3,0.00,0.00,0.00
2025-02-02T23:00,8.9,78,46,8.9,228,10.2,12.8,14.3,0.00,0.00,0.01
2025-02-03T00:00,9.9,83,42,12.1,228,10.3,12.7,14.3,0.00,0.00,0.01
2025-02-03T01:00,10.3,87,81,4.8,259,11.8,12.8,14.3,0.10,0.10,0.00
2025-02-03T02:00,10.0,89,100,2.4,256,11.4,12.8,14.3,0.30,0.30,0.00
2025-02-03T03:00,10.0,87,100,0.5,335,10.8,12.7,14.3,0.00,0.00,0.00
2025-02-03T04:00,9.6,90,100,1.0,58,10.5,12.6,14.3,0.60,0.60,0.00
2025-02-03T05:00,9.4,92,97,2.9,182,10.3,12.5,14.3,0.00,0.00,0.00
2025-02-03T06:00,9.0,95,94,3.3,162,10.2,12.3,14.3,0.00,0.00,0.00
2025-02-03T07:00,8.8,97,100,3.1,185,10.0,12.2,14.2,0.00,0.00,0.00
2025-02-03T08:00,9.8,95,100,0.2,28,10.2,12.1,14.2,0.40,0.40,0.01
2025-02-03T09:00,10.4,96,100,0.5,22,10.5,12.0,14.2,0.90,0.90,0.03
2025-02-03T10:00,11.4,93,100,3.4,105,11.1,12.0,14.2,1.60,1.60,0.05
2025-02-03T11:00,12.1,92,100,1.5,113,11.6,12.0,14.2,1.50,1.50,0.06
2025-02-03T12:00,13.4,90,95,6.1,353,12.4,12.0,14.2,0.10,0.10,0.10
2025-02-03T13:00,15.3,77,61,5.9,23,13.5,12.2,14.2,0.00,0.00,0.12
2025-02-03T14:00,15.9,69,83,5.4,39,14.5,12.4,14.2,1.50,1.50,0.22
2025-02-03T15:00,15.7,69,94,7.6,334,15.0,12.6,14.2,0.70,0.70,0.22
2025-02-03T16:00,13.0,85,88,7.7,17,14.2,12.8,14.2,2.10,2.10,0.09
2025-02-03T17:00,12.5,89,100,1.9,81,13.5,12.9,14.2,0.10,0.10,0.04
2025-02-03T18:00,11.2,95,99,2.7,39,12.6,12.9,14.2,0.90,0.90,0.01
2025-02-03T19:00,11.2,95,100,1.4,97,12.2,12.9,14.2,0.00,0.00,0.00
2025-02-03T20:00,10.7,98,99,6.3,261,11.9,12.9,14.2,1.80,1.80,0.00
2025-02-03T21:00,10.5,98,93,6.1,286,11.6,12.8,14.2,1.30,1.30,0.00
2025-02-03T22:00,10.3,97,78,8.3,237,11.3,12.7,14.2,0.10,0.10,0.00
2025-02-03T23:00,10.1,94,99,10.6,219,11.0,12.6,14.2,0.00,0.00,0.00
2025-02-04T00:00,9.9,93,100,11.2,234,10.8,12.5,14.2,0.00,0.00,0.00
2025-02-04T01:00,9.0,90,23,5.0,228,11.0,12.5,14.2,0.00,0.00,0.00
2025-02-04T02:00,9.1,90,35,11.4,231,10.3,12.4,14.2,0.00,0.00,0.00
2025-02-04T03:00,8.5,92,38,10.0,223,9.8,12.3,14.1,0.00,0.00,0.00
2025-02-04T04:00,7.9,92,67,7.3,224,9.5,12.1,14.1,0.00,0.00,0.00
2025-02-04T05:00,7.7,92,68,6.5,229,9.2,11.9,14.1,0.00,0.00,0.00
2025-02-04T06:00,7.2,93,81,5.1,220,8.9,11.8,14.1,0.00,0.00,0.00
2025-02-04T07:00,7.1,95,87,5.2,216,8.8,11.6,14.1,0.00,0.00,0.00
2025-02-04T08:00,8.3,91,23,9.4,225,8.9,11.4,14.1,0.00,0.00,0.02
2025-02-04T09:00,11.0,83,12,8.0,232,9.9,11.4,14.1,0.00,0.00,0.08
2025-02-04T10:00,13.0,71,11,9.4,253,11.4,11.4,14.1,0.00,0.00,0.18
2025-02-04T11:00,14.3,63,37,11.7,265,12.8,11.5,14.1,0.00,0.00,0.25
2025-02-04T12:00,14.9,61,73,9.9,270,14.0,11.7,14.1,0.00,0.00,0.29
2025-02-04T13:00,15.9,54,55,4.7,273,15.1,12.1,14.1,0.00,0.00,0.30
2025-02-04T14:00,15.9,53,51,4.1,312,15.5,12.3,14.1,0.00,0.00,0.22
2025-02-04T15:00,15.5,56,90,6.3,360,15.5,12.6,14.0,0.00,0.00,0.19
2025-02-04T16:00,14.7,65,18,9.2,26,15.3,12.8,14.0,0.00,0.00,0.15
2025-02-04T17:00,13.3,73,15,9.0,45,14.6,13.0,14.0,0.00,0.00,0.08
2025-02-04T18:00,10.6,85,12,4.8,56,13.4,13.1,14.0,0.00,0.00,0.01
2025-02-04T19:00,10.2,84,13,2.4,62,12.2,13.1,14.0,0.00,0.00,0.00
2025-02-04T20:00,9.3,87,14,3.1,108,11.3,13.0,14.0,0.00,0.00,0.00
2025-02-04T21:00,8.3,91,7,2.8,151,10.7,12.9,14.0,0.00,0.00,0.00
2025-02-04T22:00,7.6,92,3,4.0,275,10.2,12.7,14.0,0.00,0.00,0.00
2025-02-04T23:00,7.2,92,1,3.9,279,9.8,12.6,14.0,0.00,0.00,0.00
2025-02-05T00:00,7.0,91,2,4.2,239,9.4,12.4,14.0,0.00,0.00,0.00
2025-02-05T01:00,7.6,91,5,4.5,236,10.1,12.4,14.0,0.00,0.00,0.00
2025-02-05T02:00,7.2,91,14,4.8,224,9.7,12.2,14.0,0.00,0.00,0.00
2025-02-05T03:00,6.8,94,16,5.6,218,9.4,12.1,14.0,0.00,0.00,0.00
2025-02-05T04:00,6.2,96,18,6.1,216,9.2,11.9,14.0,0.00,0.00,0.00
2025-02-05T05:00,5.7,99,9,6.4,219,9.0,11.8,14.0,0.00,0.00,0.00
2025-02-05T06:00,5.9,98,7,6.5,216,8.8,11.6,14.0,0.00,0.00,0.00
2025-02-05T07:00,6.3,95,4,5.6,213,8.7,11.4,14.0,0.00,0.00,0.00
2025-02-05T08:00,7.6,90,8,7.1,214,8.9,11.3,14.0,0.00,0.00,0.01
2025-02-05T09:00,10.2,85,22,5.7,225,9.9,11.2,14.0,0.00,0.00,0.07
2025-02-05T10:00,12.8,76,1,5.0,279,11.4,11.2,14.0,0.00,0.00,0.16
2025-02-05T11:00,14.4,70,14,3.6,7,13.1,11.4,14.0,0.00,0.00,0.27
2025-02-05T12:00,15.4,66,16,8.2,35,14.5,11.6,13.9,0.00,0.00,0.31
2025-02-05T13:00,15.6,64,28,12.1,36,15.3,11.8,13.9,0.00,0.00,0.29
2025-02-05T14:00,15.4,65,15,14.2,39,15.7,12.2,13.9,0.00,0.00,0.27
2025-02-05T15:00,15.2,65,11,14.4,45,15.8,12.5,13.9,0.00,0.00,0.25
2025-02-05T16:00,14.6,67,13,14.7,48,15.5,12.7,13.9,0.00,0.00,0.18
2025-02-05T17:00,13.5,73,9,10.6,51,14.7,12.9,13.9,0.00,0.00,0.08
2025-02-05T18:00,10.9,87,8,6.9,60,13.5,13.0,13.9,0.00,0.00,0.02
2025-02-05T19:00,9.8,89,12,5.0,85,12.3,13.0,13.9,0.00,0.00,0.00
2025-02-05T20:00,9.3,89,13,4.0,110,11.4,12.9,13.9,0.00,0.00,0.00
2025-02-05T21:00,8.4,91,8,2.8,105,10.7,12.8,13.9,0.00,0.00,0.00
2025-02-05T22:00,8.0,93,6,2.6,103,10.3,12.7,13.9,0.00,0.00,0.00
2025-02-05T23:00,7.3,95,4,3.3,315,10.0,12.5,13.9,0.00,0.00,0.00
2025-02-06T00:00,7.0,94,2,4.0,285,9.6,12.3,13.9,0.00,0.00,0.00
2025-02-06T01:00,8.0,92,1,3.7,292,10.3,12.3,13.9,0.00,0.00,0.00
2025-02-06T02:00,7.6,92,0,4.6,256,9.8,12.2,13.9,0.00,0.00,0.00
2025-02-06T03:00,6.8,93,0,5.2,244,9.3,12.1,13.9,0.00,0.00,0.00
2025-02-06T04:00,6.4,93,3,5.1,242,8.9,11.9,13.9,0.00,0.00,0.00
2025-02-06T05:00,6.1,93,8,5.0,230,8.6,11.7,13.9,0.00,0.00,0.00
2025-02-06T06:00,6.2,93,11,4.9,221,8.5,11.5,13.9,0.00,0.00,0.00
2025-02-06T07:00,6.1,93,12,5.3,220,8.3,11.3,13.9,0.00,0.00,0.00
2025-02-06T08:00,7.5,88,23,7.7,228,8.6,11.2,13.9,0.00,0.00,0.02
2025-02-06T09:00,9.8,84,30,7.0,226,9.6,11.1,13.8,0.00,0.00,0.07
2025-02-06T10:00,12.3,80,10,6.3,260,11.1,11.1,13.8,0.00,0.00,0.15
2025-02-06T11:00,14.1,70,0,5.1,322,12.8,11.2,13.8,0.00,0.00,0.27
2025-02-06T12:00,15.0,65,1,6.8,358,14.3,11.5,13.8,0.00,0.00,0.32
2025-02-06T13:00,15.2,67,8,8.3,17,15.3,11.8,13.8,0.00,0.00,0.31
2025-02-06T14:00,15.6,65,8,6.0,47,16.0,12.1,13.8,0.00,0.00,0.31
2025-02-06T15:00,15.4,65,15,10.2,38,16.1,12.4,13.8,0.00,0.00,0.25
2025-02-06T16:00,14.4,72,15,12.0,37,15.7,12.7,13.8,0.00,0.00,0.17
2025-02-06T17:00,13.2,79,100,8.7,51,14.9,12.9,13.8,0.00,0.00,0.08
2025-02-06T18:00,10.8,89,100,5.4,74,13.6,13.0,13.8,0.00,0.00,0.01
2025-02-06T19:00,10.4,89,46,3.3,89,12.6,13.0,13.8,0.00,0.00,0.00
2025-02-06T20:00,8.9,90,57,2.2,101,11.4,13.0,13.8,0.00,0.00,0.00
2025-02-06T21:00,8.3,89,3,0.2,63,10.6,12.8,13.8,0.00,0.00,0.00
2025-02-06T22:00,7.4,89,0,2.6,349,9.9,12.7,13.8,0.00,0.00,0.00
2025-02-06T23:00,6.9,92,0,5.5,249,9.5,12.5,13.8,0.00,0.00,0.00
2025-02-07T00:00,6.5,92,1,5.2,259,9.1,12.3,13.8,0.00,0.00,0.00
2025-02-07T01:00,6.9,92,5,5.3,244,9.6,12.3,13.8,0.00,0.00,0.00
2025-02-07T02:00,6.1,94,15,6.1,232,9.2,12.1,13.8,0.00,0.00,0.00
2025-02-07T03:00,5.3,98,19,8.0,227,8.9,11.9,13.8,0.00,0.00,0.00
2025-02-07T04:00,4.9,99,5,9.5,221,8.7,11.8,13.8,0.00,0.00,0.00
2025-02-07T05:00,5.1,100,4,9.1,219,8.5,11.6,13.8,0.00,0.00,0.00
2025-02-07T06:00,5.4,97,1,7.7,227,8.3,11.4,13.8,0.00,0.00,0.00
2025-02-07T07:00,5.2,95,7,8.4,238,8.1,11.2,13.8,0.00,0.00,0.00
2025-02-07T08:00,6.7,86,8,10.7,238,8.2,11.0,13.8,0.00,0.00,0.02
2025-02-07T09:00,10.6,76,6,8.2,237,9.3,10.9,13.7,0.00,0.00,0.09
2025-02-07T10:00,13.5,66,4,7.4,259,11.0,10.9,13.7,0.00,0.00,0.19
2025-02-07T11:00,15.5,60,1,7.6,269,12.8,11.1,13.7,0.00,0.00,0.29
2025-02-07T12:00,16.8,54,0,8.9,278,14.3,11.3,13.7,0.00,0.00,0.35
2025-02-07T13:00,17.8,45,0,7.7,274,15.4,11.6,13.7,0.00,0.00,0.38
2025-02-07T14:00,18.2,41,4,6.9,298,16.2,12.0,13.7,0.00,0.00,0.36
2025-02-07T15:00,17.7,48,1,7.1,339,16.5,12.3,13.7,0.00,0.00,0.30
2025-02-07T16:00,16.2,68,4,8.6,24,16.3,12.6,13.7,0.00,0.00,0.19
2025-02-07T17:00,14.1,79,0,5.9,44,15.4,12.9,13.7,0.00,0.00,0.08
2025-02-07T18:00,11.5,85,0,1.4,101,13.8,13.0,13.7,0.00,0.00,0.01
2025-02-07T19:00,10.6,86,9,2.4,158,12.4,13.0,13.7,0.00,0.00,0.00
2025-02-07T20:00,9.3,84,84,3.9,191,11.4,12.9,13.7,0.00,0.00,0.00
2025-02-07T21:00,8.8,78,54,4.5,220,10.7,12.8,13.7,0.00,0.00,0.00
2025-02-07T22:00,8.8,72,16,5.3,225,10.1,12.7,13.7,0.00,0.00,0.00
2025-02-07T23:00,8.5,70,0,6.1,232,9.7,12.5,13.7,0.00,0.00,0.01
2025-02-08T00:00,8.2,69,0,6.5,235,9.3,12.3,13.7,0.00,0.00,0.01
2025-02-08T01:00,8.0,68,2,7.8,207,9.6,12.3,13.7,0.00,0.00,0.01
2025-02-08T02:00,7.4,73,0,7.8,214,9.3,12.2,13.7,0.00,0.00,0.01
2025-02-08T03:00,7.4,76,0,8.0,221,9.0,12.0,13.7,0.00,0.00,0.01
2025-02-08T04:00,7.4,80,1,7.6,221,8.8,11.8,13.7,0.00,0.00,0.00
2025-02-08T05:00,7.5,84,2,8.0,214,8.6,11.6,13.7,0.00,0.00,0.00
2025-02-08T06:00,7.6,85,19,8.7,211,8.6,11.4,13.7,0.00,0.00,0.00
2025-02-08T07:00,8.1,83,9,9.4,215,8.6,11.3,13.7,0.00,0.00,0.00
2025-02-08T08:00,10.1,77,2,11.2,218,9.0,11.2,13.7,0.00,0.00,0.03
2025-02-08T09:00,13.9,70,1,11.7,215,10.3,11.1,13.7,0.00,0.00,0.11
2025-02-08T10:00,16.7,60,0,12.2,234,12.0,11.2,13.6,0.00,0.00,0.22
2025-02-08T11:00,18.4,50,15,14.1,241,13.7,11.4,13.6,0.00,0.00,0.32
2025-02-08T12:00,19.6,42,1,13.3,241,15.1,11.6,13.6,0.00,0.00,0.38
2025-02-08T13:00,20.5,38,0,12.8,247,16.5,12.1,13.6,0.00,0.00,0.42
2025-02-08T14:00,20.9,37,0,14.3,251,17.2,12.5,13.6,0.00,0.00,0.41
2025-02-08T15:00,20.8,39,1,11.4,279,17.5,12.8,13.6,0.00,0.00,0.34
2025-02-08T16:00,18.6,63,3,11.9,331,17.3,13.2,13.6,0.00,0.00,0.22
2025-02-08T17:00,16.6,80,14,4.0,334,16.6,13.4,13.6,0.00,0.00,0.09
2025-02-08T18:00,14.4,83,25,1.1,337,15.1,13.6,13.6,0.00,0.00,0.01
2025-02-08T19:00,13.4,86,32,3.7,105,14.0,13.7,13.6,0.00,0.00,0.00
2025-02-08T20:00,12.6,88,29,4.2,101,13.3,13.7,13.7,0.00,0.00,0.00
2025-02-08T21:00,12.3,87,20,3.5,85,12.6,13.6,13.7,0.00,0.00,0.00
2025-02-08T22:00,11.5,88,17,4.6,99,12.0,13.5,13.7,0.00,0.00,0.00
2025-02-08T23:00,10.9,91,29,3.7,114,11.6,13.4,13.7,0.00,0.00,0.00
2025-02-09T00:00,10.7,93,34,2.1,97,11.2,13.3,13.7,0.00,0.00,0.00
2025-02-09T01:00,12.1,92,92,3.6,89,12.9,13.4,13.7,0.00,0.00,0.00
2025-02-09T02:00,12.6,92,100,4.2,102,12.7,13.4,13.7,0.00,0.00,0.00
2025-02-09T03:00,13.1,90,100,3.6,101,12.6,13.3,13.7,0.00,0.00,0.00
2025-02-09T04:00,13.6,87,100,2.6,98,12.6,13.3,13.7,0.00,0.00,0.00
2025-02-09T05:00,13.6,86,97,2.0,100,12.6,13.2,13.7,0.00,0.00,0.00
2025-02-09T06:00,12.6,90,65,3.5,116,12.4,13.2,13.7,0.00,0.00,0.00
2025-02-09T07:00,11.6,94,27,3.4,133,12.1,13.1,13.7,0.00,0.00,0.00
2025-02-09T08:00,11.6,93,24,5.2,150,12.0,13.1,13.7,0.00,0.00,0.01
2025-02-09T09:00,14.3,83,3,3.9,246,12.9,13.0,13.7,0.00,0.00,0.09
2025-02-09T10:00,15.9,77,0,4.3,333,14.3,13.1,13.7,0.00,0.00,0.20
2025-02-09T11:00,17.1,71,14,5.2,18,15.8,13.2,13.7,0.00,0.00,0.29
2025-02-09T12:00,18.1,68,45,6.4,25,17.1,13.5,13.7,0.00,0.00,0.35
2025-02-09T13:00,18.6,66,29,11.5,27,17.7,13.4,13.7,0.00,0.00,0.34
2025-02-09T14:00,17.4,70,0,12.6,30,18.0,13.7,13.7,0.00,0.00,0.29
2025-02-09T15:00,17.5,71,0,10.9,51,18.1,14.0,13.7,0.00,0.00,0.27
2025-02-09T16:00,16.8,74,10,12.1,45,17.7,14.3,13.7,0.00,0.00,0.19
2025-02-09T17:00,15.4,80,2,10.5,40,16.9,14.5,13.7,0.00,0.00,0.09
2025-02-09T18:00,12.8,93,0,6.1,42,15.6,14.6,13.7,0.00,0.00,0.01
2025-02-09T19:00,11.7,96,14,4.3,45,14.4,14.6,13.8,0.00,0.00,0.00
2025-02-09T20:00,11.5,97,23,1.8,51,13.3,14.5,13.8,0.00,0.00,0.00
2025-02-09T21:00,11.3,97,18,0.5,59,12.5,14.4,13.8,0.00,0.00,0.00
2025-02-09T22:00,10.3,100,30,1.2,42,12.0,14.2,13.8,0.00,0.00,0.00
2025-02-09T23:00,10.3,99,45,4.1,241,12.0,14.1,13.8,0.00,0.00,0.00
2025-02-10T00:00,10.3,97,52,5.0,227,11.9,13.9,13.8,0.00,0.00,0.00
2025-02-10T01:00,10.4,97,94,4.7,272,12.3,13.9,13.8,0.00,0.00,0.00
2025-02-10T02:00,10.4,95,92,5.7,243,12.1,13.8,13.8,0.00,0.00,0.00
2025-02-10T03:00,10.0,94,72,6.1,240,11.8,13.7,13.8,0.00,0.00,0.00
2025-02-10T04:00,9.9,94,95,5.9,240,11.6,13.5,13.8,0.00,0.00,0.00
2025-02-10T05:00,9.9,94,100,5.4,241,11.4,13.4,13.8,0.00,0.00,0.00
2025-02-10T06:00,9.8,93,100,5.9,240,11.2,13.3,13.8,0.00,0.00,0.00
2025-02-10T07:00,9.9,93,100,6.7,242,11.2,13.1,13.8,0.00,0.00,0.00
2025-02-10T08:00,10.8,91,100,7.9,258,11.5,13.0,13.8,0.00,0.00,0.02
2025-02-10T09:00,11.9,92,100,7.6,272,12.0,13.0,13.8,0.00,0.00,0.05
2025-02-10T10:00,13.3,87,71,7.5,286,13.0,12.9,13.8,0.00,0.00,0.10
2025-02-10T11:00,15.2,77,55,6.1,297,14.4,13.0,13.8,0.00,0.00,0.23
2025-02-10T12:00,16.5,74,4,6.3,327,15.9,13.2,13.8,0.00,0.00,0.33
2025-02-10T13:00,17.7,71,39,4.9,351,17.5,13.6,13.9,0.00,0.00,0.37
2025-02-10T14:00,17.6,73,37,7.2,16,18.2,13.9,13.9,0.00,0.00,0.33
2025-02-10T15:00,17.0,76,55,10.2,30,18.3,14.2,13.9,0.00,0.00,0.27
2025-02-10T16:00,16.0,78,69,10.7,34,17.9,14.5,13.9,0.00,0.00,0.18
2025-02-10T17:00,14.7,83,76,8.9,33,17.0,14.7,13.9,0.00,0.00,0.09
2025-02-10T18:00,12.2,94,6,4.8,32,15.6,14.8,13.9,0.00,0.00,0.01
2025-02-10T19:00,11.4,96,0,1.0,21,14.2,14.8,13.9,0.00,0.00,0.00
2025-02-10T20:00,10.5,99,2,1.7,319,13.1,14.7,13.9,0.00,0.00,0.00
2025-02-10T21:00,9.8,99,19,3.6,270,12.3,14.5,13.9,0.00,0.00,0.00
2025-02-10T22:00,9.1,100,95,3.3,257,11.9,14.3,13.9,0.00,0.00,0.00
2025-02-10T23:00,9.0,100,92,3.7,276,11.6,14.1,13.9,0.00,0.00,0.00
2025-02-11T00:00,9.7,96,77,4.6,265,11.5,14.0,14.0,0.00,0.00,0.00
2025-02-11T01:00,9.3,98,94,4.9,255,12.6,14.1,14.0,0.00,0.00,0.00
2025-02-11T02:00,9.6,96,67,4.8,248,12.1,13.9,14.0,0.00,0.00,0.00
2025-02-11T03:00,9.6,96,73,4.8,247,11.8,13.8,14.0,0.00,0.00,0.00
2025-02-11T04:00,9.5,94,88,4.0,250,11.6,13.7,14.0,0.00,0.00,0.00
2025-02-11T05:00,9.3,94,92,2.4,234,11.4,13.5,14.0,0.00,0.00,0.00
2025-02-11T06:00,9.3,94,100,3.9,240,11.2,13.4,14.0,0.00,0.00,0.00
2025-02-11T07:00,9.2,96,100,4.8,253,11.0,13.2,14.0,0.00,0.00,0.00
2025-02-11T08:00,10.0,94,100,5.6,256,11.2,13.1,14.0,0.00,0.00,0.01
2025-02-11T09:00,11.5,92,100,5.8,275,11.9,13.0,14.0,0.00,0.00,0.07
2025-02-11T10:00,14.3,77,91,5.6,308,13.2,13.0,14.0,0.00,0.00,0.17
2025-02-11T11:00,16.7,65,98,5.2,327,14.8,13.1,14.0,0.00,0.00,0.27
2025-02-11T12:00,18.3,61,92,5.6,352,16.3,13.3,14.0,0.00,0.00,0.33
2025-02-11T13:00,17.5,69,81,9.7,11,16.3,13.3,14.0,0.00,0.00,0.31
2025-02-11T14:00,17.1,72,78,9.9,26,17.1,13.6,14.0,0.00,0.00,0.30
2025-02-11T15:00,17.0,72,64,9.1,44,17.5,13.9,14.0,0.00,0.00,0.26
2025-02-11T16:00,16.7,72,7,8.9,37,17.3,14.1,14.0,0.00,0.00,0.19
2025-02-11T17:00,15.5,76,0,5.6,42,16.6,14.3,14.0,0.00,0.00,0.09
2025-02-11T18:00,12.7,84,0,2.2,52,15.2,14.4,14.0,0.00,0.00,0.01
2025-02-11T19:00,12.0,85,0,1.8,74,13.8,14.4,14.0,0.00,0.00,0.00
2025-02-11T20:00,11.8,84,0,0.5,72,12.7,14.3,14.0,0.00,0.00,0.00
2025-02-11T21:00,10.7,85,3,3.6,207,12.0,14.2,14.0,0.00,0.00,0.00
2025-02-11T22:00,10.4,77,3,6.1,202,11.4,14.0,14.0,0.00,0.00,0.00
2025-02-11T23:00,10.4,68,21,7.7,222,11.1,13.8,14.0,0.00,0.00,0.02
2025-02-12T00:00,10.9,63,21,9.9,226,10.9,13.6,14.0,0.00,0.00,0.03
2025-02-12T01:00,10.6,65,35,8.2,225,10.0,13.6,14.1,0.00,0.00,0.02
2025-02-12T02:00,10.8,57,36,9.0,214,9.9,13.3,14.1,0.00,0.00,0.03
2025-02-12T03:00,11.0,52,86,11.2,214,10.0,13.1,14.1,0.00,0.00,0.05
2025-02-12T04:00,11.2,51,82,11.3,212,10.2,12.9,14.1,0.00,0.00,0.05
2025-02-12T05:00,9.6,59,100,7.2,222,10.0,12.8,14.1,0.00,0.00,0.02
2025-02-12T06:00,9.0,64,100,5.2,234,9.6,12.6,14.1,0.00,0.00,0.01
2025-02-12T07:00,8.1,69,66,6.4,249,9.1,12.4,14.0,0.00,0.00,0.01
2025-02-12T08:00,10.9,66,17,8.2,258,9.5,12.2,14.0,0.00,0.00,0.04
2025-02-12T09:00,14.4,65,23,10.3,239,11.0,12.1,14.0,0.00,0.00,0.13
2025-02-12T10:00,16.8,56,1,11.1,232,12.7,12.1,14.0,0.00,0.00,0.23
2025-02-12T11:00,18.2,57,3,8.8,255,14.4,12.3,14.0,0.00,0.00,0.31
2025-02-12T12:00,19.2,53,5,8.8,265,16.0,12.5,14.0,0.00,0.00,0.38
2025-02-12T13:00,20.4,50,14,9.7,290,17.6,13.1,14.0,0.00,0.00,0.41
2025-02-12T14:00,19.8,59,14,11.5,328,18.2,13.4,14.0,0.00,0.00,0.36
2025-02-12T15:00,18.1,69,9,15.2,337,18.3,13.8,14.0,0.00,0.00,0.28
2025-02-12T16:00,17.5,70,11,9.4,319,17.9,14.1,14.0,0.00,0.00,0.19
2025-02-12T17:00,16.4,74,41,5.0,322,17.1,14.3,14.0,0.00,0.00,0.09
2025-02-12T18:00,14.7,77,36,2.8,291,15.9,14.4,14.1,0.00,0.00,0.02
2025-02-12T19:00,13.6,75,47,6.0,254,14.7,14.5,14.1,0.00,0.00,0.01
2025-02-12T20:00,14.1,72,35,9.0,219,14.2,14.5,14.1,0.00,0.00,0.02
2025-02-12T21:00,13.3,70,39,9.2,212,13.8,14.4,14.1,0.00,0.00,0.02
2025-02-12T22:00,12.7,67,22,9.2,220,13.3,14.4,14.1,0.00,0.00,0.02
2025-02-12T23:00,12.2,66,0,9.9,221,12.9,14.3,14.1,0.00,0.00,0.03
2025-02-13T00:00,11.4,67,0,11.0,219,12.4,14.1,14.1,0.00,0.00,0.03
2025-02-13T01:00,11.5,67,0,9.9,212,13.1,14.1,14.1,0.00,0.00,0.03
2025-02-13T02:00,10.9,68,0,8.5,214,12.4,14.0,14.1,0.00,0.00,0.02
2025-02-13T03:00,10.1,70,0,7.0,215,11.8,13.9,14.1,0.00,0.00,0.01
2025-02-13T04:00,9.5,72,0,5.8,216,11.3,13.7,14.1,0.00,0.00,0.01
2025-02-13T05:00,9.1,72,0,4.4,203,10.7,13.6,14.1,0.00,0.00,0.00
2025-02-13T06:00,8.7,73,0,4.2,180,10.2,13.4,14.1,0.00,0.00,0.00
2025-02-13T07:00,8.3,74,0,4.1,166,9.8,13.1,14.1,0.00,0.00,0.00
2025-02-13T08:00,10.4,71,0,4.3,162,10.1,12.9,14.1,0.00,0.00,0.02
2025-02-13T09:00,14.1,66,0,5.4,181,11.5,12.8,14.1,0.00,0.00,0.12
2025-02-13T10:00,16.3,52,0,1.9,208,13.3,12.8,14.1,0.00,0.00,0.22
2025-02-13T11:00,17.2,49,0,0.5,323,15.1,12.9,14.1,0.00,0.00,0.31
2025-02-13T12:00,17.8,48,0,3.1,33,16.6,13.2,14.1,0.00,0.00,0.37
2025-02-13T13:00,18.6,49,0,4.4,25,17.9,13.5,14.1,0.00,0.00,0.39
2025-02-13T14:00,18.6,50,0,6.6,35,18.5,13.9,14.1,0.00,0.00,0.37
2025-02-13T15:00,18.3,52,1,9.1,39,18.6,14.2,14.1,0.00,0.00,0.31
2025-02-13T16:00,17.1,57,3,11.1,42,18.1,14.5,14.1,0.00,0.00,0.22
2025-02-13T17:00,15.6,65,3,8.4,54,17.1,14.7,14.1,0.00,0.00,0.11
2025-02-13T18:00,12.6,77,2,5.6,63,15.7,14.8,14.1,0.00,0.00,0.02
2025-02-13T19:00,12.1,77,1,2.0,73,14.2,14.8,14.1,0.00,0.00,0.00
2025-02-13T20:00,11.7,76,0,0.9,78,13.1,14.7,14.2,0.00,0.00,0.00
2025-02-13T21:00,11.3,76,0,0.9,83,12.2,14.5,14.2,0.00,0.00,0.00
2025-02-13T22:00,10.5,79,0,3.3,189,11.6,14.3,14.2,0.00,0.00,0.00
2025-02-13T23:00,9.9,80,0,3.3,200,11.0,14.1,14.2,0.00,0.00,0.00
2025-02-14T00:00,9.5,80,0,2.3,190,10.6,13.9,14.2,0.00,0.00,0.00
2025-02-14T01:00,9.6,78,0,3.1,204,10.5,13.8,14.2,0.00,0.00,0.00
2025-02-14T02:00,9.1,78,0,3.9,225,10.1,13.6,14.2,0.00,0.00,0.00
2025-02-14T03:00,8.4,79,0,4.2,243,9.7,13.3,14.2,0.00,0.00,0.00
2025-02-14T04:00,7.8,80,0,3.8,239,9.4,13.1,14.2,0.00,0.00,0.00
2025-02-14T05:00,7.7,78,0,2.9,225,9.1,12.9,14.2,0.00,0.00,0.00
2025-02-14T06:00,7.8,75,0,3.4,228,8.8,12.6,14.2,0.00,0.00,0.00
2025-02-14T07:00,7.5,76,0,5.2,236,8.6,12.4,14.2,0.00,0.00,0.00
2025-02-14T08:00,10.3,71,0,5.1,238,9.0,12.2,14.2,0.00,0.00,0.03
2025-02-14T09:00,13.9,67,0,5.1,247,10.6,12.1,14.2,0.00,0.00,0.12
2025-02-14T10:00,16.5,60,0,5.3,292,12.6,12.1,14.1,0.00,0.00,0.23
2025-02-14T11:00,18.0,53,0,5.2,333,14.5,12.2,14.1,0.00,0.00,0.33
2025-02-14T12:00,19.0,52,0,6.3,1,16.2,12.5,14.1,0.00,0.00,0.39
2025-02-14T13:00,19.8,52,0,7.5,18,17.1,12.8,14.1,0.00,0.00,0.41
2025-02-14T14:00,19.6,53,0,9.4,30,17.9,13.1,14.1,0.00,0.00,0.39
2025-02-14T15:00,19.0,53,0,10.1,37,18.2,13.5,14.1,0.00,0.00,0.32
2025-02-14T16:00,18.3,56,0,9.1,37,17.9,13.8,14.1,0.00,0.00,0.23
2025-02-14T17:00,16.6,69,0,5.3,35,17.1,14.0,14.1,0.00,0.00,0.11
2025-02-14T18:00,13.6,77,0,1.7,32,15.4,14.2,14.1,0.00,0.00,0.01
2025-02-14T19:00,12.6,79,0,1.6,339,14.0,14.2,14.1,0.00,0.00,0.00
2025-02-14T20:00,11.5,83,0,2.5,307,12.8,14.1,14.1,0.00,0.00,0.00
2025-02-14T21:00,10.7,86,0,1.9,286,12.0,14.0,14.1,0.00,0.00,0.00
2025-02-14T22:00,10.1,87,0,3.3,256,11.3,13.9,14.2,0.00,0.00,0.00
2025-02-14T23:00,9.5,89,0,3.8,263,10.8,13.7,14.2,0.00,0.00,0.00
2025-02-15T00:00,9.3,87,0,3.2,273,10.3,13.5,14.2,0.00,0.00,0.00
2025-02-15T01:00,8.5,84,0,3.8,263,9.6,13.4,14.2,0.00,0.00,0.00
2025-02-15T02:00,8.0,85,0,4.4,269,9.4,13.2,14.2,0.00,0.00,0.00
2025-02-15T03:00,8.3,79,0,2.7,264,9.1,12.9,14.2,0.00,0.00,0.00
2025-02-15T04:00,8.6,74,0,1.8,265,8.8,12.7,14.2,0.00,0.00,0.00
2025-02-15T05:00,8.6,71,0,1.4,279,8.6,12.4,14.2,0.00,0.00,0.00
2025-02-15T06:00,8.6,69,0,1.7,264,8.4,12.2,14.1,0.00,0.00,0.00
2025-02-15T07:00,8.5,67,0,1.7,248,8.1,12.0,14.1,0.00,0.00,0.00
2025-02-15T08:00,10.8,69,0,1.8,188,8.7,11.8,14.1,0.00,0.00,0.02
2025-02-15T09:00,14.1,62,99,4.2,225,10.4,11.7,14.1,0.00,0.00,0.12
2025-02-15T10:00,16.7,56,100,4.7,274,12.4,11.7,14.1,0.00,0.00,0.23
2025-02-15T11:00,18.9,50,99,3.3,307,14.5,11.9,14.1,0.00,0.00,0.33
2025-02-15T12:00,20.3,48,80,4.2,358,16.3,12.2,14.1,0.00,0.00,0.40
2025-02-15T13:00,21.0,51,100,6.1,14,17.2,12.5,14.1,0.00,0.00,0.43
2025-02-15T14:00,20.7,52,100,9.0,26,18.2,12.9,14.1,0.00,0.00,0.40
2025-02-15T15:00,19.5,53,100,10.2,36,18.2,13.2,14.1,0.00,0.00,0.30
2025-02-15T16:00,17.8,61,100,8.4,26,17.6,13.6,14.1,0.00,0.00,0.16
2025-02-15T17:00,16.2,73,100,6.3,26,16.8,13.8,14.1,0.00,0.00,0.09
2025-02-15T18:00,12.8,88,100,4.4,26,15.4,14.0,14.1,0.00,0.00,0.01
2025-02-15T19:00,12.4,91,100,2.5,350,14.3,14.0,14.1,0.00,0.00,0.00
2025-02-15T20:00,11.9,91,100,2.0,98,13.5,14.0,14.1,0.00,0.00,0.00
2025-02-15T21:00,12.2,89,100,1.5,108,13.0,13.9,14.1,0.00,0.00,0.00
2025-02-15T22:00,12.2,87,100,2.0,340,12.6,13.9,14.1,0.00,0.00,0.00
2025-02-15T23:00,11.3,91,100,4.1,297,12.3,13.8,14.1,0.00,0.00,0.00
2025-02-16T00:00,10.7,92,82,3.1,307,12.0,13.7,14.1,0.00,0.00,0.00
2025-02-16T01:00,9.8,99,73,3.0,302,11.8,13.7,14.1,0.00,0.00,0.00
2025-02-16T02:00,10.0,97,100,6.1,278,11.5,13.6,14.1,0.00,0.00,0.00
2025-02-16T03:00,10.1,97,80,9.3,260,11.4,13.5,14.1,0.00,0.00,0.00
2025-02-16T04:00,10.5,94,100,8.2,267,11.4,13.4,14.1,0.00,0.00,0.00
2025-02-16T05:00,10.9,91,100,7.4,249,11.4,13.2,14.1,0.00,0.00,0.00
2025-02-16T06:00,10.7,88,100,5.3,236,11.3,13.1,14.1,0.00,0.00,0.00
2025-02-16T07:00,10.3,87,100,7.9,250,11.2,13.0,14.1,0.00,0.00,0.00
2025-02-16T08:00,11.1,89,100,12.0,259,11.5,12.9,14.1,0.00,0.00,0.03
2025-02-16T09:00,14.2,75,100,11.1,252,12.3,12.9,14.1,0.00,0.00,0.10
2025-02-16T10:00,16.6,63,100,16.8,245,13.6,12.9,14.1,0.10,0.10,0.21
2025-02-16T11:00,17.3,68,100,17.7,261,14.6,13.0,14.1,0.10,0.10,0.21
2025-02-16T12:00,18.1,65,100,17.0,280,15.3,13.2,14.1,0.30,0.30,0.22
2025-02-16T13:00,17.5,73,98,16.8,308,15.4,13.2,14.1,0.90,0.90,0.26
2025-02-16T14:00,17.3,75,100,14.2,320,15.7,13.4,14.1,1.50,1.50,0.22
2025-02-16T15:00,17.6,67,100,10.5,331,16.0,13.6,14.1,0.10,0.10,0.23
2025-02-16T16:00,17.3,67,100,8.5,318,16.3,13.8,14.1,0.00,0.00,0.19
2025-02-16T17:00,16.6,72,28,3.9,309,16.1,14.0,14.1,0.00,0.00,0.09
2025-02-16T18:00,14.3,78,4,0.2,288,14.9,14.1,14.1,0.00,0.00,0.01
2025-02-16T19:00,13.0,82,0,2.0,178,13.7,14.1,14.1,0.00,0.00,0.00
2025-02-16T20:00,11.5,86,0,4.7,181,12.8,14.0,14.1,0.00,0.00,0.00
2025-02-16T21:00,10.7,89,0,5.9,187,12.2,13.9,14.1,0.00,0.00,0.00
2025-02-16T22:00,10.1,89,0,7.2,198,11.7,13.8,14.1,0.00,0.00,0.00
2025-02-16T23:00,9.8,86,0,6.8,196,11.4,13.6,14.1,0.00,0.00,0.00
2025-02-17T00:00,9.5,86,0,6.2,202,11.0,13.5,14.1,0.00,0.00,0.00
2025-02-17T01:00,9.5,83,0,5.2,201,11.3,13.4,14.1,0.00,0.00,0.00
2025-02-17T02:00,9.4,82,0,5.9,214,10.8,13.3,14.1,0.00,0.00,0.00
2025-02-17T03:00,9.5,80,0,6.6,227,10.4,13.1,14.1,0.00,0.00,0.00
2025-02-17T04:00,9.3,79,0,6.6,229,10.1,13.0,14.1,0.00,0.00,0.00
2025-02-17T05:00,9.1,79,0,7.3,231,9.9,12.8,14.1,0.00,0.00,0.00
2025-02-17T06:00,9.1,79,0,7.7,225,9.8,12.6,14.1,0.00,0.00,0.00
2025-02-17T07:00,8.9,80,0,6.8,227,9.6,12.5,14.1,0.00,0.00,0.00
2025-02-17T08:00,11.9,71,0,7.1,232,10.1,12.3,14.1,0.00,0.00,0.04
2025-02-17T09:00,15.1,66,0,7.1,236,11.5,12.3,14.1,0.00,0.00,0.13
2025-02-17T10:00,17.4,59,0,7.4,256,13.4,12.3,14.1,0.00,0.00,0.24
2025-02-17T11:00,18.9,52,0,6.5,273,15.2,12.5,14.1,0.00,0.00,0.34
2025-02-17T12:00,19.8,48,0,4.7,300,16.8,12.8,14.1,0.00,0.00,0.40
2025-02-17T13:00,20.5,48,0,5.2,360,17.9,13.0,14.1,0.00,0.00,0.42
2025-02-17T14:00,20.3,51,0,9.6,20,18.6,13.4,14.1,0.00,0.00,0.40
2025-02-17T15:00,19.3,54,0,12.7,28,18.8,13.8,14.1,0.00,0.00,0.33
2025-02-17T16:00,18.3,55,7,12.1,44,18.4,14.1,14.1,0.00,0.00,0.24
2025-02-17T17:00,17.0,62,98,8.7,52,17.5,14.3,14.1,0.00,0.00,0.13
2025-02-17T18:00,14.1,73,100,7.1,65,16.1,14.5,14.1,0.00,0.00,0.03
2025-02-17T19:00,13.0,77,100,2.9,64,14.8,14.5,14.1,0.00,0.00,0.00
2025-02-17T20:00,12.7,78,100,0.8,50,13.7,14.5,14.1,0.00,0.00,0.00
2025-02-17T21:00,11.8,82,100,0.4,53,12.9,14.4,14.1,0.00,0.00,0.00
2025-02-17T22:00,10.7,86,95,0.7,36,12.3,14.3,14.1,0.00,0.00,0.00
2025-02-17T23:00,9.6,90,91,1.7,11,11.7,14.1,14.1,0.00,0.00,0.00
2025-02-18T00:00,9.1,91,99,2.3,340,11.2,14.0,14.2,0.00,0.00,0.00
2025-02-18T01:00,9.0,87,93,3.1,321,11.1,13.9,14.2,0.00,0.00,0.00
2025-02-18T02:00,8.8,84,60,2.7,284,10.7,13.7,14.2,0.00,0.00,0.00
2025-02-18T03:00,8.9,80,60,3.5,188,10.2,13.5,14.2,0.00,0.00,0.00
2025-02-18T04:00,9.1,78,31,4.1,198,9.9,13.3,14.2,0.00,0.00,0.00
2025-02-18T05:00,9.4,78,45,4.6,188,9.6,13.1,14.2,0.00,0.00,0.00
2025-02-18T06:00,9.2,80,0,4.9,192,9.5,12.9,14.2,0.00,0.00,0.00
2025-02-18T07:00,9.0,80,0,5.6,188,9.3,12.7,14.2,0.00,0.00,0.00
2025-02-18T08:00,12.3,71,16,6.5,192,9.9,12.5,14.2,0.00,0.00,0.04
2025-02-18T09:00,17.0,63,0,7.3,209,11.6,12.4,14.1,0.00,0.00,0.15
2025-02-18T10:00,20.8,52,19,5.0,230,13.8,12.5,14.1,0.00,0.00,0.27
2025-02-18T11:00,23.5,34,94,12.6,200,15.9,12.7,14.1,0.00,0.00,0.42
2025-02-18T12:00,25.2,30,100,12.1,216,17.6,13.0,14.1,0.00,0.00,0.50
2025-02-18T13:00,25.0,32,100,11.3,265,18.7,13.4,14.1,0.00,0.00,0.48
2025-02-18T14:00,23.4,44,100,12.1,335,19.4,13.8,14.1,0.00,0.00,0.42
2025-02-18T15:00,20.6,63,100,9.3,15,19.4,14.1,14.1,0.00,0.00,0.28
2025-02-18T16:00,19.3,65,100,12.1,69,19.0,14.5,14.1,0.00,0.00,0.21
2025-02-18T17:00,17.6,71,100,9.9,41,18.1,14.7,14.2,0.00,0.00,0.11
2025-02-18T18:00,14.7,83,78,5.6,67,16.8,14.9,14.2,0.00,0.00,0.02
2025-02-18T19:00,15.3,81,92,1.5,79,16.0,15.0,14.2,0.00,0.00,0.00
2025-02-18T20:00,15.4,80,93,0.5,77,15.4,15.0,14.2,0.00,0.00,0.00
2025-02-18T21:00,15.0,81,100,0.6,6,14.9,15.0,14.2,0.00,0.00,0.00
2025-02-18T22:00,15.2,80,71,0.7,351,14.6,15.0,14.2,0.00,0.00,0.00
2025-02-18T23:00,13.8,81,60,8.7,264,14.2,14.9,14.2,0.00,0.00,0.01
2025-02-19T00:00,13.1,81,58,1.1,288,13.7,14.8,14.2,0.00,0.00,0.00
2025-02-19T01:00,13.4,82,74,3.8,276,13.8,14.7,14.2,0.00,0.00,0.00
2025-02-19T02:00,13.0,83,94,4.3,288,13.3,14.6,14.2,0.00,0.00,0.00
2025-02-19T03:00,12.2,93,93,2.7,311,12.9,14.5,14.2,0.00,0.00,0.00
2025-02-19T04:00,11.3,89,84,5.4,247,12.4,14.4,14.2,0.00,0.00,0.00
2025-02-19T05:00,11.7,87,90,4.9,257,12.3,14.3,14.2,0.00,0.00,0.00
2025-02-19T06:00,11.9,84,100,4.6,251,12.3,14.1,14.3,0.00,0.00,0.00
2025-02-19T07:00,11.8,84,99,5.2,230,12.1,14.0,14.3,0.00,0.00,0.02
2025-02-19T08:00,13.5,83,91,8.1,241,12.5,13.9,14.3,0.00,0.00,0.04
2025-02-19T09:00,15.8,80,92,6.0,239,13.6,13.9,14.3,0.00,0.00,0.11
2025-02-19T10:00,17.2,73,85,6.4,256,15.0,13.9,14.3,0.00,0.00,0.20
2025-02-19T11:00,18.7,64,10,7.6,289,16.7,14.0,14.3,0.00,0.00,0.33
2025-02-19T12:00,19.3,59,24,6.5,322,18.0,14.3,14.3,0.00,0.00,0.36
2025-02-19T13:00,19.6,56,55,10.0,319,18.4,14.3,14.3,0.00,0.00,0.36
2025-02-19T14:00,17.4,77,89,11.2,43,18.5,14.6,14.3,0.70,0.70,0.27
2025-02-19T15:00,17.2,79,79,3.4,83,18.1,14.8,14.3,0.10,0.10,0.20
2025-02-19T16:00,17.3,80,35,9.6,25,17.8,15.0,14.3,0.10,0.10,0.14
2025-02-19T17:00,16.2,85,41,8.3,6,17.2,15.2,14.3,0.00,0.00,0.09
2025-02-19T18:00,13.9,94,30,3.1,19,16.2,15.3,14.3,0.00,0.00,0.01
2025-02-19T19:00,13.2,96,37,1.0,22,15.1,15.3,14.3,0.00,0.00,0.00
2025-02-19T20:00,13.1,97,29,1.7,58,14.4,15.2,14.3,0.00,0.00,0.00
2025-02-19T21:00,12.8,98,47,1.4,90,13.9,15.1,14.3,0.00,0.00,0.00
2025-02-19T22:00,12.3,99,34,0.2,66,13.3,15.0,14.3,0.00,0.00,0.00
2025-02-19T23:00,11.3,100,99,2.4,225,13.0,14.9,14.3,0.00,0.00,0.00
2025-02-20T00:00,11.3,100,95,6.2,214,13.0,14.7,14.3,0.00,0.00,0.00
2025-02-20T01:00,11.0,98,72,4.7,244,12.6,14.6,14.4,0.00,0.00,0.00
2025-02-20T02:00,11.4,95,63,3.7,221,12.5,14.5,14.4,0.00,0.00,0.00
2025-02-20T03:00,11.4,92,67,3.5,210,12.4,14.3,14.4,0.00,0.00,0.00
2025-02-20T04:00,11.1,93,60,3.0,217,12.3,14.2,14.4,0.00,0.00,0.00
2025-02-20T05:00,10.8,95,62,3.1,219,12.0,14.1,14.4,0.00,0.00,0.00
2025-02-20T06:00,10.9,94,100,3.8,209,11.9,13.9,14.4,0.00,0.00,0.00
2025-02-20T07:00,10.6,93,100,4.2,215,11.7,13.8,14.4,0.00,0.00,0.01
2025-02-20T08:00,12.0,90,100,5.9,217,12.0,13.7,14.4,0.00,0.00,0.03
2025-02-20T09:00,13.6,86,72,5.6,229,12.9,13.6,14.4,0.00,0.00,0.09
2025-02-20T10:00,15.6,80,10,4.7,256,14.3,13.6,14.4,0.00,0.00,0.19
2025-02-20T11:00,17.3,74,1,4.8,333,16.1,13.8,14.4,0.00,0.00,0.31
2025-02-20T12:00,18.4,69,0,6.9,5,17.6,14.0,14.4,0.00,0.00,0.38
2025-02-20T13:00,18.8,66,26,7.7,27,18.5,14.3,14.4,0.00,0.00,0.39
2025-02-20T14:00,18.9,66,31,8.4,34,19.2,14.6,14.4,0.00,0.00,0.36
2025-02-20T15:00,18.1,70,14,12.5,37,19.3,14.9,14.4,0.00,0.00,0.29
2025-02-20T16:00,17.0,75,6,12.8,41,18.9,15.2,14.4,0.00,0.00,0.21
2025-02-20T17:00,15.9,80,7,10.2,43,18.1,15.4,14.4,0.00,0.00,0.11
2025-02-20T18:00,13.4,93,10,5.3,49,16.7,15.5,14.4,0.00,0.00,0.01
2025-02-20T19:00,12.3,95,10,4.3,58,15.3,15.5,14.4,0.00,0.00,0.00
2025-02-20T20:00,11.9,96,2,1.9,60,14.2,15.4,14.4,0.00,0.00,0.00
2025-02-20T21:00,11.6,96,0,1.0,51,13.3,15.3,14.4,0.00,0.00,0.00
2025-02-20T22:00,11.2,97,0,0.8,40,12.4,15.1,14.5,0.00,0.00,0.00
2025-02-20T23:00,10.6,99,20,1.3,5,12.0,14.9,14.5,0.00,0.00,0.00
2025-02-21T00:00,11.0,98,100,6.0,259,12.0,14.7,14.5,0.00,0.00,0.00
2025-02-21T01:00,11.1,99,100,5.9,247,12.5,14.7,14.5,0.00,0.00,0.00
2025-02-21T02:00,10.5,98,96,3.5,241,12.4,14.5,14.5,0.00,0.00,0.00
2025-02-21T03:00,10.6,97,98,3.2,250,12.3,14.4,14.5,0.00,0.00,0.00
2025-02-21T04:00,10.7,98,100,3.1,259,12.2,14.3,14.5,0.00,0.00,0.00
2025-02-21T05:00,10.3,97,100,1.9,228,11.9,14.1,14.5,0.00,0.00,0.00
2025-02-21T06:00,10.5,95,96,1.9,233,11.8,14.0,14.5,0.00,0.00,0.00
2025-02-21T07:00,10.5,94,90,2.5,273,11.7,13.8,14.5,0.00,0.00,0.01
2025-02-21T08:00,11.6,92,86,4.0,313,12.1,13.7,14.5,0.00,0.00,0.02
2025-02-21T09:00,14.1,86,59,6.1,324,13.2,13.7,14.5,0.00,0.00,0.10
2025-02-21T10:00,16.1,79,57,5.4,352,14.5,13.7,14.5,0.00,0.00,0.18
2025-02-21T11:00,18.2,74,25,6.7,14,16.1,13.8,14.5,0.00,0.00,0.29
2025-02-21T12:00,20.3,71,97,5.4,20,17.8,14.1,14.5,0.00,0.00,0.38
2025-02-21T13:00,20.5,70,100,13.2,21,18.9,14.3,14.5,0.00,0.00,0.38
2025-02-21T14:00,19.8,68,100,14.9,27,19.5,14.6,14.5,0.00,0.00,0.36
2025-02-21T15:00,18.6,67,100,12.6,25,19.3,14.9,14.5,0.00,0.00,0.26
2025-02-21T16:00,17.9,70,100,8.1,70,18.8,15.2,14.5,0.00,0.00,0.17
2025-02-21T17:00,17.7,74,100,5.6,61,18.2,15.4,14.5,0.00,0.00,0.10
2025-02-21T18:00,15.2,84,88,3.4,55,17.0,15.5,14.5,0.00,0.00,0.02
2025-02-21T19:00,15.0,84,38,0.5,94,15.8,15.5,14.5,0.00,0.00,0.00
2025-02-21T20:00,13.4,90,14,3.3,309,14.7,15.5,14.5,0.00,0.00,0.00
2025-02-21T21:00,12.5,93,4,1.0,290,13.8,15.4,14.6,0.00,0.00,0.00
2025-02-21T22:00,11.6,91,3,3.1,273,13.1,15.2,14.6,0.00,0.00,0.00
2025-02-21T23:00,11.4,89,25,2.3,295,12.5,15.1,14.6,0.00,0.00,0.00
2025-02-22T00:00,11.7,86,4,1.5,236,12.2,14.9,14.6,0.00,0.00,0.00
2025-02-22T01:00,11.3,91,24,2.4,324,11.8,14.9,14.6,0.00,0.00,0.00
2025-02-22T02:00,10.7,91,42,4.0,274,11.6,14.7,14.6,0.00,0.00,0.00
2025-02-22T03:00,10.5,88,100,5.3,253,11.5,14.5,14.6,0.00,0.00,0.00
2025-02-22T04:00,10.4,80,100,5.2,230,11.4,14.3,14.6,0.00,0.00,0.00
2025-02-22T05:00,10.6,73,100,4.7,202,11.4,14.1,14.6,0.00,0.00,0.00
2025-02-22T06:00,11.0,76,100,3.8,220,11.3,13.9,14.6,0.00,0.00,0.00
2025-02-22T07:00,11.6,75,100,0.7,241,11.2,13.8,14.6,0.00,0.00,0.01
2025-02-22T08:00,13.5,72,100,1.5,270,11.7,13.6,14.6,0.00,0.00,0.03
2025-02-22T09:00,15.5,66,100,2.8,9,12.9,13.6,14.6,0.00,0.00,0.10
2025-02-22T10:00,16.9,70,100,6.0,354,14.2,13.6,14.6,0.00,0.00,0.16
2025-02-22T11:00,17.8,74,100,7.8,360,15.6,13.7,14.6,0.00,0.00,0.23
2025-02-22T12:00,18.4,69,100,3.9,13,16.7,13.9,14.6,0.00,0.00,0.26
2025-02-22T13:00,18.7,74,100,10.0,16,16.9,14.2,14.6,0.00,0.00,0.16
2025-02-22T14:00,17.6,75,100,11.5,35,17.1,14.4,14.6,0.00,0.00,0.16
2025-02-22T15:00,18.0,71,100,10.1,46,17.5,14.6,14.6,0.00,0.00,0.22
2025-02-22T16:00,16.1,81,100,9.9,338,17.1,14.7,14.6,0.80,0.80,0.12
2025-02-22T17:00,15.1,93,98,4.5,89,16.0,14.8,14.6,0.60,0.60,0.03
2025-02-22T18:00,14.4,96,97,7.9,39,15.3,14.9,14.6,0.60,0.60,0.02
2025-02-22T19:00,13.9,92,100,2.4,159,14.7,14.9,14.6,1.40,1.40,0.00
2025-02-22T20:00,13.6,92,91,3.4,213,14.2,14.8,14.6,0.40,0.40,0.00
2025-02-22T21:00,12.8,92,2,9.9,212,13.5,14.8,14.6,0.00,0.00,0.00
2025-02-22T22:00,11.9,87,10,10.1,213,12.8,14.7,14.6,0.00,0.00,0.00
2025-02-22T23:00,11.5,83,17,10.1,223,12.2,14.5,14.6,0.20,0.20,0.01
2025-02-23T00:00,11.1,85,21,9.7,225,11.7,14.3,14.6,0.10,0.10,0.00
2025-02-23T01:00,11.8,79,24,9.7,238,12.1,14.3,14.6,0.00,0.00,0.01
2025-02-23T02:00,11.4,80,23,9.4,243,11.7,14.1,14.6,0.00,0.00,0.01
2025-02-23T03:00,10.8,84,36,9.7,238,11.4,14.0,14.6,0.00,0.00,0.00
2025-02-23T04:00,10.9,85,25,11.0,237,11.2,13.8,14.6,0.00,0.00,0.01
2025-02-23T05:00,10.8,85,23,10.4,234,11.2,13.6,14.6,0.00,0.00,0.00
2025-02-23T06:00,10.1,92,80,6.8,185,11.0,13.5,14.6,2.50,2.50,0.00
2025-02-23T07:00,9.9,95,72,5.9,204,10.9,13.3,14.6,0.80,0.80,0.01
2025-02-23T08:00,11.0,88,64,12.4,237,11.0,13.2,14.6,0.00,0.00,0.03
2025-02-23T09:00,12.3,83,92,2.7,191,11.8,13.1,14.6,0.50,0.50,0.07
2025-02-23T10:00,13.5,78,12,6.0,191,12.8,13.1,14.6,0.90,0.90,0.15
2025-02-23T11:00,15.5,69,14,6.3,274,14.5,13.1,14.6,0.00,0.00,0.30
2025-02-23T12:00,16.4,65,5,5.7,311,15.9,13.3,14.6,0.00,0.00,0.33
2025-02-23T13:00,17.3,61,18,10.6,352,17.5,13.7,14.6,0.00,0.00,0.38
2025-02-23T14:00,17.0,63,32,10.6,6,17.8,14.0,14.6,0.50,0.50,0.34
2025-02-23T15:00,16.6,64,19,9.7,19,17.6,14.2,14.6,0.20,0.20,0.29
2025-02-23T16:00,16.3,65,1,8.2,24,17.4,14.5,14.6,0.00,0.00,0.21
2025-02-23T17:00,15.5,68,0,6.4,46,16.7,14.6,14.6,0.00,0.00,0.12
2025-02-23T18:00,12.6,83,0,5.2,46,15.4,14.7,14.6,0.00,0.00,0.02
2025-02-23T19:00,11.5,88,0,3.9,61,14.1,14.7,14.6,0.00,0.00,0.00
2025-02-23T20:00,11.0,87,0,1.5,81,13.0,14.6,14.6,0.00,0.00,0.00
2025-02-23T21:00,10.5,88,8,1.1,8,12.2,14.5,14.6,0.00,0.00,0.00
2025-02-23T22:00,10.1,90,1,1.4,3,11.7,14.3,14.6,0.00,0.00,0.00
2025-02-23T23:00,9.6,90,10,2.7,315,11.2,14.1,14.6,0.00,0.00,0.00
2025-02-24T00:00,9.3,91,21,3.4,238,11.0,13.9,14.6,0.00,0.00,0.00
2025-02-24T01:00,10.0,92,18,3.5,167,11.9,13.9,14.6,0.00,0.00,0.00
2025-02-24T02:00,9.0,92,1,2.1,126,11.4,13.8,14.6,0.00,0.00,0.00
2025-02-24T03:00,8.4,92,0,1.4,79,10.9,13.6,14.6,0.00,0.00,0.00
2025-02-24T04:00,8.1,92,0,2.1,345,10.4,13.4,14.6,0.00,0.00,0.00
2025-02-24T05:00,8.2,92,9,5.1,254,10.1,13.2,14.6,0.00,0.00,0.00
2025-02-24T06:00,7.6,95,12,5.9,222,10.0,13.1,14.6,0.00,0.00,0.00
2025-02-24T07:00,6.9,97,1,4.1,226,9.7,12.9,14.6,0.00,0.00,0.01
2025-02-24T08:00,9.6,90,2,5.5,255,10.2,12.7,14.6,0.00,0.00,0.03
2025-02-24T09:00,14.0,78,2,5.8,261,11.7,12.6,14.6,0.00,0.00,0.13
2025-02-24T10:00,15.9,69,15,4.2,278,13.6,12.7,14.6,0.00,0.00,0.24
2025-02-24T11:00,17.3,64,10,5.0,335,15.4,12.8,14.6,0.00,0.00,0.33
2025-02-24T12:00,18.0,63,78,9.3,343,16.8,13.1,14.6,0.00,0.00,0.36
2025-02-24T13:00,17.4,65,90,10.9,5,17.3,13.3,14.5,0.00,0.00,0.29
2025-02-24T14:00,17.4,67,100,10.4,50,17.9,13.6,14.5,0.00,0.00,0.32
2025-02-24T15:00,17.5,66,100,9.6,40,18.1,14.0,14.5,0.00,0.00,0.28
2025-02-24T16:00,17.1,68,100,10.7,40,17.9,14.2,14.5,0.00,0.00,0.21
2025-02-24T17:00,15.7,72,100,9.1,42,17.0,14.5,14.5,0.00,0.00,0.10
2025-02-24T18:00,13.5,84,100,4.4,44,15.9,14.6,14.6,0.00,0.00,0.02
2025-02-24T19:00,12.7,87,46,1.9,55,14.5,14.6,14.6,0.00,0.00,0.00
2025-02-24T20:00,12.2,88,0,1.5,80,13.4,14.6,14.6,0.00,0.00,0.00
2025-02-24T21:00,11.7,89,4,1.0,22,12.6,14.5,14.6,0.00,0.00,0.00
2025-02-24T22:00,10.9,90,0,2.2,328,11.9,14.3,14.6,0.00,0.00,0.00
2025-02-24T23:00,9.9,86,0,2.9,200,11.4,14.1,14.6,0.00,0.00,0.00
2025-02-25T00:00,9.0,86,0,4.4,242,11.0,14.0,14.6,0.00,0.00,0.00
2025-02-25T01:00,9.2,88,2,4.9,236,11.2,13.9,14.6,0.00,0.00,0.00
2025-02-25T02:00,8.9,87,19,6.0,251,10.9,13.7,14.6,0.00,0.00,0.00
2025-02-25T03:00,9.2,84,21,8.1,246,10.7,13.5,14.6,0.00,0.00,0.00
2025-02-25T04:00,9.6,81,37,9.0,236,10.6,13.4,14.6,0.00,0.00,0.00
2025-02-25T05:00,9.5,80,77,8.2,232,10.4,13.2,14.6,0.00,0.00,0.00
2025-02-25T06:00,9.3,81,99,8.3,237,10.3,13.0,14.6,0.00,0.00,0.00
2025-02-25T07:00,9.0,85,96,9.0,240,10.1,12.9,14.5,0.00,0.00,0.02
2025-02-25T08:00,11.7,78,100,10.9,234,10.7,12.7,14.5,0.00,0.00,0.05
2025-02-25T09:00,15.5,70,100,9.1,239,12.2,12.7,14.5,0.00,0.00,0.15
2025-02-25T10:00,18.4,57,100,13.7,247,14.0,12.8,14.5,0.00,0.00,0.28
2025-02-25T11:00,19.9,49,100,14.5,252,15.7,12.9,14.5,0.00,0.00,0.38
2025-02-25T12:00,20.5,47,100,12.3,262,17.1,13.2,14.5,0.00,0.00,0.43
2025-02-25T13:00,21.6,44,100,10.1,260,18.3,13.5,14.5,0.00,0.00,0.43
2025-02-25T14:00,21.6,47,100,11.3,286,18.8,13.9,14.5,0.00,0.00,0.36
2025-02-25T15:00,20.9,49,94,10.0,326,19.1,14.2,14.5,0.00,0.00,0.34
2025-02-25T16:00,20.0,47,91,9.5,338,18.9,14.5,14.5,0.00,0.00,0.26
2025-02-25T17:00,18.6,64,98,1.9,328,18.2,14.8,14.5,0.00,0.00,0.12
2025-02-25T18:00,16.3,57,98,0.8,311,16.7,15.0,14.5,0.00,0.00,0.02
2025-02-25T19:00,15.3,57,100,2.7,264,15.2,15.0,14.5,0.00,0.00,0.00
2025-02-25T20:00,14.6,60,100,8.2,229,14.3,15.0,14.5,0.00,0.00,0.03
2025-02-25T21:00,14.1,61,21,11.4,203,13.9,14.9,14.5,0.00,0.00,0.04
2025-02-25T22:00,13.5,65,19,9.9,211,13.6,14.8,14.5,0.00,0.00,0.03
2025-02-25T23:00,12.8,71,27,6.0,237,13.2,14.7,14.5,0.00,0.00,0.01
2025-02-26T00:00,12.8,71,84,1.8,262,12.7,14.6,14.5,0.00,0.00,0.00
2025-02-26T01:00,14.2,71,95,1.2,272,14.6,14.7,14.6,0.00,0.00,0.00
2025-02-26T02:00,13.6,76,99,4.0,236,14.1,14.6,14.6,0.20,0.20,0.00
2025-02-26T03:00,13.2,81,100,6.6,193,13.6,14.6,14.6,0.20,0.20,0.00
2025-02-26T04:00,12.8,87,100,5.6,197,13.3,14.5,14.6,0.00,0.00,0.00
2025-02-26T05:00,12.3,94,92,6.3,191,13.0,14.4,14.6,0.10,0.10,0.00
2025-02-26T06:00,11.5,96,100,5.9,173,12.7,14.3,14.6,0.10,0.10,0.00
2025-02-26T07:00,11.0,98,100,6.6,152,12.3,14.2,14.6,0.10,0.10,0.01
2025-02-26T08:00,12.9,93,22,6.9,179,12.6,14.1,14.6,0.00,0.00,0.03
2025-02-26T09:00,15.1,81,37,3.7,199,13.7,14.0,14.6,0.00,0.00,0.12
2025-02-26T10:00,16.8,73,13,1.5,229,15.2,14.1,14.6,0.00,0.00,0.24
2025-02-26T11:00,17.7,67,42,4.8,9,16.7,14.2,14.6,0.10,0.10,0.31
2025-02-26T12:00,18.4,65,47,6.3,4,17.9,14.4,14.6,0.10,0.10,0.35
2025-02-26T13:00,19.0,59,21,7.0,360,18.4,14.5,14.6,0.00,0.00,0.32
2025-02-26T14:00,19.2,57,12,8.7,13,19.1,14.8,14.6,0.00,0.00,0.36
2025-02-26T15:00,18.5,59,30,10.8,29,19.3,15.1,14.6,0.00,0.00,0.31
2025-02-26T16:00,17.7,59,2,11.1,48,19.0,15.3,14.6,0.00,0.00,0.24
2025-02-26T17:00,16.8,64,0,11.0,63,18.2,15.5,14.6,0.00,0.00,0.14
2025-02-26T18:00,14.2,77,0,6.6,61,17.0,15.6,14.6,0.00,0.00,0.03
2025-02-26T19:00,12.2,85,0,5.4,87,15.5,15.6,14.6,0.00,0.00,0.00
2025-02-26T20:00,12.1,81,2,1.9,90,14.3,15.6,14.6,0.00,0.00,0.00
2025-02-26T21:00,11.6,80,89,0.3,76,13.3,15.4,14.6,0.00,0.00,0.00
2025-02-26T22:00,10.6,84,80,1.9,345,12.6,15.3,14.6,0.00,0.00,0.00
2025-02-26T23:00,9.8,88,98,4.8,261,12.1,15.1,14.6,0.00,0.00,0.00
2025-02-27T00:00,9.6,88,99,5.3,259,11.7,14.8,14.6,0.00,0.00,0.00
2025-02-27T01:00,10.1,87,100,5.2,262,12.4,14.8,14.6,0.00,0.00,0.00
2025-02-27T02:00,10.0,86,100,3.8,256,12.0,14.6,14.6,0.00,0.00,0.00
2025-02-27T03:00,9.9,86,98,4.4,281,11.5,14.4,14.6,0.00,0.00,0.00
2025-02-27T04:00,9.6,88,78,4.8,283,11.2,14.2,14.7,0.00,0.00,0.00
2025-02-27T05:00,9.8,85,100,6.6,265,11.1,14.1,14.7,0.00,0.00,0.00
2025-02-27T06:00,9.8,83,100,6.0,263,11.0,13.9,14.7,0.00,0.00,0.00
2025-02-27T07:00,9.9,82,100,5.7,260,10.8,13.7,14.6,0.00,0.00,0.02
2025-02-27T08:00,12.2,76,99,7.1,262,11.3,13.6,14.6,0.00,0.00,0.05
2025-02-27T09:00,14.9,70,98,5.2,265,12.8,13.5,14.6,0.00,0.00,0.14
2025-02-27T10:00,16.9,62,100,5.9,291,14.5,13.5,14.6,0.00,0.00,0.24
2025-02-27T11:00,18.6,59,100,7.4,274,16.2,13.7,14.6,0.00,0.00,0.33
2025-02-27T12:00,20.0,54,100,8.0,288,17.6,13.9,14.6,0.00,0.00,0.38
2025-02-27T13:00,20.4,57,100,8.3,343,18.7,14.2,14.6,0.00,0.00,0.40
2025-02-27T14:00,19.0,68,100,13.2,15,19.0,14.5,14.6,0.00,0.00,0.29
2025-02-27T15:00,17.4,72,100,12.2,32,18.9,14.8,14.6,0.00,0.00,0.23
2025-02-27T16:00,16.8,75,100,10.3,32,18.4,15.0,14.6,0.00,0.00,0.17
2025-02-27T17:00,15.6,79,100,10.9,31,17.7,15.2,14.6,0.00,0.00,0.10
2025-02-27T18:00,13.8,89,100,3.3,43,16.5,15.3,14.6,0.00,0.00,0.02
2025-02-27T19:00,12.8,92,100,3.2,44,15.3,15.3,14.7,0.00,0.00,0.00
2025-02-27T20:00,12.5,94,100,1.0,46,14.2,15.3,14.7,0.00,0.00,0.00
2025-02-27T21:00,12.2,94,100,1.1,46,13.4,15.2,14.7,0.00,0.00,0.00
2025-02-27T22:00,11.8,95,100,1.1,4,12.8,15.0,14.7,0.00,0.00,0.00
2025-02-27T23:00,11.0,97,100,1.8,342,12.3,14.9,14.7,0.00,0.00,0.00
2025-02-28T00:00,10.5,96,100,2.9,243,11.9,14.7,14.7,0.00,0.00,0.00
2025-02-28T01:00,10.0,96,100,3.1,325,12.0,14.6,14.7,0.00,0.00,0.00
2025-02-28T02:00,9.8,96,100,2.6,257,11.7,14.5,14.7,0.00,0.00,0.00
2025-02-28T03:00,10.4,94,100,3.8,280,11.7,14.3,14.7,0.00,0.00,0.00
2025-02-28T04:00,10.0,97,99,3.2,287,11.7,14.2,14.7,0.00,0.00,0.00
2025-02-28T05:00,9.0,98,14,2.0,68,11.5,14.0,14.7,0.00,0.00,0.00
2025-02-28T06:00,8.6,99,13,2.8,70,11.0,13.8,14.7,0.00,0.00,0.00
2025-02-28T07:00,9.2,96,68,5.5,64,10.7,13.7,14.7,0.00,0.00,0.01
2025-02-28T08:00,11.9,91,100,7.7,45,11.4,13.5,14.7,0.00,0.00,0.04
2025-02-28T09:00,14.1,85,94,6.8,22,12.8,13.5,14.7,0.00,0.00,0.13
2025-02-28T10:00,16.1,76,89,9.5,19,14.5,13.5,14.7,0.00,0.00,0.24
2025-02-28T11:00,17.9,64,31,11.1,17,16.1,13.6,14.7,0.00,0.00,0.33
2025-02-28T12:00,19.1,55,56,12.8,22,17.6,13.9,14.7,0.00,0.00,0.41
2025-02-28T13:00,18.1,69,100,8.9,16,18.3,14.2,14.7,0.00,0.00,0.34
2025-02-28T14:00,17.8,71,100,8.1,341,18.5,14.5,14.7,0.00,0.00,0.25
2025-02-28T15:00,18.1,69,100,8.8,288,18.2,14.7,14.7,0.00,0.00,0.17
2025-02-28T16:00,18.1,70,99,7.7,303,17.8,14.9,14.7,0.00,0.00,0.12
2025-02-28T17:00,17.0,77,99,10.6,304,17.4,15.1,14.7,0.00,0.00,0.09
2025-02-28T18:00,14.7,88,100,7.7,261,16.4,15.2,14.7,0.50,0.50,0.03
2025-02-28T19:00,14.4,87,100,8.0,223,15.4,15.2,14.7,0.20,0.20,0.00
2025-02-28T20:00,13.6,89,100,7.0,230,14.6,15.2,14.7,0.10,0.10,0.00
2025-02-28T21:00,13.4,88,98,8.5,229,14.0,15.1,14.7,0.00,0.00,0.00
2025-02-28T22:00,11.8,90,84,4.5,230,13.3,15.0,14.7,0.00,0.00,0.00
2025-02-28T23:00,10.8,91,90,4.0,233,12.5,14.9,14.7,0.00,0.00,0.00
2025-03-01T00:00,10.2,93,98,3.9,252,11.8,14.7,14.7,0.00,0.00,0.00
2025-03-01T01:00,11.7,89,98,4.1,212,13.0,14.9,14.7,0.00,0.00,0.00
2025-03-01T02:00,11.8,90,97,3.5,235,12.8,14.8,14.7,0.00,0.00,0.00
2025-03-01T03:00,10.5,93,71,6.4,249,12.1,14.6,14.7,0.00,0.00,0.00
2025-03-01T04:00,9.4,94,36,6.2,249,11.5,14.4,14.7,0.00,0.00,0.00
2025-03-01T05:00,8.7,93,14,7.2,242,10.9,14.2,14.7,0.00,0.00,0.00
2025-03-01T06:00,9.0,86,9,9.5,229,10.5,14.0,14.7,0.00,0.00,0.00
2025-03-01T07:00,9.2,81,0,11.9,232,10.1,13.8,14.7,0.00,0.00,0.03
2025-03-01T08:00,11.6,74,86,21.2,236,10.5,13.6,14.7,0.00,0.00,0.07
2025-03-01T09:00,13.0,79,96,16.8,244,11.6,13.4,14.7,0.20,0.20,0.10
2025-03-01T10:00,13.3,79,100,15.4,245,12.4,13.4,14.7,0.50,0.50,0.12
2025-03-01T11:00,13.2,78,100,14.4,236,12.7,13.3,14.7,0.20,0.20,0.10
2025-03-01T12:00,14.8,64,100,15.1,254,13.6,13.4,14.7,0.00,0.00,0.20
2025-03-01T13:00,15.3,69,93,6.6,262,15.7,14.0,14.7,0.20,0.20,0.17
2025-03-01T14:00,15.9,60,66,10.6,289,16.0,14.1,14.7,0.00,0.00,0.21
2025-03-01T15:00,16.3,60,50,13.2,297,16.5,14.2,14.7,0.00,0.00,0.25
2025-03-01T16:00,15.2,67,34,12.1,305,16.4,14.4,14.7,0.20,0.20,0.19
2025-03-01T17:00,14.5,70,32,6.4,330,16.0,14.5,14.7,0.00,0.00,0.11
2025-03-01T18:00,12.6,81,37,1.0,2,15.0,14.6,14.7,0.00,0.00,0.02
2025-03-01T19:00,11.8,85,84,2.6,140,14.1,14.6,14.7,0.00,0.00,0.00
2025-03-01T20:00,11.6,86,100,3.8,165,13.6,14.5,14.7,0.00,0.00,0.00
2025-03-01T21:00,10.9,89,100,4.5,202,13.1,14.5,14.7,0.00,0.00,0.00
2025-03-01T22:00,10.9,87,97,3.6,230,12.8,14.4,14.7,0.00,0.00,0.00
2025-03-01T23:00,10.7,86,49,3.6,252,12.4,14.3,14.7,0.00,0.00,0.00
2025-03-02T00:00,10.0,87,43,4.5,231,11.9,14.1,14.7,0.00,0.00,0.00
2025-03-02T01:00,10.5,79,3,0.9,261,11.9,14.2,14.7,0.00,0.00,0.00
2025-03-02T02:00,10.2,79,6,1.0,308,11.3,14.0,14.7,0.00,0.00,0.00
2025-03-02T03:00,9.4,83,5,3.1,256,10.8,13.8,14.7,0.00,0.00,0.00
2025-03-02T04:00,8.6,85,1,2.9,252,10.3,13.6,14.7,0.00,0.00,0.00
2025-03-02T05:00,7.8,87,0,2.2,270,9.9,13.4,14.7,0.00,0.00,0.00
2025-03-02T06:00,7.1,90,52,2.2,293,9.6,13.2,14.7,0.00,0.00,0.00
2025-03-02T07:00,7.3,90,100,1.7,53,9.3,13.0,14.7,0.00,0.00,0.01
2025-03-02T08:00,11.1,80,100,1.5,59,10.1,12.8,14.7,0.00,0.00,0.04
2025-03-02T09:00,14.1,74,100,4.1,355,11.7,12.8,14.7,0.00,0.00,0.13
2025-03-02T10:00,16.2,65,100,5.9,354,13.5,12.8,14.7,0.00,0.00,0.23
2025-03-02T11:00,17.8,56,99,8.1,5,15.1,12.9,14.7,0.00,0.00,0.30
2025-03-02T12:00,19.3,52,100,7.0,5,16.5,13.1,14.7,0.00,0.00,0.36
2025-03-02T13:00,18.9,55,100,13.9,25,17.2,13.5,14.7,0.00,0.00,0.34
2025-03-02T14:00,17.9,56,99,19.1,34,17.6,13.8,14.7,0.00,0.00,0.32
2025-03-02T15:00,17.8,59,87,18.1,45,17.9,14.1,14.7,0.00,0.00,0.30
2025-03-02T16:00,17.0,63,57,17.3,58,17.5,14.3,14.7,0.00,0.00,0.21
2025-03-02T17:00,16.3,68,2,15.9,67,17.0,14.5,14.7,0.00,0.00,0.13
2025-03-02T18:00,14.7,79,23,8.1,69,16.1,14.6,14.7,0.00,0.00,0.04
2025-03-02T19:00,13.0,89,83,5.3,40,14.9,14.7,14.7,0.00,0.00,0.00
2025-03-02T20:00,13.0,95,100,3.2,24,14.0,14.7,14.7,0.00,0.00,0.00
2025-03-02T21:00,12.6,98,100,2.2,35,13.3,14.6,14.7,0.00,0.00,0.00
2025-03-02T22:00,13.0,97,97,0.8,17,13.0,14.5,14.7,0.00,0.00,0.00
2025-03-02T23:00,12.5,97,100,5.0,290,12.8,14.4,14.7,0.00,0.00,0.00
2025-03-03T00:00,12.6,96,100,10.5,266,12.9,14.3,14.7,0.00,0.00,0.00
2025-03-03T01:00,13.2,98,100,9.6,259,14.0,14.4,14.7,0.00,0.00,0.00
2025-03-03T02:00,13.0,96,100,10.2,257,13.7,14.4,14.7,0.00,0.00,0.00
2025-03-03T03:00,13.1,96,100,8.7,252,13.6,14.4,14.7,0.00,0.00,0.00
2025-03-03T04:00,12.6,92,100,6.3,244,13.4,14.3,14.7,0.00,0.00,0.00
2025-03-03T05:00,11.9,85,100,5.9,242,13.1,14.3,14.7,0.00,0.00,0.00
2025-03-03T06:00,11.4,82,99,5.4,256,12.8,14.2,14.7,0.00,0.00,0.00
2025-03-03T07:00,11.6,82,95,5.2,261,12.6,14.1,14.7,0.00,0.00,0.02
2025-03-03T08:00,13.3,84,79,6.5,264,13.0,14.0,14.7,0.00,0.00,0.04
2025-03-03T09:00,15.1,88,69,5.7,302,14.0,14.0,14.7,0.00,0.00,0.11
2025-03-03T10:00,17.4,77,37,7.1,333,15.7,14.1,14.7,0.00,0.00,0.26
2025-03-03T11:00,19.6,66,22,8.0,345,17.3,14.2,14.7,0.00,0.00,0.36
2025-03-03T12:00,20.4,64,20,12.1,352,18.8,14.5,14.7,0.00,0.00,0.42
2025-03-03T13:00,20.5,65,30,9.3,7,19.9,14.7,14.7,0.00,0.00,0.44
2025-03-03T14:00,20.5,65,34,10.1,25,20.5,15.1,14.7,0.00,0.00,0.41
2025-03-03T15:00,19.6,67,5,12.3,40,20.6,15.4,14.7,0.00,0.00,0.32
2025-03-03T16:00,18.6,68,13,12.1,31,20.2,15.7,14.7,0.00,0.00,0.25
2025-03-03T17:00,17.4,71,39,8.1,27,19.3,16.0,14.7,0.00,0.00,0.13
2025-03-03T18:00,15.5,81,51,1.9,43,18.0,16.1,14.7,0.00,0.00,0.03
2025-03-03T19:00,14.4,85,100,3.1,63,16.6,16.1,14.7,0.00,0.00,0.00
2025-03-03T20:00,14.3,86,99,5.2,58,15.9,16.1,14.7,0.00,0.00,0.00
2025-03-03T21:00,14.8,75,90,5.8,66,15.4,16.1,14.8,0.00,0.00,0.00
2025-03-03T22:00,14.0,76,99,5.2,60,14.8,16.0,14.8,0.00,0.00,0.00
2025-03-03T23:00,13.8,78,51,5.4,48,14.5,15.9,14.8,0.00,0.00,0.00
2025-03-04T00:00,13.0,87,22,4.0,42,14.0,15.7,14.8,0.00,0.00,0.00
2025-03-04T01:00,13.4,91,100,5.2,56,15.1,15.8,14.8,0.00,0.00,0.00
2025-03-04T02:00,13.3,90,100,3.6,48,14.3,15.7,14.8,0.00,0.00,0.00
2025-03-04T03:00,14.4,94,100,8.3,46,14.3,15.6,14.8,0.00,0.00,0.00
2025-03-04T04:00,14.3,94,100,5.6,45,14.4,15.5,14.8,0.00,0.00,0.00
2025-03-04T05:00,13.9,97,100,4.3,34,14.2,15.4,14.8,0.00,0.00,0.00
2025-03-04T06:00,13.5,99,100,0.6,57,14.0,15.3,14.8,0.00,0.00,0.00
2025-03-04T07:00,13.9,96,100,0.4,32,14.0,15.2,14.8,0.10,0.10,0.01
2025-03-04T08:00,14.5,94,100,4.0,261,14.3,15.1,14.8,0.30,0.30,0.03
2025-03-04T09:00,15.1,97,100,7.4,272,14.8,15.1,14.8,0.50,0.50,0.06
2025-03-04T10:00,15.8,92,99,5.6,265,15.4,15.1,14.8,0.80,0.80,0.12
2025-03-04T11:00,17.5,75,72,4.0,266,16.7,15.2,14.8,0.40,0.40,0.29
2025-03-04T12:00,19.2,59,100,7.1,274,18.3,15.3,14.9,0.10,0.10,0.41
2025-03-04T13:00,17.1,79,100,6.0,345,18.2,15.4,14.8,0.40,0.40,0.20
2025-03-04T14:00,17.9,73,99,6.1,346,18.2,15.6,14.9,0.50,0.50,0.26
2025-03-04T15:00,17.6,71,63,6.2,337,17.9,15.7,14.9,0.20,0.20,0.17
2025-03-04T16:00,17.8,66,42,2.3,322,18.0,15.8,14.9,0.10,0.10,0.18
2025-03-04T17:00,17.6,68,14,4.5,170,17.8,16.0,14.9,0.10,0.10,0.12
2025-03-04T18:00,15.5,82,10,2.7,171,16.9,16.0,14.9,0.00,0.00,0.03
2025-03-04T19:00,14.0,87,3,0.7,270,15.7,16.0,14.9,0.00,0.00,0.00
2025-03-04T20:00,13.2,88,12,0.4,330,14.6,15.9,14.9,0.00,0.00,0.00
2025-03-04T21:00,12.8,88,6,1.2,304,13.9,15.8,14.9,0.00,0.00,0.00
2025-03-04T22:00,12.1,89,13,3.1,243,13.3,15.6,14.9,0.00,0.00,0.00
2025-03-04T23:00,11.5,90,14,5.5,244,12.8,15.5,14.9,0.00,0.00,0.00
2025-03-05T00:00,11.2,93,19,5.9,248,12.5,15.3,14.9,0.00,0.00,0.00
2025-03-05T01:00,12.7,88,4,1.0,340,13.8,15.8,15.0,0.00,0.00,0.00
2025-03-05T02:00,12.0,91,1,1.8,279,13.1,15.6,15.0,0.00,0.00,0.00
2025-03-05T03:00,11.7,90,7,1.1,90,12.5,15.4,15.0,0.00,0.00,0.00
2025-03-05T04:00,11.4,91,26,0.4,54,12.0,15.2,15.0,0.00,0.00,0.00
2025-03-05T05:00,11.1,93,35,1.3,77,11.6,15.0,15.0,0.00,0.00,0.00
2025-03-05T06:00,10.9,94,11,1.8,18,11.4,14.8,15.0,0.00,0.00,0.00
2025-03-05T07:00,11.0,94,30,1.3,13,11.2,14.6,15.0,0.00,0.00,0.01
2025-03-05T08:00,13.2,89,36,3.3,346,12.1,14.4,15.0,0.00,0.00,0.05
2025-03-05T09:00,15.3,81,5,4.3,318,13.6,14.3,15.0,0.00,0.00,0.15
2025-03-05T10:00,17.5,75,3,5.1,356,15.5,14.4,15.0,0.00,0.00,0.27
2025-03-05T11:00,19.6,67,13,8.3,357,17.4,14.5,15.0,0.00,0.00,0.37
2025-03-05T12:00,19.6,67,32,9.5,2,18.8,14.8,15.0,0.00,0.00,0.39
2025-03-05T13:00,22.4,50,41,2.1,196,19.5,15.2,15.0,0.00,0.00,0.40
2025-03-05T14:00,20.6,63,65,15.4,71,20.1,15.5,15.0,0.90,0.90,0.36
2025-03-05T15:00,19.5,67,74,5.7,352,20.0,15.7,15.0,0.20,0.20,0.30
2025-03-05T16:00,19.0,70,78,11.4,30,19.4,16.0,15.0,0.00,0.00,0.18
2025-03-05T17:00,18.4,73,88,1.1,108,19.0,16.2,15.0,0.30,0.30,0.10
2025-03-05T18:00,16.8,82,69,8.8,83,17.8,16.3,15.0,0.20,0.20,0.04
2025-03-05T19:00,15.3,89,45,2.6,67,16.7,16.3,15.0,0.00,0.00,0.01
2025-03-05T20:00,14.6,91,79,9.9,275,15.7,16.3,15.0,0.00,0.00,0.00
2025-03-05T21:00,14.3,94,69,4.3,271,15.3,16.2,15.0,0.10,0.10,0.00
2025-03-05T22:00,13.2,94,94,5.8,250,14.6,16.1,15.1,0.00,0.00,0.00
2025-03-05T23:00,13.0,93,3,8.4,259,14.1,16.0,15.1,0.00,0.00,0.00
2025-03-06T00:00,12.6,94,5,6.9,254,13.7,15.8,15.1,0.00,0.00,0.00
2025-03-06T01:00,12.0,95,19,3.3,177,14.4,15.6,15.1,0.00,0.00,0.00
2025-03-06T02:00,11.3,96,23,3.9,260,13.7,15.5,15.1,0.00,0.00,0.00
2025-03-06T03:00,10.9,95,3,3.9,262,13.2,15.3,15.1,0.00,0.00,0.00
2025-03-06T04:00,11.1,94,9,5.6,253,12.8,15.2,15.1,0.00,0.00,0.00
2025-03-06T05:00,10.8,93,14,4.1,255,12.5,15.0,15.1,0.00,0.00,0.00
2025-03-06T06:00,10.8,91,10,2.0,277,12.0,14.8,15.1,0.00,0.00,0.00
2025-03-06T07:00,11.1,90,6,2.5,282,11.8,14.7,15.1,0.00,0.00,0.01
2025-03-06T08:00,13.7,85,0,4.4,268,12.6,14.5,15.1,0.00,0.00,0.05
2025-03-06T09:00,16.2,78,11,4.7,293,14.2,14.5,15.1,0.00,0.00,0.16
2025-03-06T10:00,18.0,72,25,7.9,312,15.9,14.5,15.1,0.00,0.00,0.27
2025-03-06T11:00,19.4,64,71,6.6,314,17.7,14.7,15.1,0.00,0.00,0.37
2025-03-06T12:00,19.0,68,95,8.2,307,18.7,14.9,15.1,0.20,0.20,0.33
2025-03-06T13:00,19.4,68,72,7.0,10,19.3,15.2,15.1,0.30,0.30,0.30
2025-03-06T14:00,17.5,76,92,4.9,282,18.8,15.4,15.1,3.00,3.00,0.28
2025-03-06T15:00,18.0,70,99,2.5,180,18.8,15.6,15.1,0.00,0.00,0.24
2025-03-06T16:00,16.6,79,100,7.9,312,18.2,15.8,15.1,0.20,0.20,0.12
2025-03-06T17:00,15.3,84,100,8.7,246,17.2,15.9,15.1,3.10,3.10,0.08
2025-03-06T18:00,14.7,92,100,6.4,245,16.1,15.9,15.1,2.40,2.40,0.02
2025-03-06T19:00,14.3,93,100,8.0,265,15.4,15.9,15.1,0.30,0.30,0.02
2025-03-06T20:00,13.7,92,98,9.7,253,14.7,15.8,15.1,0.30,0.30,0.00
2025-03-06T21:00,13.7,89,100,11.0,247,14.3,15.7,15.1,0.20,0.20,0.00
2025-03-06T22:00,13.4,93,100,11.5,250,14.1,15.6,15.1,0.50,0.50,0.00
2025-03-06T23:00,13.5,93,100,9.9,250,14.0,15.5,15.1,0.50,0.50,0.00
2025-03-07T00:00,13.4,94,100,9.6,244,13.9,15.4,15.1,0.50,0.50,0.00
2025-03-07T01:00,13.8,87,100,9.1,242,14.0,15.1,15.1,0.20,0.20,0.00
2025-03-07T02:00,13.6,91,99,7.5,240,13.9,15.0,15.1,0.50,0.50,0.00
2025-03-07T03:00,13.3,91,93,6.4,241,13.6,14.9,15.1,0.40,0.40,0.00
2025-03-07T04:00,13.3,84,100,6.4,232,13.4,14.8,15.1,0.10,0.10,0.00
2025-03-07T05:00,13.0,85,62,4.6,235,13.2,14.7,15.1,0.00,0.00,0.00
2025-03-07T06:00,12.5,84,32,2.0,243,12.8,14.6,15.1,0.00,0.00,0.00
2025-03-07T07:00,12.3,85,42,1.3,264,12.4,14.5,15.1,0.00,0.00,0.01
2025-03-07T08:00,14.0,84,62,3.5,252,13.1,14.4,15.1,0.00,0.00,0.05
2025-03-07T09:00,15.8,77,100,2.7,247,14.3,14.4,15.1,0.00,0.00,0.14
2025-03-07T10:00,17.4,68,99,2.2,298,15.9,14.4,15.1,0.00,0.00,0.27
2025-03-07T11:00,18.8,61,100,3.5,284,17.6,14.6,15.1,0.00,0.00,0.38
2025-03-07T12:00,20.2,54,100,4.5,287,19.0,14.9,15.1,0.00,0.00,0.43
2025-03-07T13:00,20.4,51,100,6.1,267,19.2,15.3,15.1,0.00,0.00,0.32
2025-03-07T14:00,20.5,50,100,6.0,295,19.6,15.5,15.1,0.00,0.00,0.32
2025-03-07T15:00,19.5,63,97,8.8,20,19.6,15.8,15.1,0.00,0.00,0.26
2025-03-07T16:00,18.4,72,7,10.6,42,19.4,16.0,15.1,0.00,0.00,0.21
2025-03-07T17:00,17.6,73,0,10.1,54,18.8,16.2,15.1,0.00,0.00,0.15
2025-03-07T18:00,15.4,82,3,7.5,63,17.7,16.4,15.1,0.00,0.00,0.04
2025-03-07T19:00,13.4,90,0,4.7,81,16.4,16.4,15.2,0.00,0.00,0.02
2025-03-07T20:00,12.6,92,2,0.6,35,15.2,16.3,15.2,0.00,0.00,0.00
2025-03-07T21:00,11.5,94,2,2.7,310,14.3,16.2,15.2,0.00,0.00,0.00
2025-03-07T22:00,11.1,89,0,2.7,218,13.6,16.0,15.2,0.00,0.00,0.00
2025-03-07T23:00,10.6,86,4,4.1,227,13.0,15.8,15.2,0.00,0.00,0.00
2025-03-08T00:00,10.1,85,11,4.4,211,12.6,15.6,15.2,0.00,0.00,0.00
2025-03-08T01:00,10.3,87,7,5.4,186,13.7,15.5,15.2,0.00,0.00,0.00
2025-03-08T02:00,9.4,90,2,5.8,165,13.2,15.3,15.2,0.00,0.00,0.00
2025-03-08T03:00,8.7,94,0,7.0,191,12.8,15.2,15.2,0.00,0.00,0.00
2025-03-08T04:00,9.5,89,88,7.4,204,12.5,15.0,15.2,0.00,0.00,0.00
2025-03-08T05:00,9.7,87,68,7.6,181,12.3,14.8,15.2,0.00,0.00,0.00
2025-03-08T06:00,9.4,86,87,8.3,188,12.0,14.6,15.2,0.00,0.00,0.00
2025-03-08T07:00,10.1,78,36,8.6,195,11.8,14.5,15.2,0.00,0.00,0.03
2025-03-08T08:00,14.6,65,47,9.5,195,12.5,14.3,15.2,0.00,0.00,0.08
2025-03-08T09:00,19.9,54,62,13.8,190,14.2,14.3,15.2,0.00,0.00,0.23
2025-03-08T10:00,22.1,40,0,19.7,189,15.9,14.4,15.2,0.00,0.00,0.38
2025-03-08T11:00,23.9,36,14,22.2,194,17.6,14.5,15.2,0.00,0.00,0.50
2025-03-08T12:00,25.3,34,0,17.5,204,19.2,14.8,15.2,0.00,0.00,0.55
2025-03-08T13:00,25.5,33,4,15.1,231,20.5,15.0,15.2,0.00,0.00,0.56
2025-03-08T14:00,25.6,33,7,15.1,241,21.2,15.4,15.2,0.00,0.00,0.54
2025-03-08T15:00,24.0,40,54,17.7,277,21.3,15.7,15.2,0.00,0.00,0.44
2025-03-08T16:00,18.2,68,88,16.5,295,20.4,16.1,15.2,0.00,0.00,0.20
2025-03-08T17:00,16.2,79,99,10.5,320,19.0,16.3,15.2,0.90,0.90,0.10
2025-03-08T18:00,15.1,85,100,3.5,308,17.5,16.4,15.2,0.20,0.20,0.03
2025-03-08T19:00,14.5,93,86,6.9,48,16.5,16.4,15.2,0.20,0.20,0.02
2025-03-08T20:00,14.1,96,100,1.5,209,15.7,16.3,15.2,0.90,0.90,0.00
2025-03-08T21:00,13.9,95,100,3.9,210,15.2,16.3,15.2,0.80,0.80,0.00
2025-03-08T22:00,13.6,91,96,4.2,180,14.7,16.1,15.2,0.50,0.50,0.00
2025-03-08T23:00,13.5,83,100,10.0,192,14.3,16.0,15.2,0.10,0.10,0.01
2025-03-09T00:00,13.1,79,100,11.1,206,13.7,15.9,15.2,0.10,0.10,0.01
2025-03-09T01:00,13.1,86,100,2.4,200,13.7,15.8,15.2,0.00,0.00,0.00
2025-03-09T02:00,12.5,91,99,4.3,198,13.5,15.6,15.2,0.40,0.40,0.00
2025-03-09T03:00,12.4,82,12,8.1,203,13.1,15.5,15.3,0.00,0.00,0.00
2025-03-09T04:00,11.7,79,61,11.9,218,12.5,15.3,15.3,0.00,0.00,0.01
2025-03-09T05:00,11.6,77,95,12.0,224,12.1,15.1,15.3,0.00,0.00,0.02
2025-03-09T06:00,11.8,72,83,17.0,223,11.9,14.9,15.3,0.00,0.00,0.04
2025-03-09T07:00,12.5,65,44,23.1,223,12.0,14.7,15.3,0.00,0.00,0.09
2025-03-09T08:00,13.6,60,17,26.9,221,12.5,14.6,15.3,0.00,0.00,0.13
2025-03-09T09:00,15.4,55,7,27.9,215,13.6,14.5,15.3,0.00,0.00,0.22
2025-03-09T10:00,16.6,50,15,29.2,218,14.8,14.5,15.2,0.00,0.00,0.31
2025-03-09T11:00,17.5,47,30,28.6,225,16.1,14.6,15.2,0.00,0.00,0.38
2025-03-09T12:00,17.9,46,18,30.0,228,16.9,14.7,15.2,0.30,0.30,0.41
2025-03-09T13:00,18.4,43,16,31.6,232,17.5,14.9,15.2,0.00,0.00,0.42
2025-03-09T14:00,19.1,41,15,29.6,236,18.1,15.1,15.2,0.00,0.00,0.43
2025-03-09T15:00,18.8,41,36,18.5,261,18.5,15.3,15.2,0.00,0.00,0.38
2025-03-09T16:00,18.6,42,22,11.6,256,18.4,15.5,15.2,0.00,0.00,0.28
2025-03-09T17:00,17.6,49,100,6.5,237,17.9,15.7,15.2,0.00,0.00,0.15
2025-03-09T18:00,15.3,57,98,4.8,233,16.8,15.8,15.3,0.00,0.00,0.05
2025-03-09T19:00,14.5,57,98,7.4,240,15.8,15.8,15.3,0.00,0.00,0.06
2025-03-09T20:00,13.2,64,99,6.2,231,15.1,15.8,15.3,0.00,0.00,0.02
2025-03-09T21:00,12.7,70,92,3.3,225,14.5,15.7,15.3,0.00,0.00,0.00
2025-03-09T22:00,11.6,72,99,5.3,190,13.9,15.6,15.3,0.00,0.00,0.00
2025-03-09T23:00,11.9,70,98,6.6,213,13.6,15.4,15.3,0.00,0.00,0.01
2025-03-10T00:00,12.2,68,90,7.3,247,13.4,15.3,15.3,0.00,0.00,0.02
2025-03-10T01:00,12.5,77,60,5.3,208,13.7,15.2,15.3,1.40,1.40,0.00
2025-03-10T02:00,12.3,77,82,8.9,219,13.1,15.0,15.3,1.00,1.00,0.01
2025-03-10T03:00,12.6,77,99,14.6,195,12.7,14.9,15.3,1.80,1.80,0.02
2025-03-10T04:00,13.5,69,100,17.1,212,12.6,14.8,15.3,0.00,0.00,0.05
2025-03-10T05:00,14.0,63,100,23.2,216,12.6,14.6,15.3,0.00,0.00,0.08
2025-03-10T06:00,14.2,64,85,23.0,215,12.9,14.5,15.3,0.00,0.00,0.07
2025-03-10T07:00,14.4,63,19,21.3,217,13.1,14.4,15.3,0.00,0.00,0.09
2025-03-10T08:00,15.2,61,10,21.8,219,13.6,14.4,15.3,0.00,0.00,0.13
2025-03-10T09:00,16.9,57,9,24.5,222,14.6,14.4,15.3,0.00,0.00,0.22
2025-03-10T10:00,17.9,53,5,27.7,222,15.7,14.4,15.3,0.00,0.00,0.31
2025-03-10T11:00,18.8,49,7,27.9,225,16.8,14.6,15.3,0.00,0.00,0.39
2025-03-10T12:00,19.8,46,6,26.8,228,17.9,14.8,15.3,0.00,0.00,0.45
2025-03-10T13:00,20.5,42,4,26.8,237,18.7,14.9,15.2,0.00,0.00,0.48
2025-03-10T14:00,21.0,41,14,23.6,236,19.4,15.2,15.2,0.00,0.00,0.47
2025-03-10T15:00,20.9,40,42,22.5,237,19.5,15.5,15.2,0.00,0.00,0.41
2025-03-10T16:00,20.6,42,54,14.4,239,19.3,15.8,15.3,0.00,0.00,0.29
2025-03-10T17:00,19.7,44,71,12.7,232,18.8,16.0,15.3,0.00,0.00,0.21
2025-03-10T18:00,18.1,46,99,13.6,214,17.8,16.1,15.3,0.00,0.00,0.12
2025-03-10T19:00,18.3,46,46,21.6,220,17.3,16.2,15.3,0.00,0.00,0.15
2025-03-10T20:00,16.8,55,83,21.9,216,16.7,16.2,15.3,0.00,0.00,0.10
2025-03-10T21:00,16.2,58,98,21.2,218,16.2,16.2,15.3,0.00,0.00,0.09
2025-03-10T22:00,16.2,59,83,21.5,213,15.9,16.2,15.3,0.00,0.00,0.09
2025-03-10T23:00,15.8,62,89,20.2,215,15.6,16.1,15.3,0.00,0.00,0.08
2025-03-11T00:00,15.9,63,90,21.6,216,15.5,16.1,15.3,0.00,0.00,0.08
2025-03-11T01:00,15.5,66,44,19.4,216,15.8,16.1,15.3,0.00,0.00,0.06
2025-03-11T02:00,15.5,65,80,22.2,217,15.5,16.1,15.3,0.00,0.00,0.07
2025-03-11T03:00,15.8,65,89,24.5,219,15.4,16.0,15.3,0.00,0.00,0.08
2025-03-11T04:00,15.8,63,65,25.2,224,15.2,15.9,15.3,0.00,0.00,0.09
2025-03-11T05:00,15.6,63,67,24.5,224,15.1,15.9,15.3,0.00,0.00,0.08
2025-03-11T06:00,15.9,62,72,24.1,224,15.1,15.8,15.3,0.00,0.00,0.09
2025-03-11T07:00,16.7,59,27,27.8,224,15.2,15.8,15.3,0.00,0.00,0.13
2025-03-11T08:00,17.5,58,43,28.5,228,15.6,15.7,15.3,0.00,0.00,0.16
2025-03-11T09:00,18.4,57,25,27.4,225,16.3,15.7,15.3,0.00,0.00,0.23
2025-03-11T10:00,19.4,55,100,24.3,226,17.2,15.8,15.3,0.00,0.00,0.29
2025-03-11T11:00,18.9,57,100,20.9,225,17.3,15.9,15.4,0.00,0.00,0.20
2025-03-11T12:00,18.9,59,100,17.1,225,17.4,16.0,15.4,0.00,0.00,0.17
2025-03-11T13:00,20.2,49,100,18.7,223,17.9,16.1,15.4,0.00,0.00,0.21
2025-03-11T14:00,18.7,61,98,15.9,234,17.7,16.2,15.4,0.40,0.40,0.18
2025-03-11T15:00,18.2,66,100,25.5,226,17.5,16.3,15.4,1.40,1.40,0.20
2025-03-11T16:00,16.7,75,100,17.9,221,16.5,16.3,15.4,2.70,2.70,0.09
2025-03-11T17:00,17.0,72,100,18.1,228,16.1,16.3,15.4,1.90,1.90,0.10
2025-03-11T18:00,15.6,85,100,24.4,237,15.5,16.3,15.4,1.50,1.50,0.05
2025-03-11T19:00,15.1,86,100,19.0,230,15.1,16.2,15.4,2.30,2.30,0.04
2025-03-11T20:00,15.8,78,99,20.9,217,14.9,16.1,15.4,0.20,0.20,0.04
2025-03-11T21:00,15.7,78,100,16.7,225,14.8,16.0,15.4,0.00,0.00,0.03
2025-03-11T22:00,15.6,76,0,16.4,227,14.7,15.9,15.4,0.00,0.00,0.03
2025-03-11T23:00,14.0,84,17,10.3,230,14.3,15.8,15.4,0.00,0.00,0.01
2025-03-12T00:00,13.5,85,15,11.3,230,14.0,15.6,15.4,0.00,0.00,0.01
2025-03-12T01:00,12.9,90,18,6.5,249,14.2,15.9,15.4,0.00,0.00,0.00
2025-03-12T02:00,12.7,89,26,8.0,226,13.7,15.8,15.4,0.00,0.00,0.00
2025-03-12T03:00,12.4,86,25,9.3,227,13.3,15.6,15.4,0.00,0.00,0.00
2025-03-12T04:00,12.1,84,34,8.7,225,13.0,15.4,15.5,0.00,0.00,0.00
2025-03-12T05:00,11.3,88,31,6.6,236,12.6,15.3,15.5,0.00,0.00,0.00
2025-03-12T06:00,11.1,89,40,5.8,232,12.3,15.1,15.5,0.00,0.00,0.00
2025-03-12T07:00,11.6,88,59,6.1,226,12.2,14.9,15.4,0.00,0.00,0.02
2025-03-12T08:00,14.0,83,78,6.7,226,13.0,14.8,15.4,0.10,0.10,0.06
2025-03-12T09:00,16.1,73,98,6.7,222,14.3,14.7,15.4,0.00,0.00,0.16
2025-03-12T10:00,17.8,64,100,11.0,219,15.8,14.7,15.4,0.00,0.00,0.27
2025-03-12T11:00,18.9,55,100,16.0,238,16.8,14.9,15.4,0.00,0.00,0.30
2025-03-12T12:00,19.9,53,99,14.0,237,17.6,15.0,15.4,0.00,0.00,0.32
2025-03-12T13:00,21.3,46,100,11.5,268,18.6,15.3,15.4,0.00,0.00,0.28
2025-03-12T14:00,20.1,50,99,9.3,249,18.7,15.5,15.4,0.00,0.00,0.23
2025-03-12T15:00,20.5,54,100,9.9,239,19.2,15.7,15.4,0.00,0.00,0.29
2025-03-12T16:00,20.2,57,100,9.6,263,19.0,15.9,15.4,0.00,0.00,0.19
2025-03-12T17:00,17.9,76,99,3.2,288,18.2,16.1,15.4,0.40,0.40,0.08
2025-03-12T18:00,16.0,87,79,2.7,280,17.4,16.2,15.4,0.00,0.00,0.03
2025-03-12T19:00,14.8,89,57,1.3,234,16.2,16.2,15.5,0.00,0.00,0.02
2025-03-12T20:00,14.2,88,29,3.6,232,15.3,16.2,15.5,0.00,0.00,0.00
2025-03-12T21:00,13.7,86,41,3.5,241,14.6,16.1,15.5,0.00,0.00,0.00
2025-03-12T22:00,13.4,87,63,0.5,226,14.0,15.9,15.5,0.00,0.00,0.00
2025-03-12T23:00,13.6,83,31,8.1,217,13.5,15.8,15.5,0.00,0.00,0.00
2025-03-13T00:00,15.3,72,37,13.5,228,13.6,15.6,15.5,0.00,0.00,0.03
2025-03-13T01:00,16.2,67,99,20.4,224,15.2,15.7,15.5,0.00,0.00,0.07
2025-03-13T02:00,16.5,67,51,19.7,224,15.2,15.7,15.5,0.00,0.00,0.07
2025-03-13T03:00,16.5,66,93,22.8,220,15.1,15.7,15.5,0.00,0.00,0.08
2025-03-13T04:00,16.1,67,91,14.7,205,15.1,15.6,15.5,0.00,0.00,0.05
2025-03-13T05:00,16.1,66,60,13.2,210,15.1,15.6,15.5,0.00,0.00,0.05
2025-03-13T06:00,15.4,71,26,11.2,227,14.9,15.5,15.5,0.00,0.00,0.03
2025-03-13T07:00,14.3,78,30,8.7,222,14.5,15.5,15.5,0.00,0.00,0.03
2025-03-13T08:00,16.8,71,17,12.3,221,15.0,15.4,15.5,0.00,0.00,0.09
2025-03-13T09:00,19.5,58,37,17.0,225,16.1,15.5,15.5,0.00,0.00,0.23
2025-03-13T10:00,20.8,53,18,21.2,220,17.4,15.5,15.5,0.00,0.00,0.33
2025-03-13T11:00,21.5,48,27,25.7,227,18.6,15.7,15.5,0.00,0.00,0.42
2025-03-13T12:00,21.3,44,43,35.6,237,19.3,15.9,15.5,0.10,0.10,0.46
2025-03-13T13:00,21.2,50,13,33.7,230,19.4,16.0,15.5,0.10,0.10,0.43
2025-03-13T14:00,22.3,41,26,34.2,236,20.0,16.3,15.5,0.00,0.00,0.49
2025-03-13T15:00,22.0,42,43,28.8,243,20.2,16.5,15.5,0.10,0.10,0.43
2025-03-13T16:00,20.5,45,1,19.1,244,19.9,16.7,15.5,0.20,0.20,0.31
2025-03-13T17:00,19.9,48,6,12.5,250,19.3,16.9,15.5,0.00,0.00,0.20
2025-03-13T18:00,16.8,62,5,5.8,239,18.2,17.0,15.5,0.00,0.00,0.06
2025-03-13T19:00,15.4,63,7,1.4,235,16.8,17.0,15.5,0.00,0.00,0.02
2025-03-13T20:00,14.2,67,4,0.6,232,15.6,16.9,15.5,0.00,0.00,0.00
2025-03-13T21:00,12.8,72,7,3.4,167,14.7,16.7,15.6,0.00,0.00,0.00
2025-03-13T22:00,11.6,77,5,3.1,180,14.0,16.6,15.6,0.00,0.00,0.00
2025-03-13T23:00,11.3,78,10,5.3,193,13.4,16.4,15.6,0.00,0.00,0.00
2025-03-14T00:00,10.8,81,13,7.9,202,13.1,16.1,15.6,0.00,0.00,0.00
2025-03-14T01:00,11.4,84,42,6.4,187,13.7,16.1,15.6,0.00,0.00,0.00
2025-03-14T02:00,10.6,89,94,8.3,212,13.3,16.0,15.6,0.00,0.00,0.00
2025-03-14T03:00,10.9,87,66,6.2,205,13.2,15.8,15.6,0.00,0.00,0.00
2025-03-14T04:00,11.3,85,97,3.6,255,13.0,15.6,15.6,0.00,0.00,0.00
2025-03-14T05:00,11.4,86,100,4.2,228,12.9,15.4,15.6,0.00,0.00,0.00
2025-03-14T06:00,13.0,74,50,10.4,204,12.9,15.3,15.6,0.00,0.00,0.02
2025-03-14T07:00,13.7,67,39,27.4,225,12.9,15.1,15.6,0.50,0.50,0.09
2025-03-14T08:00,15.0,60,19,33.8,223,13.3,15.0,15.6,0.00,0.00,0.15
2025-03-14T09:00,16.6,54,10,30.7,223,14.4,14.9,15.6,0.00,0.00,0.24
2025-03-14T10:00,17.9,48,46,33.2,229,15.6,15.0,15.6,0.00,0.00,0.34
2025-03-14T11:00,18.8,44,21,35.8,230,16.9,15.1,15.6,0.00,0.00,0.42
2025-03-14T12:00,19.1,44,29,36.5,227,17.7,15.2,15.6,0.00,0.00,0.42
2025-03-14T13:00,20.0,39,50,36.7,241,18.8,15.6,15.6,0.00,0.00,0.46
2025-03-14T14:00,20.3,41,80,33.6,245,19.2,15.8,15.6,0.10,0.10,0.45
2025-03-14T15:00,19.6,42,91,28.3,248,19.2,16.0,15.6,0.10,0.10,0.37
2025-03-14T16:00,18.5,47,70,19.2,258,18.8,16.2,15.6,0.00,0.00,0.25
2025-03-14T17:00,17.7,50,87,15.7,249,18.3,16.3,15.6,0.00,0.00,0.19
2025-03-14T18:00,16.2,55,99,10.1,245,17.4,16.4,15.6,0.00,0.00,0.09
2025-03-14T19:00,15.1,58,100,13.5,237,16.5,16.4,15.6,0.00,0.00,0.08
2025-03-14T20:00,14.4,60,93,16.6,233,15.8,16.4,15.6,0.00,0.00,0.06
2025-03-14T21:00,13.8,64,54,17.1,233,15.3,16.3,15.6,0.00,0.00,0.06
2025-03-14T22:00,12.7,69,5,11.3,243,14.7,16.2,15.6,0.00,0.00,0.03
2025-03-14T23:00,12.3,72,2,14.2,231,14.1,16.1,15.6,0.00,0.00,0.03
2025-03-15T00:00,12.6,68,3,20.6,220,13.8,15.9,15.6,0.00,0.00,0.05
2025-03-15T01:00,12.3,77,22,14.3,224,13.9,15.7,15.6,0.20,0.20,0.02
2025-03-15T02:00,12.4,68,17,16.9,223,13.3,15.6,15.6,0.00,0.00,0.05
2025-03-15T03:00,12.1,68,7,15.2,222,13.0,15.4,15.6,0.00,0.00,0.04
2025-03-15T04:00,11.3,72,8,12.4,224,12.6,15.2,15.6,0.00,0.00,0.03
2025-03-15T05:00,11.2,74,8,11.7,223,12.3,15.1,15.6,0.00,0.00,0.02
2025-03-15T06:00,11.2,74,3,13.8,220,12.2,14.9,15.6,0.00,0.00,0.03
2025-03-15T07:00,11.7,73,4,13.8,220,12.1,14.8,15.6,0.00,0.00,0.05
2025-03-15T08:00,13.8,68,19,13.6,227,12.8,14.6,15.6,0.00,0.00,0.10
2025-03-15T09:00,15.4,62,26,15.5,245,14.0,14.6,15.6,0.00,0.00,0.19
2025-03-15T10:00,16.7,56,34,16.0,254,15.4,14.6,15.6,0.20,0.20,0.29
2025-03-15T11:00,17.4,56,35,15.4,258,16.5,14.7,15.6,0.00,0.00,0.33
2025-03-15T12:00,18.5,52,89,12.2,266,17.9,14.9,15.6,0.10,0.10,0.42
2025-03-15T13:00,16.5,66,60,10.6,327,18.4,15.3,15.6,1.80,1.80,0.37
2025-03-15T14:00,16.1,65,94,10.0,336,17.9,15.4,15.6,4.70,4.70,0.31
2025-03-15T15:00,15.5,68,35,9.9,18,17.5,15.6,15.6,0.10,0.10,0.22
2025-03-15T16:00,15.9,66,49,5.4,349,17.7,15.7,15.6,0.00,0.00,0.22
2025-03-15T17:00,15.5,67,86,6.8,318,17.3,15.8,15.6,0.00,0.00,0.13
2025-03-15T18:00,14.3,77,86,1.2,320,16.5,15.9,15.6,0.00,0.00,0.03
2025-03-15T19:00,13.1,80,73,3.4,184,15.5,15.9,15.6,0.00,0.00,0.02
2025-03-15T20:00,12.8,86,43,5.8,191,14.9,15.8,15.6,0.00,0.00,0.00
2025-03-15T21:00,11.8,87,38,6.0,203,14.2,15.8,15.6,0.00,0.00,0.00
2025-03-15T22:00,11.2,80,22,7.3,212,13.6,15.6,15.6,0.00,0.00,0.00
2025-03-15T23:00,10.7,77,14,7.4,217,13.0,15.5,15.6,0.00,0.00,0.01
2025-03-16T00:00,10.0,79,7,5.8,226,12.5,15.3,15.6,0.00,0.00,0.00
2025-03-16T01:00,9.5,86,27,3.1,244,12.4,15.1,15.6,0.00,0.00,0.00
2025-03-16T02:00,9.0,89,94,4.0,200,11.9,14.9,15.6,0.00,0.00,0.00
2025-03-16T03:00,8.3,92,7,4.5,183,11.5,14.7,15.6,0.00,0.00,0.00
2025-03-16T04:00,8.0,93,87,6.5,201,11.1,14.5,15.6,0.00,0.00,0.00
2025-03-16T05:00,8.2,89,54,7.3,216,10.8,14.3,15.6,0.00,0.00,0.00
2025-03-16T06:00,8.6,85,72,7.8,210,10.6,14.1,15.6,0.00,0.00,0.00
2025-03-16T07:00,10.4,78,29,11.6,213,10.6,13.9,15.6,0.00,0.00,0.03
2025-03-16T08:00,14.1,66,0,14.6,220,11.7,13.7,15.6,0.00,0.00,0.11
2025-03-16T09:00,16.7,58,16,19.4,230,13.3,13.7,15.5,0.00,0.00,0.23
2025-03-16T10:00,17.9,53,13,20.5,237,14.9,13.8,15.5,0.00,0.00,0.33
2025-03-16T11:00,18.8,48,13,20.2,240,16.4,13.9,15.5,0.00,0.00,0.42
2025-03-16T12:00,19.7,45,58,20.2,244,17.6,14.2,15.5,0.00,0.00,0.46
2025-03-16T13:00,20.5,43,44,18.2,250,18.5,14.3,15.5,0.00,0.00,0.43
2025-03-16T14:00,20.7,41,74,12.6,270,19.1,14.6,15.5,0.00,0.00,0.42
2025-03-16T15:00,19.5,48,53,11.4,339,19.4,14.9,15.5,0.00,0.00,0.36
2025-03-16T16:00,17.8,52,4,14.8,13,19.0,15.2,15.5,0.00,0.00,0.27
2025-03-16T17:00,16.0,54,28,10.3,38,18.2,15.5,15.5,0.00,0.00,0.18
2025-03-16T18:00,14.2,68,1,4.6,75,16.9,15.6,15.5,0.00,0.00,0.05
2025-03-16T19:00,12.5,71,3,4.8,87,15.4,15.6,15.5,0.00,0.00,0.03
2025-03-16T20:00,12.1,73,2,2.3,65,14.2,15.6,15.5,0.00,0.00,0.00
2025-03-16T21:00,12.1,72,3,1.0,52,13.3,15.4,15.5,0.00,0.00,0.00
2025-03-16T22:00,11.8,73,30,1.1,45,12.5,15.3,15.5,0.00,0.00,0.00
2025-03-16T23:00,11.1,75,32,1.9,81,11.9,15.1,15.5,0.00,0.00,0.00
2025-03-17T00:00,10.6,76,9,0.2,59,11.4,14.9,15.5,0.00,0.00,0.00
2025-03-17T01:00,9.8,80,20,3.5,205,12.2,14.7,15.5,0.00,0.00,0.00
2025-03-17T02:00,9.0,85,83,4.3,224,11.7,14.6,15.5,0.00,0.00,0.00
2025-03-17T03:00,9.7,82,31,4.5,232,11.6,14.4,15.5,0.00,0.00,0.00
2025-03-17T04:00,9.1,85,70,3.2,207,11.3,14.2,15.5,0.00,0.00,0.00
2025-03-17T05:00,9.5,83,83,3.2,228,11.2,14.1,15.5,0.00,0.00,0.00
2025-03-17T06:00,9.4,84,12,1.5,297,11.0,13.9,15.5,0.00,0.00,0.00
2025-03-17T07:00,9.7,83,1,3.2,192,10.9,13.7,15.5,0.00,0.00,0.01
2025-03-17T08:00,13.7,78,0,4.9,220,11.9,13.6,15.4,0.00,0.00,0.08
2025-03-17T09:00,17.9,61,0,4.0,248,13.8,13.6,15.4,0.00,0.00,0.21
2025-03-17T10:00,20.2,51,6,4.9,258,15.9,13.7,15.4,0.00,0.00,0.34
2025-03-17T11:00,22.0,47,11,7.0,266,17.9,14.0,15.4,0.00,0.00,0.44
2025-03-17T12:00,23.4,39,86,12.6,266,19.4,14.3,15.4,0.00,0.00,0.53
2025-03-17T13:00,24.7,35,9,11.1,260,20.7,14.7,15.4,0.00,0.00,0.56
2025-03-17T14:00,23.2,45,43,9.4,1,21.4,15.1,15.4,0.00,0.00,0.47
2025-03-17T15:00,21.3,54,46,16.0,40,21.3,15.5,15.4,0.00,0.00,0.37
2025-03-17T16:00,19.8,55,41,12.6,31,20.7,15.8,15.4,0.00,0.00,0.26
2025-03-17T17:00,18.1,59,73,12.0,36,19.8,16.1,15.4,0.00,0.00,0.18
2025-03-17T18:00,16.5,67,75,7.3,70,18.5,16.3,15.4,0.00,0.00,0.06
2025-03-17T19:00,14.8,77,10,4.0,44,17.1,16.4,15.4,0.00,0.00,0.03
2025-03-17T20:00,13.9,80,29,1.0,48,15.8,16.3,15.4,0.00,0.00,0.00
2025-03-17T21:00,13.2,81,1,1.5,53,14.8,16.2,15.4,0.00,0.00,0.00
2025-03-17T22:00,12.6,82,5,3.6,229,14.0,16.1,15.4,0.00,0.00,0.00
2025-03-17T23:00,11.8,86,29,6.0,254,13.5,16.0,15.4,0.00,0.00,0.00
2025-03-18T00:00,11.3,87,29,5.0,259,13.1,15.8,15.4,0.00,0.00,0.00
2025-03-18T01:00,12.1,80,93,5.2,207,13.6,15.5,15.4,0.00,0.00,0.00
2025-03-18T02:00,11.4,83,94,5.8,216,13.1,15.4,15.4,0.00,0.00,0.00
2025-03-18T03:00,11.7,80,54,9.6,226,12.8,15.3,15.4,0.00,0.00,0.01
2025-03-18T04:00,14.5,67,53,16.0,222,13.0,15.1,15.4,0.00,0.00,0.05
2025-03-18T05:00,16.2,54,30,23.4,221,13.4,15.0,15.4,0.00,0.00,0.11
2025-03-18T06:00,16.0,54,53,25.6,221,13.8,14.9,15.4,0.00,0.00,0.11
2025-03-18T07:00,15.9,57,92,30.4,218,14.1,14.9,15.4,0.00,0.00,0.13
2025-03-18T08:00,16.8,57,88,28.2,218,14.6,14.9,15.4,0.00,0.00,0.16
2025-03-18T09:00,18.0,55,39,30.4,219,15.6,14.9,15.4,0.00,0.00,0.26
2025-03-18T10:00,19.3,49,2,26.9,225,16.8,15.0,15.4,0.00,0.00,0.36
2025-03-18T11:00,20.3,47,13,23.8,237,18.1,15.1,15.4,0.00,0.00,0.44
2025-03-18T12:00,21.5,44,27,23.3,245,19.2,15.4,15.4,0.00,0.00,0.48
2025-03-18T13:00,22.2,42,27,14.6,263,20.3,15.7,15.4,0.00,0.00,0.47
2025-03-18T14:00,21.6,44,39,10.3,308,20.7,16.0,15.4,0.00,0.00,0.40
2025-03-18T15:00,20.0,60,37,14.2,354,20.8,16.3,15.4,0.00,0.00,0.31
2025-03-18T16:00,18.9,63,5,13.5,44,20.5,16.5,15.4,0.00,0.00,0.26
2025-03-18T17:00,18.2,65,1,11.0,63,19.8,16.7,15.4,0.00,0.00,0.17
2025-03-18T18:00,16.4,75,1,8.5,33,18.7,16.8,15.5,0.00,0.00,0.06
2025-03-18T19:00,14.2,86,5,4.0,40,17.3,16.9,15.5,0.00,0.00,0.02
2025-03-18T20:00,13.3,88,2,5.2,76,16.1,16.8,15.5,0.00,0.00,0.00
2025-03-18T21:00,12.7,89,0,5.3,82,15.2,16.7,15.5,0.00,0.00,0.00
2025-03-18T22:00,12.7,86,0,2.3,63,14.4,16.6,15.5,0.00,0.00,0.00
2025-03-18T23:00,12.7,84,2,1.5,58,13.7,16.4,15.5,0.00,0.00,0.00
2025-03-19T00:00,12.7,82,0,1.0,46,13.1,16.2,15.5,0.00,0.00,0.00
2025-03-19T01:00,11.8,81,0,1.4,59,13.1,16.0,15.5,0.00,0.00,0.00
2025-03-19T02:00,10.3,87,5,1.1,65,12.5,15.8,15.5,0.00,0.00,0.00
2025-03-19T03:00,9.4,92,0,1.9,360,12.1,15.6,15.5,0.00,0.00,0.00
2025-03-19T04:00,9.3,93,0,3.2,315,11.9,15.4,15.5,0.00,0.00,0.00
2025-03-19T05:00,9.0,94,0,4.8,283,11.6,15.2,15.5,0.00,0.00,0.00
2025-03-19T06:00,8.9,92,4,4.0,283,11.4,14.9,15.5,0.00,0.00,0.00
2025-03-19T07:00,9.9,88,8,4.8,283,11.4,14.7,15.5,0.00,0.00,0.01
2025-03-19T08:00,14.3,77,1,4.2,305,12.5,14.6,15.5,0.00,0.00,0.08
2025-03-19T09:00,17.7,64,96,5.0,351,14.4,14.5,15.5,0.00,0.00,0.21
2025-03-19T10:00,20.0,57,83,8.3,356,16.5,14.6,15.5,0.00,0.00,0.34
2025-03-19T11:00,21.5,52,93,11.9,3,18.3,14.8,15.5,0.00,0.00,0.44
2025-03-19T12:00,22.1,53,100,14.6,11,19.7,15.1,15.5,0.00,0.00,0.48
2025-03-19T13:00,20.7,53,100,19.2,18,20.1,15.3,15.5,0.00,0.00,0.45
2025-03-19T14:00,19.7,58,100,17.6,32,20.3,15.6,15.5,0.00,0.00,0.37
2025-03-19T15:00,19.5,62,100,17.6,40,20.3,15.8,15.5,0.00,0.00,0.30
2025-03-19T16:00,19.1,66,100,14.0,39,20.0,16.1,15.5,0.00,0.00,0.22
2025-03-19T17:00,18.1,72,100,11.4,29,19.4,16.3,15.5,0.00,0.00,0.14
2025-03-19T18:00,16.4,81,83,7.2,8,18.4,16.4,15.5,0.00,0.00,0.05
2025-03-19T19:00,14.5,90,35,4.4,333,17.1,16.5,15.5,0.00,0.00,0.02
2025-03-19T20:00,13.3,93,11,4.5,310,16.1,16.5,15.5,0.00,0.00,0.00
2025-03-19T21:00,12.9,90,91,3.5,288,15.0,16.4,15.5,0.00,0.00,0.00
2025-03-19T22:00,12.5,86,100,4.9,261,14.3,16.3,15.5,0.00,0.00,0.00
2025-03-19T23:00,12.7,82,99,2.6,203,13.8,16.1,15.5,0.00,0.00,0.00
2025-03-20T00:00,13.2,78,99,1.3,187,13.3,16.0,15.5,0.00,0.00,0.00
2025-03-20T01:00,13.4,90,97,1.9,220,14.6,15.9,15.5,0.00,0.00,0.00
2025-03-20T02:00,14.0,83,93,4.3,186,14.1,15.8,15.5,0.00,0.00,0.00
2025-03-20T03:00,16.6,43,90,11.8,184,13.8,15.7,15.5,0.00,0.00,0.08
2025-03-20T04:00,21.6,22,97,25.2,186,14.4,15.6,15.5,0.00,0.00,0.25
2025-03-20T05:00,22.3,20,100,27.3,186,15.3,15.5,15.5,0.00,0.00,0.27
2025-03-20T06:00,22.0,20,97,20.6,187,15.9,15.6,15.5,0.00,0.00,0.22
2025-03-20T07:00,18.5,41,99,4.6,212,15.6,15.6,15.5,0.00,0.00,0.05
2025-03-20T08:00,19.6,47,88,5.8,276,16.1,15.6,15.5,0.00,0.00,0.12
2025-03-20T09:00,22.1,48,87,2.4,274,17.5,15.7,15.5,0.00,0.00,0.24
2025-03-20T10:00,24.2,42,49,4.5,355,19.3,15.8,15.5,0.00,0.00,0.38
2025-03-20T11:00,24.8,44,15,9.7,357,20.9,16.1,15.5,0.00,0.00,0.50
2025-03-20T12:00,24.5,49,11,13.0,357,22.1,16.4,15.5,0.00,0.00,0.54
2025-03-20T13:00,23.0,48,0,14.9,25,22.3,16.6,15.5,0.00,0.00,0.53
2025-03-20T14:00,22.3,53,2,15.2,50,22.7,16.9,15.5,0.00,0.00,0.49
2025-03-20T15:00,21.8,55,0,13.4,52,22.7,17.2,15.6,0.00,0.00,0.42
2025-03-20T16:00,21.5,55,1,14.6,61,22.3,17.5,15.6,0.00,0.00,0.33
2025-03-20T17:00,20.5,59,32,13.0,56,21.5,17.8,15.6,0.00,0.00,0.21
2025-03-20T18:00,17.9,71,82,11.5,51,20.3,17.9,15.6,0.00,0.00,0.08
2025-03-20T19:00,15.6,80,88,10.6,53,18.8,17.9,15.6,0.00,0.00,0.04
2025-03-20T20:00,14.3,85,54,5.2,15,17.6,17.9,15.6,0.00,0.00,0.00
2025-03-20T21:00,13.6,79,9,15.5,286,16.6,17.8,15.6,0.00,0.00,0.02
2025-03-20T22:00,13.8,79,7,12.7,228,16.0,17.7,15.6,0.00,0.00,0.02
2025-03-20T23:00,15.1,70,18,12.3,224,15.7,17.5,15.7,0.00,0.00,0.03
2025-03-21T00:00,13.8,75,1,6.3,261,15.2,17.4,15.7,0.00,0.00,0.01
2025-03-21T01:00,13.8,70,1,2.7,273,15.1,17.3,15.7,0.00,0.00,0.00
2025-03-21T02:00,13.9,69,1,0.3,348,14.5,17.1,15.7,0.00,0.00,0.00
2025-03-21T03:00,13.9,64,12,0.7,105,14.0,16.9,15.7,0.00,0.00,0.00
2025-03-21T04:00,12.8,72,93,4.8,216,13.6,16.7,15.7,0.00,0.00,0.00
2025-03-21T05:00,14.2,79,92,1.2,267,13.9,16.5,15.7,0.90,0.90,0.00
2025-03-21T06:00,14.4,81,100,1.3,336,14.0,16.3,15.7,0.10,0.10,0.00
2025-03-21T07:00,14.5,89,93,1.7,9,14.3,16.2,15.7,0.00,0.00,0.02
2025-03-21T08:00,15.8,85,74,6.9,135,14.9,16.1,15.7,0.10,0.10,0.06
2025-03-21T09:00,17.1,78,52,1.9,319,16.1,16.1,15.7,0.20,0.20,0.16
2025-03-21T10:00,18.5,69,17,2.9,281,17.5,16.1,15.7,0.10,0.10,0.28
2025-03-21T11:00,20.2,53,8,7.3,287,19.1,16.2,15.7,0.00,0.00,0.41
2025-03-21T12:00,21.5,42,54,5.5,277,20.7,16.5,15.7,0.00,0.00,0.50
2025-03-21T13:00,21.0,56,91,11.4,349,21.9,16.9,15.7,0.00,0.00,0.49
2025-03-21T14:00,20.0,62,95,15.3,21,22.0,17.2,15.8,0.20,0.20,0.43
2025-03-21T15:00,18.4,64,80,18.3,37,21.7,17.5,15.8,0.00,0.00,0.34
2025-03-21T16:00,17.8,63,23,14.5,56,21.2,17.7,15.8,0.00,0.00,0.27
2025-03-21T17:00,17.9,62,39,8.7,66,20.4,17.8,15.8,0.00,0.00,0.18
2025-03-21T18:00,16.2,72,87,4.9,72,19.2,17.9,15.8,0.00,0.00,0.06
2025-03-21T19:00,14.8,75,74,1.5,68,17.7,17.9,15.8,0.00,0.00,0.02
2025-03-21T20:00,14.4,77,98,0.6,24,16.6,17.8,15.8,0.00,0.00,0.00
2025-03-21T21:00,14.4,77,83,0.4,8,15.9,17.7,15.8,0.00,0.00,0.00
2025-03-21T22:00,13.8,79,84,0.3,326,15.1,17.5,15.8,0.00,0.00,0.00
2025-03-21T23:00,13.3,79,99,3.0,223,14.7,17.3,15.8,0.00,0.00,0.00
2025-03-22T00:00,12.8,76,95,4.3,229,14.3,17.1,15.9,0.00,0.00,0.00
2025-03-22T01:00,12.4,77,40,3.5,194,13.9,16.9,15.9,0.00,0.00,0.00
2025-03-22T02:00,11.9,75,9,5.8,215,13.4,16.7,15.9,0.00,0.00,0.00
2025-03-22T03:00,13.3,68,76,13.3,224,13.3,16.4,15.9,0.00,0.00,0.04
2025-03-22T04:00,14.3,65,79,15.9,224,13.5,16.3,15.9,0.00,0.00,0.05
2025-03-22T05:00,14.1,66,33,14.3,222,13.6,16.1,15.9,0.00,0.00,0.04
2025-03-22T06:00,13.6,70,30,13.5,223,13.6,15.9,15.9,0.00,0.00,0.04
2025-03-22T07:00,14.6,66,44,17.4,221,13.7,15.8,15.9,0.00,0.00,0.07
2025-03-22T08:00,17.0,59,100,14.4,249,14.6,15.7,15.9,0.00,0.00,0.13
2025-03-22T09:00,14.7,74,100,16.1,304,15.0,15.7,15.9,0.10,0.10,0.11
2025-03-22T10:00,14.8,73,100,8.4,282,15.4,15.6,15.9,0.20,0.20,0.12
2025-03-22T11:00,15.7,67,100,9.4,267,16.1,15.7,15.9,0.10,0.10,0.20
2025-03-22T12:00,15.9,64,100,9.9,281,16.4,15.7,15.9,0.00,0.00,0.16
2025-03-22T13:00,16.3,63,100,9.4,292,16.6,15.7,15.9,0.10,0.10,0.20
2025-03-22T14:00,16.6,62,100,7.5,289,16.8,15.7,15.9,0.10,0.10,0.17
2025-03-22T15:00,17.5,56,100,9.5,297,17.6,15.8,15.9,0.00,0.00,0.25
2025-03-22T16:00,15.7,64,100,11.3,331,17.1,15.9,15.9,0.20,0.20,0.12
2025-03-22T17:00,15.9,62,100,7.0,312,16.6,16.0,15.9,0.00,0.00,0.09
2025-03-22T18:00,15.3,73,81,2.0,301,16.2,16.0,15.9,0.00,0.00,0.04
2025-03-22T19:00,14.3,69,44,1.1,269,15.4,16.0,15.9,0.00,0.00,0.02
2025-03-22T20:00,13.0,72,100,3.1,256,14.6,15.9,15.9,0.00,0.00,0.00
2025-03-22T21:00,13.6,71,98,7.4,216,14.4,15.8,15.9,0.00,0.00,0.01
2025-03-22T22:00,13.1,76,88,9.6,219,14.1,15.7,15.9,0.10,0.10,0.01
2025-03-22T23:00,12.7,78,48,12.8,217,13.8,15.6,15.9,0.00,0.00,0.02
2025-03-23T00:00,11.8,80,42,10.6,219,13.4,15.5,15.9,0.00,0.00,0.01
2025-03-23T01:00,11.6,79,29,6.1,217,13.6,15.4,15.9,0.00,0.00,0.00
2025-03-23T02:00,10.6,82,35,6.7,223,12.9,15.3,15.9,0.00,0.00,0.00
2025-03-23T03:00,11.0,74,33,11.8,223,12.4,15.1,15.9,0.00,0.00,0.02
2025-03-23T04:00,10.7,70,64,14.0,220,12.1,15.0,15.9,0.00,0.00,0.03
2025-03-23T05:00,10.5,71,83,13.8,217,11.8,14.8,15.8,0.00,0.00,0.03
2025-03-23T06:00,10.2,73,0,11.4,210,11.6,14.6,15.8,0.00,0.00,0.02
2025-03-23T07:00,10.8,73,2,11.8,208,11.5,14.5,15.8,0.00,0.00,0.04
2025-03-23T08:00,13.3,65,8,15.1,206,12.3,14.4,15.8,0.00,0.00,0.12
2025-03-23T09:00,15.7,53,1,19.5,218,13.7,14.3,15.8,0.00,0.00,0.24
2025-03-23T10:00,17.1,47,1,21.3,228,15.3,14.4,15.8,0.00,0.00,0.35
2025-03-23T11:00,18.5,42,48,23.1,233,16.9,14.5,15.8,0.00,0.00,0.44
2025-03-23T12:00,19.8,39,23,22.5,229,18.2,14.7,15.8,0.00,0.00,0.48
2025-03-23T13:00,20.0,37,91,29.1,238,19.0,15.0,15.8,0.00,0.00,0.50
2025-03-23T14:00,19.3,39,56,20.0,247,19.0,15.2,15.8,0.00,0.00,0.35
2025-03-23T15:00,18.3,45,91,31.5,253,19.1,15.5,15.8,0.90,0.90,0.39
2025-03-23T16:00,15.9,61,56,13.4,301,17.7,15.6,15.8,0.20,0.20,0.15
2025-03-23T17:00,15.3,67,50,11.9,328,17.1,15.7,15.8,0.00,0.00,0.13
2025-03-23T18:00,12.3,83,72,7.5,297,16.2,15.8,15.8,0.10,0.10,0.04
2025-03-23T19:00,11.7,85,81,12.2,261,15.1,15.8,15.8,0.80,0.80,0.03
2025-03-23T20:00,11.4,88,51,14.2,224,14.0,15.7,15.8,0.10,0.10,0.01
2025-03-23T21:00,11.0,85,41,14.9,217,13.2,15.6,15.8,0.10,0.10,0.01
2025-03-23T22:00,10.5,83,48,9.4,228,12.5,15.4,15.8,0.00,0.00,0.00
2025-03-23T23:00,10.4,82,45,9.5,236,12.0,15.2,15.8,0.00,0.00,0.01
2025-03-24T00:00,10.0,82,17,9.6,236,11.7,15.0,15.8,0.00,0.00,0.01
2025-03-24T01:00,10.0,81,12,14.1,224,12.0,14.8,15.8,0.00,0.00,0.01
2025-03-24T02:00,9.7,80,3,14.0,216,11.4,14.6,15.8,0.00,0.00,0.02
2025-03-24T03:00,9.6,78,1,15.1,219,11.1,14.4,15.8,0.00,0.00,0.02
2025-03-24T04:00,9.3,77,4,14.9,218,10.8,14.2,15.7,0.00,0.00,0.02
2025-03-24T05:00,9.1,78,4,13.3,220,10.6,14.0,15.7,0.00,0.00,0.02
2025-03-24T06:00,9.0,79,2,12.1,216,10.4,13.9,15.7,0.00,0.00,0.01
2025-03-24T07:00,10.0,75,9,12.7,215,10.5,13.7,15.7,0.00,0.00,0.04
2025-03-24T08:00,12.2,68,15,13.1,215,11.4,13.5,15.7,0.00,0.00,0.11
2025-03-24T09:00,13.9,60,9,14.9,231,12.8,13.5,15.7,0.00,0.00,0.20
2025-03-24T10:00,15.4,51,16,15.1,243,14.3,13.6,15.7,0.00,0.00,0.31
2025-03-24T11:00,16.5,46,2,14.5,264,15.8,13.7,15.7,0.00,0.00,0.39
2025-03-24T12:00,17.4,44,8,13.6,291,17.3,13.9,15.7,0.00,0.00,0.46
2025-03-24T13:00,17.5,43,51,10.6,307,18.5,14.2,15.6,0.10,0.10,0.46
2025-03-24T14:00,17.0,45,57,12.0,330,18.6,14.5,15.6,0.00,0.00,0.36
2025-03-24T15:00,16.2,50,55,12.0,328,18.4,14.8,15.6,0.00,0.00,0.29
2025-03-24T16:00,16.0,51,47,8.5,329,18.1,15.0,15.6,0.00,0.00,0.23
2025-03-24T17:00,15.5,52,29,5.4,347,17.5,15.2,15.6,0.00,0.00,0.15
2025-03-24T18:00,14.0,68,4,2.2,2,16.5,15.3,15.6,0.00,0.00,0.05
2025-03-24T19:00,12.4,68,15,0.9,352,15.0,15.4,15.6,0.00,0.00,0.01
2025-03-24T20:00,11.3,71,21,3.9,157,13.8,15.3,15.6,0.00,0.00,0.00
2025-03-24T21:00,10.6,74,35,4.9,192,13.1,15.2,15.6,0.00,0.00,0.00
2025-03-24T22:00,9.9,77,51,6.5,211,12.5,15.0,15.6,0.00,0.00,0.00
2025-03-24T23:00,10.0,74,32,7.0,230,12.1,14.9,15.6,0.00,0.00,0.01
2025-03-25T00:00,10.0,73,51,6.5,220,11.8,14.7,15.6,0.00,0.00,0.01
2025-03-25T01:00,10.8,73,67,7.0,214,12.6,14.7,15.6,0.00,0.00,0.01
2025-03-25T02:00,10.0,77,44,6.0,211,12.1,14.5,15.6,0.00,0.00,0.00
2025-03-25T03:00,9.6,78,45,3.6,234,11.5,14.4,15.6,0.00,0.00,0.00
2025-03-25T04:00,9.7,77,43,2.9,242,11.1,14.2,15.6,0.00,0.00,0.00
2025-03-25T05:00,8.7,81,10,4.7,254,10.7,14.0,15.6,0.00,0.00,0.00
2025-03-25T06:00,8.2,84,4,7.2,241,10.4,13.9,15.6,0.00,0.00,0.00
2025-03-25T07:00,9.2,82,2,9.7,239,10.5,13.7,15.6,0.00,0.00,0.03
2025-03-25T08:00,12.5,73,1,9.0,234,11.5,13.5,15.6,0.00,0.00,0.10
2025-03-25T09:00,14.7,63,1,11.1,239,13.1,13.5,15.5,0.00,0.00,0.21
2025-03-25T10:00,16.1,57,30,9.0,260,14.9,13.6,15.5,0.00,0.00,0.32
2025-03-25T11:00,17.1,52,13,7.0,282,16.5,13.8,15.5,0.00,0.00,0.38
2025-03-25T12:00,18.1,46,37,6.7,297,18.0,14.0,15.5,0.00,0.00,0.45
2025-03-25T13:00,18.8,40,99,7.8,343,18.9,14.2,15.5,0.00,0.00,0.40
2025-03-25T14:00,17.4,52,24,14.0,7,18.7,14.5,15.5,0.00,0.00,0.28
2025-03-25T15:00,17.2,54,23,13.5,7,19.0,14.8,15.5,0.00,0.00,0.36
2025-03-25T16:00,16.9,54,10,9.8,4,18.8,15.1,15.5,0.00,0.00,0.27
2025-03-25T17:00,16.4,55,8,9.4,9,18.1,15.3,15.5,0.00,0.00,0.18
2025-03-25T18:00,14.4,72,1,4.5,51,17.0,15.4,15.5,0.00,0.00,0.06
2025-03-25T19:00,12.7,76,0,1.8,63,15.4,15.5,15.5,0.00,0.00,0.02
2025-03-25T20:00,11.9,77,4,1.6,105,14.2,15.4,15.5,0.00,0.00,0.00
2025-03-25T21:00,10.9,79,13,3.6,178,13.2,15.3,15.5,0.00,0.00,0.00
2025-03-25T22:00,10.3,79,12,4.7,187,12.6,15.2,15.5,0.00,0.00,0.00
2025-03-25T23:00,9.9,79,15,5.2,203,12.1,15.0,15.5,0.00,0.00,0.00
2025-03-26T00:00,9.9,79,29,5.9,209,11.8,14.8,15.5,0.00,0.00,0.00
2025-03-26T01:00,10.5,77,17,5.9,227,12.2,14.6,15.5,0.00,0.00,0.00
2025-03-26T02:00,9.6,86,67,4.5,208,11.7,14.5,15.5,0.60,0.60,0.00
2025-03-26T03:00,9.4,89,31,5.0,164,11.2,14.3,15.5,0.60,0.60,0.00
2025-03-26T04:00,8.8,88,23,4.5,194,10.6,14.1,15.5,0.00,0.00,0.00
2025-03-26T05:00,9.1,90,21,6.9,209,10.4,13.9,15.5,0.00,0.00,0.00
2025-03-26T06:00,8.8,91,14,8.5,219,10.1,13.7,15.4,0.00,0.00,0.00
2025-03-26T07:00,9.9,87,8,11.0,226,10.2,13.5,15.4,0.00,0.00,0.02
2025-03-26T08:00,13.2,79,7,9.4,229,11.4,13.4,15.4,0.00,0.00,0.10
2025-03-26T09:00,15.8,64,6,10.1,240,13.1,13.4,15.4,0.00,0.00,0.22
2025-03-26T10:00,17.3,55,5,8.6,260,15.0,13.5,15.4,0.00,0.00,0.33
2025-03-26T11:00,18.2,50,15,6.3,280,16.8,13.7,15.4,0.00,0.00,0.42
2025-03-26T12:00,19.0,46,12,5.1,307,18.4,13.9,15.4,0.00,0.00,0.46
2025-03-26T13:00,20.0,43,0,6.8,343,20.0,14.5,15.4,0.00,0.00,0.49
2025-03-26T14:00,20.2,43,0,9.0,356,20.7,14.9,15.4,0.00,0.00,0.48
2025-03-26T15:00,19.6,45,4,12.0,11,20.8,15.3,15.4,0.00,0.00,0.42
2025-03-26T16:00,18.4,51,2,12.2,27,20.4,15.6,15.4,0.00,0.00,0.31
2025-03-26T17:00,17.3,54,0,8.4,44,19.5,15.8,15.4,0.00,0.00,0.19
2025-03-26T18:00,15.3,69,0,4.6,82,18.2,16.0,15.4,0.00,0.00,0.06
2025-03-26T19:00,13.4,72,0,3.0,103,16.4,16.1,15.4,0.00,0.00,0.02
2025-03-26T20:00,12.0,75,0,3.6,169,15.1,16.0,15.4,0.00,0.00,0.00
2025-03-26T21:00,11.1,77,0,4.6,197,14.1,15.9,15.4,0.00,0.00,0.00
2025-03-26T22:00,10.3,78,3,4.8,218,13.3,15.8,15.4,0.00,0.00,0.00
2025-03-26T23:00,10.3,75,18,5.1,230,12.6,15.6,15.4,0.00,0.00,0.00
2025-03-27T00:00,10.2,71,8,5.2,216,12.2,15.4,15.4,0.00,0.00,0.00
2025-03-27T01:00,11.1,67,1,6.4,211,12.3,15.2,15.4,0.00,0.00,0.01
2025-03-27T02:00,10.8,65,0,7.5,217,12.0,15.1,15.4,0.00,0.00,0.02
2025-03-27T03:00,10.5,65,0,7.1,215,11.7,14.9,15.4,0.00,0.00,0.02
2025-03-27T04:00,10.1,67,0,6.2,213,11.4,14.7,15.4,0.00,0.00,0.01
2025-03-27T05:00,9.6,70,0,6.4,217,11.2,14.5,15.4,0.00,0.00,0.01
2025-03-27T06:00,9.3,71,0,6.4,228,10.9,14.3,15.4,0.00,0.00,0.01
2025-03-27T07:00,11.1,68,0,7.0,242,11.0,14.1,15.4,0.00,0.00,0.03
2025-03-27T08:00,14.6,63,0,8.2,250,12.3,14.0,15.4,0.00,0.00,0.12
2025-03-27T09:00,17.4,53,0,8.6,265,14.1,14.0,15.4,0.00,0.00,0.25
2025-03-27T10:00,19.5,46,0,8.6,263,16.2,14.1,15.4,0.00,0.00,0.37
2025-03-27T11:00,21.1,40,0,9.0,257,18.1,14.3,15.4,0.00,0.00,0.48
2025-03-27T12:00,22.3,36,49,7.6,269,19.9,14.6,15.4,0.00,0.00,0.54
2025-03-27T13:00,22.8,35,36,9.5,334,21.2,15.0,15.4,0.00,0.00,0.57
2025-03-27T14:00,21.8,41,2,15.3,1,21.8,15.4,15.4,0.00,0.00,0.52
2025-03-27T15:00,20.9,40,38,13.9,355,21.8,15.7,15.4,0.00,0.00,0.45
2025-03-27T16:00,20.4,40,18,10.7,353,21.4,16.1,15.4,0.00,0.00,0.34
2025-03-27T17:00,19.3,45,7,7.6,12,20.6,16.3,15.4,0.00,0.00,0.21
2025-03-27T18:00,16.7,62,9,4.8,59,19.2,16.5,15.4,0.00,0.00,0.07
2025-03-27T19:00,14.4,69,46,5.6,92,17.4,16.6,15.4,0.00,0.00,0.03
2025-03-27T20:00,13.3,70,94,4.1,151,16.1,16.6,15.4,0.00,0.00,0.00
2025-03-27T21:00,12.3,68,43,4.0,169,14.9,16.5,15.4,0.00,0.00,0.00
2025-03-27T22:00,11.6,65,63,4.5,183,14.1,16.4,15.4,0.00,0.00,0.01
2025-03-27T23:00,11.0,64,34,4.8,204,13.4,16.2,15.4,0.00,0.00,0.01
2025-03-28T00:00,10.9,63,10,4.8,230,12.8,16.0,15.4,0.00,0.00,0.01
2025-03-28T01:00,11.4,59,14,4.4,237,12.4,15.8,15.4,0.00,0.00,0.01
2025-03-28T02:00,11.0,59,1,4.8,233,11.9,15.6,15.4,0.00,0.00,0.01
2025-03-28T03:00,10.4,61,1,4.2,229,11.5,15.4,15.4,0.00,0.00,0.01
2025-03-28T04:00,9.8,64,0,4.1,218,11.2,15.1,15.4,0.00,0.00,0.00
2025-03-28T05:00,9.5,66,0,4.6,214,10.9,14.9,15.4,0.00,0.00,0.00
2025-03-28T06:00,9.3,67,0,4.6,223,10.7,14.7,15.4,0.00,0.00,0.00
2025-03-28T07:00,11.4,65,0,5.8,235,10.9,14.5,15.4,0.00,0.00,0.03
2025-03-28T08:00,15.0,59,0,6.4,249,12.3,14.3,15.4,0.00,0.00,0.12
2025-03-28T09:00,18.0,47,0,3.3,265,14.4,14.3,15.4,0.00,0.00,0.24
2025-03-28T10:00,19.9,41,0,2.3,297,16.6,14.4,15.4,0.00,0.00,0.37
2025-03-28T11:00,21.3,40,0,3.5,299,18.8,14.6,15.4,0.00,0.00,0.47
2025-03-28T12:00,22.4,38,0,6.4,344,20.6,14.9,15.4,0.00,0.00,0.54
2025-03-28T13:00,22.8,39,0,12.8,358,21.7,15.3,15.4,0.00,0.00,0.56
2025-03-28T14:00,21.9,41,0,14.9,359,22.1,15.7,15.4,0.00,0.00,0.52
2025-03-28T15:00,22.1,37,0,10.7,351,22.3,16.1,15.4,0.00,0.00,0.46
2025-03-28T16:00,21.3,38,0,11.2,3,21.9,16.4,15.4,0.00,0.00,0.36
2025-03-28T17:00,19.9,44,0,7.8,22,21.0,16.7,15.4,0.00,0.00,0.22
2025-03-28T18:00,16.9,61,0,5.0,76,19.6,16.8,15.4,0.00,0.00,0.08
2025-03-28T19:00,14.4,67,0,6.3,115,17.7,16.9,15.4,0.00,0.00,0.04
2025-03-28T20:00,12.9,70,1,4.8,148,16.3,16.9,15.4,0.00,0.00,0.00
2025-03-28T21:00,11.9,71,0,4.5,176,15.2,16.8,15.4,0.00,0.00,0.00
2025-03-28T22:00,11.9,65,0,5.5,194,14.3,16.6,15.5,0.00,0.00,0.01
2025-03-28T23:00,12.0,57,0,6.5,196,13.6,16.5,15.5,0.00,0.00,0.02
2025-03-29T00:00,11.9,55,0,6.7,200,13.1,16.3,15.5,0.00,0.00,0.03
2025-03-29T01:00,12.6,51,0,7.4,207,13.0,16.0,15.5,0.00,0.00,0.03
2025-03-29T02:00,12.2,55,0,8.0,215,12.7,15.8,15.5,0.00,0.00,0.03
2025-03-29T03:00,11.9,58,0,9.3,217,12.5,15.6,15.5,0.00,0.00,0.03
2025-03-29T04:00,11.5,61,0,9.2,213,12.3,15.5,15.5,0.00,0.00,0.03
2025-03-29T05:00,11.1,64,0,8.5,213,12.1,15.3,15.5,0.00,0.00,0.02
2025-03-29T06:00,10.8,65,0,9.2,206,11.9,15.1,15.5,0.00,0.00,0.03
2025-03-29T07:00,12.4,63,0,10.9,207,12.1,14.9,15.5,0.00,0.00,0.06
2025-03-29T08:00,16.5,55,0,10.3,224,13.3,14.8,15.5,0.00,0.00,0.15
2025-03-29T09:00,20.2,43,0,8.3,222,15.3,14.8,15.5,0.00,0.00,0.29
2025-03-29T10:00,22.2,36,0,4.7,229,17.5,14.9,15.5,0.00,0.00,0.40
2025-03-29T11:00,23.3,34,0,2.2,261,19.7,15.1,15.5,0.00,0.00,0.49
2025-03-29T12:00,24.2,33,0,1.8,265,21.6,15.5,15.5,0.00,0.00,0.56
2025-03-29T13:00,25.6,27,0,5.3,286,22.5,15.8,15.5,0.00,0.00,0.60
2025-03-29T14:00,25.6,28,0,7.8,347,23.5,16.2,15.5,0.00,0.00,0.57
2025-03-29T15:00,24.6,34,0,11.1,8,23.7,16.6,15.5,0.00,0.00,0.50
2025-03-29T16:00,23.7,38,0,9.6,20,23.3,16.9,15.5,0.00,0.00,0.38
2025-03-29T17:00,22.0,44,0,9.5,34,22.4,17.2,15.5,0.00,0.00,0.24
2025-03-29T18:00,18.8,57,0,6.4,57,20.9,17.4,15.5,0.00,0.00,0.09
2025-03-29T19:00,16.0,68,0,7.2,86,19.0,17.5,15.5,0.00,0.00,0.04
2025-03-29T20:00,14.5,69,0,6.5,103,17.5,17.5,15.5,0.00,0.00,0.01
2025-03-29T21:00,14.5,59,0,2.0,112,16.1,17.5,15.5,0.00,0.00,0.00
2025-03-29T22:00,14.5,54,0,1.5,103,15.0,17.3,15.5,0.00,0.00,0.00
2025-03-29T23:00,14.3,49,0,2.2,121,14.1,17.1,15.6,0.00,0.00,0.00
2025-03-30T00:00,13.9,46,0,1.9,109,13.4,16.9,15.6,0.00,0.00,0.00
2025-03-30T01:00,13.3,43,0,2.3,110,12.6,16.7,15.6,0.00,0.00,0.00
2025-03-30T02:00,13.3,44,0,1.1,84,12.2,16.4,15.6,0.00,0.00,0.00
2025-03-30T03:00,12.1,50,0,5.2,68,11.8,16.1,15.6,0.00,0.00,0.02
2025-03-30T04:00,11.8,52,0,2.5,75,11.4,15.9,15.6,0.00,0.00,0.00
2025-03-30T05:00,12.0,51,0,2.2,71,11.1,15.6,15.6,0.00,0.00,0.00
2025-03-30T06:00,11.8,52,0,2.3,64,10.7,15.3,15.6,0.00,0.00,0.00
2025-03-30T07:00,13.1,58,0,1.5,52,11.1,15.1,15.6,0.00,0.00,0.02
2025-03-30T08:00,16.1,53,0,4.6,38,12.8,14.9,15.6,0.00,0.00,0.13
2025-03-30T09:00,18.3,54,0,8.7,28,14.8,14.9,15.6,0.00,0.00,0.26
2025-03-30T10:00,20.4,43,0,12.9,38,16.9,15.0,15.6,0.00,0.00,0.40
2025-03-30T11:00,21.4,37,0,17.0,44,18.7,15.1,15.6,0.00,0.00,0.50
2025-03-30T12:00,21.5,32,0,21.9,45,20.1,15.4,15.6,0.00,0.00,0.56
2025-03-30T13:00,21.0,33,0,23.3,50,20.8,15.7,15.6,0.00,0.00,0.56
2025-03-30T14:00,20.1,37,0,23.2,50,21.2,16.0,15.6,0.00,0.00,0.52
2025-03-30T15:00,19.5,38,0,22.9,53,21.2,16.3,15.6,0.00,0.00,0.45
2025-03-30T16:00,18.5,45,0,20.9,54,20.8,16.5,15.6,0.00,0.00,0.35
2025-03-30T17:00,17.3,53,0,19.3,54,19.9,16.7,15.6,0.00,0.00,0.23
2025-03-30T18:00,15.8,64,0,14.6,59,18.7,16.8,15.6,0.00,0.00,0.10
2025-03-30T19:00,14.2,72,0,9.9,64,17.3,16.9,15.6,0.00,0.00,0.04
2025-03-30T20:00,12.6,82,0,5.7,67,16.0,16.8,15.6,0.00,0.00,0.00
2025-03-30T21:00,12.5,82,0,1.8,55,14.8,16.7,15.6,0.00,0.00,0.00
2025-03-30T22:00,12.0,84,0,0.8,37,13.7,16.6,15.6,0.00,0.00,0.00
2025-03-30T23:00,11.1,86,0,0.4,28,12.9,16.4,15.6,0.00,0.00,0.00
2025-03-31T00:00,10.0,87,0,3.2,315,12.2,16.1,15.6,0.00,0.00,0.00
2025-03-31T01:00,9.9,89,0,6.4,275,12.1,15.9,15.6,0.00,0.00,0.00
2025-03-31T02:00,9.1,93,0,8.7,265,11.8,15.7,15.6,0.00,0.00,0.00
2025-03-31T03:00,8.0,94,0,5.0,269,11.4,15.5,15.6,0.00,0.00,0.00
2025-03-31T04:00,7.5,88,0,3.5,258,10.8,15.2,15.6,0.00,0.00,0.00
2025-03-31T05:00,7.8,81,0,3.9,267,10.3,15.0,15.6,0.00,0.00,0.00
2025-03-31T06:00,7.9,77,0,1.7,285,9.9,14.7,15.6,0.00,0.00,0.00
2025-03-31T07:00,10.3,67,0,0.7,16,10.2,14.5,15.6,0.00,0.00,0.01
2025-03-31T08:00,13.7,63,0,4.4,23,11.7,14.3,15.6,0.00,0.00,0.12
2025-03-31T09:00,16.0,56,0,7.2,23,13.7,14.2,15.6,0.00,0.00,0.25
2025-03-31T10:00,17.7,50,0,9.9,26,15.8,14.3,15.6,0.00,0.00,0.37
2025-03-31T11:00,19.4,46,0,11.0,23,17.8,14.5,15.6,0.00,0.00,0.47
2025-03-31T12:00,20.6,44,0,12.5,24,19.5,14.7,15.6,0.00,0.00,0.53
2025-03-31T13:00,20.8,45,0,12.2,30,20.4,15.0,15.6,0.00,0.00,0.54
2025-03-31T14:00,20.8,43,0,13.4,36,21.2,15.4,15.6,0.00,0.00,0.51
2025-03-31T15:00,20.4,45,14,14.1,37,21.4,15.7,15.6,0.00,0.00,0.44
2025-03-31T16:00,19.7,48,0,13.0,36,21.1,16.0,15.6,0.00,0.00,0.34
2025-03-31T17:00,18.5,54,0,11.5,36,20.3,16.3,15.6,0.00,0.00,0.22
2025-03-31T18:00,16.2,69,0,5.6,36,19.0,16.4,15.6,0.00,0.00,0.07
2025-03-31T19:00,13.7,81,0,2.3,33,17.1,16.5,15.6,0.00,0.00,0.01
2025-03-31T20:00,13.0,85,0,1.3,14,15.6,16.5,15.6,0.00,0.00,0.00
2025-03-31T21:00,12.0,87,20,2.4,315,14.5,16.4,15.6,0.00,0.00,0.00
2025-03-31T22:00,11.4,85,70,2.6,274,13.6,16.2,15.6,0.00,0.00,0.00
2025-03-31T23:00,11.1,83,79,3.1,253,12.8,16.0,15.6,0.00,0.00,0.00
2025-04-01T00:00,11.0,81,98,3.2,236,12.2,15.8,15.6,0.00,0.00,0.00
2025-04-01T01:00,10.6,83,98,6.0,240,11.7,15.7,15.6,0.00,0.00,0.00
2025-04-01T02:00,10.4,85,99,6.1,251,11.6,15.4,15.6,0.00,0.00,0.00
2025-04-01T03:00,10.4,81,98,3.6,245,11.3,15.2,15.6,0.00,0.00,0.00
2025-04-01T04:00,10.5,78,100,2.7,247,11.0,15.0,15.6,0.00,0.00,0.00
2025-04-01T05:00,10.1,78,99,3.9,222,10.7,14.8,15.6,0.00,0.00,0.00
2025-04-01T06:00,10.0,78,100,3.0,236,10.5,14.5,15.6,0.00,0.00,0.00
2025-04-01T07:00,11.7,77,100,3.3,280,10.9,14.3,15.6,0.00,0.00,0.02
2025-04-01T08:00,14.6,69,100,3.6,255,12.3,14.2,15.6,0.00,0.00,0.10
2025-04-01T09:00,16.8,58,100,1.1,333,14.2,14.2,15.6,0.00,0.00,0.21
2025-04-01T10:00,18.6,52,20,4.3,356,16.3,14.3,15.6,0.00,0.00,0.34
2025-04-01T11:00,20.2,49,40,7.0,355,18.4,14.5,15.6,0.00,0.00,0.47
2025-04-01T12:00,21.0,44,22,11.1,339,20.0,14.8,15.6,0.00,0.00,0.53
2025-04-01T13:00,21.2,42,39,13.3,339,20.9,15.2,15.6,0.00,0.00,0.54
2025-04-01T14:00,21.1,43,25,11.8,337,21.5,15.6,15.6,0.00,0.00,0.51
2025-04-01T15:00,20.4,48,3,9.5,336,21.7,15.9,15.6,0.00,0.00,0.43
2025-04-01T16:00,19.9,50,6,7.1,344,21.5,16.3,15.6,0.00,0.00,0.32
2025-04-01T17:00,19.6,54,10,3.4,321,20.8,16.5,15.6,0.00,0.00,0.19
2025-04-01T18:00,17.4,73,30,2.8,43,19.6,16.7,15.6,0.00,0.00,0.07
2025-04-01T19:00,15.2,77,70,3.6,132,17.9,16.8,15.6,0.00,0.00,0.02
2025-04-01T20:00,14.5,74,100,3.8,169,16.7,16.8,15.6,0.00,0.00,0.00
2025-04-01T21:00,14.2,71,98,4.0,202,15.9,16.8,15.6,0.00,0.00,0.00
2025-04-01T22:00,13.9,70,21,4.9,207,15.2,16.7,15.6,0.00,0.00,0.01
2025-04-01T23:00,13.5,72,1,6.0,214,14.6,16.5,15.6,0.00,0.00,0.01
2025-04-02T00:00,13.2,75,0,5.6,212,14.1,16.4,15.6,0.00,0.00,0.00
2025-04-02T01:00,13.4,75,6,2.0,212,13.9,16.2,15.6,0.00,0.00,0.00
2025-04-02T02:00,13.1,77,1,2.0,135,13.5,16.1,15.6,0.00,0.00,0.00
2025-04-02T03:00,12.1,82,0,3.6,137,13.1,15.9,15.6,0.00,0.00,0.00
2025-04-02T04:00,11.3,85,0,3.5,159,12.8,15.7,15.6,0.00,0.00,0.00
2025-04-02T05:00,10.8,87,0,3.5,191,12.5,15.6,15.6,0.00,0.00,0.00
2025-04-02T06:00,10.6,86,0,3.3,175,12.3,15.4,15.6,0.00,0.00,0.00
2025-04-02T07:00,12.8,79,1,6.9,247,12.6,15.2,15.6,0.00,0.00,0.03
2025-04-02T08:00,17.2,68,21,3.1,261,14.0,15.1,15.6,0.00,0.00,0.13
2025-04-02T09:00,19.9,57,39,3.1,14,16.1,15.1,15.6,0.00,0.00,0.26
2025-04-02T10:00,21.7,53,7,3.6,21,18.3,15.3,15.6,0.00,0.00,0.39
2025-04-02T11:00,23.0,50,7,5.7,22,20.3,15.5,15.6,0.00,0.00,0.49
2025-04-02T12:00,23.1,52,18,13.1,39,21.7,15.8,15.6,0.00,0.00,0.52
2025-04-02T13:00,21.7,58,31,19.6,44,22.3,16.2,15.6,0.00,0.00,0.49
2025-04-02T14:00,21.8,59,4,18.2,48,22.7,16.6,15.6,0.00,0.00,0.46
2025-04-02T15:00,20.9,61,3,18.1,48,22.6,16.9,15.7,0.00,0.00,0.39
2025-04-02T16:00,20.8,63,0,16.2,51,22.3,17.2,15.7,0.00,0.00,0.32
2025-04-02T17:00,19.1,68,2,16.0,40,21.5,17.4,15.7,0.00,0.00,0.20
2025-04-02T18:00,17.9,76,0,13.2,24,20.3,17.6,15.7,0.00,0.00,0.09
2025-04-02T19:00,15.9,86,15,8.8,43,18.9,17.7,15.7,0.00,0.00,0.03
2025-04-02T20:00,14.5,91,0,5.1,56,17.7,17.7,15.7,0.00,0.00,0.00
2025-04-02T21:00,14.4,91,0,1.6,55,16.6,17.6,15.7,0.00,0.00,0.00
2025-04-02T22:00,13.9,92,3,1.2,27,15.8,17.5,15.7,0.00,0.00,0.00
2025-04-02T23:00,13.7,92,2,1.6,323,15.1,17.3,15.7,0.00,0.00,0.00
2025-04-03T00:00,13.3,92,0,1.3,308,14.6,17.1,15.7,0.00,0.00,0.00
2025-04-03T01:00,13.7,90,0,0.2,9,14.9,17.0,15.8,0.00,0.00,0.00
2025-04-03T02:00,13.2,90,0,0.6,330,14.3,16.9,15.8,0.00,0.00,0.00
2025-04-03T03:00,12.5,90,3,3.3,266,13.8,16.7,15.8,0.00,0.00,0.00
2025-04-03T04:00,12.2,90,8,5.3,254,13.5,16.5,15.8,0.00,0.00,0.00
2025-04-03T05:00,12.6,92,70,8.4,237,13.5,16.3,15.8,0.00,0.00,0.00
2025-04-03T06:00,13.6,89,100,9.5,232,13.8,16.2,15.8,0.00,0.00,0.00
2025-04-03T07:00,15.1,84,100,10.7,231,14.3,16.0,15.8,0.00,0.00,0.04
2025-04-03T08:00,16.4,81,100,11.4,245,15.1,16.0,15.8,0.00,0.00,0.09
2025-04-03T09:00,17.6,75,85,9.7,255,16.2,15.9,15.8,0.00,0.00,0.17
2025-04-03T10:00,18.8,69,100,7.6,270,17.5,16.0,15.8,0.00,0.00,0.22
2025-04-03T11:00,20.2,63,100,7.7,291,19.1,16.1,15.8,0.00,0.00,0.35
2025-04-03T12:00,21.3,58,84,9.7,314,20.4,16.3,15.8,0.00,0.00,0.39
2025-04-03T13:00,21.7,59,98,14.1,8,22.1,16.7,15.8,0.00,0.00,0.49
2025-04-03T14:00,20.0,69,66,15.9,31,22.4,17.0,15.8,0.00,0.00,0.38
2025-04-03T15:00,19.7,69,97,14.4,47,22.4,17.3,15.8,0.00,0.00,0.33
2025-04-03T16:00,19.5,68,98,13.2,56,22.0,17.5,15.8,0.00,0.00,0.27
2025-04-03T17:00,18.5,72,6,12.9,48,21.3,17.7,15.8,0.00,0.00,0.18
2025-04-03T18:00,17.1,80,8,11.3,65,20.2,17.9,15.8,0.00,0.00,0.08
2025-04-03T19:00,15.4,88,7,8.0,77,18.8,17.9,15.8,0.00,0.00,0.02
2025-04-03T20:00,14.3,85,0,7.4,84,17.7,17.9,15.9,0.00,0.00,0.00
2025-04-03T21:00,13.3,83,0,6.1,58,16.6,17.8,15.9,0.00,0.00,0.00
2025-04-03T22:00,12.8,84,20,2.7,23,15.6,17.7,15.9,0.00,0.00,0.00
2025-04-03T23:00,12.2,87,88,9.4,315,14.9,17.5,15.9,0.00,0.00,0.00
2025-04-04T00:00,12.6,93,37,18.1,245,14.6,17.3,15.9,0.00,0.00,0.00
2025-04-04T01:00,14.0,87,38,9.2,203,15.0,17.2,15.9,0.00,0.00,0.00
2025-04-04T02:00,13.3,86,44,8.5,219,14.7,17.0,15.9,0.00,0.00,0.00
2025-04-04T03:00,13.7,83,4,6.3,230,14.5,16.9,15.9,0.00,0.00,0.00
2025-04-04T04:00,12.7,87,0,3.2,236,14.1,16.7,15.9,0.00,0.00,0.00
2025-04-04T05:00,12.5,85,0,1.5,169,13.6,16.5,15.9,0.00,0.00,0.00
2025-04-04T06:00,12.5,83,0,1.5,158,13.2,16.3,15.9,0.00,0.00,0.00
2025-04-04T07:00,14.6,78,0,3.6,212,13.6,16.2,15.9,0.00,0.00,0.03
2025-04-04T08:00,18.0,68,0,1.2,212,15.1,16.1,15.9,0.00,0.00,0.13
2025-04-04T09:00,20.7,61,0,3.1,285,17.1,16.1,15.9,0.00,0.00,0.27
2025-04-04T10:00,23.5,51,0,5.6,263,19.4,16.2,15.9,0.00,0.00,0.41
2025-04-04T11:00,25.6,40,6,10.6,265,21.3,16.4,15.9,0.00,0.00,0.54
2025-04-04T12:00,26.5,38,26,11.9,268,22.8,16.7,15.9,0.00,0.00,0.58
2025-04-04T13:00,26.6,39,34,10.2,275,23.6,17.1,15.9,0.00,0.00,0.54
2025-04-04T14:00,26.8,38,87,8.0,296,24.4,17.4,15.9,0.00,0.00,0.53
2025-04-04T15:00,23.8,46,48,16.9,3,23.7,17.8,16.0,0.00,0.00,0.31
2025-04-04T16:00,23.1,47,26,13.5,44,23.3,18.1,16.0,0.00,0.00,0.33
2025-04-04T17:00,22.4,51,30,8.9,72,22.7,18.3,16.0,0.00,0.00,0.22
2025-04-04T18:00,20.4,62,15,5.1,358,21.6,18.5,16.0,0.00,0.00,0.09
2025-04-04T19:00,17.9,74,12,1.8,339,20.0,18.6,16.0,0.00,0.00,0.02
2025-04-04T20:00,16.9,78,9,1.0,22,18.7,18.5,16.0,0.00,0.00,0.00
2025-04-04T21:00,16.4,76,0,1.9,104,17.6,18.5,16.0,0.00,0.00,0.00
2025-04-04T22:00,15.7,76,1,1.7,18,16.7,18.3,16.0,0.00,0.00,0.00
2025-04-04T23:00,14.8,81,1,1.8,27,16.0,18.2,16.1,0.00,0.00,0.00
2025-04-05T00:00,14.1,82,0,3.1,74,15.4,18.0,16.1,0.00,0.00,0.00
2025-04-05T01:00,14.3,78,0,2.6,90,15.2,17.9,16.1,0.00,0.00,0.00
2025-04-05T02:00,13.9,78,1,2.6,90,14.6,17.7,16.1,0.00,0.00,0.00
2025-04-05T03:00,13.3,81,24,4.9,79,14.2,17.5,16.1,0.00,0.00,0.00
2025-04-05T04:00,13.2,84,42,5.6,77,14.0,17.3,16.1,0.00,0.00,0.00
2025-04-05T05:00,13.4,85,99,3.9,70,13.9,17.1,16.1,0.00,0.00,0.00
2025-04-05T06:00,13.6,87,100,3.8,70,13.9,16.9,16.1,0.10,0.10,0.02
2025-04-05T07:00,15.2,84,30,5.2,86,14.4,16.7,16.1,0.00,0.00,0.03
2025-04-05T08:00,16.8,79,36,3.8,73,15.5,16.6,16.1,0.00,0.00,0.09
2025-04-05T09:00,18.2,71,32,4.7,20,17.0,16.6,16.1,0.00,0.00,0.22
2025-04-05T10:00,19.4,66,29,4.8,19,18.6,16.7,16.1,0.10,0.10,0.31
2025-04-05T11:00,20.8,61,51,7.2,10,20.3,16.8,16.1,0.10,0.10,0.42
2025-04-05T12:00,20.3,62,90,12.7,13,20.8,17.0,16.1,0.00,0.00,0.32
2025-04-05T13:00,20.1,63,99,13.1,13,21.8,17.3,16.1,0.10,0.10,0.42
2025-04-05T14:00,20.4,60,100,12.9,14,22.3,17.6,16.1,0.00,0.00,0.42
2025-04-05T15:00,19.7,61,99,14.2,14,22.2,17.8,16.1,0.00,0.00,0.32
2025-04-05T16:00,18.9,62,83,11.7,21,21.8,18.0,16.2,0.00,0.00,0.25
2025-04-05T17:00,18.1,63,92,10.6,22,21.1,18.2,16.2,0.00,0.00,0.19
2025-04-05T18:00,17.0,66,82,5.1,35,20.0,18.3,16.2,0.00,0.00,0.08
2025-04-05T19:00,15.1,75,95,3.4,91,18.6,18.3,16.2,0.00,0.00,0.02
2025-04-05T20:00,13.9,80,4,4.3,142,17.4,18.2,16.2,0.00,0.00,0.00
2025-04-05T21:00,13.1,84,1,4.1,173,16.3,18.1,16.2,0.00,0.00,0.00
2025-04-05T22:00,12.7,83,3,4.6,197,15.6,17.9,16.2,0.00,0.00,0.00
2025-04-05T23:00,12.6,80,4,5.4,211,15.0,17.8,16.2,0.00,0.00,0.00
2025-04-06T00:00,12.3,77,6,5.5,223,14.5,17.6,16.2,0.00,0.00,0.00
2025-04-06T01:00,12.3,75,2,4.8,228,14.3,17.5,16.2,0.00,0.00,0.00
2025-04-06T02:00,12.1,71,2,3.9,211,13.8,17.2,16.2,0.00,0.00,0.00
2025-04-06T03:00,11.8,69,5,3.6,207,13.3,17.0,16.3,0.00,0.00,0.00
2025-04-06T04:00,11.3,70,2,5.1,237,12.9,16.8,16.3,0.00,0.00,0.01
2025-04-06T05:00,11.1,70,2,6.4,239,12.6,16.5,16.3,0.00,0.00,0.01
2025-04-06T06:00,10.9,70,0,6.4,232,12.4,16.3,16.3,0.00,0.00,0.03
2025-04-06T07:00,13.5,65,17,7.1,227,12.8,16.1,16.3,0.00,0.00,0.05
2025-04-06T08:00,17.2,55,98,4.7,233,14.3,16.0,16.3,0.00,0.00,0.15
2025-04-06T09:00,19.4,47,93,5.3,276,16.3,15.9,16.3,0.00,0.00,0.27
2025-04-06T10:00,20.9,45,99,6.8,288,18.3,16.0,16.2,0.00,0.00,0.39
2025-04-06T11:00,22.3,43,100,8.7,302,20.1,16.2,16.2,0.00,0.00,0.47
2025-04-06T12:00,22.2,45,100,12.7,329,21.2,16.5,16.2,0.00,0.00,0.46
2025-04-06T13:00,21.3,47,27,15.3,344,21.2,16.8,16.2,0.00,0.00,0.37
2025-04-06T14:00,21.4,43,3,15.5,338,22.0,17.0,16.3,0.00,0.00,0.48
2025-04-06T15:00,21.4,43,2,13.1,337,22.4,17.3,16.3,0.00,0.00,0.44
2025-04-06T16:00,20.6,46,58,13.1,344,22.2,17.6,16.3,0.00,0.00,0.35
2025-04-06T17:00,19.5,51,22,7.2,360,21.5,17.8,16.3,0.00,0.00,0.21
2025-04-06T18:00,18.0,64,94,2.7,65,20.4,17.9,16.3,0.00,0.00,0.07
2025-04-06T19:00,15.7,68,12,4.4,117,18.7,18.0,16.3,0.00,0.00,0.03
2025-04-06T20:00,14.3,74,9,4.0,163,17.3,17.9,16.3,0.00,0.00,0.00
2025-04-06T21:00,13.6,74,11,5.0,182,16.3,17.8,16.3,0.00,0.00,0.00
2025-04-06T22:00,13.4,67,7,6.5,203,15.6,17.7,16.3,0.00,0.00,0.01
2025-04-06T23:00,13.2,63,13,6.9,209,15.0,17.5,16.3,0.00,0.00,0.02
2025-04-07T00:00,13.1,62,61,7.2,216,14.5,17.4,16.3,0.00,0.00,0.02
2025-04-07T01:00,12.8,64,0,6.9,213,14.3,17.2,16.3,0.00,0.00,0.02
2025-04-07T02:00,12.9,65,0,7.6,214,14.0,17.0,16.3,0.00,0.00,0.02
2025-04-07T03:00,12.6,68,31,6.4,214,13.8,16.8,16.3,0.00,0.00,0.01
2025-04-07T04:00,12.5,70,23,6.0,221,13.5,16.7,16.3,0.00,0.00,0.01
2025-04-07T05:00,12.5,72,19,6.7,211,13.4,16.5,16.3,0.00,0.00,0.01
2025-04-07T06:00,12.0,76,11,5.6,200,13.2,16.3,16.3,0.00,0.00,0.03
2025-04-07T07:00,14.3,73,10,7.3,195,13.6,16.1,16.3,0.00,0.00,0.05
2025-04-07T08:00,18.5,60,0,4.1,197,15.1,16.0,16.3,0.00,0.00,0.15
2025-04-07T09:00,20.6,50,0,1.3,201,17.1,16.1,16.3,0.00,0.00,0.27
2025-04-07T10:00,22.0,46,0,2.5,21,19.3,16.2,16.3,0.00,0.00,0.40
2025-04-07T11:00,23.2,42,0,4.7,19,21.3,16.4,16.3,0.00,0.00,0.51
2025-04-07T12:00,24.2,39,0,8.2,18,22.9,16.7,16.3,0.00,0.00,0.58
2025-04-07T13:00,24.2,41,0,11.9,26,23.9,17.1,16.3,0.00,0.00,0.59
2025-04-07T14:00,23.5,42,0,15.8,34,24.3,17.5,16.3,0.00,0.00,0.55
2025-04-07T15:00,22.8,43,0,16.6,42,24.2,17.9,16.3,0.00,0.00,0.48
2025-04-07T16:00,22.0,46,0,15.7,47,23.7,18.2,16.3,0.00,0.00,0.38
2025-04-07T17:00,20.9,49,0,14.5,47,22.8,18.4,16.4,0.00,0.00,0.25
2025-04-07T18:00,19.0,56,0,11.1,50,21.5,18.6,16.4,0.00,0.00,0.12
2025-04-07T19:00,16.3,69,0,5.9,62,19.9,18.6,16.4,0.00,0.00,0.04
2025-04-07T20:00,15.4,75,0,4.5,67,18.4,18.6,16.4,0.00,0.00,0.00
2025-04-07T21:00,15.1,76,0,3.2,63,17.1,18.5,16.4,0.00,0.00,0.00
2025-04-07T22:00,14.7,78,0,2.1,54,16.1,18.4,16.4,0.00,0.00,0.00
2025-04-07T23:00,14.5,80,0,1.2,44,15.3,18.2,16.4,0.00,0.00,0.00
2025-04-08T00:00,13.9,82,0,1.3,15,14.6,18.0,16.4,0.00,0.00,0.00
2025-04-08T01:00,13.2,84,0,2.6,322,14.0,17.8,16.4,0.00,0.00,0.00
2025-04-08T02:00,12.5,83,0,4.1,291,13.6,17.5,16.4,0.00,0.00,0.00
2025-04-08T03:00,12.4,81,0,2.9,294,13.2,17.3,16.4,0.00,0.00,0.00
2025-04-08T04:00,12.4,78,0,2.9,299,12.9,17.0,16.4,0.00,0.00,0.00
2025-04-08T05:00,12.1,77,0,1.8,343,12.6,16.8,16.4,0.00,0.00,0.00
2025-04-08T06:00,11.7,77,0,1.9,354,12.3,16.5,16.4,0.00,0.00,0.02
2025-04-08T07:00,14.0,70,0,3.2,355,12.9,16.3,16.4,0.00,0.00,0.04
2025-04-08T08:00,17.3,64,0,5.7,347,14.5,16.2,16.4,0.00,0.00,0.15
2025-04-08T09:00,19.8,54,0,7.7,345,16.5,16.2,16.4,0.00,0.00,0.29
2025-04-08T10:00,22.5,45,0,10.7,356,18.6,16.3,16.4,0.00,0.00,0.43
2025-04-08T11:00,23.7,41,0,17.2,15,20.5,16.5,16.4,0.00,0.00,0.54
2025-04-08T12:00,24.0,39,0,17.3,26,22.0,16.7,16.4,0.00,0.00,0.59
2025-04-08T13:00,23.9,41,0,14.1,40,23.0,17.1,16.4,0.00,0.00,0.59
2025-04-08T14:00,24.3,42,0,15.7,49,23.7,17.4,16.4,0.00,0.00,0.57
2025-04-08T15:00,24.3,45,6,15.0,45,24.0,17.8,16.5,0.00,0.00,0.49
2025-04-08T16:00,23.1,52,5,14.5,36,23.8,18.1,16.5,0.00,0.00,0.37
2025-04-08T17:00,22.0,56,3,11.2,29,23.0,18.4,16.5,0.00,0.00,0.24
2025-04-08T18:00,20.0,65,5,7.9,360,21.8,18.6,16.5,0.00,0.00,0.10
2025-04-08T19:00,17.2,74,2,5.4,351,20.2,18.7,16.5,0.00,0.00,0.03
2025-04-08T20:00,16.3,77,13,3.3,357,18.8,18.7,16.5,0.00,0.00,0.00
2025-04-08T21:00,15.7,79,42,2.4,347,17.7,18.6,16.5,0.00,0.00,0.00
2025-04-08T22:00,15.3,82,76,6.9,286,17.0,18.5,16.5,0.00,0.00,0.00
2025-04-08T23:00,15.4,81,23,13.6,262,16.7,18.4,16.5,0.00,0.00,0.02
2025-04-09T00:00,15.2,82,91,10.1,261,16.4,18.2,16.5,0.00,0.00,0.01
2025-04-09T01:00,14.2,85,98,7.5,256,15.6,18.1,16.5,0.00,0.00,0.00
2025-04-09T02:00,13.8,90,100,11.9,254,15.3,17.9,16.6,0.00,0.00,0.00
2025-04-09T03:00,13.3,94,79,12.7,253,15.1,17.7,16.6,0.00,0.00,0.00
2025-04-09T04:00,13.1,94,8,11.0,261,14.9,17.6,16.6,0.00,0.00,0.00
2025-04-09T05:00,12.9,94,0,8.7,273,14.6,17.4,16.6,0.00,0.00,0.00
2025-04-09T06:00,12.6,94,0,6.4,278,14.4,17.2,16.6,0.00,0.00,0.02
2025-04-09T07:00,14.7,87,0,7.0,292,14.7,17.1,16.6,0.00,0.00,0.04
2025-04-09T08:00,17.3,78,0,5.7,306,16.0,17.0,16.6,0.00,0.00,0.14
2025-04-09T09:00,19.2,71,0,6.4,346,17.8,17.0,16.6,0.00,0.00,0.27
2025-04-09T10:00,21.1,63,0,9.2,18,19.7,17.0,16.6,0.00,0.00,0.40
2025-04-09T11:00,22.8,57,0,11.9,33,21.5,17.2,16.6,0.00,0.00,0.50
2025-04-09T12:00,23.4,55,3,14.6,37,23.0,17.5,16.6,0.00,0.00,0.55
2025-04-09T13:00,22.6,63,2,15.4,33,23.5,17.8,16.6,0.00,0.00,0.53
2025-04-09T14:00,22.1,63,17,15.4,36,24.0,18.2,16.6,0.00,0.00,0.49
2025-04-09T15:00,21.5,66,95,15.6,42,24.1,18.5,16.6,0.00,0.00,0.42
2025-04-09T16:00,21.0,67,100,14.5,38,23.7,18.8,16.6,0.00,0.00,0.31
2025-04-09T17:00,19.6,73,100,12.1,33,22.7,19.0,16.6,0.00,0.00,0.16
2025-04-09T18:00,18.1,81,100,12.3,44,21.4,19.1,16.6,0.00,0.00,0.07
2025-04-09T19:00,17.2,87,100,8.4,36,20.3,19.1,16.6,0.00,0.00,0.03
2025-04-09T20:00,16.1,94,34,6.9,359,19.3,19.1,16.7,0.00,0.00,0.00
2025-04-09T21:00,14.7,100,96,3.8,8,18.3,19.1,16.7,0.00,0.00,0.00
2025-04-09T22:00,14.0,100,100,2.2,15,17.4,18.9,16.7,0.00,0.00,0.00
2025-04-09T23:00,13.8,100,100,1.3,10,16.6,18.8,16.7,0.00,0.00,0.00
2025-04-10T00:00,13.5,98,100,1.9,359,15.9,18.6,16.7,0.00,0.00,0.00
2025-04-10T01:00,13.9,98,100,5.3,18,15.9,18.5,16.7,0.00,0.00,0.00
2025-04-10T02:00,13.5,99,100,7.0,1,15.8,18.3,16.7,0.00,0.00,0.00
2025-04-10T03:00,13.1,99,100,6.6,349,15.6,18.1,16.7,0.00,0.00,0.00
2025-04-10T04:00,13.4,99,100,4.0,317,15.5,17.9,16.7,0.00,0.00,0.00
2025-04-10T05:00,14.0,93,100,3.0,346,15.5,17.8,16.7,0.00,0.00,0.00
2025-04-10T06:00,15.1,93,100,9.6,71,15.5,17.6,16.7,0.00,0.00,0.02
2025-04-10T07:00,16.7,92,71,9.3,30,15.9,17.5,16.7,0.00,0.00,0.03
2025-04-10T08:00,18.7,84,99,9.4,356,16.9,17.4,16.7,0.00,0.00,0.11
2025-04-10T09:00,21.3,70,100,8.5,342,18.4,17.4,16.7,0.00,0.00,0.24
2025-04-10T10:00,22.9,59,100,11.3,355,20.2,17.5,16.8,0.00,0.00,0.37
2025-04-10T11:00,23.0,56,100,10.7,13,21.7,17.7,16.8,0.00,0.00,0.46
2025-04-10T12:00,23.7,56,94,12.1,33,23.1,18.0,16.8,0.00,0.00,0.51
2025-04-10T13:00,21.5,70,100,16.8,38,22.7,18.1,16.8,0.00,0.00,0.43
2025-04-10T14:00,20.4,74,100,14.6,41,22.8,18.4,16.8,0.00,0.00,0.34
2025-04-10T15:00,19.4,78,100,16.3,45,22.2,18.6,16.8,0.00,0.00,0.21
2025-04-10T16:00,18.8,80,100,17.5,45,21.6,18.7,16.8,0.00,0.00,0.18
2025-04-10T17:00,18.1,84,100,16.4,47,20.9,18.9,16.8,0.00,0.00,0.12
2025-04-10T18:00,17.4,87,100,14.8,50,20.1,18.9,16.8,0.00,0.00,0.06
2025-04-10T19:00,16.2,93,100,13.2,50,19.2,18.9,16.8,0.00,0.00,0.02
2025-04-10T20:00,16.1,94,100,15.7,49,18.6,18.9,16.8,0.00,0.00,0.00
2025-04-10T21:00,16.0,95,100,17.2,52,18.2,18.8,16.8,0.00,0.00,0.00
2025-04-10T22:00,16.1,95,100,15.9,52,17.9,18.7,16.8,0.00,0.00,0.00
2025-04-10T23:00,15.6,97,100,15.8,50,17.6,18.6,16.9,0.00,0.00,0.00
2025-04-11T00:00,15.5,97,100,15.3,50,17.4,18.5,16.9,0.00,0.00,0.00
2025-04-11T01:00,15.7,95,100,17.7,49,17.6,18.5,16.9,0.00,0.00,0.00
2025-04-11T02:00,15.3,99,100,13.3,42,17.3,18.4,16.9,0.00,0.00,0.00
2025-04-11T03:00,14.9,100,100,10.4,27,17.1,18.3,16.9,0.00,0.00,0.00
2025-04-11T04:00,14.6,100,100,9.0,8,16.9,18.2,16.9,0.00,0.00,0.00
2025-04-11T05:00,14.3,99,100,8.7,354,16.6,18.1,16.9,0.00,0.00,0.00
2025-04-11T06:00,14.6,96,100,8.3,350,16.4,18.0,16.9,0.00,0.00,0.02
2025-04-11T07:00,16.0,90,100,8.4,353,16.4,17.9,16.9,0.00,0.00,0.03
2025-04-11T08:00,18.6,81,100,7.6,354,17.0,17.8,16.9,0.00,0.00,0.10
2025-04-11T09:00,20.1,77,100,9.0,358,18.2,17.8,16.9,0.00,0.00,0.19
2025-04-11T10:00,23.8,68,100,7.5,1,19.9,17.8,16.9,0.00,0.00,0.33
2025-04-11T11:00,25.2,67,100,2.4,65,21.2,18.0,16.9,0.00,0.00,0.33
2025-04-11T12:00,27.0,56,100,5.4,177,22.5,18.2,16.9,0.00,0.00,0.34
2025-04-11T13:00,22.2,75,100,19.0,14,22.0,18.3,16.9,0.00,0.00,0.40
2025-04-11T14:00,21.8,74,100,17.1,0,22.5,18.5,16.9,0.00,0.00,0.37
2025-04-11T15:00,19.6,77,100,19.2,348,22.2,18.7,16.9,0.00,0.00,0.25
2025-04-11T16:00,18.0,86,100,8.3,350,22.0,18.9,17.0,0.00,0.00,0.24
2025-04-11T17:00,18.0,85,94,7.3,41,21.6,19.0,17.0,0.00,0.00,0.15
2025-04-11T18:00,16.3,92,98,8.1,16,20.7,19.1,17.0,0.00,0.00,0.06
2025-04-11T19:00,15.3,96,100,3.3,191,19.6,19.1,17.0,0.00,0.00,0.01
2025-04-11T20:00,15.2,97,100,2.9,356,18.7,19.1,17.0,0.00,0.00,0.00
2025-04-11T21:00,14.4,100,98,1.6,41,17.9,19.0,17.0,0.00,0.00,0.00
2025-04-11T22:00,14.0,100,100,3.0,9,17.2,18.9,17.0,0.00,0.00,0.00
2025-04-11T23:00,13.1,100,100,2.8,340,16.7,18.7,17.0,0.00,0.00,0.00
2025-04-12T00:00,12.9,100,100,2.4,316,16.2,18.5,17.0,0.00,0.00,0.00
2025-04-12T01:00,15.6,98,100,10.1,77,17.2,18.9,17.1,0.00,0.00,0.00
2025-04-12T02:00,15.0,100,100,11.6,58,17.1,18.8,17.1,0.00,0.00,0.00
2025-04-12T03:00,14.7,99,100,6.6,36,16.9,18.6,17.1,0.10,0.10,0.00
2025-04-12T04:00,14.6,99,100,3.7,346,16.7,18.5,17.1,0.00,0.00,0.00
2025-04-12T05:00,14.1,99,100,7.9,283,16.4,18.4,17.1,0.00,0.00,0.00
2025-04-12T06:00,14.2,99,100,7.4,300,16.2,18.2,17.1,0.00,0.00,0.01
2025-04-12T07:00,15.1,97,100,6.4,317,16.5,18.1,17.1,0.00,0.00,0.03
2025-04-12T08:00,15.4,99,100,6.3,335,16.7,18.0,17.1,0.00,0.00,0.04
2025-04-12T09:00,15.6,97,100,8.3,344,17.0,17.9,17.1,0.00,0.00,0.05
2025-04-12T10:00,16.3,93,100,7.9,330,17.5,17.8,17.1,0.00,0.00,0.09
2025-04-12T11:00,17.8,86,100,10.1,341,18.2,17.8,17.1,0.30,0.30,0.15
2025-04-12T12:00,18.8,82,100,12.7,344,18.9,17.9,17.1,0.10,0.10,0.23
2025-04-12T13:00,19.1,87,100,9.1,57,18.4,17.8,17.1,0.30,0.30,0.17
2025-04-12T14:00,19.0,85,100,11.0,14,18.9,17.8,17.1,0.00,0.00,0.17
2025-04-12T15:00,18.5,85,100,11.0,358,19.1,17.9,17.1,0.10,0.10,0.16
2025-04-12T16:00,18.7,82,100,8.7,32,19.5,18.0,17.1,0.00,0.00,0.19
2025-04-12T17:00,17.4,87,100,7.9,25,19.3,18.0,17.1,0.00,0.00,0.09
2025-04-12T18:00,16.8,89,100,0.0,104,18.8,18.1,17.1,0.00,0.00,0.04
2025-04-12T19:00,16.4,93,100,1.5,273,18.1,18.1,17.1,0.50,0.50,0.02
2025-04-12T20:00,16.1,97,100,4.4,343,17.5,18.0,17.1,0.70,0.70,0.00
2025-04-12T21:00,15.8,98,100,2.7,323,17.0,18.0,17.1,0.40,0.40,0.00
2025-04-12T22:00,15.8,98,99,1.3,327,16.7,17.9,17.1,0.10,0.10,0.00
2025-04-12T23:00,15.5,98,76,3.8,335,16.4,17.8,17.1,0.00,0.00,0.00
2025-04-13T00:00,15.0,99,34,0.5,315,16.0,17.7,17.1,0.00,0.00,0.00
2025-04-13T01:00,15.5,99,93,2.9,46,16.4,17.6,17.1,0.00,0.00,0.00
2025-04-13T02:00,15.2,100,100,1.9,353,16.0,17.5,17.1,0.00,0.00,0.00
2025-04-13T03:00,14.9,100,100,3.9,20,15.8,17.4,17.1,0.00,0.00,0.00
2025-04-13T04:00,15.2,100,100,5.4,45,15.9,17.3,17.1,0.00,0.00,0.00
2025-04-13T05:00,15.3,99,100,2.7,51,15.9,17.2,17.1,4.50,4.50,0.00
2025-04-13T06:00,15.4,99,100,2.2,56,16.0,17.1,17.1,7.60,7.60,0.01
2025-04-13T07:00,15.6,96,97,2.4,153,16.1,17.0,17.1,6.30,6.30,0.02
2025-04-13T08:00,16.3,93,100,5.2,256,16.4,17.0,17.1,1.40,1.40,0.06
2025-04-13T09:00,17.3,86,100,7.4,274,17.0,17.0,17.1,0.30,0.30,0.13
2025-04-13T10:00,17.4,84,100,6.9,288,17.1,17.0,17.1,0.20,0.20,0.10
2025-04-13T11:00,17.5,84,100,8.1,317,17.4,17.0,17.1,0.40,0.40,0.12
2025-04-13T12:00,17.8,82,100,7.7,323,17.6,17.0,17.1,0.30,0.30,0.15
2025-04-13T13:00,16.5,88,100,11.5,299,17.5,17.2,17.1,5.20,5.20,0.13
2025-04-13T14:00,17.5,85,96,7.9,250,17.7,17.2,17.1,0.60,0.60,0.15
2025-04-13T15:00,18.7,78,96,6.1,284,18.4,17.3,17.1,0.10,0.10,0.24
2025-04-13T16:00,18.2,76,40,3.8,262,18.6,17.4,17.1,0.00,0.00,0.15
2025-04-13T17:00,18.8,70,27,2.8,227,19.0,17.5,17.1,0.00,0.00,0.20
2025-04-13T18:00,17.9,79,28,2.9,182,18.6,17.6,17.1,0.00,0.00,0.08
2025-04-13T19:00,15.6,80,38,5.2,193,17.4,17.6,17.1,0.00,0.00,0.02
2025-04-13T20:00,14.8,82,81,7.7,203,16.6,17.5,17.1,0.00,0.00,0.00
2025-04-13T21:00,14.5,83,14,7.6,210,16.1,17.4,17.1,0.00,0.00,0.00
2025-04-13T22:00,13.9,87,5,6.2,212,15.6,17.3,17.1,0.00,0.00,0.00
2025-04-13T23:00,13.3,90,10,5.4,208,15.2,17.2,17.1,0.00,0.00,0.00
2025-04-14T00:00,12.8,92,18,5.6,222,14.9,17.0,17.1,0.00,0.00,0.00
2025-04-14T01:00,13.5,90,3,6.1,225,15.3,17.0,17.1,0.00,0.00,0.00
2025-04-14T02:00,13.0,91,15,5.7,230,14.8,16.8,17.1,0.00,0.00,0.00
2025-04-14T03:00,12.5,91,68,4.8,254,14.4,16.7,17.1,0.40,0.40,0.00
2025-04-14T04:00,13.3,91,42,5.9,217,14.2,16.5,17.1,0.30,0.30,0.00
2025-04-14T05:00,13.0,92,16,6.4,203,14.0,16.4,17.1,0.00,0.00,0.00
2025-04-14T06:00,12.9,92,7,6.8,200,13.7,16.2,17.1,0.00,0.00,0.02
2025-04-14T07:00,15.4,86,2,9.7,200,14.2,16.0,17.1,0.00,0.00,0.05
2025-04-14T08:00,18.1,75,2,9.4,210,15.5,16.0,17.1,0.00,0.00,0.16
2025-04-14T09:00,20.2,65,1,10.7,223,17.2,16.0,17.0,0.00,0.00,0.29
2025-04-14T10:00,22.0,54,18,13.8,244,18.8,16.2,17.0,0.00,0.00,0.42
2025-04-14T11:00,22.8,50,36,15.3,258,20.1,16.5,17.0,0.10,0.10,0.48
2025-04-14T12:00,22.9,50,41,12.2,292,21.0,16.8,17.0,0.20,0.20,0.49
2025-04-14T13:00,22.7,52,94,12.0,311,21.8,17.0,17.0,0.20,0.20,0.52
2025-04-14T14:00,21.2,64,63,14.2,330,22.0,17.4,17.0,0.10,0.10,0.42
2025-04-14T15:00,20.5,67,31,11.8,343,22.0,17.7,17.0,0.00,0.00,0.35
2025-04-14T16:00,20.2,67,12,7.9,351,21.9,18.0,17.0,0.00,0.00,0.30
2025-04-14T17:00,19.5,69,35,8.6,358,21.3,18.2,17.0,0.00,0.00,0.19
2025-04-14T18:00,18.3,73,47,6.3,6,20.3,18.4,17.0,0.00,0.00,0.09
2025-04-14T19:00,16.5,82,52,3.4,14,19.1,18.4,17.0,0.00,0.00,0.02
2025-04-14T20:00,16.3,82,69,5.2,77,18.3,18.4,17.0,0.00,0.00,0.00
2025-04-14T21:00,15.3,88,62,3.1,84,17.6,18.4,17.1,0.00,0.00,0.00
2025-04-14T22:00,14.7,90,99,3.0,150,16.9,18.3,17.1,0.00,0.00,0.00
2025-04-14T23:00,15.2,88,91,3.1,175,16.7,18.1,17.1,0.00,0.00,0.00
2025-04-15T00:00,14.2,91,86,2.1,243,16.2,18.0,17.1,0.00,0.00,0.00
2025-04-15T01:00,14.3,90,26,1.3,310,16.3,17.9,17.1,0.00,0.00,0.00
2025-04-15T02:00,14.0,90,42,4.3,176,15.9,17.8,17.1,0.00,0.00,0.00
2025-04-15T03:00,13.4,90,82,6.5,215,15.4,17.6,17.1,0.00,0.00,0.00
2025-04-15T04:00,15.1,75,50,14.7,210,15.3,17.4,17.1,0.00,0.00,0.03
2025-04-15T05:00,15.9,68,77,18.0,211,15.4,17.3,17.1,0.00,0.00,0.06
2025-04-15T06:00,16.1,65,67,21.4,217,15.5,17.2,17.1,0.00,0.00,0.09
2025-04-15T07:00,16.8,64,8,21.9,224,15.8,17.1,17.1,0.00,0.00,0.12
2025-04-15T08:00,17.3,66,56,20.9,262,16.5,17.0,17.1,0.40,0.40,0.18
2025-04-15T09:00,15.3,80,100,17.9,281,16.4,17.0,17.1,2.00,2.00,0.15
2025-04-15T10:00,14.1,89,97,10.4,248,15.7,16.9,17.1,1.30,1.30,0.07
2025-04-15T11:00,15.7,77,100,9.2,242,16.6,16.9,17.1,0.40,0.40,0.25
2025-04-15T12:00,15.4,77,100,8.5,245,16.5,16.8,17.1,0.40,0.40,0.14
2025-04-15T13:00,15.9,75,85,7.7,256,16.4,16.8,17.0,0.30,0.30,0.17
2025-04-15T14:00,15.6,68,98,10.5,281,16.8,16.8,17.0,0.30,0.30,0.21
2025-04-15T15:00,16.9,64,99,8.8,268,17.5,16.8,17.0,0.10,0.10,0.26
2025-04-15T16:00,15.4,67,100,5.2,277,17.1,16.9,17.0,0.20,0.20,0.11
2025-04-15T17:00,15.6,67,92,9.3,230,16.9,16.9,17.0,0.10,0.10,0.10
2025-04-15T18:00,14.2,78,78,13.7,201,16.2,16.9,17.0,0.30,0.30,0.07
2025-04-15T19:00,12.9,78,53,11.1,205,15.3,16.8,17.0,0.00,0.00,0.04
2025-04-15T20:00,11.9,81,23,11.1,197,14.5,16.7,17.0,0.90,0.90,0.01
2025-04-15T21:00,10.6,86,86,3.5,226,13.7,16.5,17.0,0.00,0.00,0.00
2025-04-15T22:00,10.9,85,48,16.2,209,13.3,16.3,17.0,0.00,0.00,0.01
2025-04-15T23:00,11.1,78,66,14.4,230,12.9,16.1,17.0,0.00,0.00,0.02
2025-04-16T00:00,10.5,81,100,6.5,249,12.6,15.9,17.0,0.00,0.00,0.00
2025-04-16T01:00,11.4,74,28,15.0,255,13.0,15.5,17.0,0.00,0.00,0.03
2025-04-16T02:00,11.2,72,27,14.2,253,12.6,15.3,17.0,0.00,0.00,0.03
2025-04-16T03:00,11.0,68,34,16.7,256,12.4,15.2,17.0,0.00,0.00,0.04
2025-04-16T04:00,10.7,68,28,17.8,250,12.2,15.0,16.9,0.00,0.00,0.05
2025-04-16T05:00,10.6,68,18,19.6,243,12.1,14.8,16.9,0.00,0.00,0.05
2025-04-16T06:00,10.5,69,25,20.0,245,12.0,14.7,16.9,0.00,0.00,0.07
2025-04-16T07:00,11.9,64,24,22.6,247,12.3,14.5,16.9,0.00,0.00,0.10
2025-04-16T08:00,13.3,59,24,25.0,244,13.1,14.5,16.9,0.00,0.00,0.17
2025-04-16T09:00,14.8,52,16,28.9,263,14.2,14.5,16.9,0.00,0.00,0.26
2025-04-16T10:00,16.1,46,6,29.4,273,15.4,14.5,16.9,0.00,0.00,0.36
2025-04-16T11:00,17.1,41,5,30.1,278,16.6,14.7,16.8,0.00,0.00,0.45
2025-04-16T12:00,17.8,38,1,29.5,280,17.8,14.9,16.8,0.00,0.00,0.50
2025-04-16T13:00,17.9,41,1,27.3,282,18.7,15.2,16.8,0.00,0.00,0.51
2025-04-16T14:00,18.1,39,0,24.7,284,19.2,15.5,16.8,0.00,0.00,0.49
2025-04-16T15:00,18.1,41,0,22.3,288,19.4,15.8,16.8,0.00,0.00,0.44
2025-04-16T16:00,17.7,41,0,19.1,295,19.2,16.1,16.8,0.00,0.00,0.36
2025-04-16T17:00,16.7,48,1,14.6,299,18.5,16.3,16.8,0.00,0.00,0.24
2025-04-16T18:00,15.3,64,24,4.4,288,17.6,16.4,16.8,0.00,0.00,0.09
2025-04-16T19:00,13.2,60,2,5.1,260,16.0,16.4,16.8,0.00,0.00,0.04
2025-04-16T20:00,12.9,60,0,8.9,227,15.0,16.4,16.8,0.00,0.00,0.03
2025-04-16T21:00,12.2,64,0,9.0,233,14.3,16.2,16.8,0.00,0.00,0.03
2025-04-16T22:00,11.9,67,0,9.3,235,13.8,16.1,16.8,0.00,0.00,0.02
2025-04-16T23:00,11.6,71,0,9.9,225,13.5,15.9,16.8,0.00,0.00,0.02
2025-04-17T00:00,11.4,74,0,10.6,214,13.2,15.8,16.7,0.00,0.00,0.02
2025-04-17T01:00,11.4,75,0,6.3,211,13.6,15.7,16.7,0.00,0.00,0.01
2025-04-17T02:00,10.2,81,3,4.4,215,13.0,15.5,16.7,0.00,0.00,0.00
2025-04-17T03:00,9.6,84,7,6.7,209,12.5,15.3,16.7,0.00,0.00,0.00
2025-04-17T04:00,9.2,86,3,5.6,216,12.1,15.2,16.7,0.00,0.00,0.00
2025-04-17T05:00,9.2,85,2,6.4,223,11.7,15.0,16.7,0.00,0.00,0.00
2025-04-17T06:00,9.9,82,1,7.9,221,11.5,14.8,16.7,0.00,0.00,0.02
2025-04-17T07:00,13.0,72,0,10.6,215,12.2,14.6,16.7,0.00,0.00,0.07
2025-04-17T08:00,16.4,62,0,12.1,222,13.6,14.5,16.7,0.00,0.00,0.18
2025-04-17T09:00,18.6,53,25,14.2,232,15.4,14.6,16.6,0.00,0.00,0.31
2025-04-17T10:00,20.0,47,100,16.3,235,17.1,14.7,16.6,0.00,0.00,0.42
2025-04-17T11:00,21.0,46,100,16.5,239,18.4,15.0,16.6,0.00,0.00,0.47
2025-04-17T12:00,22.0,45,100,16.2,246,19.7,15.3,16.6,0.00,0.00,0.53
2025-04-17T13:00,23.9,40,100,10.0,259,21.0,15.7,16.6,0.00,0.00,0.54
2025-04-17T14:00,22.4,50,100,11.6,324,21.3,16.1,16.6,0.00,0.00,0.40
2025-04-17T15:00,21.8,56,99,11.0,335,21.5,16.5,16.6,0.00,0.00,0.39
2025-04-17T16:00,21.4,58,63,7.6,357,21.4,16.8,16.6,0.00,0.00,0.30
2025-04-17T17:00,20.6,62,59,6.9,40,21.0,17.1,16.6,0.00,0.00,0.22
2025-04-17T18:00,18.8,72,94,5.0,68,20.0,17.3,16.6,0.00,0.00,0.09
2025-04-17T19:00,16.1,83,100,5.8,81,18.6,17.4,16.6,0.00,0.00,0.02
2025-04-17T20:00,15.2,86,100,5.8,86,17.5,17.4,16.6,0.00,0.00,0.00
2025-04-17T21:00,15.0,84,100,1.8,71,16.6,17.4,16.6,0.00,0.00,0.00
2025-04-17T22:00,14.8,84,96,0.3,51,15.8,17.3,16.6,0.00,0.00,0.00
2025-04-17T23:00,14.1,85,100,2.7,171,15.1,17.2,16.6,0.00,0.00,0.00
2025-04-18T00:00,13.7,84,100,3.4,180,14.6,17.0,16.6,0.00,0.00,0.00
2025-04-18T01:00,14.0,84,100,3.1,184,14.7,16.9,16.6,0.00,0.00,0.00
2025-04-18T02:00,13.7,83,100,1.7,126,14.3,16.7,16.6,0.00,0.00,0.00
2025-04-18T03:00,13.8,82,99,0.5,49,14.0,16.5,16.6,0.00,0.00,0.00
2025-04-18T04:00,13.3,83,87,0.9,25,13.6,16.3,16.6,0.00,0.00,0.00
2025-04-18T05:00,12.9,81,26,1.4,67,13.2,16.2,16.6,0.00,0.00,0.00
2025-04-18T06:00,12.9,80,41,1.9,54,12.9,16.0,16.6,0.00,0.00,0.01
2025-04-18T07:00,15.3,77,100,5.4,312,13.7,15.8,16.6,0.00,0.00,0.06
2025-04-18T08:00,17.8,67,92,5.8,279,15.2,15.7,16.6,0.00,0.00,0.16
2025-04-18T09:00,19.4,60,60,2.4,288,16.9,15.8,16.6,0.00,0.00,0.27
2025-04-18T10:00,21.2,56,52,2.9,3,18.9,15.9,16.6,0.00,0.00,0.41
2025-04-18T11:00,22.6,54,61,5.8,16,20.7,16.2,16.6,0.00,0.00,0.51
2025-04-18T12:00,23.2,54,51,8.8,24,22.0,16.6,16.6,0.00,0.00,0.55
2025-04-18T13:00,23.1,56,45,13.0,30,22.7,16.9,16.6,0.00,0.00,0.55
2025-04-18T14:00,22.4,57,10,14.6,39,23.2,17.3,16.6,0.00,0.00,0.51
2025-04-18T15:00,21.7,60,8,15.0,31,23.2,17.7,16.6,0.00,0.00,0.44
2025-04-18T16:00,20.7,64,36,14.0,32,22.8,18.0,16.6,0.00,0.00,0.33
2025-04-18T17:00,19.2,69,57,9.8,28,22.0,18.2,16.6,0.00,0.00,0.21
2025-04-18T18:00,18.2,74,89,4.8,48,20.8,18.4,16.6,0.00,0.00,0.09
2025-04-18T19:00,16.2,84,86,1.0,59,19.4,18.5,16.6,0.00,0.00,0.01
2025-04-18T20:00,15.8,85,96,0.9,104,18.1,18.5,16.6,0.00,0.00,0.00
2025-04-18T21:00,15.8,85,100,0.7,120,17.2,18.4,16.6,0.00,0.00,0.00
2025-04-18T22:00,15.4,88,99,2.5,198,16.7,18.2,16.6,0.00,0.00,0.00
2025-04-18T23:00,14.8,91,98,4.9,236,16.2,18.1,16.6,0.00,0.00,0.00
2025-04-19T00:00,14.2,91,1,4.0,240,15.8,17.9,16.7,0.00,0.00,0.00
2025-04-19T01:00,14.8,89,8,4.2,231,16.5,17.9,16.7,0.00,0.00,0.00
2025-04-19T02:00,15.2,84,26,1.0,311,15.9,17.7,16.7,0.00,0.00,0.00
2025-04-19T03:00,14.6,87,23,1.5,339,15.4,17.6,16.7,0.00,0.00,0.00
2025-04-19T04:00,14.3,87,13,1.0,285,14.9,17.4,16.7,0.00,0.00,0.00
2025-04-19T05:00,13.6,87,14,3.6,231,14.5,17.2,16.7,0.00,0.00,0.00
2025-04-19T06:00,13.5,89,21,3.3,216,14.2,17.0,16.7,0.00,0.00,0.01
2025-04-19T07:00,15.9,82,20,1.7,276,15.0,16.9,16.7,0.00,0.00,0.05
2025-04-19T08:00,18.0,75,16,2.1,315,16.4,16.8,16.7,0.00,0.00,0.16
2025-04-19T09:00,19.8,67,90,8.0,299,18.1,16.8,16.7,0.00,0.00,0.29
2025-04-19T10:00,20.0,67,36,14.4,310,19.5,17.0,16.7,0.10,0.10,0.35
2025-04-19T11:00,19.7,67,93,16.7,317,20.2,17.1,16.7,0.20,0.20,0.34
2025-04-19T12:00,19.6,65,84,17.2,321,20.7,17.3,16.7,0.10,0.10,0.36
2025-04-19T13:00,20.0,63,96,19.3,314,21.2,17.6,16.7,0.10,0.10,0.39
2025-04-19T14:00,19.5,58,100,19.9,311,21.4,17.8,16.7,0.00,0.00,0.37
2025-04-19T15:00,19.6,51,89,15.5,309,21.2,18.0,16.7,0.00,0.00,0.30
2025-04-19T16:00,18.7,53,72,11.5,324,21.0,18.2,16.7,0.00,0.00,0.27
2025-04-19T17:00,18.2,56,97,10.3,309,20.4,18.3,16.7,0.00,0.00,0.19
2025-04-19T18:00,17.3,57,100,6.7,286,19.5,18.4,16.7,0.00,0.00,0.09
2025-04-19T19:00,17.2,50,100,9.4,253,18.8,18.4,16.7,0.00,0.00,0.08
2025-04-19T20:00,16.7,45,100,10.2,243,18.2,18.3,16.7,0.00,0.00,0.07
2025-04-19T21:00,16.2,45,100,10.3,234,17.6,18.3,16.7,0.00,0.00,0.07
2025-04-19T22:00,15.8,48,100,11.0,231,17.2,18.2,16.7,0.00,0.00,0.06
2025-04-19T23:00,15.4,56,100,8.6,240,16.9,18.1,16.7,0.00,0.00,0.04
2025-04-20T00:00,14.8,62,100,9.9,232,16.5,18.0,16.8,0.10,0.10,0.04
2025-04-20T01:00,15.0,61,100,9.3,226,16.6,17.9,16.8,0.00,0.00,0.04
2025-04-20T02:00,14.7,60,95,10.7,214,16.2,17.8,16.8,0.00,0.00,0.04
2025-04-20T03:00,13.9,61,63,10.9,218,15.8,17.6,16.8,0.00,0.00,0.04
2025-04-20T04:00,12.9,64,81,11.1,222,15.3,17.5,16.8,0.00,0.00,0.04
2025-04-20T05:00,12.8,65,9,9.3,247,15.0,17.3,16.8,0.00,0.00,0.03
2025-04-20T06:00,11.7,72,1,6.2,249,14.4,17.1,16.8,0.00,0.00,0.03
2025-04-20T07:00,13.7,68,0,6.7,246,14.6,17.0,16.8,0.00,0.00,0.07
2025-04-20T08:00,15.5,59,11,8.9,250,15.6,16.8,16.8,0.00,0.00,0.18
2025-04-20T09:00,16.9,52,10,13.2,245,16.9,16.8,16.8,0.00,0.00,0.29
2025-04-20T10:00,18.2,44,14,18.5,260,18.3,16.9,16.8,0.00,0.00,0.41
2025-04-20T11:00,19.6,36,81,21.4,271,19.5,17.0,16.8,0.00,0.00,0.50
2025-04-20T12:00,20.1,33,90,21.1,284,20.2,17.2,16.8,0.00,0.00,0.48
2025-04-20T13:00,19.8,35,20,25.8,300,20.6,17.2,16.8,0.00,0.00,0.47
2025-04-20T14:00,20.6,35,16,22.6,302,21.3,17.4,16.8,0.00,0.00,0.54
2025-04-20T15:00,19.8,43,8,21.9,305,21.3,17.6,16.8,0.10,0.10,0.44
2025-04-20T16:00,19.3,46,17,18.7,305,21.1,17.8,16.8,0.00,0.00,0.35
2025-04-20T17:00,18.6,49,8,17.6,309,20.5,18.0,16.8,0.00,0.00,0.25
2025-04-20T18:00,17.4,56,1,8.1,306,19.5,18.1,16.8,0.00,0.00,0.11
2025-04-20T19:00,15.3,62,0,7.4,290,18.1,18.1,16.8,0.00,0.00,0.05
2025-04-20T20:00,14.8,65,10,7.7,279,17.0,18.1,16.8,0.00,0.00,0.02
2025-04-20T21:00,14.4,69,26,7.4,259,16.2,17.9,16.8,0.00,0.00,0.02
2025-04-20T22:00,13.9,73,99,10.3,229,15.7,17.8,16.8,0.00,0.00,0.02
2025-04-20T23:00,13.5,76,96,10.7,231,15.3,17.6,16.8,0.00,0.00,0.02
2025-04-21T00:00,13.0,78,33,9.7,230,14.9,17.5,16.8,0.00,0.00,0.01
2025-04-21T01:00,13.4,75,15,7.3,233,15.4,17.3,16.8,0.00,0.00,0.01
2025-04-21T02:00,12.8,77,25,6.4,239,14.8,17.2,16.8,0.00,0.00,0.00
2025-04-21T03:00,12.7,78,24,6.3,231,14.4,17.0,16.8,0.00,0.00,0.00
2025-04-21T04:00,12.3,79,12,6.8,217,14.0,16.8,16.8,0.00,0.00,0.00
2025-04-21T05:00,12.1,79,12,7.2,214,13.7,16.7,16.8,0.00,0.00,0.00
2025-04-21T06:00,12.4,76,16,8.3,216,13.5,16.5,16.8,0.00,0.00,0.03
2025-04-21T07:00,14.7,69,11,9.7,215,14.1,16.3,16.8,0.00,0.00,0.08
2025-04-21T08:00,17.0,58,3,10.7,225,15.4,16.2,16.8,0.00,0.00,0.19
2025-04-21T09:00,18.5,52,1,11.4,244,17.0,16.3,16.8,0.00,0.00,0.31
2025-04-21T10:00,19.7,50,0,7.8,250,18.8,16.4,16.8,0.00,0.00,0.42
2025-04-21T11:00,20.9,47,39,4.2,264,20.6,16.6,16.8,0.00,0.00,0.52
2025-04-21T12:00,22.0,42,51,1.8,315,22.2,16.9,16.8,0.00,0.00,0.54
2025-04-21T13:00,22.0,42,1,9.6,25,22.9,17.2,16.8,0.00,0.00,0.48
2025-04-21T14:00,21.4,49,1,15.1,15,23.4,17.5,16.8,0.00,0.00,0.53
2025-04-21T15:00,20.4,54,0,14.9,16,23.3,17.9,16.8,0.00,0.00,0.44
2025-04-21T16:00,19.8,57,0,12.8,29,22.9,18.2,16.8,0.00,0.00,0.34
2025-04-21T17:00,18.9,59,0,12.5,36,22.1,18.4,16.8,0.00,0.00,0.23
2025-04-21T18:00,17.4,66,0,10.6,41,20.8,18.5,16.8,0.00,0.00,0.12
2025-04-21T19:00,15.0,81,0,5.7,50,19.3,18.6,16.8,0.00,0.00,0.02
2025-04-21T20:00,14.0,88,0,1.9,43,17.8,18.5,16.8,0.00,0.00,0.00
2025-04-21T21:00,13.3,91,0,2.3,317,16.7,18.4,16.8,0.00,0.00,0.00
2025-04-21T22:00,12.8,91,0,1.9,286,15.8,18.3,16.8,0.00,0.00,0.00
2025-04-21T23:00,12.4,90,0,1.3,274,15.0,18.1,16.8,0.00,0.00,0.00
2025-04-22T00:00,12.0,86,0,3.1,172,14.5,17.8,16.9,0.00,0.00,0.00
2025-04-22T01:00,12.0,86,0,1.5,280,14.2,17.6,16.9,0.00,0.00,0.00
2025-04-22T02:00,11.7,86,0,2.4,268,13.7,17.4,16.9,0.00,0.00,0.00
2025-04-22T03:00,11.2,85,0,3.8,220,13.3,17.1,16.9,0.00,0.00,0.00
2025-04-22T04:00,10.7,84,0,4.8,216,12.9,16.9,16.9,0.00,0.00,0.00
2025-04-22T05:00,10.5,84,5,5.7,242,12.6,16.6,16.9,0.00,0.00,0.00
2025-04-22T06:00,11.1,82,3,6.3,239,12.5,16.4,16.8,0.00,0.00,0.02
2025-04-22T07:00,14.1,74,3,8.8,241,13.3,16.2,16.8,0.00,0.00,0.07
2025-04-22T08:00,17.2,64,0,7.8,243,14.9,16.1,16.8,0.00,0.00,0.18
2025-04-22T09:00,19.4,54,0,8.2,260,16.8,16.1,16.8,0.00,0.00,0.31
2025-04-22T10:00,21.1,49,0,7.2,273,18.9,16.2,16.8,0.00,0.00,0.43
2025-04-22T11:00,22.4,46,0,5.2,306,20.8,16.4,16.8,0.00,0.00,0.53
2025-04-22T12:00,22.9,46,11,9.9,3,22.4,16.8,16.8,0.00,0.00,0.58
2025-04-22T13:00,22.7,43,100,14.5,12,23.2,17.1,16.8,0.00,0.00,0.57
2025-04-22T14:00,22.6,45,93,11.6,14,23.6,17.5,16.8,0.00,0.00,0.52
2025-04-22T15:00,22.4,46,43,11.3,20,23.7,17.8,16.8,0.00,0.00,0.46
2025-04-22T16:00,21.8,48,3,10.9,17,23.4,18.1,16.8,0.00,0.00,0.37
2025-04-22T17:00,21.0,51,1,8.3,20,22.6,18.4,16.8,0.00,0.00,0.25
2025-04-22T18:00,19.4,61,0,5.3,55,21.5,18.6,16.8,0.00,0.00,0.11
2025-04-22T19:00,16.6,73,0,5.4,82,19.9,18.7,16.9,0.00,0.00,0.03
2025-04-22T20:00,15.5,75,0,4.7,107,18.5,18.7,16.9,0.00,0.00,0.00
2025-04-22T21:00,15.0,71,0,3.1,137,17.4,18.6,16.9,0.00,0.00,0.00
2025-04-22T22:00,14.9,65,5,1.7,152,16.4,18.4,16.9,0.00,0.00,0.00
2025-04-22T23:00,14.7,64,5,0.6,112,15.7,18.3,16.9,0.00,0.00,0.00
2025-04-23T00:00,14.3,64,0,0.7,90,15.1,18.1,16.9,0.00,0.00,0.00
2025-04-23T01:00,13.8,72,0,0.8,78,15.1,17.9,16.9,0.00,0.00,0.00
2025-04-23T02:00,13.4,69,0,2.2,150,14.5,17.7,16.9,0.00,0.00,0.00
2025-04-23T03:00,13.3,66,0,2.0,118,14.0,17.5,16.9,0.00,0.00,0.00
2025-04-23T04:00,13.0,64,0,1.8,126,13.5,17.2,16.9,0.00,0.00,0.00
2025-04-23T05:00,12.9,63,0,0.5,60,13.1,17.0,16.9,0.00,0.00,0.00
2025-04-23T06:00,13.2,64,0,1.3,70,12.9,16.8,16.9,0.00,0.00,0.01
2025-04-23T07:00,15.9,58,0,2.1,46,13.8,16.6,16.9,0.00,0.00,0.06
2025-04-23T08:00,18.3,56,0,6.0,30,15.5,16.5,16.9,0.00,0.00,0.19
2025-04-23T09:00,20.5,48,0,11.8,35,17.4,16.5,16.9,0.00,0.00,0.34
2025-04-23T10:00,22.0,44,0,15.9,36,19.3,16.6,16.9,0.00,0.00,0.47
2025-04-23T11:00,22.6,41,0,18.6,37,20.9,16.8,16.9,0.00,0.00,0.55
2025-04-23T12:00,22.9,41,0,20.7,40,22.2,17.1,16.9,0.00,0.00,0.60
2025-04-23T13:00,22.5,47,0,21.0,44,22.8,17.3,16.9,0.00,0.00,0.58
2025-04-23T14:00,22.3,49,0,21.4,49,23.3,17.6,16.9,0.00,0.00,0.54
2025-04-23T15:00,22.3,50,0,20.3,53,23.4,18.0,16.9,0.00,0.00,0.48
2025-04-23T16:00,21.7,53,0,19.2,54,23.1,18.2,16.9,0.00,0.00,0.38
2025-04-23T17:00,20.4,61,0,17.4,52,22.4,18.5,16.9,0.00,0.00,0.25
2025-04-23T18:00,18.8,67,0,15.5,47,21.3,18.6,16.9,0.00,0.00,0.13
2025-04-23T19:00,16.9,72,0,10.1,51,19.9,18.7,16.9,0.00,0.00,0.05
2025-04-23T20:00,15.6,79,0,6.0,36,18.7,18.7,16.9,0.00,0.00,0.00
2025-04-23T21:00,14.7,86,0,3.5,359,17.6,18.6,16.9,0.00,0.00,0.00
2025-04-23T22:00,14.5,87,0,4.0,313,16.8,18.5,16.9,0.00,0.00,0.00
2025-04-23T23:00,14.2,87,0,7.9,277,16.3,18.4,16.9,0.00,0.00,0.00
2025-04-24T00:00,13.7,89,0,8.0,260,15.9,18.2,16.9,0.00,0.00,0.00
2025-04-24T01:00,13.6,89,0,6.9,252,15.7,18.0,17.0,0.00,0.00,0.00
2025-04-24T02:00,13.2,90,0,7.4,253,15.3,17.9,17.0,0.00,0.00,0.00
2025-04-24T03:00,12.9,92,0,12.0,260,15.0,17.7,17.0,0.00,0.00,0.00
2025-04-24T04:00,12.7,91,0,11.7,255,14.8,17.5,17.0,0.00,0.00,0.00
2025-04-24T05:00,12.7,87,0,10.5,261,14.5,17.3,17.0,0.00,0.00,0.00
2025-04-24T06:00,13.0,84,0,10.2,262,14.4,17.2,17.0,0.00,0.00,0.03
2025-04-24T07:00,15.5,76,0,9.2,255,15.0,17.0,17.0,0.00,0.00,0.07
2025-04-24T08:00,18.3,65,0,7.2,263,16.4,16.9,17.0,0.00,0.00,0.19
2025-04-24T09:00,20.3,58,0,5.8,288,18.3,17.0,17.0,0.00,0.00,0.31
2025-04-24T10:00,22.1,55,0,5.1,322,20.3,17.1,17.0,0.00,0.00,0.44
2025-04-24T11:00,23.3,56,0,7.0,5,22.2,17.4,17.0,0.00,0.00,0.53
2025-04-24T12:00,23.5,59,0,11.4,23,23.6,17.7,17.0,0.00,0.00,0.57
2025-04-24T13:00,23.1,57,76,13.7,21,24.3,18.1,17.0,0.00,0.00,0.56
2025-04-24T14:00,23.0,57,90,12.0,22,24.8,18.4,17.0,0.00,0.00,0.53
2025-04-24T15:00,22.8,56,100,11.8,25,24.8,18.8,17.0,0.00,0.00,0.45
2025-04-24T16:00,21.5,60,100,13.0,23,24.1,19.1,17.0,0.00,0.00,0.31
2025-04-24T17:00,20.1,65,98,11.2,26,23.2,19.3,17.0,0.00,0.00,0.21
2025-04-24T18:00,18.7,73,100,7.2,19,22.0,19.5,17.0,0.00,0.00,0.10
2025-04-24T19:00,16.7,85,100,3.4,356,20.6,19.5,17.0,0.00,0.00,0.02
2025-04-24T20:00,16.4,87,100,0.7,294,19.4,19.5,17.0,0.00,0.00,0.00
2025-04-24T21:00,16.2,86,100,5.3,242,18.5,19.4,17.0,0.00,0.00,0.00
2025-04-24T22:00,16.8,80,100,6.7,255,18.1,19.3,17.1,0.00,0.00,0.00
2025-04-24T23:00,17.0,81,100,0.9,236,17.7,19.2,17.1,0.00,0.00,0.00
2025-04-25T00:00,16.8,82,100,7.9,41,17.6,19.0,17.1,0.10,0.10,0.01
2025-04-25T01:00,16.2,84,100,4.2,212,17.0,18.9,17.1,0.00,0.00,0.00
2025-04-25T02:00,16.3,84,100,0.7,264,16.8,18.7,17.1,0.00,0.00,0.00
2025-04-25T03:00,16.0,84,100,3.1,105,16.6,18.6,17.1,0.00,0.00,0.00
2025-04-25T04:00,16.1,84,100,4.5,65,16.5,18.4,17.1,0.00,0.00,0.00
2025-04-25T05:00,16.1,83,97,1.1,128,16.4,18.3,17.1,0.10,0.10,0.00
2025-04-25T06:00,16.1,86,100,1.5,345,16.2,18.1,17.1,0.00,0.00,0.02
2025-04-25T07:00,17.2,83,100,1.8,169,16.7,18.0,17.1,0.10,0.10,0.04
2025-04-25T08:00,17.9,81,100,7.4,187,17.0,17.9,17.1,0.10,0.10,0.06
2025-04-25T09:00,18.7,88,100,5.8,198,17.5,17.9,17.1,0.80,0.80,0.08
2025-04-25T10:00,20.5,79,100,10.1,212,18.3,17.9,17.1,0.50,0.50,0.15
2025-04-25T11:00,22.3,61,100,9.8,217,19.2,17.9,17.1,0.00,0.00,0.23
2025-04-25T12:00,23.7,53,100,7.8,224,20.3,18.0,17.1,0.00,0.00,0.30
2025-04-25T13:00,24.8,50,99,8.8,300,22.6,18.6,17.1,0.00,0.00,0.44
2025-04-25T14:00,23.5,58,100,3.4,331,22.7,18.8,17.2,0.00,0.00,0.26
2025-04-25T15:00,24.9,55,98,2.6,295,23.8,19.0,17.2,0.00,0.00,0.41
2025-04-25T16:00,24.0,60,88,1.7,68,23.4,19.3,17.2,0.20,0.20,0.18
2025-04-25T17:00,24.0,61,99,3.5,33,23.4,19.5,17.2,0.00,0.00,0.20
2025-04-25T18:00,22.1,71,100,4.6,61,22.7,19.6,17.2,0.00,0.00,0.10
2025-04-25T19:00,18.8,85,100,4.6,132,21.3,19.7,17.2,0.00,0.00,0.02
2025-04-25T20:00,18.3,82,100,2.7,157,20.2,19.7,17.2,0.00,0.00,0.00
2025-04-25T21:00,18.5,77,33,0.9,171,19.3,19.7,17.2,0.00,0.00,0.00
2025-04-25T22:00,18.2,76,16,0.7,195,18.6,19.6,17.2,0.00,0.00,0.00
2025-04-25T23:00,17.6,74,86,0.9,240,17.9,19.5,17.3,0.00,0.00,0.00
2025-04-26T00:00,17.3,70,1,2.3,193,17.4,19.3,17.3,0.00,0.00,0.00
2025-04-26T01:00,16.5,73,0,3.4,211,16.5,18.9,17.3,0.00,0.00,0.00
2025-04-26T02:00,16.0,76,0,1.9,254,16.1,18.7,17.3,0.00,0.00,0.00
2025-04-26T03:00,15.7,78,0,0.5,333,15.7,18.5,17.3,0.00,0.00,0.00
2025-04-26T04:00,15.1,81,0,3.5,188,15.4,18.3,17.3,0.00,0.00,0.00
2025-04-26T05:00,15.1,82,0,8.5,211,15.2,18.1,17.3,0.00,0.00,0.01
2025-04-26T06:00,16.2,78,0,9.7,206,15.4,17.9,17.3,0.00,0.00,0.04
2025-04-26T07:00,19.2,72,0,9.4,218,16.3,17.8,17.3,0.00,0.00,0.09
2025-04-26T08:00,22.6,58,0,7.9,220,17.9,17.7,17.3,0.00,0.00,0.22
2025-04-26T09:00,24.3,52,0,10.6,243,19.8,17.8,17.3,0.00,0.00,0.37
2025-04-26T10:00,25.7,51,0,12.1,263,21.7,18.0,17.3,0.00,0.00,0.49
2025-04-26T11:00,26.9,48,0,11.8,280,23.4,18.2,17.3,0.00,0.00,0.59
2025-04-26T12:00,27.0,46,0,14.0,320,24.8,18.6,17.3,0.00,0.00,0.64
2025-04-26T13:00,26.9,45,0,15.6,332,25.8,19.0,17.3,0.00,0.00,0.64
2025-04-26T14:00,26.3,46,1,16.2,329,26.2,19.4,17.3,0.00,0.00,0.60
2025-04-26T15:00,25.8,46,1,13.4,329,26.3,19.8,17.3,0.00,0.00,0.52
2025-04-26T16:00,25.2,46,0,10.2,326,25.9,20.1,17.3,0.00,0.00,0.41
2025-04-26T17:00,24.8,43,0,6.3,336,25.2,20.4,17.3,0.00,0.00,0.27
2025-04-26T18:00,22.9,57,0,3.1,88,24.0,20.6,17.4,0.00,0.00,0.11
2025-04-26T19:00,19.9,66,0,3.7,111,22.3,20.6,17.4,0.00,0.00,0.03
2025-04-26T20:00,18.4,72,0,3.0,112,20.9,20.6,17.4,0.00,0.00,0.00
2025-04-26T21:00,17.7,72,0,2.3,124,19.6,20.5,17.4,0.00,0.00,0.00
2025-04-26T22:00,17.4,68,0,1.7,112,18.6,20.4,17.4,0.00,0.00,0.00
2025-04-26T23:00,17.0,63,5,1.6,117,17.8,20.2,17.4,0.00,0.00,0.00
2025-04-27T00:00,16.9,57,13,0.9,102,17.1,20.0,17.5,0.00,0.00,0.00
2025-04-27T01:00,16.8,60,11,1.6,67,16.8,19.8,17.5,0.00,0.00,0.00
2025-04-27T02:00,16.3,63,7,1.8,69,16.3,19.6,17.5,0.00,0.00,0.00
2025-04-27T03:00,16.1,63,0,1.1,75,15.8,19.3,17.5,0.00,0.00,0.00
2025-04-27T04:00,15.5,64,0,1.4,52,15.3,19.1,17.5,0.00,0.00,0.00
2025-04-27T05:00,14.7,71,0,2.4,44,14.9,18.8,17.5,0.00,0.00,0.00
2025-04-27T06:00,14.9,74,0,2.3,54,14.7,18.6,17.5,0.00,0.00,0.02
2025-04-27T07:00,16.9,67,0,5.0,63,15.6,18.4,17.5,0.00,0.00,0.08
2025-04-27T08:00,19.2,62,0,5.6,41,17.3,18.3,17.5,0.00,0.00,0.20
2025-04-27T09:00,21.2,57,0,8.0,30,19.2,18.2,17.5,0.00,0.00,0.33
2025-04-27T10:00,23.1,48,0,9.8,29,21.1,18.3,17.5,0.00,0.00,0.47
2025-04-27T11:00,23.5,49,0,14.7,24,22.8,18.5,17.5,0.00,0.00,0.55
2025-04-27T12:00,22.9,54,0,16.0,29,24.0,18.8,17.5,0.00,0.00,0.57
2025-04-27T13:00,22.8,58,0,15.3,33,24.7,19.0,17.5,0.00,0.00,0.57
2025-04-27T14:00,22.9,56,0,16.1,38,25.2,19.3,17.5,0.00,0.00,0.54
2025-04-27T15:00,22.6,56,0,17.2,41,25.2,19.6,17.5,0.00,0.00,0.47
2025-04-27T16:00,21.9,60,0,17.5,46,24.8,19.9,17.5,0.00,0.00,0.37
2025-04-27T17:00,20.8,64,0,16.9,48,23.9,20.1,17.6,0.00,0.00,0.25
2025-04-27T18:00,19.2,72,0,10.8,42,22.7,20.2,17.6,0.00,0.00,0.12
2025-04-27T19:00,17.0,82,1,4.5,38,21.1,20.3,17.6,0.00,0.00,0.02
2025-04-27T20:00,16.2,84,0,2.5,23,19.7,20.2,17.6,0.00,0.00,0.00
2025-04-27T21:00,15.9,84,0,2.0,15,18.5,20.1,17.6,0.00,0.00,0.00
2025-04-27T22:00,15.6,83,0,1.6,17,17.6,19.9,17.6,0.00,0.00,0.00
2025-04-27T23:00,15.2,82,0,0.9,27,16.8,19.7,17.6,0.00,0.00,0.00
2025-04-28T00:00,14.7,82,0,1.0,26,16.2,19.5,17.6,0.00,0.00,0.00
2025-04-28T01:00,14.5,81,0,1.3,37,16.0,19.3,17.6,0.00,0.00,0.00
2025-04-28T02:00,13.8,82,0,2.2,5,15.4,19.1,17.6,0.00,0.00,0.00
2025-04-28T03:00,13.5,83,0,1.2,16,14.9,18.8,17.6,0.00,0.00,0.00
2025-04-28T04:00,13.2,84,0,1.0,19,14.4,18.6,17.6,0.00,0.00,0.00
2025-04-28T05:00,12.7,87,0,0.6,38,14.0,18.3,17.7,0.00,0.00,0.00
2025-04-28T06:00,13.1,89,0,0.4,46,13.8,18.0,17.7,0.00,0.00,0.01
2025-04-28T07:00,15.3,83,0,2.3,49,14.8,17.8,17.6,0.00,0.00,0.06
2025-04-28T08:00,17.4,72,0,8.2,34,16.4,17.7,17.6,0.00,0.00,0.19
2025-04-28T09:00,19.1,62,0,12.9,39,18.2,17.7,17.6,0.00,0.00,0.31
2025-04-28T10:00,20.4,57,0,16.9,43,19.9,17.7,17.6,0.00,0.00,0.42
2025-04-28T11:00,21.2,57,0,21.1,48,21.4,17.9,17.6,0.00,0.00,0.49
2025-04-28T12:00,21.6,57,0,23.2,50,22.6,18.1,17.6,0.00,0.00,0.53
2025-04-28T13:00,21.9,57,0,24.4,52,23.5,18.5,17.6,0.00,0.00,0.53
2025-04-28T14:00,21.9,56,0,25.7,55,23.9,18.7,17.6,0.00,0.00,0.51
2025-04-28T15:00,21.4,60,0,25.8,54,24.0,19.0,17.6,0.00,0.00,0.44
2025-04-28T16:00,20.4,63,0,24.4,56,23.6,19.3,17.7,0.00,0.00,0.34
2025-04-28T17:00,19.3,69,1,21.1,56,22.8,19.5,17.7,0.00,0.00,0.23
2025-04-28T18:00,17.9,77,7,17.7,53,21.7,19.6,17.7,0.00,0.00,0.11
2025-04-28T19:00,16.7,85,2,14.4,55,20.4,19.6,17.7,0.00,0.00,0.04
2025-04-28T20:00,16.0,91,9,12.2,52,19.3,19.6,17.7,0.00,0.00,0.00
2025-04-28T21:00,15.6,94,11,8.8,48,18.4,19.5,17.7,0.00,0.00,0.00
2025-04-28T22:00,15.5,94,19,7.7,45,17.8,19.4,17.7,0.00,0.00,0.00
2025-04-28T23:00,15.0,93,13,7.2,42,17.2,19.3,17.7,0.00,0.00,0.00
2025-04-29T00:00,15.0,93,15,9.8,50,16.8,19.1,17.7,0.00,0.00,0.00
2025-04-29T01:00,14.6,93,15,4.5,47,17.3,19.0,17.7,0.00,0.00,0.00
2025-04-29T02:00,14.3,95,15,1.7,24,16.8,18.9,17.7,0.00,0.00,0.00
2025-04-29T03:00,13.7,97,31,1.9,360,16.3,18.7,17.7,0.00,0.00,0.00
2025-04-29T04:00,13.7,98,69,4.8,261,16.0,18.6,17.7,0.00,0.00,0.00
2025-04-29T05:00,13.7,99,100,4.5,276,15.9,18.4,17.7,0.00,0.00,0.00
2025-04-29T06:00,13.7,99,100,5.0,282,15.9,18.2,17.7,0.00,0.00,0.01
2025-04-29T07:00,14.8,91,72,4.1,10,16.4,18.1,17.7,0.00,0.00,0.05
2025-04-29T08:00,16.3,81,92,10.3,35,17.2,18.0,17.7,0.00,0.00,0.13
2025-04-29T09:00,17.7,74,100,11.6,27,18.5,18.0,17.7,0.00,0.00,0.24
2025-04-29T10:00,19.2,68,98,14.6,31,20.0,18.1,17.7,0.00,0.00,0.37
2025-04-29T11:00,20.1,65,100,15.8,31,21.5,18.2,17.7,0.00,0.00,0.44
2025-04-29T12:00,20.5,66,100,14.7,31,22.6,18.4,17.7,0.00,0.00,0.47
2025-04-29T13:00,20.8,64,100,15.7,31,23.3,18.7,17.7,0.00,0.00,0.40
2025-04-29T14:00,20.8,65,100,16.0,24,23.6,19.0,17.7,0.00,0.00,0.40
2025-04-29T15:00,20.2,66,100,12.1,35,23.2,19.2,17.7,0.00,0.00,0.28
2025-04-29T16:00,20.1,67,98,12.3,35,22.6,19.4,17.7,0.00,0.00,0.21
2025-04-29T17:00,19.5,70,58,16.1,36,22.1,19.5,17.7,0.00,0.00,0.18
2025-04-29T18:00,18.3,78,85,14.5,35,21.3,19.6,17.7,0.00,0.00,0.10
2025-04-29T19:00,16.9,87,93,12.5,25,20.3,19.6,17.8,0.00,0.00,0.03
2025-04-29T20:00,16.5,91,98,9.2,30,19.5,19.6,17.8,0.00,0.00,0.00
2025-04-29T21:00,16.4,91,100,11.8,41,18.9,19.6,17.8,0.00,0.00,0.00
2025-04-29T22:00,16.7,89,95,10.6,47,18.5,19.5,17.8,0.00,0.00,0.00
2025-04-29T23:00,17.0,87,100,9.6,55,18.3,19.4,17.8,0.00,0.00,0.00
2025-04-30T00:00,16.6,88,100,7.0,61,18.0,19.3,17.8,0.00,0.00,0.00
2025-04-30T01:00,16.8,91,100,11.2,46,18.6,19.3,17.8,0.20,0.20,0.00
2025-04-30T02:00,16.7,91,100,7.8,57,18.1,19.3,17.8,0.10,0.10,0.00
2025-04-30T03:00,16.6,91,100,9.1,67,17.8,19.2,17.8,0.10,0.10,0.00
2025-04-30T04:00,16.2,90,100,7.1,87,17.5,19.0,17.8,0.00,0.00,0.00
2025-04-30T05:00,15.6,92,99,6.1,78,17.2,18.9,17.8,0.00,0.00,0.00
2025-04-30T06:00,15.1,95,100,4.6,70,17.0,18.8,17.8,0.00,0.00,0.02
2025-04-30T07:00,14.9,97,100,2.6,47,17.1,18.7,17.8,0.00,0.00,0.03
2025-04-30T08:00,15.2,97,100,3.3,338,17.4,18.6,17.8,0.00,0.00,0.06
2025-04-30T09:00,16.4,91,100,7.7,318,18.2,18.5,17.8,0.00,0.00,0.13
2025-04-30T10:00,18.1,81,100,7.6,289,19.4,18.5,17.8,0.00,0.00,0.24
2025-04-30T11:00,19.4,77,100,7.7,278,20.3,18.6,17.8,0.00,0.00,0.24
2025-04-30T12:00,21.1,71,100,8.5,331,21.7,18.7,17.8,0.00,0.00,0.35
2025-04-30T13:00,19.9,73,100,6.9,347,21.7,19.0,17.8,0.10,0.10,0.23
2025-04-30T14:00,20.2,73,100,9.4,25,21.8,19.1,17.8,0.00,0.00,0.22
2025-04-30T15:00,19.9,76,100,11.4,36,21.8,19.2,17.8,0.20,0.20,0.22
2025-04-30T16:00,20.4,74,99,10.0,65,21.9,19.4,17.8,0.00,0.00,0.24
2025-04-30T17:00,20.6,73,98,5.8,88,21.9,19.5,17.9,0.00,0.00,0.19
2025-04-30T18:00,19.9,77,100,5.5,44,21.4,19.6,17.9,0.00,0.00,0.10
2025-04-30T19:00,17.4,91,100,4.0,18,20.3,19.6,17.9,0.00,0.00,0.02
2025-04-30T20:00,16.4,94,74,1.8,16,19.2,19.6,17.9,0.00,0.00,0.00
2025-04-30T21:00,15.9,94,94,1.3,354,18.3,19.5,17.9,0.00,0.00,0.00
2025-04-30T22:00,15.7,96,96,2.4,114,17.8,19.4,17.9,0.00,0.00,0.00
2025-04-30T23:00,15.7,94,100,4.9,156,17.6,19.3,17.9,0.00,0.00,0.00
2025-05-01T00:00,15.9,93,100,5.5,198,17.6,19.1,17.9,0.00,0.00,0.00
2025-05-01T01:00,16.9,92,100,4.4,171,18.6,19.1,17.9,0.10,0.10,0.00
2025-05-01T02:00,17.0,91,100,3.2,177,18.3,19.1,17.9,0.10,0.10,0.00
2025-05-01T03:00,17.0,92,100,2.7,166,18.1,19.0,17.9,0.10,0.10,0.00
2025-05-01T04:00,17.0,92,100,1.1,135,17.9,18.9,17.9,0.00,0.00,0.00
2025-05-01T05:00,16.7,93,100,1.0,45,17.8,18.8,17.9,0.10,0.10,0.00
2025-05-01T06:00,16.6,93,100,2.6,72,17.7,18.8,17.9,0.10,0.10,0.02
2025-05-01T07:00,16.6,94,100,3.0,51,17.8,18.7,17.9,0.00,0.00,0.04
2025-05-01T08:00,17.0,91,100,4.7,22,18.3,18.6,17.9,0.00,0.00,0.10
2025-05-01T09:00,18.5,83,100,8.5,6,19.5,18.6,17.9,0.00,0.00,0.22
2025-05-01T10:00,19.7,78,68,9.5,8,20.8,18.7,17.9,0.00,0.00,0.32
2025-05-01T11:00,21.3,73,52,11.1,24,22.6,18.9,17.9,0.00,0.00,0.47
2025-05-01T12:00,21.8,71,21,12.5,34,24.0,19.1,17.9,0.00,0.00,0.52
2025-05-01T13:00,21.7,70,17,14.2,41,24.8,19.4,17.9,0.00,0.00,0.51
2025-05-01T14:00,21.8,69,33,16.2,51,25.1,19.7,17.9,0.00,0.00,0.47
2025-05-01T15:00,21.7,70,64,13.9,54,25.1,20.0,17.9,0.00,0.00,0.40
2025-05-01T16:00,20.9,73,99,14.6,46,24.5,20.2,17.9,0.00,0.00,0.27
2025-05-01T17:00,20.3,76,97,14.9,38,23.6,20.4,18.0,0.00,0.00,0.16
2025-05-01T18:00,18.7,84,100,12.9,33,22.5,20.5,18.0,0.00,0.00,0.08
2025-05-01T19:00,17.2,90,100,9.9,44,21.3,20.5,18.0,0.00,0.00,0.03
2025-05-01T20:00,16.3,93,98,7.1,23,20.2,20.5,18.0,0.00,0.00,0.00
2025-05-01T21:00,16.9,89,100,5.3,28,19.5,20.4,18.0,0.00,0.00,0.00
2025-05-01T22:00,18.3,82,100,1.7,175,19.0,20.3,18.0,0.00,0.00,0.00
2025-05-01T23:00,20.5,68,94,6.7,184,18.9,20.2,18.0,0.00,0.00,0.02
2025-05-02T00:00,25.5,39,63,22.4,185,19.3,20.1,18.0,0.00,0.00,0.20
2025-05-02T01:00,20.7,58,96,8.6,172,18.7,19.9,18.0,0.00,0.00,0.04
2025-05-02T02:00,25.2,42,100,31.2,179,19.2,19.8,18.0,0.00,0.00,0.23
2025-05-02T03:00,24.9,45,100,26.4,182,19.9,19.7,18.0,0.00,0.00,0.20
2025-05-02T04:00,24.9,45,100,15.0,201,20.3,19.7,18.0,0.00,0.00,0.12
2025-05-02T05:00,20.1,64,100,6.1,269,19.8,19.7,18.1,0.00,0.00,0.02
2025-05-02T06:00,18.7,79,100,3.6,303,19.3,19.7,18.1,0.00,0.00,0.02
2025-05-02T07:00,19.7,76,100,7.9,327,19.4,19.6,18.1,0.00,0.00,0.08
2025-05-02T08:00,20.7,71,100,9.4,325,20.2,19.6,18.1,0.00,0.00,0.17
2025-05-02T09:00,22.5,64,100,11.8,330,21.3,19.6,18.1,0.00,0.00,0.29
2025-05-02T10:00,23.7,59,100,14.0,337,22.6,19.8,18.1,0.00,0.00,0.41
2025-05-02T11:00,23.9,59,92,15.9,355,23.8,19.9,18.1,0.00,0.00,0.48
2025-05-02T12:00,23.9,57,100,12.5,9,24.7,20.1,18.1,0.00,0.00,0.50
2025-05-02T13:00,24.6,53,14,13.7,355,26.0,20.4,18.1,0.00,0.00,0.57
2025-05-02T14:00,24.1,55,6,15.3,359,26.3,20.7,18.1,0.00,0.00,0.53
2025-05-02T15:00,23.4,57,22,13.6,4,26.3,20.9,18.1,0.00,0.00,0.45
2025-05-02T16:00,22.4,61,26,12.0,19,25.8,21.2,18.1,0.00,0.00,0.34
2025-05-02T17:00,22.1,65,10,9.2,12,25.1,21.4,18.1,0.00,0.00,0.24
2025-05-02T18:00,20.5,71,10,9.4,3,24.0,21.5,18.2,0.00,0.00,0.12
2025-05-02T19:00,18.4,82,18,3.6,21,22.6,21.5,18.2,0.00,0.00,0.02
2025-05-02T20:00,17.4,88,24,3.0,74,21.2,21.5,18.2,0.00,0.00,0.00
2025-05-02T21:00,16.9,91,5,3.3,115,20.2,21.4,18.2,0.00,0.00,0.00
2025-05-02T22:00,16.7,90,0,2.2,100,19.4,21.2,18.2,0.00,0.00,0.00
2025-05-02T23:00,16.5,87,0,2.2,99,18.7,21.0,18.2,0.00,0.00,0.00
2025-05-03T00:00,16.3,85,0,1.7,70,18.1,20.8,18.2,0.00,0.00,0.00
2025-05-03T01:00,16.5,76,1,1.5,72,17.9,20.6,18.2,0.00,0.00,0.00
2025-05-03T02:00,16.3,75,0,2.7,67,17.5,20.4,18.3,0.00,0.00,0.00
2025-05-03T03:00,15.8,76,1,2.9,68,17.1,20.2,18.3,0.00,0.00,0.00
2025-05-03T04:00,15.7,77,0,1.2,45,16.6,19.9,18.3,0.00,0.00,0.00
2025-05-03T05:00,15.4,78,0,0.7,43,16.2,19.7,18.3,0.00,0.00,0.00
2025-05-03T06:00,15.8,80,0,1.3,69,16.1,19.5,18.3,0.00,0.00,0.01
2025-05-03T07:00,18.4,70,0,1.1,22,17.1,19.3,18.3,0.00,0.00,0.07
2025-05-03T08:00,19.8,67,0,5.2,5,18.6,19.2,18.3,0.00,0.00,0.20
2025-05-03T09:00,21.1,62,0,7.3,16,20.4,19.2,18.3,0.00,0.00,0.33
2025-05-03T10:00,22.6,56,61,8.6,26,22.1,19.3,18.3,0.00,0.00,0.44
2025-05-03T11:00,22.6,58,100,10.6,22,23.1,19.5,18.3,0.00,0.00,0.41
2025-05-03T12:00,21.7,62,100,15.1,15,23.4,19.7,18.3,0.00,0.00,0.34
2025-05-03T13:00,22.5,58,100,14.2,12,23.9,19.9,18.3,0.00,0.00,0.38
2025-05-03T14:00,21.2,62,100,13.2,12,23.9,20.1,18.3,0.00,0.00,0.32
2025-05-03T15:00,21.6,61,100,10.3,3,24.1,20.3,18.3,0.00,0.00,0.36
2025-05-03T16:00,20.9,61,100,7.9,3,23.8,20.4,18.3,0.00,0.00,0.26
2025-05-03T17:00,20.6,61,100,7.9,14,23.2,20.6,18.3,0.00,0.00,0.18
2025-05-03T18:00,19.9,63,12,6.7,71,22.4,20.6,18.3,0.00,0.00,0.11
2025-05-03T19:00,18.0,71,8,5.2,73,21.2,20.7,18.3,0.00,0.00,0.03
2025-05-03T20:00,16.8,77,10,4.7,101,20.0,20.6,18.4,0.00,0.00,0.00
2025-05-03T21:00,16.1,81,7,4.5,98,19.2,20.5,18.4,0.00,0.00,0.00
2025-05-03T22:00,15.7,80,10,3.6,97,18.4,20.4,18.4,0.00,0.00,0.00
2025-05-03T23:00,15.3,79,5,4.1,96,17.7,20.2,18.4,0.00,0.00,0.00
2025-05-04T00:00,15.3,76,14,2.7,114,17.2,20.0,18.4,0.00,0.00,0.00
2025-05-04T01:00,15.4,74,9,1.6,94,16.9,19.9,18.4,0.00,0.00,0.00
2025-05-04T02:00,15.3,74,9,1.2,74,16.5,19.7,18.4,0.00,0.00,0.00
2025-05-04T03:00,14.8,76,12,0.9,83,16.1,19.4,18.4,0.00,0.00,0.00
2025-05-04T04:00,14.2,80,3,2.1,142,15.7,19.2,18.4,0.00,0.00,0.00
2025-05-04T05:00,13.6,83,2,3.4,231,15.3,19.0,18.4,0.00,0.00,0.00
2025-05-04T06:00,14.4,81,1,4.6,218,15.3,18.8,18.4,0.00,0.00,0.02
2025-05-04T07:00,17.2,73,1,3.6,235,16.2,18.6,18.4,0.00,0.00,0.08
2025-05-04T08:00,19.4,64,1,3.5,294,17.8,18.5,18.4,0.00,0.00,0.20
2025-05-04T09:00,21.1,59,1,5.0,264,19.8,18.5,18.4,0.00,0.00,0.33
2025-05-04T10:00,23.3,49,1,6.3,271,21.8,18.7,18.4,0.00,0.00,0.47
2025-05-04T11:00,24.6,44,38,8.4,309,23.7,18.9,18.4,0.00,0.00,0.57
2025-05-04T12:00,22.9,60,41,16.6,357,24.6,19.2,18.4,0.10,0.10,0.50
2025-05-04T13:00,21.0,66,24,16.9,13,24.6,19.5,18.4,0.00,0.00,0.37
2025-05-04T14:00,22.0,61,17,11.6,15,25.1,19.8,18.4,0.00,0.00,0.46
2025-05-04T15:00,22.0,54,22,12.8,356,25.3,20.1,18.4,0.00,0.00,0.43
2025-05-04T16:00,20.8,59,7,11.9,2,24.8,20.3,18.4,0.00,0.00,0.31
2025-05-04T17:00,20.4,59,33,7.2,8,24.2,20.5,18.4,0.00,0.00,0.23
2025-05-04T18:00,20.0,60,38,6.0,342,23.1,20.6,18.4,0.00,0.00,0.12
2025-05-04T19:00,18.0,69,39,1.9,354,21.6,20.7,18.4,0.00,0.00,0.02
2025-05-04T20:00,17.2,73,15,1.7,243,20.3,20.6,18.4,0.00,0.00,0.00
2025-05-04T21:00,16.5,75,36,3.3,228,19.2,20.5,18.4,0.00,0.00,0.00
2025-05-04T22:00,16.1,75,44,5.4,222,18.4,20.4,18.4,0.00,0.00,0.00
2025-05-04T23:00,15.3,78,64,6.1,215,17.7,20.2,18.4,0.00,0.00,0.00
2025-05-05T00:00,14.9,79,79,7.1,214,17.2,20.1,18.5,0.00,0.00,0.01
2025-05-05T01:00,15.0,79,51,2.0,253,17.2,19.9,18.5,0.00,0.00,0.00
2025-05-05T02:00,14.2,82,57,3.8,219,16.6,19.7,18.5,0.00,0.00,0.00
2025-05-05T03:00,13.6,85,56,4.0,232,16.2,19.5,18.5,0.00,0.00,0.00
2025-05-05T04:00,13.4,86,46,3.7,259,15.8,19.3,18.5,0.00,0.00,0.00
2025-05-05T05:00,13.5,86,50,4.4,257,15.5,19.1,18.5,0.00,0.00,0.00
2025-05-05T06:00,14.3,83,42,3.6,245,15.4,18.8,18.5,0.00,0.00,0.02
2025-05-05T07:00,16.9,73,51,4.7,216,16.3,18.7,18.5,0.00,0.00,0.08
2025-05-05T08:00,18.7,65,96,6.5,258,17.7,18.6,18.5,0.00,0.00,0.19
2025-05-05T09:00,20.2,59,53,10.1,274,19.3,18.6,18.5,0.00,0.00,0.30
2025-05-05T10:00,21.7,53,23,10.4,271,20.9,18.7,18.5,0.00,0.00,0.40
2025-05-05T11:00,23.3,46,8,10.8,293,22.7,18.8,18.5,0.00,0.00,0.54
2025-05-05T12:00,23.3,45,33,14.7,327,24.0,19.1,18.5,0.00,0.00,0.57
2025-05-05T13:00,23.0,45,69,18.8,323,24.5,19.4,18.5,0.00,0.00,0.53
2025-05-05T14:00,22.8,46,49,18.2,327,24.7,19.7,18.5,0.00,0.00,0.48
2025-05-05T15:00,23.0,44,12,14.5,334,24.8,19.9,18.5,0.00,0.00,0.47
2025-05-05T16:00,22.0,50,1,12.4,338,24.7,20.2,18.5,0.00,0.00,0.38
2025-05-05T17:00,20.9,53,1,11.0,328,24.0,20.4,18.5,0.00,0.00,0.26
2025-05-05T18:00,20.1,55,0,5.4,304,22.9,20.5,18.5,0.00,0.00,0.13
2025-05-05T19:00,18.4,59,0,1.9,254,21.4,20.6,18.5,0.00,0.00,0.02
2025-05-05T20:00,17.4,62,16,4.5,223,20.0,20.5,18.5,0.00,0.00,0.01
2025-05-05T21:00,16.8,65,24,5.1,218,19.0,20.4,18.5,0.00,0.00,0.01
2025-05-05T22:00,16.6,64,23,6.0,209,18.4,20.3,18.5,0.00,0.00,0.02
2025-05-05T23:00,16.1,66,25,7.1,211,17.9,20.1,18.5,0.00,0.00,0.02
2025-05-06T00:00,15.8,68,24,8.8,215,17.5,20.0,18.5,0.00,0.00,0.02
2025-05-06T01:00,15.0,71,10,7.4,210,17.0,19.8,18.5,0.00,0.00,0.02
2025-05-06T02:00,14.5,73,2,6.8,208,16.6,19.6,18.5,0.00,0.00,0.01
2025-05-06T03:00,13.7,77,0,5.2,214,16.1,19.4,18.5,0.00,0.00,0.00
2025-05-06T04:00,13.6,76,0,4.2,231,15.6,19.2,18.5,0.00,0.00,0.00
2025-05-06T05:00,13.4,77,0,5.0,232,15.1,19.0,18.5,0.00,0.00,0.00
2025-05-06T06:00,14.1,77,0,4.4,230,15.0,18.7,18.5,0.00,0.00,0.02
2025-05-06T07:00,16.9,69,0,5.2,229,15.9,18.6,18.5,0.00,0.00,0.09
2025-05-06T08:00,19.4,58,0,4.4,239,17.6,18.5,18.5,0.00,0.00,0.21
2025-05-06T09:00,20.9,52,0,3.3,260,19.5,18.5,18.5,0.00,0.00,0.34
2025-05-06T10:00,22.2,47,9,2.0,259,21.6,18.6,18.5,0.00,0.00,0.46
2025-05-06T11:00,23.6,43,35,2.1,298,23.5,18.8,18.5,0.00,0.00,0.56
2025-05-06T12:00,24.6,40,24,6.1,357,25.0,19.1,18.5,0.00,0.00,0.62
2025-05-06T13:00,24.7,43,65,12.8,12,26.2,19.7,18.5,0.00,0.00,0.62
2025-05-06T14:00,23.7,50,100,16.0,13,26.5,20.0,18.5,0.00,0.00,0.56
2025-05-06T15:00,22.9,52,100,14.2,11,26.3,20.4,18.5,0.00,0.00,0.46
2025-05-06T16:00,21.6,56,99,13.2,23,25.4,20.6,18.5,0.00,0.00,0.30
2025-05-06T17:00,20.7,60,40,12.5,41,24.5,20.8,18.5,0.00,0.00,0.24
2025-05-06T18:00,19.6,65,62,10.2,36,23.3,20.9,18.5,0.00,0.00,0.13
2025-05-06T19:00,17.5,78,98,4.4,25,21.9,21.0,18.6,0.00,0.00,0.03
2025-05-06T20:00,16.9,82,98,1.0,30,20.5,20.9,18.6,0.00,0.00,0.00
2025-05-06T21:00,15.9,85,8,1.4,65,19.3,20.8,18.6,0.00,0.00,0.00
2025-05-06T22:00,15.2,86,4,2.2,156,18.4,20.7,18.6,0.00,0.00,0.00
2025-05-06T23:00,15.1,84,39,1.1,151,17.6,20.5,18.6,0.00,0.00,0.00
2025-05-07T00:00,15.2,82,89,0.5,336,17.1,20.3,18.6,0.00,0.00,0.00
2025-05-07T01:00,14.8,87,95,0.6,320,17.2,20.1,18.6,0.00,0.00,0.00
2025-05-07T02:00,14.7,84,14,0.4,27,16.8,19.9,18.6,0.00,0.00,0.00
2025-05-07T03:00,14.3,83,5,0.5,56,16.2,19.7,18.6,0.00,0.00,0.00
2025-05-07T04:00,14.0,84,58,0.6,52,15.7,19.5,18.6,0.00,0.00,0.00
2025-05-07T05:00,14.1,85,39,0.5,52,15.4,19.2,18.6,0.00,0.00,0.00
2025-05-07T06:00,14.6,86,72,0.9,45,15.4,19.0,18.6,0.00,0.00,0.01
2025-05-07T07:00,16.5,77,50,1.3,54,16.3,18.8,18.6,0.00,0.00,0.06
2025-05-07T08:00,18.7,67,61,2.7,354,17.9,18.7,18.6,0.00,0.00,0.18
2025-05-07T09:00,20.4,60,5,9.3,27,19.5,18.7,18.6,0.00,0.00,0.30
2025-05-07T10:00,21.8,56,33,11.2,33,21.4,18.8,18.6,0.00,0.00,0.44
2025-05-07T11:00,22.5,55,13,12.3,32,22.9,19.0,18.6,0.00,0.00,0.48
2025-05-07T12:00,22.9,54,5,14.5,31,24.4,19.3,18.6,0.00,0.00,0.57
2025-05-07T13:00,22.3,59,1,14.9,32,24.9,19.4,18.6,0.00,0.00,0.53
2025-05-07T14:00,22.2,60,0,16.0,36,25.4,19.7,18.6,0.00,0.00,0.51
2025-05-07T15:00,22.0,59,7,15.6,35,25.5,20.0,18.6,0.00,0.00,0.46
2025-05-07T16:00,21.0,61,4,15.4,34,25.1,20.3,18.6,0.00,0.00,0.35
2025-05-07T17:00,20.2,64,5,13.7,37,24.2,20.5,18.6,0.00,0.00,0.24
2025-05-07T18:00,19.0,69,1,9.2,27,23.0,20.6,18.6,0.00,0.00,0.12
2025-05-07T19:00,17.0,84,0,4.3,34,21.6,20.7,18.6,0.00,0.00,0.02
2025-05-07T20:00,16.1,91,2,1.5,25,20.1,20.6,18.6,0.00,0.00,0.00
2025-05-07T21:00,15.6,93,0,0.6,360,19.0,20.5,18.6,0.00,0.00,0.00
2025-05-07T22:00,15.0,96,1,0.4,360,18.0,20.4,18.6,0.00,0.00,0.00
2025-05-07T23:00,14.5,96,2,0.4,15,17.3,20.2,18.6,0.00,0.00,0.00
2025-05-08T00:00,14.2,94,57,0.6,23,16.6,20.0,18.6,0.00,0.00,0.00
2025-05-08T01:00,15.1,96,100,0.6,32,17.1,19.9,18.6,0.50,0.50,0.00
2025-05-08T02:00,15.2,98,100,2.3,82,16.9,19.7,18.6,0.90,0.90,0.00
2025-05-08T03:00,15.5,99,100,2.0,23,16.9,19.5,18.6,1.00,1.00,0.00
2025-05-08T04:00,15.4,99,100,3.1,39,16.8,19.3,18.6,1.30,1.30,0.00
2025-05-08T05:00,14.9,100,100,1.5,321,16.6,19.2,18.6,0.10,0.10,0.00
2025-05-08T06:00,15.1,99,100,1.7,205,16.5,19.0,18.6,0.30,0.30,0.01
2025-05-08T07:00,15.7,98,98,4.2,288,16.8,18.9,18.6,1.60,1.60,0.05
2025-05-08T08:00,17.1,86,73,4.6,304,17.6,18.8,18.6,0.00,0.00,0.14
2025-05-08T09:00,18.8,75,43,3.9,301,18.9,18.7,18.6,0.00,0.00,0.25
2025-05-08T10:00,20.9,64,29,8.4,283,20.6,18.8,18.6,0.00,0.00,0.39
2025-05-08T11:00,22.5,58,44,9.6,299,22.2,19.0,18.6,0.00,0.00,0.47
2025-05-08T12:00,21.0,65,30,13.0,352,22.9,19.2,18.6,0.10,0.10,0.41
2025-05-08T13:00,21.1,66,52,10.8,358,23.8,19.4,18.6,0.90,0.90,0.49
2025-05-08T14:00,21.7,64,80,8.8,1,24.0,19.6,18.6,0.10,0.10,0.40
2025-05-08T15:00,20.2,68,78,10.9,343,23.6,19.9,18.6,0.40,0.40,0.32
2025-05-08T16:00,20.3,67,69,8.7,12,23.3,20.0,18.6,0.10,0.10,0.27
2025-05-08T17:00,20.2,66,63,9.8,10,22.9,20.2,18.6,0.00,0.00,0.20
2025-05-08T18:00,19.2,65,62,7.8,28,22.1,20.3,18.6,0.00,0.00,0.11
2025-05-08T19:00,17.8,73,16,4.0,82,21.0,20.3,18.6,0.00,0.00,0.03
2025-05-08T20:00,16.5,80,20,3.5,80,19.7,20.3,18.7,0.00,0.00,0.00
2025-05-08T21:00,15.8,83,11,3.6,113,18.8,20.2,18.7,0.00,0.00,0.00
2025-05-08T22:00,15.2,84,7,2.0,127,17.9,20.0,18.7,0.00,0.00,0.00
2025-05-08T23:00,15.0,84,1,1.1,130,17.2,19.9,18.7,0.00,0.00,0.00
2025-05-09T00:00,14.7,83,1,1.0,139,16.6,19.7,18.7,0.00,0.00,0.00
2025-05-09T01:00,15.0,71,3,2.2,126,16.7,19.5,18.7,0.00,0.00,0.00
2025-05-09T02:00,13.8,78,2,2.9,154,16.2,19.3,18.7,0.00,0.00,0.00
2025-05-09T03:00,12.9,87,7,4.1,192,15.7,19.1,18.7,0.00,0.00,0.00
2025-05-09T04:00,12.4,93,7,3.5,180,15.4,18.9,18.7,0.00,0.00,0.00
2025-05-09T05:00,12.2,94,7,3.9,196,15.1,18.7,18.7,0.00,0.00,0.00
2025-05-09T06:00,13.5,88,0,6.2,224,15.1,18.5,18.7,0.00,0.00,0.02
2025-05-09T07:00,17.2,75,2,5.2,229,16.0,18.3,18.7,0.00,0.00,0.09
2025-05-09T08:00,20.3,60,7,3.0,279,17.8,18.3,18.6,0.00,0.00,0.21
2025-05-09T09:00,22.2,54,0,4.5,320,19.8,18.3,18.6,0.00,0.00,0.35
2025-05-09T10:00,23.6,52,0,5.2,330,21.8,18.5,18.6,0.00,0.00,0.47
2025-05-09T11:00,24.6,49,0,7.6,4,23.6,18.7,18.6,0.00,0.00,0.57
2025-05-09T12:00,24.4,51,16,14.7,21,24.9,19.0,18.6,0.00,0.00,0.59
2025-05-09T13:00,23.4,54,14,20.9,32,25.2,19.3,18.6,0.00,0.00,0.54
2025-05-09T14:00,23.4,53,2,17.8,45,25.6,19.6,18.6,0.00,0.00,0.54
2025-05-09T15:00,22.9,53,57,18.0,43,25.6,19.9,18.6,0.00,0.00,0.48
2025-05-09T16:00,22.7,54,88,15.4,43,25.3,20.2,18.6,0.00,0.00,0.39
2025-05-09T17:00,21.3,61,85,18.1,41,24.5,20.4,18.6,0.00,0.00,0.26
2025-05-09T18:00,19.4,69,77,11.7,37,23.2,20.6,18.6,0.00,0.00,0.13
2025-05-09T19:00,18.1,78,95,6.0,37,21.8,20.6,18.7,0.00,0.00,0.03
2025-05-09T20:00,17.2,85,99,0.6,49,20.6,20.6,18.7,0.00,0.00,0.00
2025-05-09T21:00,17.0,85,100,5.7,68,19.8,20.6,18.7,0.00,0.00,0.00
2025-05-09T22:00,16.6,87,100,1.3,49,19.1,20.5,18.7,0.00,0.00,0.00
2025-05-09T23:00,15.5,92,59,3.5,360,18.3,20.3,18.7,0.00,0.00,0.00
2025-05-10T00:00,14.9,92,100,3.2,289,17.6,20.2,18.7,0.00,0.00,0.00
2025-05-10T01:00,16.3,89,99,3.2,140,17.7,19.9,18.7,0.10,0.10,0.00
2025-05-10T02:00,15.8,93,100,3.6,248,17.3,19.8,18.7,0.40,0.40,0.00
2025-05-10T03:00,15.9,91,84,0.6,333,17.0,19.6,18.7,0.00,0.00,0.00
2025-05-10T04:00,15.4,92,100,0.4,356,16.6,19.4,18.7,0.00,0.00,0.00
2025-05-10T05:00,14.7,93,100,2.8,230,16.1,19.2,18.7,0.00,0.00,0.00
2025-05-10T06:00,15.6,90,99,0.5,68,16.1,19.0,18.7,0.00,0.00,0.01
2025-05-10T07:00,17.2,87,100,1.9,325,16.8,18.9,18.7,0.00,0.00,0.07
2025-05-10T08:00,18.6,81,100,1.8,5,18.0,18.8,18.7,0.00,0.00,0.16
2025-05-10T09:00,19.9,75,99,4.1,326,19.3,18.8,18.7,0.00,0.00,0.24
2025-05-10T10:00,21.7,64,100,3.8,320,21.1,18.9,18.7,0.00,0.00,0.36
2025-05-10T11:00,22.8,60,98,6.1,344,22.6,19.1,18.7,0.00,0.00,0.43
2025-05-10T12:00,23.6,60,95,8.0,7,24.1,19.3,18.7,0.00,0.00,0.51
2025-05-10T13:00,23.8,54,58,16.0,23,25.6,19.8,18.7,0.00,0.00,0.56
2025-05-10T14:00,23.3,53,31,15.0,22,25.9,20.1,18.7,0.00,0.00,0.51
2025-05-10T15:00,22.6,55,48,12.6,24,25.6,20.4,18.7,0.00,0.00,0.41
2025-05-10T16:00,21.6,57,25,12.0,25,25.1,20.6,18.7,0.00,0.00,0.31
2025-05-10T17:00,21.2,58,4,9.8,36,24.4,20.8,18.7,0.00,0.00,0.24
2025-05-10T18:00,19.9,64,1,10.6,29,23.3,20.9,18.7,0.00,0.00,0.14
2025-05-10T19:00,18.0,75,5,5.9,51,22.0,21.0,18.7,0.00,0.00,0.04
2025-05-10T20:00,16.8,84,2,1.6,48,20.6,20.9,18.7,0.00,0.00,0.00
2025-05-10T21:00,16.0,87,1,2.4,113,19.5,20.8,18.7,0.00,0.00,0.00
2025-05-10T22:00,15.4,88,0,3.5,135,18.6,20.7,18.7,0.00,0.00,0.00
2025-05-10T23:00,15.3,85,0,2.2,158,17.9,20.5,18.7,0.00,0.00,0.00
2025-05-11T00:00,15.1,83,0,1.5,203,17.3,20.3,18.7,0.00,0.00,0.00
2025-05-11T01:00,15.5,77,9,1.8,171,17.1,20.1,18.8,0.00,0.00,0.00
2025-05-11T02:00,15.1,77,0,0.7,338,16.6,19.9,18.8,0.00,0.00,0.00
2025-05-11T03:00,14.7,76,0,1.7,90,16.2,19.7,18.8,0.00,0.00,0.00
2025-05-11T04:00,14.6,74,0,1.4,114,15.8,19.5,18.8,0.00,0.00,0.00
2025-05-11T05:00,14.6,74,13,0.6,55,15.4,19.3,18.8,0.00,0.00,0.00
2025-05-11T06:00,15.5,74,45,2.3,108,15.6,19.1,18.8,0.00,0.00,0.02
2025-05-11T07:00,17.8,66,42,4.8,142,16.5,18.9,18.8,0.00,0.00,0.08
2025-05-11T08:00,19.7,60,58,2.4,288,18.0,18.8,18.7,0.00,0.00,0.18
2025-05-11T09:00,21.1,57,58,4.3,10,19.8,18.8,18.7,0.00,0.00,0.29
2025-05-11T10:00,22.6,52,96,3.4,343,21.7,18.9,18.7,0.00,0.00,0.42
2025-05-11T11:00,22.8,51,39,7.8,337,22.6,19.1,18.7,0.00,0.00,0.35
2025-05-11T12:00,23.1,52,41,7.3,5,23.7,19.3,18.7,0.00,0.00,0.46
2025-05-11T13:00,22.6,56,58,10.0,351,25.1,19.6,18.7,0.50,0.50,0.55
2025-05-11T14:00,23.0,53,77,10.1,340,25.0,19.9,18.7,0.60,0.60,0.44
2025-05-11T15:00,22.7,52,46,10.2,348,24.4,20.1,18.7,0.40,0.40,0.39
2025-05-11T16:00,22.3,50,51,8.9,341,24.4,20.3,18.7,0.00,0.00,0.36
2025-05-11T17:00,22.0,51,37,8.7,359,23.9,20.5,18.7,0.00,0.00,0.24
2025-05-11T18:00,21.1,56,18,6.9,359,23.0,20.6,18.8,0.00,0.00,0.14
2025-05-11T19:00,19.1,67,3,2.7,7,21.7,20.7,18.8,0.00,0.00,0.03
2025-05-11T20:00,17.7,70,1,3.6,129,20.4,20.7,18.8,0.00,0.00,0.00
2025-05-11T21:00,16.5,77,0,2.9,198,19.4,20.6,18.8,0.00,0.00,0.00
2025-05-11T22:00,15.7,80,1,3.5,182,18.5,20.5,18.8,0.00,0.00,0.00
2025-05-11T23:00,15.1,80,1,3.7,183,17.8,20.3,18.8,0.00,0.00,0.00
2025-05-12T00:00,14.8,79,0,3.4,197,17.2,20.1,18.8,0.00,0.00,0.00
2025-05-12T01:00,15.1,76,1,2.7,160,16.6,20.0,18.8,0.00,0.00,0.00
2025-05-12T02:00,14.8,75,7,1.0,270,16.1,19.7,18.8,0.00,0.00,0.00
2025-05-12T03:00,14.6,75,1,1.8,279,15.8,19.5,18.8,0.00,0.00,0.00
2025-05-12T04:00,14.4,75,0,1.8,153,15.4,19.3,18.8,0.00,0.00,0.00
2025-05-12T05:00,14.1,76,0,1.6,135,15.0,19.1,18.8,0.00,0.00,0.00
2025-05-12T06:00,14.7,78,0,2.4,197,15.1,18.8,18.8,0.00,0.00,0.02
2025-05-12T07:00,17.5,67,0,2.7,261,16.1,18.7,18.8,0.00,0.00,0.09
2025-05-12T08:00,19.6,57,0,2.3,300,17.8,18.6,18.8,0.00,0.00,0.21
2025-05-12T09:00,21.3,51,0,4.0,302,19.8,18.6,18.8,0.00,0.00,0.34
2025-05-12T10:00,22.9,46,0,4.8,308,21.8,18.7,18.8,0.00,0.00,0.47
2025-05-12T11:00,24.1,43,0,7.6,342,23.6,19.0,18.8,0.00,0.00,0.57
2025-05-12T12:00,24.2,41,1,12.9,7,24.9,19.2,18.8,0.00,0.00,0.61
2025-05-12T13:00,24.0,40,8,13.9,4,25.8,19.7,18.8,0.00,0.00,0.60
2025-05-12T14:00,23.9,38,8,13.0,13,26.1,20.0,18.8,0.00,0.00,0.57
2025-05-12T15:00,23.5,37,18,15.0,12,26.1,20.3,18.8,0.00,0.00,0.51
2025-05-12T16:00,22.3,38,9,13.8,10,25.5,20.6,18.8,0.00,0.00,0.41
2025-05-12T17:00,21.8,42,7,10.5,23,24.7,20.8,18.8,0.00,0.00,0.29
2025-05-12T18:00,20.5,48,4,6.6,27,23.5,20.9,18.8,0.00,0.00,0.15
2025-05-12T19:00,18.4,59,11,2.6,53,21.9,21.0,18.8,0.00,0.00,0.03
2025-05-12T20:00,17.2,62,4,2.3,122,20.4,20.9,18.8,0.00,0.00,0.00
2025-05-12T21:00,16.2,63,54,4.1,183,19.3,20.8,18.8,0.00,0.00,0.01
2025-05-12T22:00,15.2,63,86,4.0,193,18.3,20.7,18.8,0.00,0.00,0.01
2025-05-12T23:00,15.0,59,99,3.4,201,17.7,20.5,18.8,0.00,0.00,0.01
2025-05-13T00:00,15.0,58,100,3.4,192,17.3,20.3,18.8,0.00,0.00,0.01
2025-05-13T01:00,15.9,59,73,3.4,244,17.5,20.1,18.8,0.00,0.00,0.01
2025-05-13T02:00,15.6,64,82,3.4,280,17.2,20.0,18.8,0.10,0.10,0.00
2025-05-13T03:00,14.9,73,96,4.2,306,16.8,19.8,18.8,0.20,0.20,0.00
2025-05-13T04:00,14.7,78,98,1.0,315,16.3,19.6,18.8,0.00,0.00,0.00
2025-05-13T05:00,14.5,82,100,0.5,14,16.0,19.4,18.8,0.00,0.00,0.00
2025-05-13T06:00,15.5,78,100,1.4,225,16.1,19.2,18.8,0.00,0.00,0.02
2025-05-13T07:00,16.8,76,100,2.7,342,16.7,19.1,18.8,0.00,0.00,0.07
2025-05-13T08:00,17.8,70,100,4.8,10,17.7,19.0,18.8,0.00,0.00,0.14
2025-05-13T09:00,18.9,65,100,5.8,73,18.8,18.9,18.8,0.00,0.00,0.21
2025-05-13T10:00,20.3,60,100,8.2,34,20.4,19.0,18.8,0.00,0.00,0.34
2025-05-13T11:00,21.5,57,94,8.9,25,22.1,19.1,18.8,0.00,0.00,0.44
2025-05-13T12:00,21.8,56,99,12.1,19,23.2,19.3,18.8,0.00,0.00,0.45
2025-05-13T13:00,20.5,61,99,11.8,3,23.0,19.4,18.8,0.00,0.00,0.37
2025-05-13T14:00,20.5,62,100,12.7,4,23.1,19.6,18.8,0.00,0.00,0.35
2025-05-13T15:00,19.4,69,88,13.4,30,22.6,19.8,18.8,0.00,0.00,0.24
2025-05-13T16:00,18.8,72,84,14.1,14,22.2,20.0,18.8,0.00,0.00,0.22
2025-05-13T17:00,18.4,71,100,9.1,31,21.8,20.1,18.8,0.00,0.00,0.19
2025-05-13T18:00,17.6,72,100,11.0,30,21.0,20.2,18.8,0.00,0.00,0.10
2025-05-13T19:00,16.6,75,100,6.2,56,20.0,20.1,18.8,0.00,0.00,0.04
2025-05-13T20:00,15.8,86,100,0.9,150,19.2,20.1,18.8,0.30,0.30,0.00
2025-05-13T21:00,15.6,92,100,6.2,190,18.2,20.0,18.8,1.40,1.40,0.00
2025-05-13T22:00,15.5,90,100,5.6,185,17.4,19.8,18.8,1.30,1.30,0.00
2025-05-13T23:00,15.2,90,100,4.0,195,16.9,19.6,18.8,1.20,1.20,0.00
2025-05-14T00:00,15.3,91,100,4.5,204,16.7,19.4,18.8,1.70,1.70,0.00
2025-05-14T01:00,15.6,88,100,3.7,204,17.0,19.4,18.8,1.00,1.00,0.00
2025-05-14T02:00,15.3,90,100,3.5,203,16.6,19.2,18.8,0.60,0.60,0.00
2025-05-14T03:00,14.9,93,100,5.1,204,16.3,19.1,18.8,0.40,0.40,0.00
2025-05-14T04:00,14.5,94,100,4.9,187,16.0,18.9,18.8,0.30,0.30,0.00
2025-05-14T05:00,14.5,91,100,6.1,209,15.8,18.7,18.8,0.10,0.10,0.00
2025-05-14T06:00,14.9,84,100,12.4,220,15.6,18.5,18.8,0.00,0.00,0.04
2025-05-14T07:00,15.9,77,100,14.3,218,15.8,18.3,18.8,0.00,0.00,0.07
2025-05-14T08:00,17.1,68,100,11.9,212,16.3,18.2,18.8,0.00,0.00,0.11
2025-05-14T09:00,18.2,60,99,9.4,224,17.1,18.1,18.8,0.00,0.00,0.17
2025-05-14T10:00,19.4,63,89,8.3,262,18.3,18.1,18.8,0.40,0.40,0.25
2025-05-14T11:00,21.3,55,51,12.7,293,20.0,18.2,18.8,0.00,0.00,0.42
2025-05-14T12:00,18.8,67,93,19.4,301,21.2,18.4,18.8,1.00,1.00,0.44
2025-05-14T13:00,21.8,54,100,10.9,284,22.7,18.8,18.8,0.00,0.00,0.48
2025-05-14T14:00,18.9,70,100,18.6,307,22.8,19.0,18.8,2.30,2.30,0.40
2025-05-14T15:00,20.0,64,61,13.9,305,22.2,19.3,18.8,1.40,1.40,0.33
2025-05-14T16:00,20.0,68,28,8.0,297,21.4,19.4,18.8,3.70,3.70,0.25
2025-05-14T17:00,20.3,62,14,13.5,314,21.2,19.5,18.8,0.10,0.10,0.23
2025-05-14T18:00,19.7,58,3,9.2,300,20.6,19.6,18.8,0.00,0.00,0.15
2025-05-14T19:00,17.9,59,0,7.4,284,19.6,19.6,18.8,0.00,0.00,0.06
2025-05-14T20:00,16.7,62,3,7.1,269,18.5,19.6,18.8,0.00,0.00,0.03
2025-05-14T21:00,16.4,61,0,9.0,241,17.8,19.5,18.8,0.00,0.00,0.04
2025-05-14T22:00,15.8,59,13,11.0,230,17.3,19.3,18.8,0.00,0.00,0.05
2025-05-14T23:00,15.4,57,12,9.6,227,16.9,19.1,18.8,0.00,0.00,0.04
2025-05-15T00:00,14.8,59,12,6.8,227,16.5,19.0,18.8,0.00,0.00,0.03
2025-05-15T01:00,15.5,58,31,8.0,237,17.1,18.9,18.8,0.00,0.00,0.03
2025-05-15T02:00,15.3,60,15,8.1,240,16.7,18.8,18.8,0.00,0.00,0.03
2025-05-15T03:00,14.7,65,10,7.8,239,16.2,18.6,18.8,0.00,0.00,0.02
2025-05-15T04:00,14.3,66,6,7.8,230,15.8,18.4,18.8,0.00,0.00,0.02
2025-05-15T05:00,14.1,67,5,10.2,229,15.5,18.3,18.7,0.00,0.00,0.03
2025-05-15T06:00,14.7,67,8,12.4,225,15.5,18.1,18.7,0.00,0.00,0.06
2025-05-15T07:00,16.9,63,7,14.0,228,16.1,18.0,18.7,0.00,0.00,0.13
2025-05-15T08:00,18.7,55,1,19.5,240,17.3,17.9,18.7,0.00,0.00,0.25
2025-05-15T09:00,20.1,53,0,18.8,245,18.7,17.9,18.7,0.00,0.00,0.35
2025-05-15T10:00,21.5,47,29,20.0,281,20.1,18.0,18.7,0.10,0.10,0.47
2025-05-15T11:00,21.6,47,19,18.9,297,21.1,18.2,18.7,0.10,0.10,0.47
2025-05-15T12:00,22.5,45,35,15.9,303,22.2,18.5,18.7,0.10,0.10,0.56
2025-05-15T13:00,22.4,45,25,9.4,325,22.4,18.6,18.7,0.00,0.00,0.41
2025-05-15T14:00,22.5,50,28,13.0,353,23.3,18.9,18.7,0.00,0.00,0.52
2025-05-15T15:00,20.8,57,6,17.5,360,23.3,19.2,18.7,0.00,0.00,0.41
2025-05-15T16:00,20.6,57,19,13.1,348,23.2,19.5,18.7,0.00,0.00,0.36
2025-05-15T17:00,20.0,57,5,9.2,357,22.6,19.7,18.7,0.00,0.00,0.25
2025-05-15T18:00,19.5,58,22,2.9,331,21.7,19.8,18.7,0.00,0.00,0.12
2025-05-15T19:00,17.5,69,22,2.7,167,20.5,19.9,18.7,0.00,0.00,0.03
2025-05-15T20:00,16.3,73,22,2.9,210,19.1,19.8,18.7,0.00,0.00,0.00
2025-05-15T21:00,15.3,76,20,4.0,213,18.0,19.7,18.7,0.00,0.00,0.00
2025-05-15T22:00,14.3,72,9,5.4,205,17.2,19.6,18.7,0.00,0.00,0.01
2025-05-15T23:00,13.4,70,2,6.2,203,16.5,19.4,18.7,0.00,0.00,0.01
