datetime,temperature_2m_f,relative_humidity_2m_f,cloud_cover_f,wind_speed_10m_f,wind_direction_10m_f,soil_temperature_0cm_f,soil_temperature_6cm_f,soil_temperature_18cm_f,rain_f
2024-12-12 00:00,5.5,78,18,4.2,200,4.4,8.0,11.9,0.00
2024-12-12 01:00,5.2,77,22,3.5,204,4.0,7.6,11.7,0.00
2024-12-12 02:00,5.1,74,17,2.9,187,3.4,7.2,11.5,0.00
2024-12-12 03:00,4.2,74,6,3.3,193,2.8,6.6,11.2,0.00
2024-12-12 04:00,3.8,79,8,3.4,198,2.6,6.3,11.0,0.00
2024-12-12 05:00,3.7,79,13,3.3,186,2.3,6.0,10.7,0.00
2024-12-12 06:00,3.0,83,5,3.9,202,1.9,5.5,10.5,0.00
2024-12-12 07:00,2.8,82,0,3.9,202,1.8,5.3,10.2,0.00
2024-12-12 08:00,3.3,81,0,3.4,198,3.7,5.2,10.0,0.00
2024-12-12 09:00,6.7,75,0,3.4,238,9.8,6.4,9.8,0.00
2024-12-12 10:00,11.9,53,9,3.9,248,15.6,8.6,9.8,0.00
2024-12-12 11:00,14.6,46,26,3.3,257,18.1,11.1,9.9,0.00
2024-12-12 12:00,16.2,44,27,3.0,284,19.4,12.9,10.2,0.00
2024-12-12 13:00,17.5,42,41,2.3,321,20.0,14.4,10.6,0.00
2024-12-12 14:00,18.2,41,20,2.5,352,20.0,15.4,11.1,0.00
2024-12-12 15:00,17.9,45,35,7.9,51,17.9,16.0,11.6,0.00
2024-12-12 16:00,16.9,52,2,9.4,72,15.0,15.5,12.0,0.00
2024-12-12 17:00,14.8,60,1,5.4,70,11.3,14.4,12.3,0.00
2024-12-12 18:00,12.9,68,20,4.0,90,9.8,13.1,12.5,0.00
2024-12-12 19:00,11.2,72,7,3.6,186,8.4,11.8,12.5,0.00
2024-12-12 20:00,8.8,81,0,3.6,180,7.3,10.8,12.5,0.00
2024-12-12 21:00,8.2,68,9,4.7,180,6.9,10.2,12.4,0.00
2024-12-12 22:00,7.7,68,0,4.1,195,6.2,9.5,12.3,0.00
2024-12-12 23:00,7.2,74,0,4.1,218,5.7,9.0,12.1,0.00
2024-12-13 00:00,7.4,70,2,5.0,210,5.8,8.7,12.0,0.00
2024-12-13 01:00,7.3,72,0,4.7,212,5.5,8.4,11.8,0.00
2024-12-13 02:00,6.9,74,0,4.4,215,5.2,8.1,11.6,0.00
2024-12-13 03:00,6.8,73,0,5.6,207,5.1,7.8,11.4,0.00
2024-12-13 04:00,6.7,75,27,4.8,207,5.0,7.6,11.2,0.00
2024-12-13 05:00,6.7,78,62,4.8,207,5.4,7.5,11.0,0.00
2024-12-13 06:00,6.9,78,68,5.6,207,5.7,7.5,10.8,0.00
2024-12-13 07:00,7.1,79,50,5.0,210,5.5,7.5,10.7,0.00
2024-12-13 08:00,7.3,80,45,4.9,216,7.0,7.6,10.6,0.00
2024-12-13 09:00,10.5,75,33,4.3,228,12.3,8.7,10.5,0.00
2024-12-13 10:00,14.3,60,39,5.0,249,17.3,10.6,10.5,0.00
2024-12-13 11:00,16.4,53,32,6.3,246,19.9,12.9,10.8,0.00
2024-12-13 12:00,18.1,50,31,4.4,261,21.4,14.9,11.1,0.00
2024-12-13 13:00,19.2,49,16,4.1,315,21.9,16.2,11.6,0.00
2024-12-13 14:00,19.6,51,20,7.3,351,21.8,17.1,12.1,0.00
2024-12-13 15:00,18.1,57,1,13.7,30,18.2,17.1,12.5,0.00
2024-12-13 16:00,16.8,65,0,13.9,31,15.6,16.4,12.9,0.00
2024-12-13 17:00,15.0,82,5,8.4,40,12.7,15.3,13.2,0.00
2024-12-13 18:00,13.5,89,5,4.0,63,11.1,13.8,13.3,0.00
2024-12-13 19:00,12.3,91,3,2.6,146,10.0,12.8,13.4,0.00
2024-12-13 20:00,10.7,94,0,3.9,248,9.1,11.9,13.3,0.00
2024-12-13 21:00,9.1,93,21,5.1,188,7.8,11.0,13.2,0.00
2024-12-13 22:00,8.3,91,13,4.7,184,7.3,10.4,13.0,0.00
2024-12-13 23:00,7.6,91,17,4.3,180,6.6,9.9,12.9,0.00
2024-12-14 00:00,7.0,89,29,4.7,180,6.1,9.4,12.7,0.00
2024-12-14 01:00,6.4,91,14,4.7,184,5.7,8.9,12.4,0.00
2024-12-14 02:00,5.8,92,6,4.5,194,5.2,8.5,12.2,0.00
2024-12-14 03:00,5.3,91,17,4.4,189,4.5,7.9,12.0,0.00
2024-12-14 04:00,5.0,91,9,4.7,189,4.3,7.6,11.7,0.00
2024-12-14 05:00,4.8,89,5,4.3,185,4.1,7.3,11.5,0.00
2024-12-14 06:00,4.1,91,88,4.5,194,3.6,6.9,11.3,0.00
2024-12-14 07:00,4.2,92,100,4.7,203,3.5,6.7,11.0,0.00
2024-12-14 08:00,4.7,90,87,4.9,197,5.1,6.6,10.8,0.00
2024-12-14 09:00,8.2,85,23,4.6,219,10.8,7.7,10.6,0.00
2024-12-14 10:00,11.8,79,5,6.0,237,16.2,9.7,10.6,0.00
2024-12-14 11:00,14.6,77,30,4.2,250,18.9,11.9,10.7,0.00
2024-12-14 12:00,16.8,71,68,5.8,360,20.7,13.9,11.0,0.00
2024-12-14 13:00,17.4,65,100,10.6,24,20.0,15.3,11.4,0.00
2024-12-14 14:00,17.0,66,100,12.7,35,18.3,15.8,11.8,0.00
2024-12-14 15:00,17.1,68,45,13.1,37,17.6,15.9,12.1,0.00
2024-12-14 16:00,16.3,75,32,12.2,43,15.4,15.5,12.5,0.00
2024-12-14 17:00,14.7,84,31,7.1,45,12.4,14.7,12.7,0.00
2024-12-14 18:00,13.3,90,20,3.8,73,10.9,13.5,12.8,0.00
2024-12-14 19:00,12.1,93,46,3.6,135,10.4,12.6,12.9,0.00
2024-12-14 20:00,10.8,95,47,3.6,174,9.7,12.0,12.9,0.00
2024-12-14 21:00,9.3,96,44,4.0,185,8.4,11.3,12.8,0.00
2024-12-14 22:00,8.2,97,52,4.3,180,7.6,10.7,12.7,0.00
2024-12-14 23:00,7.3,99,65,3.8,197,6.8,10.0,12.6,0.00
2024-12-15 00:00,6.8,100,100,4.2,200,6.6,9.6,12.5,0.00
2024-12-15 01:00,6.9,97,100,4.7,180,6.4,9.2,12.3,0.00
2024-12-15 02:00,6.7,95,100,3.6,174,6.1,8.9,12.1,0.00
2024-12-15 03:00,6.2,95,100,4.4,189,5.6,8.5,11.9,0.00
2024-12-15 04:00,6.0,96,90,4.5,194,5.7,8.3,11.7,0.00
2024-12-15 05:00,6.1,95,97,4.3,185,5.4,8.1,11.5,0.00
2024-12-15 06:00,6.0,94,56,4.7,189,5.2,7.8,11.3,0.00
2024-12-15 07:00,6.1,95,77,4.8,193,5.2,7.7,11.2,0.00
2024-12-15 08:00,6.1,97,49,4.3,204,6.5,7.6,11.0,0.00
2024-12-15 09:00,9.6,93,95,3.5,204,12.3,8.8,10.9,0.00
2024-12-15 10:00,12.7,85,62,3.6,233,16.7,10.6,10.9,0.00
2024-12-15 11:00,15.3,76,100,0.7,360,18.7,12.6,11.1,0.00
2024-12-15 12:00,16.4,71,90,10.0,38,19.6,14.2,11.3,0.00
2024-12-15 13:00,17.0,62,10,15.0,44,19.1,15.3,11.7,0.00
2024-12-15 14:00,16.8,65,29,15.5,46,18.3,15.8,12.1,0.00
2024-12-15 15:00,16.4,68,35,13.2,43,16.7,15.7,12.4,0.00
2024-12-15 16:00,15.5,73,33,11.2,45,14.5,15.2,12.7,0.00
2024-12-15 17:00,13.8,84,30,6.4,38,11.4,14.2,12.9,0.00
2024-12-15 18:00,12.5,86,7,4.1,52,10.3,13.1,13.0,0.00
2024-12-15 19:00,11.4,89,0,3.3,103,9.0,12.1,13.0,0.00
2024-12-15 20:00,10.4,91,6,2.5,135,7.8,11.2,12.9,0.00
2024-12-15 21:00,9.2,93,0,2.5,172,7.0,10.4,12.8,0.00
2024-12-15 22:00,8.1,95,22,2.9,187,6.3,9.7,12.6,0.00
2024-12-15 23:00,6.9,94,0,2.9,180,5.5,9.1,12.4,0.00
2024-12-16 00:00,6.0,93,4,3.8,197,5.1,8.7,12.2,0.00
2024-12-16 01:00,5.3,93,13,3.7,191,4.6,8.2,12.0,0.00
2024-12-16 02:00,4.9,94,6,3.2,180,4.2,7.7,11.7,0.00
2024-12-16 03:00,4.3,95,6,3.7,191,3.6,7.2,11.4,0.00
2024-12-16 04:00,3.8,96,23,3.4,198,3.2,6.9,11.2,0.00
2024-12-16 05:00,3.5,96,21,3.9,202,3.0,6.5,10.9,0.00
2024-12-16 06:00,2.8,98,15,4.8,207,2.4,6.0,10.6,0.00
2024-12-16 07:00,2.8,94,7,4.5,194,2.1,5.7,10.4,0.00
2024-12-16 08:00,3.3,89,6,3.6,174,3.7,5.6,10.1,0.00
2024-12-16 09:00,6.5,87,0,2.6,196,9.6,6.7,9.9,0.00
2024-12-16 10:00,11.1,76,0,1.5,256,14.7,8.8,9.9,0.00
2024-12-16 11:00,14.2,66,0,2.7,23,17.7,11.1,10.0,0.00
2024-12-16 12:00,16.0,55,0,6.9,28,19.4,13.1,10.3,0.00
2024-12-16 13:00,17.4,47,0,9.7,27,19.5,14.5,10.7,0.00
2024-12-16 14:00,17.2,50,0,13.4,24,18.1,15.1,11.1,0.00
2024-12-16 15:00,16.6,51,0,16.9,34,16.1,15.2,11.5,0.00
2024-12-16 16:00,15.8,60,0,13.8,33,14.2,14.6,11.8,0.00
2024-12-16 17:00,14.1,67,0,8.2,41,11.1,13.7,12.0,0.00
2024-12-16 18:00,12.8,70,0,5.8,60,9.4,12.5,12.2,0.00
2024-12-16 19:00,11.9,78,0,2.5,98,7.9,11.4,12.2,0.00
2024-12-16 20:00,10.2,82,0,4.7,203,6.9,10.3,12.2,0.00
2024-12-16 21:00,7.6,91,0,4.6,198,6.2,9.6,12.0,0.00
2024-12-16 22:00,6.9,76,4,3.7,169,5.1,8.9,11.9,0.00
2024-12-16 23:00,5.8,62,0,4.5,151,4.2,8.2,11.7,0.00
2024-12-17 00:00,5.0,61,0,3.8,163,3.2,7.6,11.5,0.00
2024-12-17 01:00,4.4,70,0,3.6,174,2.7,6.9,11.2,0.00
2024-12-17 02:00,4.0,74,0,4.0,180,2.3,6.4,10.9,0.00
2024-12-17 03:00,3.5,80,0,4.4,189,2.0,5.9,10.7,0.00
2024-12-17 04:00,3.2,77,0,4.7,189,1.7,5.6,10.4,0.00
2024-12-17 05:00,2.9,75,0,4.7,184,1.4,5.3,10.1,0.00
2024-12-17 06:00,2.5,76,3,5.1,184,1.1,4.9,9.8,0.00
2024-12-17 07:00,2.2,76,0,4.7,184,0.8,4.6,9.5,0.00
2024-12-17 08:00,2.6,76,0,4.4,189,2.5,4.4,9.3,0.00
2024-12-17 09:00,6.0,74,3,3.8,197,8.5,5.4,9.1,0.00
2024-12-17 10:00,11.0,59,4,3.8,229,14.4,7.7,9.0,0.00
2024-12-17 11:00,13.8,50,0,4.4,235,17.3,10.3,9.1,0.00
2024-12-17 12:00,15.9,45,3,2.3,309,18.7,12.3,9.5,0.00
2024-12-17 13:00,17.1,46,5,5.1,356,20.0,13.9,9.9,0.00
2024-12-17 14:00,17.3,50,44,7.4,14,19.0,14.9,10.3,0.00
2024-12-17 15:00,16.8,52,67,9.8,17,16.7,15.2,10.8,0.00
2024-12-17 16:00,15.4,58,100,7.6,25,13.7,14.5,11.2,0.00
2024-12-17 17:00,13.7,69,100,2.9,30,10.5,13.4,11.5,0.00
2024-12-17 18:00,12.4,70,100,1.0,135,8.2,11.7,11.6,0.00
2024-12-17 19:00,10.6,77,99,4.0,185,7.7,10.6,11.6,0.00
2024-12-17 20:00,8.3,84,70,4.0,175,6.6,9.8,11.6,0.00
2024-12-17 21:00,7.0,81,81,4.3,175,5.5,9.0,11.4,0.00
2024-12-17 22:00,6.1,82,10,4.0,185,4.7,8.3,11.3,0.00
2024-12-17 23:00,5.6,85,0,3.6,180,4.1,7.7,11.1,0.00
2024-12-18 00:00,5.3,85,0,4.3,185,3.9,7.3,10.9,0.00
2024-12-18 01:00,5.1,82,0,4.0,180,3.6,6.9,10.7,0.00
2024-12-18 02:00,4.7,81,0,3.6,180,3.2,6.5,10.5,0.00
2024-12-18 03:00,3.8,83,0,4.0,185,2.6,6.0,10.2,0.00
2024-12-18 04:00,3.6,84,0,3.7,191,2.3,5.7,10.0,0.00
2024-12-18 05:00,3.4,85,0,3.8,197,2.1,5.5,9.8,0.00
2024-12-18 06:00,3.1,86,0,4.6,198,1.8,5.0,9.5,0.00
2024-12-18 07:00,3.4,84,0,4.1,195,1.9,4.9,9.3,0.00
2024-12-18 08:00,4.0,80,0,3.7,191,3.7,4.9,9.1,0.00
2024-12-18 09:00,7.2,76,0,3.7,209,9.5,6.0,8.9,0.00
2024-12-18 10:00,12.4,67,0,3.9,236,15.5,8.3,8.9,0.00
2024-12-18 11:00,15.2,50,0,5.4,233,18.3,10.8,9.1,0.00
2024-12-18 12:00,17.1,46,0,5.2,236,19.9,12.9,9.4,0.00
2024-12-18 13:00,18.2,47,0,2.1,239,20.2,14.3,9.9,0.00
2024-12-18 14:00,18.9,49,0,1.1,342,20.2,15.3,10.3,0.00
2024-12-18 15:00,19.5,48,0,3.5,24,19.6,16.0,10.8,0.00
2024-12-18 16:00,18.3,56,0,4.1,45,15.9,15.7,11.3,0.00
2024-12-18 17:00,15.5,66,0,3.8,41,11.8,14.7,11.6,0.00
2024-12-18 18:00,13.3,72,0,2.3,108,9.1,12.8,11.8,0.00
2024-12-18 19:00,11.4,80,0,3.3,174,8.3,11.5,11.9,0.00
2024-12-18 20:00,9.9,84,0,2.9,180,7.5,10.6,11.9,0.00
2024-12-18 21:00,9.4,75,0,3.3,186,6.9,9.9,11.8,0.00
2024-12-18 22:00,8.8,72,1,3.3,186,6.4,9.3,11.7,0.00
2024-12-18 23:00,8.7,66,6,2.9,187,5.7,8.8,11.5,0.00
2024-12-19 00:00,7.9,64,8,3.8,197,5.5,8.3,11.3,0.00
2024-12-19 01:00,8.0,57,0,3.8,197,5.4,8.0,11.2,0.00
2024-12-19 02:00,8.0,54,0,3.9,202,5.2,7.8,11.0,0.00
2024-12-19 03:00,7.9,53,0,4.3,204,5.2,7.6,10.8,0.00
2024-12-19 04:00,8.0,53,3,4.2,211,5.2,7.5,10.6,0.00
2024-12-19 05:00,8.0,53,3,4.7,212,5.3,7.4,10.5,0.00
2024-12-19 06:00,8.4,49,0,5.8,210,5.7,7.3,10.3,0.00
2024-12-19 07:00,8.6,49,2,5.9,218,5.7,7.4,10.2,0.00
2024-12-19 08:00,9.3,50,24,6.9,219,7.4,7.5,10.1,0.00
2024-12-19 09:00,13.1,45,14,8.2,218,12.6,8.6,10.0,0.00
2024-12-19 10:00,17.3,38,34,10.5,232,17.5,10.5,10.1,0.00
2024-12-19 11:00,19.8,33,9,11.9,235,20.0,12.7,10.3,0.00
2024-12-19 12:00,22.1,29,65,14.0,241,22.2,14.6,10.6,0.00
2024-12-19 13:00,23.2,28,83,13.4,264,22.2,16.0,11.1,0.00
2024-12-19 14:00,22.4,33,100,11.2,268,19.4,16.7,11.5,0.00
2024-12-19 15:00,22.0,38,100,8.1,283,19.9,16.9,11.9,0.00
2024-12-19 16:00,20.3,48,100,5.4,318,17.3,16.6,12.3,0.00
2024-12-19 17:00,17.9,53,99,4.1,315,13.5,15.7,12.6,0.00
2024-12-19 18:00,16.0,48,77,7.4,203,12.8,14.6,12.9,0.00
2024-12-19 19:00,14.7,54,26,7.8,193,11.8,13.7,13.0,0.00
2024-12-19 20:00,14.2,59,62,7.1,204,11.4,13.0,13.0,0.00
2024-12-19 21:00,13.9,60,99,7.0,192,11.1,12.5,13.0,0.00
2024-12-19 22:00,13.4,67,73,6.2,187,10.9,12.2,13.0,0.00
2024-12-19 23:00,12.9,71,100,5.7,198,10.6,11.9,12.9,0.00
2024-12-20 00:00,13.1,68,95,7.4,194,11.1,12.0,12.9,0.00
2024-12-20 01:00,13.2,67,88,8.1,201,11.1,11.9,12.8,0.00
2024-12-20 02:00,13.3,67,100,9.0,203,11.0,11.8,12.8,0.00
2024-12-20 03:00,13.4,65,100,9.1,198,10.7,11.7,12.7,0.00
2024-12-20 04:00,13.6,66,100,7.8,202,11.4,11.7,12.7,0.00
2024-12-20 05:00,13.6,65,100,7.3,200,11.4,11.8,12.7,0.00
2024-12-20 06:00,13.8,63,97,7.9,204,11.6,12.1,12.6,0.00
2024-12-20 07:00,13.6,59,74,7.2,207,11.4,11.9,12.5,0.00
2024-12-20 08:00,13.4,62,64,7.9,210,11.9,11.9,12.5,0.00
2024-12-20 09:00,15.8,64,59,9.4,212,15.7,12.7,12.6,0.00
2024-12-20 10:00,17.7,56,53,10.9,224,19.5,14.0,12.6,0.00
2024-12-20 11:00,18.9,55,95,12.4,240,21.4,15.6,12.8,0.00
2024-12-20 12:00,19.7,54,100,10.1,272,22.8,16.7,13.1,0.00
2024-12-20 13:00,20.4,53,70,10.4,304,23.6,18.0,13.5,0.00
2024-12-20 14:00,20.0,57,36,12.2,332,21.7,18.6,13.9,0.00
2024-12-20 15:00,18.7,70,20,15.5,356,19.6,18.6,14.3,0.00
2024-12-20 16:00,17.6,75,4,13.4,8,17.1,17.8,14.5,0.00
2024-12-20 17:00,16.0,83,49,7.2,27,14.1,16.8,14.7,0.00
2024-12-20 18:00,14.5,90,79,5.4,94,12.8,15.3,14.8,0.00
2024-12-20 19:00,13.7,93,76,5.2,124,12.4,14.5,14.8,0.00
2024-12-20 20:00,13.4,93,84,3.1,144,12.3,13.9,14.7,0.00
2024-12-20 21:00,13.3,86,93,2.9,180,12.3,13.6,14.6,0.00
2024-12-20 22:00,13.1,84,83,1.5,194,12.1,13.4,14.5,0.00
2024-12-20 23:00,12.5,91,92,2.3,309,11.6,13.2,14.4,0.00
2024-12-21 00:00,12.1,90,73,0.8,27,9.9,12.6,14.3,0.00
2024-12-21 01:00,11.9,87,66,2.3,108,9.2,12.1,14.1,0.00
2024-12-21 02:00,10.9,87,66,3.1,126,8.9,11.5,13.9,0.00
2024-12-21 03:00,10.2,86,100,3.3,193,9.6,11.2,13.7,0.00
2024-12-21 04:00,10.5,85,100,1.9,158,10.1,11.2,13.5,0.00
2024-12-21 05:00,10.8,84,100,2.3,162,10.0,11.3,13.4,0.00
2024-12-21 06:00,10.8,82,100,2.9,173,10.3,11.3,13.2,0.00
2024-12-21 07:00,11.1,84,100,0.5,315,10.5,11.4,13.1,0.00
2024-12-21 08:00,11.4,85,100,1.0,315,10.9,11.4,13.0,0.00
2024-12-21 09:00,12.8,83,100,1.8,349,13.6,12.1,12.9,0.00
2024-12-21 10:00,14.3,81,100,6.2,21,15.8,12.9,12.9,0.00
2024-12-21 11:00,15.9,77,100,13.0,51,16.9,13.9,13.0,0.00
2024-12-21 12:00,16.2,74,83,14.8,45,17.7,14.9,13.1,0.00
2024-12-21 13:00,16.5,70,83,15.8,41,19.0,15.6,13.3,0.00
2024-12-21 14:00,16.7,67,99,16.5,46,18.2,16.1,13.5,0.00
2024-12-21 15:00,16.0,68,100,16.3,45,15.9,15.9,13.8,0.00
2024-12-21 16:00,15.5,70,100,17.6,55,15.0,15.5,13.9,0.00
2024-12-21 17:00,14.6,77,100,15.5,59,13.3,14.9,14.0,0.00
2024-12-21 18:00,14.0,77,100,12.8,52,12.9,14.3,14.1,0.00
2024-12-21 19:00,13.7,79,100,10.7,50,12.8,13.8,14.1,0.00
2024-12-21 20:00,13.1,82,100,9.0,53,11.7,13.4,14.0,0.00
2024-12-21 21:00,12.6,77,100,7.2,53,10.9,13.0,13.9,0.00
2024-12-21 22:00,11.9,77,52,4.1,45,9.6,12.4,13.8,0.00
2024-12-21 23:00,11.7,75,33,1.5,14,8.0,11.6,13.7,0.00
2024-12-22 00:00,11.4,75,30,1.8,233,7.2,10.9,13.5,0.00
2024-12-22 01:00,9.2,87,3,3.9,202,7.2,10.2,13.3,0.00
2024-12-22 02:00,7.7,95,35,3.7,191,6.6,9.8,13.0,0.00
2024-12-22 03:00,7.0,94,31,3.8,197,5.9,9.2,12.8,0.00
2024-12-22 04:00,6.9,94,46,3.3,186,6.0,8.9,12.5,0.00
2024-12-22 05:00,6.4,95,27,3.4,198,5.5,8.7,12.3,0.00
2024-12-22 06:00,5.8,96,28,4.1,195,4.9,8.3,12.0,0.00
2024-12-22 07:00,5.4,97,27,3.7,191,4.7,8.0,11.8,0.00
2024-12-22 08:00,5.6,96,6,3.3,174,6.0,7.7,11.6,0.00
2024-12-22 09:00,8.6,88,0,2.6,196,11.8,8.7,11.4,0.00
2024-12-22 10:00,12.5,73,0,1.9,248,16.5,10.7,11.3,0.00
2024-12-22 11:00,15.4,61,0,1.5,315,19.3,12.9,11.5,0.00
2024-12-22 12:00,16.8,60,0,5.2,12,20.9,14.6,11.7,0.00
2024-12-22 13:00,17.5,57,0,8.9,21,21.3,16.0,12.0,0.00
2024-12-22 14:00,17.2,60,0,12.3,32,19.7,16.7,12.4,0.00
2024-12-22 15:00,16.8,62,0,12.3,40,17.9,16.7,12.8,0.00
2024-12-22 16:00,16.3,64,0,7.8,56,15.6,16.1,13.1,0.00
2024-12-22 17:00,14.8,73,0,3.2,360,11.7,15.1,13.3,0.00
2024-12-22 18:00,12.7,80,0,3.1,291,9.3,13.4,13.4,0.00
2024-12-22 19:00,10.6,90,0,3.2,243,8.7,12.2,13.4,0.00
2024-12-22 20:00,10.5,87,0,0.7,180,7.4,11.2,13.3,0.00
2024-12-22 21:00,10.7,80,0,2.4,153,6.5,10.4,13.1,0.00
2024-12-22 22:00,9.0,86,0,3.7,169,6.7,9.8,12.9,0.00
2024-12-22 23:00,7.7,91,3,3.3,174,6.2,9.4,12.7,0.00
2024-12-23 00:00,6.8,92,5,4.4,189,5.6,8.9,12.4,0.00
2024-12-23 01:00,6.6,91,3,3.9,202,5.2,8.6,12.2,0.00
2024-12-23 02:00,6.7,88,3,3.3,186,4.7,8.2,12.0,0.00
2024-12-23 03:00,6.9,85,4,3.3,193,4.4,7.8,11.7,0.00
2024-12-23 04:00,7.5,79,3,3.4,162,4.1,7.5,11.5,0.00
2024-12-23 05:00,7.1,81,0,4.0,153,4.4,7.2,11.3,0.00
2024-12-23 06:00,6.5,85,0,5.1,172,4.6,7.2,11.0,0.00
2024-12-23 07:00,6.4,82,0,4.0,180,4.2,7.1,10.8,0.00
2024-12-23 08:00,7.0,79,0,2.9,180,5.5,6.9,10.6,0.00
2024-12-23 09:00,9.5,78,0,2.3,162,11.7,7.9,10.5,0.00
2024-12-23 10:00,14.3,64,0,0.5,135,17.3,10.1,10.5,0.00
2024-12-23 11:00,17.0,56,0,4.1,52,20.4,12.5,10.6,0.00
2024-12-23 12:00,18.6,54,0,5.9,47,22.0,14.6,10.9,0.00
2024-12-23 13:00,19.2,57,0,10.8,37,21.6,16.0,11.4,0.00
2024-12-23 14:00,18.8,60,0,15.9,39,19.9,16.6,11.8,0.00
2024-12-23 15:00,18.2,64,0,16.4,50,18.3,16.7,12.3,0.00
2024-12-23 16:00,17.3,58,0,19.2,62,15.9,16.2,12.6,0.00
2024-12-23 17:00,15.3,54,0,14.3,62,12.8,15.2,12.9,0.00
2024-12-23 18:00,13.1,71,0,7.1,49,10.6,13.8,13.0,0.00
2024-12-23 19:00,12.3,73,0,1.8,11,8.4,12.5,13.1,0.00
2024-12-23 20:00,11.6,75,0,2.2,270,6.8,11.3,13.0,0.00
2024-12-23 21:00,11.4,75,0,1.1,198,5.9,10.3,12.9,0.00
2024-12-23 22:00,9.4,84,0,3.8,197,5.9,9.5,12.7,0.00
2024-12-23 23:00,7.2,92,0,3.6,186,5.5,9.0,12.4,0.00
2024-12-24 00:00,5.9,92,1,4.0,185,4.6,8.5,12.2,0.00
2024-12-24 01:00,5.2,90,5,4.0,190,4.0,8.0,11.9,0.00
2024-12-24 02:00,4.4,88,4,4.0,185,3.4,7.5,11.7,0.00
2024-12-24 03:00,3.7,84,3,4.5,194,2.9,7.1,11.4,0.00
2024-12-24 04:00,3.1,84,3,4.4,189,2.4,6.6,11.1,0.00
2024-12-24 05:00,2.8,82,1,4.3,185,1.9,6.2,10.8,0.00
2024-12-24 06:00,2.1,86,3,4.8,193,1.4,5.6,10.5,0.00
2024-12-24 07:00,1.8,83,2,4.8,193,1.1,5.3,10.3,0.00
2024-12-24 08:00,2.2,81,0,4.5,194,2.6,5.1,10.0,0.00
2024-12-24 09:00,5.9,80,0,3.5,204,8.9,6.2,9.8,0.00
2024-12-24 10:00,10.9,65,0,3.8,229,14.9,8.3,9.7,0.00
2024-12-24 11:00,14.2,59,0,1.6,243,17.5,10.6,9.8,0.00
2024-12-24 12:00,16.0,55,0,4.0,5,19.2,12.6,10.1,0.00
2024-12-24 13:00,16.7,50,0,9.0,29,19.1,14.0,10.4,0.00
2024-12-24 14:00,16.8,58,0,11.1,36,18.3,14.8,10.8,0.00
2024-12-24 15:00,16.5,57,0,11.5,39,16.2,14.8,11.2,0.00
2024-12-24 16:00,15.7,65,0,10.2,42,14.1,14.4,11.5,0.00
2024-12-24 17:00,13.7,73,0,4.8,42,10.5,13.4,11.8,0.00
2024-12-24 18:00,12.4,74,0,2.3,18,8.0,12.0,11.9,0.00
2024-12-24 19:00,12.0,75,0,0.5,225,6.4,10.7,11.9,0.00
2024-12-24 20:00,10.8,79,0,3.5,204,5.6,9.6,11.8,0.00
2024-12-24 21:00,7.6,93,14,5.0,201,6.3,9.2,11.7,0.00
2024-12-24 22:00,6.9,93,4,4.6,198,5.5,8.7,11.5,0.00
2024-12-24 23:00,6.3,91,4,4.0,190,4.9,8.3,11.4,0.00
2024-12-25 00:00,5.5,91,5,4.5,194,4.4,7.8,11.2,0.00
2024-12-25 01:00,5.1,89,6,4.3,175,3.9,7.4,11.0,0.00
2024-12-25 02:00,4.5,88,5,3.7,169,3.3,7.0,10.8,0.00
2024-12-25 03:00,3.6,91,6,4.3,185,2.6,6.4,10.5,0.00
2024-12-25 04:00,3.2,91,5,4.4,189,2.3,6.1,10.3,0.00
2024-12-25 05:00,2.9,89,4,4.8,193,2.0,5.8,10.1,0.00
2024-12-25 06:00,2.6,86,2,4.8,193,1.6,5.3,9.8,0.00
2024-12-25 07:00,2.6,85,0,4.7,189,1.5,5.1,9.6,0.00
2024-12-25 08:00,2.9,84,0,4.8,193,3.0,5.0,9.4,0.00
2024-12-25 09:00,6.6,81,0,4.2,200,9.3,6.0,9.2,0.00
2024-12-25 10:00,11.5,67,0,4.7,212,15.4,8.1,9.2,0.00
2024-12-25 11:00,14.1,61,0,3.6,225,17.7,10.6,9.3,0.00
2024-12-25 12:00,16.2,66,0,2.2,360,18.9,12.2,9.6,0.00
2024-12-25 13:00,17.5,55,0,8.1,21,19.4,13.8,10.0,0.00
2024-12-25 14:00,17.2,62,0,12.3,32,17.9,14.5,10.4,0.00
2024-12-25 15:00,16.4,74,3,12.8,32,16.5,14.5,10.8,0.00
2024-12-25 16:00,15.9,76,0,10.7,33,14.6,14.3,11.2,0.00
2024-12-25 17:00,13.7,84,0,5.7,18,11.0,13.4,11.4,0.00
2024-12-25 18:00,12.1,83,0,2.6,344,8.6,12.2,11.6,0.00
2024-12-25 19:00,11.5,85,0,2.4,243,6.8,10.9,11.7,0.00
2024-12-25 20:00,10.1,90,0,3.5,204,6.6,9.8,11.6,0.00
2024-12-25 21:00,8.5,94,8,4.0,190,6.7,9.3,11.5,0.00
2024-12-25 22:00,7.4,95,22,4.0,185,6.1,8.9,11.4,0.00
2024-12-25 23:00,6.9,94,5,3.6,180,5.4,8.5,11.2,0.00
2024-12-26 00:00,6.5,93,5,4.1,195,5.1,8.1,11.1,0.00
2024-12-26 01:00,6.0,93,5,4.1,195,4.8,7.8,10.9,0.00
2024-12-26 02:00,5.7,93,5,4.0,190,4.5,7.5,10.7,0.00
2024-12-26 03:00,5.3,94,5,4.5,194,4.2,7.2,10.5,0.00
2024-12-26 04:00,4.9,94,6,4.4,189,4.0,7.0,10.3,0.00
2024-12-26 05:00,4.6,94,6,4.0,190,3.6,6.7,10.2,0.00
2024-12-26 06:00,3.8,96,6,4.7,203,3.1,6.3,10.0,0.00
2024-12-26 07:00,3.3,98,36,4.2,200,2.7,6.0,9.8,0.00
2024-12-26 08:00,3.6,94,26,3.8,197,4.1,5.8,9.6,0.00
2024-12-26 09:00,6.6,91,0,3.3,229,9.8,6.8,9.4,0.00
2024-12-26 10:00,12.2,71,0,2.3,288,15.9,8.8,9.4,0.00
2024-12-26 11:00,15.3,66,0,5.4,20,19.0,11.2,9.6,0.00
2024-12-26 12:00,16.8,59,0,14.3,41,18.3,13.0,9.9,0.00
2024-12-26 13:00,16.7,56,0,17.1,42,17.9,14.0,10.3,0.00
2024-12-26 14:00,16.6,58,0,18.4,50,17.3,14.4,10.7,0.00
2024-12-26 15:00,16.2,63,0,18.4,50,16.2,14.5,11.1,0.00
2024-12-26 16:00,15.4,68,0,17.0,54,14.2,14.2,11.4,0.00
2024-12-26 17:00,13.9,80,0,11.5,49,11.5,13.4,11.7,0.00
2024-12-26 18:00,12.3,87,0,6.1,45,9.8,12.4,11.8,0.00
2024-12-26 19:00,11.9,89,1,2.3,51,8.4,11.4,11.9,0.00
2024-12-26 20:00,11.5,89,0,2.1,211,6.5,10.4,11.8,0.00
2024-12-26 21:00,9.8,91,0,3.3,221,6.2,9.5,11.7,0.00
2024-12-26 22:00,7.5,98,51,4.0,190,6.0,9.0,11.6,0.00
2024-12-26 23:00,6.5,100,56,4.0,190,5.3,8.6,11.4,0.00
2024-12-27 00:00,6.0,98,52,4.6,198,5.1,8.2,11.2,0.00
2024-12-27 01:00,5.5,100,61,4.5,194,4.8,7.8,11.0,0.00
2024-12-27 02:00,5.0,100,62,4.4,189,4.2,7.5,10.8,0.00
2024-12-27 03:00,4.4,100,64,4.8,193,3.9,7.1,10.6,0.00
2024-12-27 04:00,4.1,99,61,4.4,189,3.5,6.8,10.4,0.00
2024-12-27 05:00,3.7,100,50,4.0,185,3.1,6.5,10.2,0.00
2024-12-27 06:00,3.1,100,47,4.4,189,2.5,6.0,10.0,0.00
2024-12-27 07:00,2.7,99,40,4.0,190,2.2,5.7,9.7,0.00
2024-12-27 08:00,2.9,96,7,4.1,195,3.3,5.4,9.5,0.00
2024-12-27 09:00,6.2,90,0,3.2,207,9.3,6.4,9.4,0.00
2024-12-27 10:00,10.0,82,0,3.4,238,14.1,8.4,9.3,0.00
2024-12-27 11:00,13.2,74,0,2.5,315,17.1,10.6,9.4,0.00
2024-12-27 12:00,14.8,67,0,8.1,21,18.5,12.4,9.7,0.00
2024-12-27 13:00,15.8,56,0,12.8,38,17.7,13.6,10.1,0.00
2024-12-27 14:00,15.9,50,0,16.1,51,16.6,14.0,10.5,0.00
2024-12-27 15:00,16.0,45,0,19.4,55,15.5,14.3,10.9,0.00
2024-12-27 16:00,15.2,49,0,18.7,62,13.5,13.8,11.2,0.00
2024-12-27 17:00,13.8,61,1,12.7,61,11.0,13.0,11.4,0.00
2024-12-27 18:00,12.0,74,0,8.7,60,9.3,11.9,11.5,0.00
2024-12-27 19:00,11.1,76,0,6.5,71,8.2,11.0,11.6,0.00
2024-12-27 20:00,10.3,75,0,4.0,90,6.9,10.2,11.5,0.00
2024-12-27 21:00,10.1,75,0,2.0,135,5.3,9.4,11.4,0.00
2024-12-27 22:00,8.8,77,0,2.9,187,4.4,8.5,11.3,0.00
2024-12-27 23:00,6.0,86,0,4.4,189,4.3,7.9,11.1,0.00
2024-12-28 00:00,5.0,88,0,4.9,197,3.8,7.5,10.9,0.00
2024-12-28 01:00,5.1,89,4,4.5,194,3.5,7.0,10.6,0.00
2024-12-28 02:00,4.5,90,6,4.4,189,3.2,6.7,10.4,0.00
2024-12-28 03:00,4.0,85,4,4.3,185,2.8,6.4,10.2,0.00
2024-12-28 04:00,3.5,81,0,4.0,185,2.3,6.0,9.9,0.00
2024-12-28 05:00,3.0,80,0,4.0,180,1.7,5.6,9.7,0.00
2024-12-28 06:00,2.7,79,0,4.0,185,1.3,5.2,9.5,0.00
2024-12-28 07:00,2.2,80,0,3.6,186,0.8,4.8,9.2,0.00
2024-12-28 08:00,2.2,81,0,3.7,191,2.3,4.6,9.0,0.00
2024-12-28 09:00,5.5,79,0,3.7,209,8.4,5.5,8.8,0.00
2024-12-28 10:00,10.6,65,0,4.7,238,14.5,7.7,8.7,0.00
2024-12-28 11:00,13.4,60,0,3.7,241,17.3,10.3,8.9,0.00
2024-12-28 12:00,15.0,59,0,2.5,315,18.2,12.0,9.2,0.00
2024-12-28 13:00,16.1,52,0,7.7,11,19.0,13.5,9.6,0.00
2024-12-28 14:00,16.0,46,0,11.4,24,17.0,14.2,10.1,0.00
2024-12-28 15:00,15.3,61,0,13.5,29,15.2,14.0,10.5,0.00
2024-12-28 16:00,14.6,66,0,12.3,40,13.2,13.5,10.8,0.00
2024-12-28 17:00,12.7,78,0,6.9,47,9.9,12.5,11.1,0.00
2024-12-28 18:00,11.1,79,0,3.3,49,7.6,11.2,11.2,0.00
2024-12-28 19:00,10.6,79,0,1.9,158,5.8,9.9,11.2,0.00
2024-12-28 20:00,8.5,87,1,3.9,202,5.7,8.9,11.1,0.00
2024-12-28 21:00,6.0,93,25,4.1,195,4.8,8.3,10.9,0.00
2024-12-28 22:00,5.5,93,5,4.4,189,4.2,7.7,10.7,0.00
2024-12-28 23:00,4.9,92,19,4.3,185,3.8,7.2,10.5,0.00
2024-12-29 00:00,4.6,90,22,4.8,193,3.5,6.8,10.3,0.00
2024-12-29 01:00,4.3,91,26,5.1,188,3.3,6.5,10.1,0.00
2024-12-29 02:00,4.3,89,17,4.8,193,3.0,6.2,9.9,0.00
2024-12-29 03:00,4.1,87,0,4.8,193,2.6,5.9,9.7,0.00
2024-12-29 04:00,3.9,88,0,4.4,189,2.5,5.7,9.4,0.00
2024-12-29 05:00,3.7,87,0,4.5,194,2.2,5.4,9.2,0.00
2024-12-29 06:00,3.6,84,0,4.8,193,2.0,5.2,9.0,0.00
2024-12-29 07:00,3.5,80,0,4.4,189,1.8,5.0,8.8,0.00
2024-12-29 08:00,3.6,79,0,4.0,190,3.0,4.8,8.6,0.00
2024-12-29 09:00,6.9,75,0,3.1,201,9.3,5.9,8.5,0.00
2024-12-29 10:00,11.2,62,2,3.6,233,15.0,8.2,8.5,0.00
2024-12-29 11:00,13.9,55,3,2.4,243,17.4,10.5,8.7,0.00
2024-12-29 12:00,15.5,51,21,3.7,349,18.8,12.2,9.1,0.00
2024-12-29 13:00,16.3,49,53,7.4,23,19.2,13.6,9.5,0.00
2024-12-29 14:00,16.2,50,51,10.8,26,17.6,14.3,10.0,0.00
2024-12-29 15:00,15.6,55,65,14.0,35,15.4,14.2,10.4,0.00
2024-12-29 16:00,15.0,68,39,12.5,44,13.7,13.7,10.7,0.00
2024-12-29 17:00,13.3,76,7,7.2,53,10.5,12.8,11.0,0.00
2024-12-29 18:00,11.2,78,12,3.7,61,7.9,11.4,11.1,0.00
2024-12-29 19:00,10.6,78,13,1.1,108,5.9,10.1,11.1,0.00
2024-12-29 20:00,9.5,81,43,2.4,207,4.6,8.9,11.0,0.00
2024-12-29 21:00,7.1,90,62,4.2,200,5.1,8.2,10.9,0.00
2024-12-29 22:00,5.8,92,73,4.7,189,4.5,7.8,10.7,0.00
2024-12-29 23:00,5.3,90,66,4.4,189,3.8,7.3,10.5,0.00
2024-12-30 00:00,4.5,88,42,4.9,197,3.4,6.9,10.3,0.00
2024-12-30 01:00,4.2,86,62,4.7,189,2.9,6.5,10.1,0.00
2024-12-30 02:00,3.8,83,13,4.0,190,2.4,6.1,9.9,0.00
2024-12-30 03:00,3.5,78,18,4.4,189,2.0,5.7,9.6,0.00
2024-12-30 04:00,3.1,77,60,4.1,195,1.7,5.3,9.4,0.00
2024-12-30 05:00,2.8,77,11,4.1,195,1.3,5.0,9.1,0.00
2024-12-30 06:00,2.5,78,0,4.2,200,1.1,4.6,8.9,0.00
2024-12-30 07:00,2.3,80,11,3.9,202,0.8,4.4,8.6,0.00
2024-12-30 08:00,2.5,81,28,3.7,209,2.2,4.2,8.4,0.00
2024-12-30 09:00,5.8,77,1,3.8,221,8.4,5.3,8.3,0.00
2024-12-30 10:00,10.8,60,4,4.7,238,14.7,7.6,8.2,0.00
2024-12-30 11:00,13.7,53,7,3.9,236,17.6,10.1,8.4,0.00
2024-12-30 12:00,15.6,48,6,3.6,323,19.2,12.2,8.8,0.00
2024-12-30 13:00,16.5,46,4,8.3,5,19.5,13.6,9.2,0.00
2024-12-30 14:00,16.1,49,9,11.4,13,17.8,14.3,9.7,0.00
2024-12-30 15:00,15.5,47,9,13.2,26,15.6,14.2,10.2,0.00
2024-12-30 16:00,14.5,56,72,11.2,40,13.2,13.6,10.5,0.00
2024-12-30 17:00,12.8,65,38,4.6,39,9.7,12.6,10.8,0.00
2024-12-30 18:00,11.4,71,41,1.6,63,7.0,11.1,10.9,0.00
2024-12-30 19:00,10.6,74,30,2.2,180,5.5,9.7,10.9,0.00
2024-12-30 20:00,8.1,81,1,4.0,185,5.2,8.7,10.8,0.00
2024-12-30 21:00,5.4,82,15,4.3,185,4.2,8.0,10.7,0.00
2024-12-30 22:00,4.5,82,6,4.0,190,3.4,7.3,10.5,0.00
2024-12-30 23:00,3.9,81,11,4.2,200,2.8,6.7,10.3,0.00
2024-12-31 00:00,4.0,79,26,4.5,209,2.7,6.4,10.0,0.00
2024-12-31 01:00,3.8,78,8,4.7,203,2.4,6.0,9.8,0.00
2024-12-31 02:00,3.6,77,15,4.7,203,2.2,5.7,9.6,0.00
2024-12-31 03:00,3.5,73,44,5.2,196,2.1,5.3,9.3,0.00
2024-12-31 04:00,3.6,72,46,5.0,201,2.2,5.2,9.1,0.00
2024-12-31 05:00,3.7,70,63,5.4,200,2.5,5.1,8.9,0.00
2024-12-31 06:00,4.2,64,68,6.0,197,3.0,5.1,8.7,0.00
2024-12-31 07:00,4.8,64,71,5.8,202,3.4,5.2,8.5,0.00
2024-12-31 08:00,5.5,66,82,6.5,214,5.0,5.4,8.4,0.00
2024-12-31 09:00,8.5,64,79,7.0,215,9.4,6.6,8.3,0.00
2024-12-31 10:00,11.2,57,87,9.9,226,13.1,8.3,8.4,0.00
2024-12-31 11:00,13.0,55,75,11.0,229,15.5,10.0,8.6,0.00
2024-12-31 12:00,14.8,57,39,8.7,240,19.2,11.9,8.9,0.00
2024-12-31 13:00,15.5,60,78,4.1,285,18.5,13.4,9.3,0.00
2024-12-31 14:00,15.0,63,86,5.2,12,16.8,14.0,9.7,0.00
2024-12-31 15:00,15.4,58,27,6.1,3,17.1,14.1,10.2,0.00
2024-12-31 16:00,14.6,64,68,8.8,35,13.7,14.0,10.5,0.00
2024-12-31 17:00,13.2,70,71,5.6,50,11.0,13.0,10.8,0.00
2024-12-31 18:00,11.5,73,40,5.5,58,8.9,11.9,11.0,0.00
2024-12-31 19:00,9.9,83,10,3.7,101,7.3,10.7,11.0,0.00
2024-12-31 20:00,8.5,89,5,3.6,143,6.2,9.6,11.0,0.00
2024-12-31 21:00,7.5,91,50,4.3,175,6.3,9.0,10.9,0.00
2024-12-31 22:00,6.9,94,76,3.3,186,5.8,8.5,10.8,0.00
2024-12-31 23:00,6.1,97,53,1.9,202,5.1,8.1,10.6,0.00
2025-01-01 00:00,4.7,99,57,3.9,202,4.0,7.3,10.4,0.00
2025-01-01 01:00,4.4,97,54,4.6,198,3.6,6.9,10.2,0.00
2025-01-01 02:00,4.2,96,44,3.9,202,3.2,6.5,10.0,0.00
2025-01-01 03:00,3.6,94,25,4.9,197,2.5,6.1,9.8,0.00
2025-01-01 04:00,3.3,95,31,5.2,192,2.4,5.7,9.5,0.00
2025-01-01 05:00,3.1,94,28,5.2,192,2.2,5.5,9.3,0.00
2025-01-01 06:00,3.0,94,24,5.9,191,2.0,5.2,9.1,0.00
2025-01-01 07:00,2.9,96,58,5.7,198,2.1,5.0,8.9,0.00
2025-01-01 08:00,3.7,94,73,5.2,196,4.1,5.0,8.7,0.00
2025-01-01 09:00,6.6,85,78,4.8,207,8.8,5.9,8.5,0.00
2025-01-01 10:00,10.0,74,57,6.4,232,13.5,7.8,8.5,0.00
2025-01-01 11:00,12.3,69,63,6.6,257,16.6,9.9,8.7,0.00
2025-01-01 12:00,13.9,69,65,5.9,11,17.7,11.7,9.0,0.00
2025-01-01 13:00,14.7,64,54,9.8,17,18.1,13.0,9.3,0.00
2025-01-01 14:00,14.7,63,59,11.4,24,16.7,13.7,9.8,0.00
2025-01-01 15:00,14.3,67,100,12.7,29,14.9,13.9,10.2,0.00
2025-01-01 16:00,13.5,73,100,10.9,27,13.0,13.4,10.5,0.00
2025-01-01 17:00,12.2,83,76,6.6,22,10.7,12.5,10.7,0.00
2025-01-01 18:00,10.9,89,89,3.1,21,9.6,11.4,10.9,0.00
2025-01-01 19:00,10.7,91,95,0.8,297,9.4,10.8,10.9,0.00
2025-01-01 20:00,10.1,95,91,2.9,263,9.2,10.4,10.9,0.00
2025-01-01 21:00,9.8,92,91,2.6,214,8.9,10.2,10.9,0.00
2025-01-01 22:00,9.5,94,89,3.9,214,9.1,10.1,10.9,0.00
2025-01-01 23:00,9.2,94,90,3.7,209,8.6,9.9,10.9,0.00
2025-01-02 00:00,9.2,93,85,4.1,218,8.7,9.8,10.8,0.00
2025-01-02 01:00,9.1,94,80,4.9,216,8.4,9.7,10.8,0.00
2025-01-02 02:00,8.5,95,83,4.5,209,7.5,9.4,10.7,0.00
2025-01-02 03:00,8.1,94,83,4.5,194,7.2,9.0,10.7,0.00
2025-01-02 04:00,7.6,94,61,4.3,185,6.4,8.7,10.6,0.00
2025-01-02 05:00,7.3,94,46,4.1,195,6.1,8.3,10.4,0.00
2025-01-02 06:00,6.9,94,39,4.0,185,5.4,8.0,10.3,0.00
2025-01-02 07:00,6.3,95,46,4.3,180,5.1,7.6,10.2,0.00
2025-01-02 08:00,6.2,96,55,4.0,185,6.1,7.4,10.0,0.00
2025-01-02 09:00,9.0,90,38,3.9,202,11.4,8.3,9.9,0.00
2025-01-02 10:00,12.2,79,26,6.1,230,16.0,10.0,9.9,0.00
2025-01-02 11:00,14.3,72,0,6.4,243,18.5,12.0,10.1,0.00
2025-01-02 12:00,15.6,64,35,3.0,256,19.4,13.8,10.4,0.00
2025-01-02 13:00,16.4,58,24,1.1,18,19.7,14.8,10.8,0.00
2025-01-02 14:00,16.9,56,4,4.3,24,20.0,15.6,11.2,0.00
2025-01-02 15:00,16.6,60,12,10.6,24,17.5,16.0,11.6,0.00
2025-01-02 16:00,15.2,69,6,10.5,27,14.8,15.4,11.9,0.00
2025-01-02 17:00,13.7,76,0,6.4,43,11.5,14.3,12.1,0.00
2025-01-02 18:00,11.8,83,0,3.6,84,9.1,12.7,12.3,0.00
2025-01-02 19:00,10.4,90,0,3.6,143,8.1,11.5,12.2,0.00
2025-01-02 20:00,9.2,93,0,2.6,164,7.0,10.5,12.1,0.00
2025-01-02 21:00,7.8,95,17,2.9,180,6.2,9.7,12.0,0.00
2025-01-02 22:00,6.5,98,50,2.9,180,5.6,9.1,11.8,0.00
2025-01-02 23:00,5.7,99,54,2.9,187,5.0,8.5,11.6,0.00
2025-01-03 00:00,5.2,99,52,3.5,204,4.6,8.0,11.3,0.00
2025-01-03 01:00,4.9,97,46,3.9,202,4.1,7.5,11.1,0.00
2025-01-03 02:00,4.8,95,34,3.4,198,3.7,7.1,10.8,0.00
2025-01-03 03:00,4.4,94,25,4.2,200,3.2,6.6,10.5,0.00
2025-01-03 04:00,4.1,94,13,3.7,209,2.9,6.3,10.3,0.00
2025-01-03 05:00,3.9,93,5,4.0,207,2.5,6.0,10.0,0.00
2025-01-03 06:00,3.9,92,3,4.9,216,2.5,5.7,9.8,0.00
2025-01-03 07:00,3.9,91,1,4.9,216,2.4,5.5,9.5,0.00
2025-01-03 08:00,4.3,89,0,4.8,222,3.8,5.3,9.3,0.00
2025-01-03 09:00,8.1,78,0,4.8,228,10.1,6.5,9.1,0.00
2025-01-03 10:00,12.8,60,0,7.7,242,15.8,8.6,9.1,0.00
2025-01-03 11:00,15.3,49,0,11.9,245,18.1,10.9,9.2,0.00
2025-01-03 12:00,16.9,46,0,14.6,250,19.6,12.8,9.5,0.00
2025-01-03 13:00,18.1,40,0,13.6,253,20.5,14.2,9.9,0.00
2025-01-03 14:00,18.8,36,2,12.6,257,20.1,15.3,10.4,0.00
2025-01-03 15:00,19.3,34,0,10.1,276,19.1,15.9,10.8,0.00
2025-01-03 16:00,18.0,47,0,6.7,324,16.2,15.7,11.2,0.00
2025-01-03 17:00,15.0,65,0,4.5,29,11.5,14.7,11.5,0.00
2025-01-03 18:00,12.8,72,0,3.3,139,8.3,12.8,11.7,0.00
2025-01-03 19:00,9.8,71,0,4.7,184,7.3,11.4,11.7,0.00
2025-01-03 20:00,8.9,64,0,5.5,203,6.4,10.2,11.7,0.00
2025-01-03 21:00,9.0,64,0,6.6,202,6.5,9.5,11.6,0.00
2025-01-03 22:00,8.4,67,0,6.2,201,6.0,9.0,11.4,0.00
2025-01-03 23:00,7.4,71,9,5.6,207,5.3,8.5,11.3,0.00
2025-01-04 00:00,6.9,73,15,6.2,201,4.9,8.0,11.1,0.00
2025-01-04 01:00,6.3,76,57,5.3,208,4.3,7.6,10.9,0.00
2025-01-04 02:00,5.8,78,69,5.1,219,4.1,7.3,10.7,0.00
2025-01-04 03:00,5.5,77,27,5.6,220,3.5,6.8,10.5,0.00
2025-01-04 04:00,5.3,75,21,5.4,222,3.2,6.5,10.2,0.00
2025-01-04 05:00,5.3,70,20,6.1,220,3.1,6.2,10.0,0.00
2025-01-04 06:00,5.5,69,0,6.6,221,3.3,6.1,9.8,0.00
2025-01-04 07:00,5.4,68,2,6.4,223,3.0,5.9,9.6,0.00
2025-01-04 08:00,5.8,67,0,6.9,223,4.6,5.8,9.4,0.00
2025-01-04 09:00,9.3,64,0,6.9,231,10.5,6.7,9.2,0.00
2025-01-04 10:00,14.6,46,3,10.3,245,16.7,8.8,9.2,0.00
2025-01-04 11:00,17.0,36,6,13.9,249,18.9,11.2,9.4,0.00
2025-01-04 12:00,18.2,33,65,13.1,254,20.1,13.0,9.7,0.00
2025-01-04 13:00,19.3,30,100,11.3,263,20.5,14.4,10.1,0.00
2025-01-04 14:00,19.7,32,76,8.0,306,21.0,15.3,10.5,0.00
2025-01-04 15:00,18.4,41,84,12.3,357,18.1,16.0,11.0,0.00
2025-01-04 16:00,16.9,55,72,10.9,9,15.4,15.5,11.4,0.00
2025-01-04 17:00,14.9,69,69,5.4,48,11.6,14.5,11.7,0.00
2025-01-04 18:00,12.5,76,62,4.5,119,9.1,12.9,11.8,0.00
2025-01-04 19:00,10.1,87,26,5.5,148,7.9,11.6,11.9,0.00
2025-01-04 20:00,8.6,90,24,4.5,166,6.7,10.5,11.8,0.00
2025-01-04 21:00,7.0,91,35,4.8,193,5.5,9.6,11.7,0.00
2025-01-04 22:00,5.6,87,100,4.7,189,4.5,8.8,11.5,0.00
2025-01-04 23:00,5.0,79,90,4.5,194,3.9,8.0,11.3,0.00
2025-01-05 00:00,4.6,74,78,5.2,192,3.3,7.4,11.1,0.00
2025-01-05 01:00,4.7,71,66,5.2,192,3.3,7.0,10.8,0.00
2025-01-05 02:00,4.8,70,100,4.9,197,3.5,6.6,10.6,0.00
2025-01-05 03:00,5.3,65,98,5.5,203,3.6,6.6,10.3,0.00
2025-01-05 04:00,5.5,65,100,5.4,200,4.0,6.5,10.1,0.00
2025-01-05 05:00,5.7,67,100,4.8,207,3.9,6.4,9.9,0.00
2025-01-05 06:00,5.5,67,100,5.0,201,3.8,6.2,9.7,0.00
2025-01-05 07:00,5.6,63,100,4.8,207,4.0,6.2,9.5,0.00
2025-01-05 08:00,5.9,61,100,5.3,208,4.9,6.2,9.3,0.00
2025-01-05 09:00,8.3,64,100,4.9,216,8.8,6.9,9.2,0.00
2025-01-05 10:00,12.1,60,100,4.3,228,14.2,8.5,9.2,0.00
2025-01-05 11:00,14.8,44,100,5.9,232,17.7,10.5,9.3,0.00
2025-01-05 12:00,16.5,41,100,5.2,236,19.8,12.3,9.6,0.00
2025-01-05 13:00,17.6,37,100,7.0,235,18.2,13.7,9.9,0.00
2025-01-05 14:00,18.5,37,100,5.4,217,20.5,14.5,10.3,0.00
2025-01-05 15:00,19.1,35,88,4.0,260,17.6,15.2,10.7,0.00
2025-01-05 16:00,18.2,45,99,3.4,58,15.5,15.0,11.1,0.00
2025-01-05 17:00,15.2,58,99,4.7,99,11.2,14.0,11.4,0.00
2025-01-05 18:00,13.1,60,91,3.6,127,9.5,12.8,11.6,0.00
2025-01-05 19:00,10.6,69,3,3.2,153,7.0,11.4,11.6,0.00
2025-01-05 20:00,8.4,70,70,3.7,191,5.6,10.1,11.6,0.00
2025-01-05 21:00,8.3,56,93,5.2,196,6.1,9.3,11.5,0.00
2025-01-05 22:00,8.6,50,74,5.3,208,5.9,8.8,11.3,0.00
2025-01-05 23:00,8.1,53,51,5.2,214,5.6,8.5,11.2,0.00
2025-01-06 00:00,8.2,52,0,5.7,215,5.5,8.3,11.0,0.00
2025-01-06 01:00,7.8,55,81,5.4,222,5.6,8.0,10.8,0.00
2025-01-06 02:00,8.7,55,72,6.0,205,6.6,7.9,10.6,0.00
2025-01-06 03:00,9.9,55,72,6.6,221,7.6,8.2,10.4,0.00
2025-01-06 04:00,10.7,53,36,5.9,227,7.8,8.5,10.3,0.00
2025-01-06 05:00,10.9,52,100,6.6,229,7.7,8.6,10.3,0.00
2025-01-06 06:00,11.6,46,85,9.2,244,8.5,9.0,10.2,0.00
2025-01-06 07:00,12.8,38,100,11.6,248,10.6,9.3,10.2,0.00
2025-01-06 08:00,12.6,47,100,8.9,223,10.7,9.8,10.2,0.00
2025-01-06 09:00,13.0,59,100,16.3,227,11.8,10.0,10.2,0.00
2025-01-06 10:00,14.2,60,100,19.4,228,13.5,10.8,10.3,0.20
2025-01-06 11:00,16.3,55,97,22.8,239,16.6,11.8,10.5,0.00
2025-01-06 12:00,16.7,59,100,25.1,231,16.0,12.5,10.6,0.00
2025-01-06 13:00,17.2,57,100,23.1,233,16.6,13.3,10.9,0.00
2025-01-06 14:00,17.5,58,100,21.1,240,16.8,13.9,11.2,0.00
2025-01-06 15:00,16.9,64,100,22.6,241,15.8,14.3,11.5,0.00
2025-01-06 16:00,15.9,66,19,15.3,246,14.5,14.1,11.8,0.00
2025-01-06 17:00,14.5,75,40,9.5,241,12.2,13.5,12.0,0.00
2025-01-06 18:00,12.9,80,0,7.1,221,10.3,12.5,12.1,0.00
2025-01-06 19:00,12.3,82,1,8.7,232,9.8,11.7,12.1,0.00
2025-01-06 20:00,12.1,78,1,10.5,239,9.9,11.3,12.0,0.00
2025-01-06 21:00,11.7,79,0,10.3,216,9.6,10.9,12.0,0.00
2025-01-06 22:00,11.5,79,14,8.9,220,9.2,10.7,11.9,0.00
2025-01-06 23:00,11.3,79,12,8.4,223,9.3,10.5,11.8,0.00
2025-01-07 00:00,11.4,79,22,10.7,222,9.6,10.5,11.7,0.00
2025-01-07 01:00,11.1,81,17,10.2,219,9.1,10.4,11.6,0.00
2025-01-07 02:00,10.8,82,23,8.9,227,8.6,10.2,11.5,0.00
2025-01-07 03:00,10.1,83,22,8.0,207,7.9,9.9,11.4,0.00
2025-01-07 04:00,9.8,85,18,8.4,205,7.7,9.7,11.3,0.00
2025-01-07 05:00,9.4,87,27,8.2,209,7.4,9.3,11.2,0.00
2025-01-07 06:00,9.6,86,41,8.1,201,7.7,9.4,11.1,0.00
2025-01-07 07:00,9.5,87,42,7.8,202,7.5,9.2,11.0,0.00
2025-01-07 08:00,9.7,87,43,7.1,204,8.8,9.1,10.9,0.00
2025-01-07 09:00,12.2,81,57,6.1,208,13.3,10.1,10.9,0.00
2025-01-07 10:00,14.1,72,61,7.5,235,16.4,11.6,10.9,0.00
2025-01-07 11:00,15.5,67,62,9.0,241,18.3,13.1,11.1,0.00
2025-01-07 12:00,16.7,59,50,10.6,252,19.7,14.6,11.4,0.00
2025-01-07 13:00,17.4,50,59,12.5,258,19.6,15.3,11.7,0.00
2025-01-07 14:00,17.8,47,24,12.2,251,19.6,15.9,12.0,0.00
2025-01-07 15:00,18.0,45,27,9.9,260,18.3,16.1,12.4,0.00
2025-01-07 16:00,17.4,50,1,7.0,291,15.8,15.7,12.7,0.00
2025-01-07 17:00,14.9,71,0,6.5,6,11.9,14.8,12.9,0.00
2025-01-07 18:00,12.2,83,0,4.9,54,9.3,13.2,12.9,0.00
2025-01-07 19:00,10.8,89,33,4.7,113,8.4,12.0,12.9,0.00
2025-01-07 20:00,9.7,91,53,3.1,144,7.4,11.1,12.8,0.00
2025-01-07 21:00,8.9,88,20,2.2,171,6.1,10.3,12.6,0.00
2025-01-07 22:00,8.1,89,4,2.9,187,5.5,9.5,12.4,0.00
2025-01-07 23:00,7.3,88,4,3.6,186,5.2,8.9,12.1,0.00
2025-01-08 00:00,5.8,92,5,4.0,190,4.4,8.3,11.9,0.00
2025-01-08 01:00,5.3,93,12,3.6,186,3.9,7.9,11.6,0.00
2025-01-08 02:00,4.7,95,14,4.0,180,3.5,7.5,11.3,0.00
2025-01-08 03:00,4.2,93,16,4.0,190,2.9,7.0,11.0,0.00
2025-01-08 04:00,4.1,88,52,3.7,191,2.5,6.6,10.7,0.00
2025-01-08 05:00,4.0,87,13,4.0,185,2.3,6.3,10.5,0.00
2025-01-08 06:00,3.5,89,12,4.4,189,1.9,5.8,10.2,0.00
2025-01-08 07:00,3.3,88,19,4.3,185,1.7,5.5,9.9,0.00
2025-01-08 08:00,3.6,87,52,4.4,189,3.3,5.4,9.6,0.00
2025-01-08 09:00,7.3,81,91,3.5,204,10.0,6.4,9.5,0.00
2025-01-08 10:00,12.8,71,67,2.9,240,16.5,8.6,9.4,0.00
2025-01-08 11:00,16.4,52,5,8.0,243,19.5,11.1,9.5,0.00
2025-01-08 12:00,18.7,42,86,11.6,265,20.0,13.1,9.8,0.00
2025-01-08 13:00,19.5,41,100,11.1,283,20.4,14.3,10.2,0.00
2025-01-08 14:00,19.7,46,34,7.0,305,21.1,15.2,10.6,0.00
2025-01-08 15:00,19.0,55,0,5.5,349,19.2,15.6,11.0,0.00
2025-01-08 16:00,17.2,66,0,8.0,36,15.6,15.3,11.4,0.00
2025-01-08 17:00,14.5,75,0,6.9,28,11.4,14.3,11.7,0.00
2025-01-08 18:00,12.0,84,0,4.1,15,8.5,12.7,11.9,0.00
2025-01-08 19:00,10.8,86,0,3.7,101,7.1,11.4,11.9,0.00
2025-01-08 20:00,8.5,92,2,4.9,144,6.8,10.4,11.8,0.00
2025-01-08 21:00,7.7,91,2,2.9,150,5.6,9.7,11.7,0.00
2025-01-08 22:00,7.0,88,4,2.9,150,4.1,8.8,11.6,0.00
2025-01-08 23:00,6.6,83,1,3.3,167,3.7,8.1,11.3,0.00
2025-01-09 00:00,6.6,85,2,3.0,194,3.3,7.6,11.1,0.00
2025-01-09 01:00,7.0,80,0,2.6,164,2.7,7.0,10.8,0.00
2025-01-09 02:00,7.0,75,2,3.2,153,2.3,6.6,10.6,0.00
2025-01-09 03:00,6.4,76,21,3.9,158,2.5,6.2,10.3,0.00
2025-01-09 04:00,5.3,82,0,3.2,180,2.3,6.0,10.1,0.00
2025-01-09 05:00,5.1,83,0,3.6,186,2.4,5.8,9.8,0.00
2025-01-09 06:00,5.0,85,0,4.4,215,3.1,5.9,9.6,0.00
2025-01-09 07:00,5.8,83,7,4.1,218,3.5,5.9,9.4,0.00
2025-01-09 08:00,7.1,81,68,4.6,225,6.3,6.1,9.2,0.00
2025-01-09 09:00,10.9,72,95,4.9,234,11.3,7.6,9.2,0.00
2025-01-09 10:00,14.8,67,84,6.2,249,15.8,9.3,9.2,0.00
2025-01-09 11:00,18.0,52,75,10.3,241,18.9,11.3,9.4,0.00
2025-01-09 12:00,20.4,43,36,12.0,249,21.6,13.4,9.7,0.00
2025-01-09 13:00,21.5,38,44,11.4,259,22.7,14.8,10.1,0.00
2025-01-09 14:00,22.5,33,54,9.4,272,22.4,15.9,10.5,0.00
2025-01-09 15:00,23.3,29,52,7.0,291,21.8,17.0,11.0,0.00
2025-01-09 16:00,21.8,42,35,7.1,345,19.3,16.8,11.4,0.00
2025-01-09 17:00,18.6,52,15,6.3,13,14.6,16.1,11.8,0.00
2025-01-09 18:00,16.3,58,0,3.7,119,10.8,14.7,12.1,0.00
2025-01-09 19:00,12.8,69,5,5.9,166,10.5,13.4,12.2,0.00
2025-01-09 20:00,11.5,68,5,4.7,180,9.4,12.4,12.3,0.00
2025-01-09 21:00,11.6,54,0,5.9,191,9.1,11.7,12.2,0.00
2025-01-09 22:00,11.8,71,6,5.5,191,9.3,11.2,12.2,0.00
2025-01-09 23:00,11.5,83,12,4.9,197,9.0,10.9,12.1,0.00
2025-01-10 00:00,11.0,88,7,5.5,191,8.6,10.6,12.1,0.00
2025-01-10 01:00,10.6,91,5,5.4,200,8.6,10.5,12.0,0.00
2025-01-10 02:00,9.8,93,12,4.8,207,7.9,10.3,11.9,0.00
2025-01-10 03:00,9.3,94,24,5.5,203,7.6,10.0,11.8,0.00
2025-01-10 04:00,9.1,92,1,5.2,205,7.2,9.8,11.7,0.00
2025-01-10 05:00,8.5,90,0,4.7,212,6.5,9.5,11.6,0.00
2025-01-10 06:00,8.2,88,9,5.5,212,6.2,9.2,11.5,0.00
2025-01-10 07:00,7.9,88,51,5.1,219,5.8,8.9,11.4,0.00
2025-01-10 08:00,8.0,85,31,5.1,225,7.5,8.7,11.2,0.00
2025-01-10 09:00,12.4,69,1,6.1,230,14.5,9.6,11.1,0.00
2025-01-10 10:00,17.0,51,0,9.7,243,19.7,11.3,11.1,0.00
2025-01-10 11:00,19.1,45,0,11.1,241,22.1,13.2,11.3,0.00
2025-01-10 12:00,20.5,42,0,11.5,250,23.6,14.9,11.5,0.00
2025-01-10 13:00,21.9,39,0,9.7,255,24.8,16.4,11.8,0.00
2025-01-10 14:00,22.6,37,0,8.2,293,24.8,17.5,12.2,0.00
2025-01-10 15:00,21.4,43,0,12.2,346,21.3,18.1,12.5,0.00
2025-01-10 16:00,19.0,66,0,11.2,6,17.8,17.6,12.9,0.00
2025-01-10 17:00,16.8,75,0,5.4,48,13.6,16.6,13.1,0.00
2025-01-10 18:00,14.0,87,0,4.7,122,10.8,15.1,13.3,0.00
2025-01-10 19:00,12.1,92,7,4.8,167,10.1,13.8,13.4,0.00
2025-01-10 20:00,10.6,94,33,4.0,190,8.9,12.8,13.3,0.00
2025-01-10 21:00,9.7,94,9,5.2,192,8.2,12.1,13.3,0.00
2025-01-10 22:00,9.2,93,3,4.8,193,7.6,11.4,13.1,0.00
2025-01-10 23:00,8.7,92,0,4.6,198,7.0,10.8,13.0,0.00
2025-01-11 00:00,8.7,90,0,5.6,195,6.9,10.4,12.8,0.00
2025-01-11 01:00,8.5,89,0,4.8,207,6.5,10.0,12.6,0.00
2025-01-11 02:00,8.4,88,0,5.0,210,6.4,9.8,12.5,0.00
2025-01-11 03:00,9.0,83,0,6.4,207,6.9,9.6,12.3,0.00
2025-01-11 04:00,9.6,81,0,6.7,216,7.4,9.6,12.1,0.00
2025-01-11 05:00,9.8,81,0,7.1,221,7.7,9.6,11.9,0.00
2025-01-11 06:00,10.6,81,0,8.2,209,8.4,9.7,11.8,0.00
2025-01-11 07:00,10.6,83,0,7.8,214,8.3,9.8,11.7,0.00
2025-01-11 08:00,11.0,83,0,7.9,219,10.0,9.9,11.6,0.00
2025-01-11 09:00,14.5,75,73,8.1,225,16.1,10.8,11.6,0.00
2025-01-11 10:00,17.5,63,100,10.8,233,19.9,12.5,11.6,0.00
2025-01-11 11:00,18.6,60,100,12.2,242,19.5,14.0,11.8,0.00
2025-01-11 12:00,20.0,54,100,13.4,250,22.1,15.3,12.0,0.00
2025-01-11 13:00,20.9,52,73,16.4,261,22.9,16.4,12.3,0.00
2025-01-11 14:00,21.0,53,38,19.9,283,22.3,17.2,12.7,0.00
2025-01-11 15:00,20.2,59,10,18.9,279,20.2,17.4,13.0,0.00
2025-01-11 16:00,19.9,57,3,13.7,275,18.7,17.2,13.3,0.00
2025-01-11 17:00,18.0,64,0,6.0,253,14.6,16.5,13.6,0.00
2025-01-11 18:00,15.8,73,0,5.0,210,11.9,15.4,13.7,0.00
2025-01-11 19:00,13.8,83,15,6.8,180,11.3,14.1,13.8,0.00
2025-01-11 20:00,13.6,84,3,6.8,198,11.1,13.4,13.7,0.00
2025-01-11 21:00,13.5,83,0,5.7,198,10.7,12.9,13.7,0.00
2025-01-11 22:00,12.4,88,0,4.5,194,9.8,12.5,13.6,0.00
2025-01-11 23:00,10.9,93,8,4.6,198,9.2,12.0,13.4,0.00
2025-01-12 00:00,10.4,95,36,5.2,196,9.2,11.8,13.3,0.00
2025-01-12 01:00,10.0,96,48,5.6,207,8.9,11.4,13.1,0.00
2025-01-12 02:00,10.3,94,57,5.2,214,8.9,11.1,13.0,0.00
2025-01-12 03:00,10.8,92,44,5.6,195,9.3,11.1,12.9,0.00
2025-01-12 04:00,11.0,91,49,5.8,202,9.6,11.0,12.7,0.00
2025-01-12 05:00,11.0,90,39,6.1,208,9.5,11.0,12.6,0.00
2025-01-12 06:00,10.7,90,34,6.4,207,8.8,10.8,12.5,0.00
2025-01-12 07:00,10.5,91,55,5.2,205,8.9,10.7,12.4,0.00
2025-01-12 08:00,11.2,89,68,5.2,196,10.9,10.7,12.3,0.00
2025-01-12 09:00,14.0,84,71,6.1,208,15.5,11.5,12.2,0.00
2025-01-12 10:00,16.4,73,78,7.1,225,19.0,12.9,12.2,0.00
2025-01-12 11:00,17.7,70,92,6.5,267,20.6,14.4,12.4,0.00
2025-01-12 12:00,18.9,64,78,8.7,287,21.8,15.5,12.6,0.00
2025-01-12 13:00,19.8,60,80,10.8,272,23.1,16.7,12.9,0.00
2025-01-12 14:00,20.1,56,83,9.1,288,22.1,17.4,13.2,0.00
2025-01-12 15:00,20.0,58,88,12.2,341,20.1,17.7,13.5,0.00
2025-01-12 16:00,17.9,77,15,12.7,8,17.6,17.2,13.8,0.00
2025-01-12 17:00,16.4,85,33,6.2,21,13.8,16.4,14.0,0.00
2025-01-12 18:00,14.2,92,36,5.2,78,11.8,15.0,14.1,0.00
2025-01-12 19:00,13.2,95,78,5.6,63,12.0,14.1,14.1,0.00
2025-01-12 20:00,12.7,96,83,3.6,45,11.6,13.6,14.0,0.00
2025-01-12 21:00,12.6,94,82,1.0,315,11.3,13.2,14.0,0.00
2025-01-12 22:00,12.5,94,82,1.1,198,10.0,12.8,13.9,0.00
2025-01-12 23:00,11.0,98,77,3.6,233,9.6,12.2,13.8,0.00
2025-01-13 00:00,10.2,97,79,3.4,198,8.8,11.9,13.6,0.00
2025-01-13 01:00,8.8,96,58,3.4,198,7.5,11.3,13.5,0.00
2025-01-13 02:00,7.4,94,39,2.4,207,5.7,10.5,13.3,0.00
2025-01-13 03:00,6.2,86,31,1.5,194,4.4,9.6,13.0,0.00
2025-01-13 04:00,5.7,88,0,3.2,207,3.5,8.8,12.7,0.00
2025-01-13 05:00,5.4,84,0,3.3,186,3.1,8.2,12.4,0.00
2025-01-13 06:00,4.2,79,3,4.2,200,2.8,7.7,12.1,0.00
2025-01-13 07:00,3.5,82,0,3.9,202,2.2,7.2,11.8,0.00
2025-01-13 08:00,3.0,89,0,3.4,198,3.5,6.8,11.4,0.00
2025-01-13 09:00,6.2,85,0,2.5,225,10.1,7.7,11.2,0.00
2025-01-13 10:00,11.9,65,26,3.0,346,16.5,9.6,11.1,0.00
2025-01-13 11:00,14.9,54,27,10.5,49,18.6,12.0,11.1,0.00
2025-01-13 12:00,15.7,44,73,13.6,53,18.9,13.6,11.3,0.00
2025-01-13 13:00,15.8,45,0,15.5,48,19.3,14.3,11.6,0.00
2025-01-13 14:00,15.8,45,0,16.3,49,18.4,15.0,11.8,0.00
2025-01-13 15:00,15.3,47,0,17.3,45,16.4,15.2,12.1,0.00
2025-01-13 16:00,14.2,55,0,17.1,48,13.6,14.6,12.4,0.00
2025-01-13 17:00,12.6,63,1,14.1,58,10.6,13.7,12.5,0.00
2025-01-13 18:00,10.6,73,3,9.0,74,8.2,12.5,12.6,0.00
2025-01-13 19:00,9.1,81,0,5.4,110,6.6,11.3,12.6,0.00
2025-01-13 20:00,7.8,86,0,4.7,148,5.4,10.3,12.5,0.00
2025-01-13 21:00,6.3,87,2,4.0,170,4.2,9.3,12.3,0.00
2025-01-13 22:00,5.3,88,0,3.2,180,3.3,8.6,12.1,0.00
2025-01-13 23:00,3.9,90,3,2.5,180,2.3,7.8,11.8,0.00
2025-01-14 00:00,2.8,93,3,4.0,190,2.0,7.4,11.6,0.00
2025-01-14 01:00,2.0,92,4,4.1,195,1.2,6.7,11.3,0.00
2025-01-14 02:00,1.5,91,5,4.0,190,0.9,6.2,11.0,0.00
2025-01-14 03:00,1.2,89,5,3.9,202,0.5,5.7,10.6,0.00
2025-01-14 04:00,0.9,89,4,3.4,198,0.1,5.3,10.3,0.00
2025-01-14 05:00,0.3,90,4,3.3,193,-0.4,4.9,10.0,0.00
2025-01-14 06:00,-0.1,90,1,4.2,200,-0.7,4.7,9.7,0.00
2025-01-14 07:00,-0.6,94,17,3.9,202,-1.1,4.3,9.4,0.00
2025-01-14 08:00,-0.3,92,10,3.4,198,0.7,4.1,9.2,0.00
2025-01-14 09:00,3.5,79,0,3.1,225,7.8,5.0,9.0,0.00
2025-01-14 10:00,9.3,59,0,2.6,304,14.6,7.2,8.9,0.00
2025-01-14 11:00,12.5,50,0,8.5,28,18.2,9.7,9.0,0.00
2025-01-14 12:00,13.9,48,72,15.1,50,17.2,11.7,9.2,0.00
2025-01-14 13:00,13.4,58,11,17.6,43,16.4,12.6,9.6,0.00
2025-01-14 14:00,13.6,56,5,19.3,37,16.4,13.1,9.9,0.00
2025-01-14 15:00,13.0,60,23,22.9,44,14.2,13.2,10.2,0.00
2025-01-14 16:00,11.4,70,62,23.3,58,11.3,12.6,10.5,0.00
2025-01-14 17:00,10.2,76,71,19.7,62,9.0,11.7,10.7,0.00
2025-01-14 18:00,9.3,80,58,10.9,63,7.7,10.8,10.8,0.00
2025-01-14 19:00,8.2,87,44,6.1,62,6.0,10.0,10.9,0.00
2025-01-14 20:00,7.4,89,16,2.6,56,4.6,9.0,10.8,0.00
2025-01-14 21:00,7.2,87,0,0.8,243,2.4,8.1,10.7,0.00
2025-01-14 22:00,6.3,91,0,3.3,221,1.7,7.1,10.5,0.00
2025-01-14 23:00,3.7,97,38,4.6,198,2.7,6.6,10.3,0.00
2025-01-15 00:00,2.7,98,53,4.9,197,2.0,6.4,10.1,0.00
2025-01-15 01:00,2.1,99,81,4.5,194,1.7,5.9,9.9,0.00
2025-01-15 02:00,2.2,98,80,3.9,202,2.0,5.7,9.7,0.00
2025-01-15 03:00,2.6,99,90,4.8,193,2.6,5.7,9.5,0.00
2025-01-15 04:00,2.9,98,84,5.2,205,2.9,5.6,9.3,0.10
2025-01-15 05:00,3.2,97,88,5.5,203,3.0,5.6,9.1,0.00
2025-01-15 06:00,3.6,96,88,5.7,198,3.0,5.7,9.0,0.00
2025-01-15 07:00,3.7,95,72,5.4,200,2.8,5.7,8.8,0.00
2025-01-15 08:00,4.0,94,64,5.0,201,4.0,5.6,8.7,0.00
2025-01-15 09:00,7.2,87,42,5.6,207,10.1,6.5,8.6,0.00
2025-01-15 10:00,10.1,75,35,8.1,225,14.5,8.3,8.7,0.00
2025-01-15 11:00,12.3,67,24,8.5,242,17.1,10.2,8.8,0.00
2025-01-15 12:00,13.7,61,90,4.1,285,17.9,11.9,9.2,0.00
2025-01-15 13:00,14.3,57,70,4.2,329,17.3,12.8,9.5,0.00
2025-01-15 14:00,14.5,59,95,9.3,344,17.4,13.4,9.9,0.00
2025-01-15 15:00,13.5,69,45,11.2,345,14.6,13.4,10.3,0.00
2025-01-15 16:00,13.0,72,28,10.5,352,13.0,13.1,10.6,0.00
2025-01-15 17:00,11.8,79,0,5.9,14,9.6,12.3,10.8,0.00
2025-01-15 18:00,10.0,84,1,1.8,79,6.1,10.9,10.9,0.00
2025-01-15 19:00,8.4,90,32,4.0,185,5.5,9.6,10.9,0.00
2025-01-15 20:00,6.3,97,44,4.0,190,4.9,8.8,10.8,0.00
2025-01-15 21:00,5.1,97,47,4.4,189,3.9,8.0,10.7,0.00
2025-01-15 22:00,4.1,98,51,4.5,194,3.2,7.4,10.5,0.00
2025-01-15 23:00,3.2,99,56,4.2,200,2.4,6.9,10.3,0.00
2025-01-16 00:00,3.0,96,40,4.7,203,1.9,6.4,10.1,0.00
2025-01-16 01:00,3.0,93,73,4.5,209,1.7,5.9,9.9,0.00
2025-01-16 02:00,3.2,92,100,4.5,209,2.0,5.7,9.7,0.00
2025-01-16 03:00,4.0,90,100,4.8,207,3.0,5.7,9.5,0.00
2025-01-16 04:00,4.4,89,95,5.3,208,3.1,5.7,9.3,0.00
2025-01-16 05:00,4.5,88,90,5.6,220,2.9,5.8,9.1,0.00
2025-01-16 06:00,4.3,88,56,6.4,218,2.3,5.6,8.9,0.00
2025-01-16 07:00,4.1,88,13,6.4,218,2.1,5.4,8.8,0.00
2025-01-16 08:00,4.3,85,60,6.4,223,3.7,5.3,8.6,0.00
2025-01-16 09:00,8.0,74,29,6.9,231,10.1,6.3,8.5,0.00
2025-01-16 10:00,11.2,58,72,12.0,237,13.8,8.1,8.5,0.00
2025-01-16 11:00,13.1,52,62,14.2,240,16.1,9.8,8.7,0.00
2025-01-16 12:00,14.7,45,89,14.2,240,16.9,11.5,8.9,0.00
2025-01-16 13:00,15.7,38,66,11.9,245,18.3,12.4,9.3,0.00
2025-01-16 14:00,16.6,33,92,9.5,261,19.2,13.5,9.6,0.00
2025-01-16 15:00,16.3,35,95,10.1,343,15.9,13.8,10.0,0.00
2025-01-16 16:00,14.8,46,100,9.7,15,13.4,13.4,10.3,0.00
2025-01-16 17:00,13.1,57,100,3.8,49,10.0,12.6,10.6,0.00
2025-01-16 18:00,11.2,60,98,3.3,167,7.4,11.3,10.8,0.00
2025-01-16 19:00,8.6,68,100,4.3,175,6.6,10.3,10.8,0.00
2025-01-16 20:00,7.6,67,100,3.6,180,5.8,9.5,10.8,0.00
2025-01-16 21:00,7.4,56,100,5.2,192,5.8,8.8,10.7,0.00
2025-01-16 22:00,7.3,60,100,3.8,197,5.7,8.5,10.6,0.00
2025-01-16 23:00,7.1,65,100,3.3,41,5.4,8.2,10.5,0.00
2025-01-17 00:00,8.2,63,100,1.5,194,5.8,8.1,10.4,0.00
2025-01-17 01:00,8.1,69,100,2.3,321,6.5,8.0,10.2,0.00
2025-01-17 02:00,7.1,83,100,5.1,266,6.8,8.2,10.1,0.00
2025-01-17 03:00,7.6,93,100,2.9,187,7.6,8.4,10.1,0.00
2025-01-17 04:00,7.5,95,100,4.5,194,7.2,8.5,10.0,0.00
2025-01-17 05:00,7.5,96,100,1.3,236,7.1,8.4,10.0,0.00
2025-01-17 06:00,7.4,96,100,3.4,198,7.4,8.3,9.9,0.00
2025-01-17 07:00,7.5,95,100,4.8,222,7.3,8.3,9.9,0.00
2025-01-17 08:00,7.8,95,100,3.8,229,7.8,8.3,9.8,0.00
2025-01-17 09:00,8.8,95,100,3.7,259,10.0,8.7,9.8,0.00
2025-01-17 10:00,10.1,90,89,3.9,304,12.1,9.4,9.8,0.00
2025-01-17 11:00,11.2,84,92,7.2,360,14.5,10.6,9.9,0.00
2025-01-17 12:00,11.5,81,89,8.2,15,14.7,11.5,10.1,0.00
2025-01-17 13:00,11.9,78,80,7.6,19,15.4,12.4,10.3,0.00
2025-01-17 14:00,12.1,77,82,8.1,21,14.6,13.0,10.6,0.00
2025-01-17 15:00,12.4,74,55,9.5,11,13.4,13.0,10.9,0.00
2025-01-17 16:00,12.0,75,46,10.4,20,11.9,12.7,11.1,0.00
2025-01-17 17:00,11.1,81,49,9.2,21,9.9,12.0,11.2,0.00
2025-01-17 18:00,9.9,91,100,7.7,28,9.1,11.1,11.3,0.00
2025-01-17 19:00,9.5,93,79,2.8,40,8.1,10.5,11.3,0.00
2025-01-17 20:00,9.1,93,57,1.8,180,6.5,9.7,11.2,0.00
2025-01-17 21:00,7.7,97,87,3.4,198,6.5,9.0,11.1,0.00
2025-01-17 22:00,6.8,100,100,3.3,193,6.2,8.7,10.9,0.00
2025-01-17 23:00,6.0,100,98,4.0,207,5.7,8.2,10.7,0.00
2025-01-18 00:00,5.5,99,65,4.9,197,5.1,7.9,10.6,0.00
2025-01-18 01:00,5.2,99,81,5.0,201,4.8,7.5,10.4,0.00
2025-01-18 02:00,5.4,98,92,5.4,200,5.3,7.2,10.2,0.00
2025-01-18 03:00,6.1,96,100,6.1,208,5.8,7.3,10.0,0.00
2025-01-18 04:00,6.4,93,100,6.4,207,6.2,7.4,9.9,0.00
2025-01-18 05:00,6.8,91,100,6.0,213,6.4,7.5,9.7,0.00
2025-01-18 06:00,7.1,93,100,6.3,211,6.3,7.6,9.6,0.00
2025-01-18 07:00,7.3,92,100,5.4,217,6.6,7.6,9.5,0.00
2025-01-18 08:00,7.8,90,100,6.9,223,7.6,7.7,9.5,0.00
2025-01-18 09:00,8.9,91,100,6.9,231,8.9,8.3,9.4,0.10
2025-01-18 10:00,10.0,87,100,9.5,233,10.5,9.0,9.4,0.50
2025-01-18 11:00,10.4,86,100,11.4,235,10.6,9.6,9.5,0.40
2025-01-18 12:00,11.3,85,98,11.8,239,12.7,10.2,9.6,0.50
2025-01-18 13:00,11.6,82,94,10.3,245,12.0,10.6,9.8,0.10
2025-01-18 14:00,12.1,78,93,8.0,243,13.2,11.1,9.9,0.00
2025-01-18 15:00,12.6,77,100,5.2,254,13.4,11.7,10.1,0.00
2025-01-18 16:00,12.6,76,100,4.0,275,12.0,11.9,10.3,0.00
2025-01-18 17:00,12.0,82,72,0.7,270,10.5,11.5,10.5,0.00
2025-01-18 18:00,11.0,83,94,1.0,135,8.2,10.6,10.6,0.00
2025-01-18 19:00,10.0,86,61,2.9,173,7.6,9.9,10.6,0.00
2025-01-18 20:00,8.2,93,65,3.6,180,7.1,9.3,10.6,0.00
2025-01-18 21:00,7.3,94,40,3.6,180,5.9,8.7,10.5,0.00
2025-01-18 22:00,6.3,95,52,4.0,180,5.3,8.2,10.3,0.00
2025-01-18 23:00,5.5,95,46,3.8,197,4.6,7.6,10.2,0.00
2025-01-19 00:00,5.2,95,55,4.0,190,4.3,7.2,10.0,0.00
2025-01-19 01:00,4.8,94,33,3.3,193,3.7,6.7,9.8,0.00
2025-01-19 02:00,4.4,94,35,3.6,186,3.3,6.3,9.6,0.00
2025-01-19 03:00,3.9,96,39,3.7,191,2.8,5.9,9.4,0.00
2025-01-19 04:00,3.6,96,35,3.1,201,2.4,5.5,9.2,0.00
2025-01-19 05:00,3.1,97,45,3.3,193,2.1,5.2,8.9,0.00
2025-01-19 06:00,2.7,98,51,3.8,197,2.0,4.9,8.7,0.00
2025-01-19 07:00,2.6,98,52,3.8,197,1.8,4.7,8.5,0.00
2025-01-19 08:00,2.8,97,45,3.5,204,3.0,4.5,8.3,0.00
2025-01-19 09:00,6.2,93,22,4.1,225,8.6,5.4,8.1,0.00
2025-01-19 10:00,10.5,81,0,6.3,246,13.4,7.4,8.1,0.00
2025-01-19 11:00,12.7,73,0,8.4,245,15.4,9.5,8.2,0.00
2025-01-19 12:00,14.2,70,0,8.0,252,17.1,11.2,8.5,0.00
2025-01-19 13:00,15.2,67,0,7.0,258,18.0,12.5,8.9,0.00
2025-01-19 14:00,15.9,62,0,5.3,242,18.1,13.5,9.3,0.00
2025-01-19 15:00,16.6,59,0,3.3,276,17.7,14.2,9.8,0.00
2025-01-19 16:00,16.2,59,78,1.9,22,15.4,14.2,10.2,0.00
2025-01-19 17:00,14.0,80,99,5.6,45,11.5,13.4,10.5,0.00
2025-01-19 18:00,11.5,87,100,3.3,49,8.8,12.0,10.7,0.00
2025-01-19 19:00,11.1,87,100,0.7,180,8.3,10.8,10.8,0.00
2025-01-19 20:00,10.2,91,100,2.7,203,8.2,10.1,10.8,0.00
2025-01-19 21:00,9.1,92,83,3.3,193,7.9,9.8,10.8,0.00
2025-01-19 22:00,8.3,90,71,3.4,198,6.8,9.3,10.7,0.00
2025-01-19 23:00,7.4,88,42,3.1,201,5.7,8.7,10.6,0.00
2025-01-20 00:00,6.3,87,23,3.9,202,4.7,8.0,10.4,0.00
2025-01-20 01:00,5.8,84,37,4.0,190,4.2,7.4,10.2,0.00
2025-01-20 02:00,5.5,85,34,3.3,193,3.8,7.0,10.0,0.00
2025-01-20 03:00,4.8,90,35,4.2,211,3.4,6.5,9.8,0.00
2025-01-20 04:00,4.7,91,4,3.9,214,3.1,6.2,9.6,0.00
2025-01-20 05:00,4.4,91,25,3.4,212,2.6,5.8,9.4,0.00
2025-01-20 06:00,4.0,92,1,4.3,222,2.5,5.5,9.2,0.00
2025-01-20 07:00,3.9,91,1,3.6,217,2.3,5.3,8.9,0.00
2025-01-20 08:00,4.5,88,3,3.4,212,3.9,5.1,8.7,0.00
2025-01-20 09:00,7.9,88,7,3.8,221,10.2,6.2,8.6,0.00
2025-01-20 10:00,13.5,77,16,4.5,241,16.6,8.4,8.6,0.00
2025-01-20 11:00,16.0,62,75,8.5,242,18.0,10.8,8.8,0.00
2025-01-20 12:00,17.7,54,17,10.7,258,19.1,12.6,9.1,0.00
2025-01-20 13:00,18.4,51,77,9.2,259,19.5,13.8,9.5,0.00
2025-01-20 14:00,19.1,48,43,6.0,245,20.3,14.7,10.0,0.00
2025-01-20 15:00,19.8,43,81,3.9,292,19.2,15.6,10.4,0.00
2025-01-20 16:00,19.1,52,72,3.4,32,17.0,15.5,10.9,0.00
2025-01-20 17:00,16.4,74,100,5.4,42,13.9,14.7,11.2,0.00
2025-01-20 18:00,14.3,84,100,3.4,342,11.8,13.6,11.5,0.00
2025-01-20 19:00,13.3,89,97,3.3,6,11.8,12.8,11.6,0.00
2025-01-20 20:00,13.2,87,100,3.1,69,11.5,12.3,11.7,0.00
2025-01-20 21:00,12.7,83,100,2.5,82,9.8,11.6,11.7,0.00
2025-01-20 22:00,12.6,79,95,0.7,270,8.5,11.0,11.7,0.00
2025-01-20 23:00,11.8,83,24,2.0,225,6.8,10.2,11.6,0.00
2025-01-21 00:00,9.8,96,73,2.8,220,6.2,9.4,11.5,0.00
2025-01-21 01:00,8.9,97,100,2.2,180,6.0,8.9,11.3,0.00
2025-01-21 02:00,9.0,90,100,2.3,162,6.1,8.5,11.1,0.00
2025-01-21 03:00,8.7,85,100,2.7,157,5.7,8.1,10.9,0.00
2025-01-21 04:00,8.7,80,100,2.1,149,5.3,7.9,10.7,0.00
2025-01-21 05:00,8.7,80,100,2.1,149,5.1,7.7,10.5,0.00
2025-01-21 06:00,7.8,88,100,3.3,167,5.1,7.4,10.3,0.00
2025-01-21 07:00,6.9,89,100,2.9,173,5.1,7.3,10.1,0.00
2025-01-21 08:00,7.0,88,100,3.2,180,6.6,7.3,10.0,0.00
2025-01-21 09:00,9.1,88,100,2.4,207,11.2,8.0,9.8,0.00
2025-01-21 10:00,13.8,82,100,2.1,239,16.6,9.8,9.8,0.00
2025-01-21 11:00,17.9,63,100,4.1,232,20.1,12.1,10.0,0.00
2025-01-21 12:00,20.4,52,100,6.8,238,22.1,14.3,10.3,0.00
2025-01-21 13:00,21.5,49,100,5.9,232,22.6,15.7,10.7,0.00
2025-01-21 14:00,22.3,48,100,4.8,207,23.0,16.7,11.1,0.00
2025-01-21 15:00,23.4,43,100,4.3,204,22.5,17.8,11.6,0.00
2025-01-21 16:00,22.6,53,100,3.0,194,19.9,17.7,12.1,0.00
2025-01-21 17:00,21.2,57,100,1.8,191,16.1,17.0,12.5,0.00
2025-01-21 18:00,19.2,55,100,2.8,40,12.2,15.6,12.7,0.00
2025-01-21 19:00,17.0,60,100,1.5,135,10.5,14.0,12.9,0.00
2025-01-21 20:00,13.9,71,100,3.6,174,9.9,12.8,12.9,0.00
2025-01-21 21:00,10.3,87,100,4.4,189,8.7,11.8,12.8,0.00
2025-01-21 22:00,9.2,87,100,4.0,207,7.7,11.1,12.7,0.00
2025-01-21 23:00,8.9,85,7,2.9,187,6.6,10.4,12.5,0.00
2025-01-22 00:00,8.7,86,100,3.2,180,6.4,9.8,12.3,0.00
2025-01-22 01:00,8.5,84,100,3.3,186,6.1,9.3,12.1,0.00
2025-01-22 02:00,7.7,85,100,4.0,185,5.9,8.9,11.9,0.00
2025-01-22 03:00,7.2,82,100,4.0,180,5.6,8.6,11.7,0.00
2025-01-22 04:00,6.6,83,100,4.0,180,5.2,8.3,11.4,0.00
2025-01-22 05:00,6.1,85,100,4.5,194,5.0,8.0,11.2,0.00
2025-01-22 06:00,6.5,83,100,5.6,207,5.3,7.9,11.0,0.00
2025-01-22 07:00,6.9,81,100,5.2,214,5.4,7.8,10.8,0.00
2025-01-22 08:00,7.6,80,100,5.7,215,7.0,7.8,10.6,0.00
2025-01-22 09:00,10.8,75,100,5.4,222,11.9,8.6,10.5,0.00
2025-01-22 10:00,15.5,66,100,5.3,242,17.2,10.3,10.4,0.00
2025-01-22 11:00,18.4,49,100,8.4,239,19.0,12.3,10.6,0.00
2025-01-22 12:00,20.6,40,100,10.2,238,20.9,14.2,10.8,0.00
2025-01-22 13:00,21.7,39,100,11.0,247,21.9,15.4,11.2,0.00
2025-01-22 14:00,22.5,35,100,10.0,249,21.8,16.3,11.5,0.00
2025-01-22 15:00,22.9,36,100,5.4,262,21.2,16.9,11.9,0.00
2025-01-22 16:00,22.3,48,100,1.0,45,20.1,17.1,12.3,0.00
2025-01-22 17:00,19.9,58,100,3.3,96,15.5,16.6,12.6,0.00
2025-01-22 18:00,17.6,58,100,2.9,120,12.3,15.3,12.9,0.00
2025-01-22 19:00,14.7,61,100,3.8,131,11.4,14.1,13.0,0.00
2025-01-22 20:00,12.6,62,100,3.6,143,10.3,13.1,13.0,0.00
2025-01-22 21:00,10.8,67,100,3.6,174,8.8,12.1,12.9,0.00
2025-01-22 22:00,9.8,73,98,3.8,197,7.9,11.3,12.8,0.00
2025-01-22 23:00,9.0,74,100,4.0,190,7.3,10.6,12.7,0.00
2025-01-23 00:00,8.9,75,100,5.8,202,7.5,10.4,12.5,0.00
2025-01-23 01:00,8.3,73,2,5.4,200,6.5,9.8,12.3,0.00
2025-01-23 02:00,7.9,73,0,4.5,194,5.9,9.4,12.1,0.00
2025-01-23 03:00,7.2,75,0,3.4,198,5.0,8.9,11.9,0.00
2025-01-23 04:00,6.9,76,14,4.0,185,4.6,8.4,11.7,0.00
2025-01-23 05:00,6.3,78,88,5.2,192,4.7,8.0,11.4,0.00
2025-01-23 06:00,6.1,79,98,5.4,200,4.6,7.7,11.2,0.00
2025-01-23 07:00,6.0,80,58,5.0,210,4.3,7.4,10.9,0.00
2025-01-23 08:00,6.5,80,11,5.0,210,6.2,7.4,10.7,0.00
2025-01-23 09:00,11.1,73,31,5.4,217,12.9,8.6,10.6,0.00
2025-01-23 10:00,16.5,54,0,7.9,240,18.8,10.5,10.5,0.00
2025-01-23 11:00,19.1,48,0,9.9,237,21.0,12.8,10.7,0.00
2025-01-23 12:00,21.0,43,0,9.6,250,22.9,14.7,11.0,0.00
2025-01-23 13:00,22.5,38,0,7.2,252,24.5,16.2,11.3,0.00
2025-01-23 14:00,23.3,36,0,4.0,280,24.7,17.5,11.8,0.00
2025-01-23 15:00,23.1,37,0,8.3,360,22.0,18.1,12.2,0.00
2025-01-23 16:00,19.9,58,0,12.5,18,18.0,17.7,12.7,0.00
2025-01-23 17:00,17.5,69,0,5.6,50,14.5,16.7,13.0,0.00
2025-01-23 18:00,15.1,73,0,3.3,49,10.8,15.2,13.2,0.00
2025-01-23 19:00,14.4,74,0,1.1,18,8.4,13.5,13.3,0.00
2025-01-23 20:00,12.8,80,0,3.8,287,7.6,12.0,13.2,0.00
2025-01-23 21:00,11.4,84,0,2.8,220,6.9,11.0,13.0,0.00
2025-01-23 22:00,11.2,80,0,2.9,180,6.1,10.2,12.8,0.00
2025-01-23 23:00,10.9,79,0,1.8,169,5.3,9.6,12.6,0.00
2025-01-24 00:00,9.1,83,0,4.0,170,5.3,8.8,12.3,0.00
2025-01-24 01:00,7.4,89,0,4.3,180,5.7,8.7,12.1,0.00
2025-01-24 02:00,6.3,92,3,4.7,189,5.0,8.5,11.8,0.00
2025-01-24 03:00,5.3,92,2,4.3,204,4.1,8.0,11.6,0.00
2025-01-24 04:00,5.2,90,1,4.2,200,3.7,7.7,11.4,0.00
2025-01-24 05:00,5.2,87,0,4.0,190,3.5,7.3,11.1,0.00
2025-01-24 06:00,4.9,87,0,4.5,194,3.3,6.9,10.9,0.00
2025-01-24 07:00,4.7,87,0,4.5,194,3.1,6.7,10.6,0.00
2025-01-24 08:00,5.2,87,0,4.5,194,5.2,6.6,10.4,0.00
2025-01-24 09:00,9.4,80,0,4.1,218,12.3,7.7,10.2,0.00
2025-01-24 10:00,14.8,59,0,4.9,234,18.6,10.0,10.2,0.00
2025-01-24 11:00,17.9,51,0,5.1,231,21.5,12.3,10.3,0.00
2025-01-24 12:00,19.8,47,0,2.1,301,22.6,14.2,10.6,0.00
2025-01-24 13:00,21.1,46,0,5.1,356,24.0,15.9,11.0,0.00
2025-01-24 14:00,20.9,51,0,9.1,18,22.6,17.0,11.4,0.00
2025-01-24 15:00,19.8,48,0,10.9,27,19.9,17.2,11.9,0.00
2025-01-24 16:00,18.4,52,0,10.1,35,17.1,16.7,12.3,0.00
2025-01-24 17:00,16.4,66,0,5.3,28,13.5,15.8,12.6,0.00
2025-01-24 18:00,13.6,79,0,3.1,21,9.5,14.1,12.7,0.00
2025-01-24 19:00,12.6,83,0,1.8,11,7.6,12.5,12.8,0.00
2025-01-24 20:00,11.2,87,0,3.7,259,6.5,11.2,12.7,0.00
2025-01-24 21:00,9.7,88,0,2.4,207,5.9,10.3,12.5,0.00
2025-01-24 22:00,9.0,89,0,2.6,196,5.1,9.5,12.3,0.00
2025-01-24 23:00,7.7,93,0,3.6,186,5.0,8.9,12.1,0.00
2025-01-25 00:00,7.3,85,5,3.6,180,5.2,8.6,11.9,0.00
2025-01-25 01:00,7.3,80,1,3.3,174,4.5,8.3,11.6,0.00
2025-01-25 02:00,7.0,74,0,3.2,153,3.8,7.9,11.4,0.00
2025-01-25 03:00,5.6,76,0,3.6,174,3.7,7.5,11.1,0.00
2025-01-25 04:00,4.9,77,0,3.6,186,3.2,7.2,10.9,0.00
2025-01-25 05:00,5.1,77,0,4.0,185,3.0,6.8,10.6,0.00
2025-01-25 06:00,4.8,77,0,4.7,203,3.1,6.6,10.4,0.00
2025-01-25 07:00,4.8,78,0,3.9,214,2.7,6.4,10.2,0.00
2025-01-25 08:00,5.9,75,32,4.1,195,5.2,6.3,9.9,0.00
2025-01-25 09:00,10.0,71,0,2.3,252,12.8,7.6,9.8,0.00
2025-01-25 10:00,15.5,61,1,6.3,13,19.2,9.9,9.8,0.00
2025-01-25 11:00,17.4,63,3,5.8,22,21.5,12.3,10.0,0.00
2025-01-25 12:00,19.3,52,0,1.5,45,22.5,14.4,10.3,0.00
2025-01-25 13:00,20.4,43,15,1.1,18,22.9,15.6,10.7,0.00
2025-01-25 14:00,20.8,45,0,7.6,8,23.5,16.6,11.1,0.00
2025-01-25 15:00,18.4,66,5,15.5,4,19.2,16.8,11.6,0.00
2025-01-25 16:00,17.4,73,56,14.3,348,17.0,16.4,11.9,0.00
2025-01-25 17:00,16.2,80,95,5.4,356,14.2,15.5,12.2,0.00
2025-01-25 18:00,14.5,85,81,5.3,152,11.3,14.4,12.4,0.00
2025-01-25 19:00,12.9,92,100,7.6,175,11.1,13.3,12.5,0.00
2025-01-25 20:00,12.4,89,63,6.2,187,10.2,12.6,12.6,0.00
2025-01-25 21:00,11.7,87,16,4.8,207,9.2,12.0,12.5,0.00
2025-01-25 22:00,10.0,93,52,3.6,217,8.0,11.3,12.5,0.00
2025-01-25 23:00,9.2,92,37,1.8,191,6.9,10.6,12.4,0.00
2025-01-26 00:00,9.3,88,100,3.3,167,8.2,10.1,12.2,0.00
2025-01-26 01:00,9.1,89,65,3.8,163,7.3,9.9,12.1,0.00
2025-01-26 02:00,8.2,93,31,3.9,202,6.6,9.6,11.9,0.00
2025-01-26 03:00,6.9,94,10,4.5,194,5.7,9.0,11.7,0.00
2025-01-26 04:00,6.4,95,30,4.7,184,5.5,8.7,11.5,0.00
2025-01-26 05:00,5.8,96,41,3.6,217,4.9,8.4,11.3,0.00
2025-01-26 06:00,5.7,96,43,4.3,228,4.6,8.1,11.2,0.00
2025-01-26 07:00,6.0,93,9,4.7,203,4.6,7.8,11.0,0.00
2025-01-26 08:00,6.8,90,2,4.1,195,6.8,7.7,10.8,0.00
2025-01-26 09:00,10.5,84,3,2.4,207,13.7,8.8,10.6,0.00
2025-01-26 10:00,15.4,67,4,2.4,243,19.3,10.9,10.6,0.00
2025-01-26 11:00,18.5,58,100,2.7,247,21.7,13.2,10.8,0.00
2025-01-26 12:00,19.8,53,100,1.9,248,22.3,14.9,11.1,0.00
2025-01-26 13:00,21.3,51,8,2.5,270,24.6,16.3,11.5,0.00
2025-01-26 14:00,24.2,34,100,8.7,253,24.8,17.7,11.9,0.00
2025-01-26 15:00,23.3,43,100,10.1,305,21.7,18.1,12.4,0.00
2025-01-26 16:00,18.9,67,100,14.0,23,17.5,17.5,12.8,0.00
2025-01-26 17:00,17.0,69,100,7.9,30,14.9,16.4,13.1,0.00
2025-01-26 18:00,14.6,82,6,6.2,350,11.9,15.1,13.3,0.00
2025-01-26 19:00,13.2,89,24,2.2,360,10.2,13.7,13.4,0.00
2025-01-26 20:00,12.1,92,100,4.5,151,10.7,12.7,13.3,0.00
2025-01-26 21:00,11.2,95,100,2.2,171,9.2,12.1,13.2,0.00
2025-01-26 22:00,11.0,95,38,1.8,180,7.6,11.4,13.1,0.00
2025-01-26 23:00,11.1,87,8,1.3,146,6.6,10.6,12.9,0.00
2025-01-27 00:00,10.0,90,32,2.1,211,6.0,10.0,12.7,0.00
2025-01-27 01:00,9.5,87,40,1.4,180,5.6,9.5,12.5,0.00
2025-01-27 02:00,9.2,80,20,3.4,162,5.7,9.0,12.2,0.00
2025-01-27 03:00,8.9,77,25,3.9,214,6.4,9.1,12.0,0.00
2025-01-27 04:00,9.2,81,27,5.6,225,7.1,9.0,11.8,0.00
2025-01-27 05:00,11.2,81,99,9.0,233,8.9,9.2,11.6,0.00
2025-01-27 06:00,13.1,74,96,10.7,237,10.3,9.9,11.5,0.00
2025-01-27 07:00,14.1,69,100,11.1,241,11.2,10.5,11.4,0.00
2025-01-27 08:00,15.0,67,100,12.4,244,13.0,11.0,11.4,0.00
2025-01-27 09:00,17.5,62,100,12.4,244,16.8,12.2,11.4,0.00
2025-01-27 10:00,20.3,52,100,16.5,247,20.3,13.6,11.6,0.00
2025-01-27 11:00,22.9,37,62,25.0,242,23.1,15.3,11.9,0.00
2025-01-27 12:00,25.0,29,100,33.2,230,25.4,17.2,12.3,0.00
2025-01-27 13:00,25.6,27,100,35.2,233,25.6,18.3,12.7,0.00
2025-01-27 14:00,26.3,27,94,35.9,232,25.8,19.1,13.2,0.00
2025-01-27 15:00,26.6,28,25,28.9,274,25.4,19.8,13.6,0.00
2025-01-27 16:00,23.6,44,35,14.0,316,21.5,19.5,14.1,0.00
2025-01-27 17:00,22.1,45,65,12.1,293,18.1,18.7,14.4,0.00
2025-01-27 18:00,20.8,44,100,14.1,264,17.3,17.8,14.7,0.00
2025-01-27 19:00,19.4,52,16,15.7,261,16.4,16.9,14.8,0.00
2025-01-27 20:00,19.0,56,3,18.3,254,16.6,16.4,14.9,0.00
2025-01-27 21:00,19.8,54,36,24.6,238,17.7,16.5,14.9,0.00
2025-01-27 22:00,19.4,56,22,23.0,235,17.3,16.4,15.0,0.00
2025-01-27 23:00,17.5,67,78,14.4,307,15.3,16.1,15.0,0.00
2025-01-28 00:00,17.0,69,51,13.4,290,14.7,15.8,15.0,0.00
2025-01-28 01:00,16.6,78,93,14.4,274,15.5,15.4,15.0,0.00
2025-01-28 02:00,16.8,67,100,16.7,276,15.9,15.4,15.0,0.00
2025-01-28 03:00,16.7,68,95,18.1,276,15.8,15.4,14.9,0.00
2025-01-28 04:00,16.3,66,97,18.1,277,15.4,15.4,14.9,0.00
2025-01-28 05:00,16.1,59,93,14.4,266,14.9,15.3,14.9,0.00
2025-01-28 06:00,15.5,62,87,13.5,254,14.3,15.0,14.8,0.00
2025-01-28 07:00,14.9,63,76,12.2,246,13.5,14.7,14.8,0.00
2025-01-28 08:00,14.3,70,70,11.5,224,13.5,14.3,14.8,0.00
2025-01-28 09:00,15.8,67,75,15.6,230,16.7,14.6,14.7,0.00
2025-01-28 10:00,16.9,60,62,17.1,255,19.2,15.3,14.7,0.00
2025-01-28 11:00,18.2,58,46,18.4,268,21.1,16.4,14.7,0.00
2025-01-28 12:00,19.0,57,59,13.7,267,22.8,17.3,14.9,0.00
2025-01-28 13:00,20.3,41,72,22.3,291,21.9,18.2,15.1,0.00
2025-01-28 14:00,19.1,51,74,27.0,315,20.0,18.5,15.3,0.00
2025-01-28 15:00,17.7,60,71,36.9,302,17.2,18.2,15.4,0.00
2025-01-28 16:00,17.2,57,64,29.3,296,16.8,17.4,15.6,0.00
2025-01-28 17:00,16.6,54,84,18.8,282,15.5,16.8,15.7,0.00
2025-01-28 18:00,15.5,61,55,11.8,247,13.6,16.1,15.7,0.00
2025-01-28 19:00,14.3,67,67,11.0,218,12.7,15.3,15.6,0.00
2025-01-28 20:00,13.6,75,58,9.5,233,11.9,14.6,15.5,0.00
2025-01-28 21:00,12.8,74,28,6.2,234,10.5,13.8,15.3,0.00
2025-01-28 22:00,12.2,76,31,5.6,225,10.1,13.2,15.1,0.00
2025-01-28 23:00,11.5,81,42,5.2,205,9.7,12.7,14.8,0.00
2025-01-29 00:00,11.1,83,59,6.9,189,9.8,12.4,14.6,0.00
2025-01-29 01:00,11.4,83,54,7.5,197,10.3,12.2,14.4,0.00
2025-01-29 02:00,11.6,82,63,7.2,207,10.4,12.1,14.2,0.00
2025-01-29 03:00,11.4,82,60,7.8,202,10.2,12.0,14.0,0.00
2025-01-29 04:00,11.4,83,46,8.4,200,10.0,11.9,13.8,0.00
2025-01-29 05:00,11.1,83,59,8.0,207,9.6,11.7,13.6,0.00
2025-01-29 06:00,11.0,81,98,7.6,205,9.3,11.6,13.5,0.00
2025-01-29 07:00,9.9,87,29,6.2,201,7.9,11.2,13.3,0.00
2025-01-29 08:00,9.1,90,92,5.2,214,9.1,10.7,13.1,0.00
2025-01-29 09:00,11.6,83,100,4.5,241,14.2,11.4,13.0,0.00
2025-01-29 10:00,14.8,69,5,10.2,262,19.2,12.9,12.9,0.00
2025-01-29 11:00,16.5,63,63,11.9,256,19.8,14.8,13.1,0.00
2025-01-29 12:00,18.3,59,54,10.8,274,23.0,16.3,13.3,0.00
2025-01-29 13:00,19.8,49,93,12.1,300,23.8,17.6,13.6,0.00
2025-01-29 14:00,17.6,61,100,18.2,346,18.3,18.0,14.0,0.00
2025-01-29 15:00,16.4,66,100,11.3,17,17.8,17.4,14.3,0.00
2025-01-29 16:00,15.8,68,100,10.4,2,15.8,16.7,14.5,0.00
2025-01-29 17:00,15.0,71,100,6.0,25,13.9,15.8,14.6,0.00
2025-01-29 18:00,13.6,77,100,3.4,58,11.9,14.7,14.6,0.00
2025-01-29 19:00,12.8,80,100,3.9,68,11.3,13.9,14.6,0.00
2025-01-29 20:00,12.2,80,100,4.0,100,10.6,13.3,14.5,0.00
2025-01-29 21:00,11.6,81,100,2.1,59,9.8,12.7,14.3,0.00
2025-01-29 22:00,11.0,89,100,1.8,79,9.5,12.3,14.1,0.00
2025-01-29 23:00,11.6,84,100,0.5,45,8.5,11.9,14.0,0.00
2025-01-30 00:00,13.6,59,98,12.4,248,12.2,12.1,13.8,0.00
2025-01-30 01:00,14.6,63,81,19.5,236,13.3,12.6,13.7,0.00
2025-01-30 02:00,13.6,79,100,20.8,304,12.8,13.0,13.6,0.40
2025-01-30 03:00,12.4,85,99,11.1,241,11.7,13.0,13.6,1.10
2025-01-30 04:00,12.0,89,71,9.9,213,11.0,12.7,13.6,0.10
2025-01-30 05:00,11.5,85,79,10.0,229,10.6,12.3,13.5,0.00
2025-01-30 06:00,11.0,87,86,7.9,240,10.3,11.9,13.4,0.00
2025-01-30 07:00,10.4,92,83,7.7,208,9.8,11.5,13.2,0.00
2025-01-30 08:00,10.5,93,85,6.4,218,10.6,11.4,13.1,0.00
2025-01-30 09:00,11.2,88,91,10.2,252,12.3,11.7,13.0,0.00
2025-01-30 10:00,11.8,83,81,15.2,248,13.2,12.3,12.9,0.00
2025-01-30 11:00,12.6,76,97,20.2,248,14.3,13.0,12.9,0.00
2025-01-30 12:00,13.1,72,95,22.7,259,13.9,13.3,13.0,0.00
2025-01-30 13:00,13.8,65,76,23.5,276,15.3,13.9,13.1,0.00
2025-01-30 14:00,13.6,69,71,23.6,289,15.3,14.2,13.2,0.00
2025-01-30 15:00,14.0,66,80,24.3,297,14.8,14.3,13.3,0.00
2025-01-30 16:00,14.2,61,54,22.6,301,13.8,14.1,13.4,0.00
2025-01-30 17:00,13.7,62,54,18.0,296,12.5,13.8,13.4,0.00
2025-01-30 18:00,12.6,66,24,11.5,272,10.9,13.2,13.5,0.00
2025-01-30 19:00,11.3,75,69,7.3,200,9.7,12.4,13.4,0.00
2025-01-30 20:00,10.4,78,100,6.5,180,9.1,11.6,13.3,0.00
2025-01-30 21:00,9.9,76,29,9.2,191,8.4,11.0,13.1,0.00
2025-01-30 22:00,9.7,79,18,9.9,199,8.2,10.6,12.9,0.00
2025-01-30 23:00,9.6,83,62,9.9,199,8.1,10.3,12.7,0.00
2025-01-31 00:00,9.8,79,53,10.3,209,8.5,10.1,12.6,0.00
2025-01-31 01:00,9.8,77,40,10.9,214,8.4,10.0,12.4,0.00
2025-01-31 02:00,9.6,75,41,8.9,207,7.9,9.9,12.2,0.00
2025-01-31 03:00,9.2,74,64,8.9,194,7.6,9.6,12.1,0.00
2025-01-31 04:00,9.3,73,91,9.8,204,8.1,9.5,11.9,0.00
2025-01-31 05:00,9.6,71,100,10.0,210,8.6,9.6,11.7,0.00
2025-01-31 06:00,9.7,67,72,7.6,205,8.2,9.7,11.6,0.00
2025-01-31 07:00,9.2,75,100,5.4,82,8.3,9.6,11.5,0.00
2025-01-31 08:00,8.9,89,94,4.6,141,9.2,9.6,11.4,0.20
2025-01-31 09:00,10.2,84,77,6.6,189,11.2,10.1,11.4,0.10
2025-01-31 10:00,11.4,76,41,12.2,227,13.7,11.0,11.4,0.00
2025-01-31 11:00,12.7,75,33,12.1,233,16.4,12.2,11.4,0.00
2025-01-31 12:00,13.3,75,71,10.2,260,16.5,13.2,11.6,0.00
2025-01-31 13:00,13.4,80,80,6.1,273,16.9,14.1,11.9,0.00
2025-01-31 14:00,13.2,78,78,4.0,270,16.2,14.5,12.2,0.00
2025-01-31 15:00,13.5,78,84,5.5,337,16.1,14.9,12.5,0.00
2025-01-31 16:00,12.9,78,81,6.8,360,14.0,14.6,12.7,0.00
2025-01-31 17:00,12.7,78,53,2.6,16,12.2,13.9,12.9,0.00
2025-01-31 18:00,11.8,83,57,2.6,164,10.3,13.0,13.0,0.00
2025-01-31 19:00,10.5,91,69,4.0,185,9.7,12.1,12.9,0.00
2025-01-31 20:00,9.9,95,82,3.6,180,9.7,11.5,12.9,0.00
2025-01-31 21:00,9.5,96,78,4.0,175,9.5,11.1,12.7,0.00
2025-01-31 22:00,9.3,96,84,5.1,188,9.0,10.8,12.6,0.00
2025-01-31 23:00,9.3,96,87,5.0,201,8.9,10.6,12.5,0.00
2025-02-01 00:00,9.0,97,92,3.9,202,8.7,10.4,12.3,0.00
2025-02-01 01:00,9.1,95,79,4.7,203,9.0,10.3,12.1,0.00
2025-02-01 02:00,9.1,94,92,5.2,205,8.8,10.2,12.0,0.00
2025-02-01 03:00,8.9,96,84,5.6,207,8.5,10.0,11.9,0.00
2025-02-01 04:00,8.7,96,83,5.6,207,8.5,9.9,11.8,0.00
2025-02-01 05:00,8.7,95,72,5.0,201,8.0,9.8,11.7,0.00
2025-02-01 06:00,8.3,95,64,5.2,192,7.4,9.6,11.6,0.00
2025-02-01 07:00,7.8,94,57,4.8,207,6.8,9.1,11.4,0.00
2025-02-01 08:00,7.9,94,45,5.0,210,8.2,8.9,11.3,0.00
2025-02-01 09:00,11.2,89,13,6.9,219,13.1,9.8,11.2,0.00
2025-02-01 10:00,13.2,77,7,12.5,229,15.4,11.3,11.2,0.00
2025-02-01 11:00,14.6,67,0,14.4,233,16.7,12.6,11.3,0.00
2025-02-01 12:00,15.6,57,5,16.0,234,17.4,13.6,11.6,0.00
2025-02-01 13:00,16.2,52,30,15.5,248,18.0,14.4,11.8,0.00
2025-02-01 14:00,16.6,49,58,15.4,259,17.7,15.0,12.1,0.00
2025-02-01 15:00,16.7,47,34,15.6,285,16.7,15.1,12.4,0.00
2025-02-01 16:00,15.7,46,0,13.5,304,14.6,14.9,12.7,0.00
2025-02-01 17:00,14.2,58,3,10.0,296,12.2,14.2,12.9,0.00
2025-02-01 18:00,12.6,65,20,6.4,254,10.1,13.2,13.0,0.00
2025-02-01 19:00,11.0,74,14,6.6,189,9.2,12.1,13.0,0.00
2025-02-01 20:00,10.5,77,37,6.4,196,8.7,11.4,12.9,0.00
2025-02-01 21:00,10.8,78,65,6.8,198,9.3,11.0,12.7,0.00
2025-02-01 22:00,10.7,82,73,6.4,207,9.6,10.8,12.6,0.00
2025-02-01 23:00,10.8,85,72,6.1,220,9.8,10.8,12.5,0.00
2025-02-02 00:00,10.9,83,72,6.8,205,9.6,10.9,12.4,0.00
2025-02-02 01:00,10.8,85,60,7.8,202,9.5,10.8,12.3,0.00
2025-02-02 02:00,10.8,81,63,9.3,216,9.6,10.7,12.2,0.00
2025-02-02 03:00,10.7,77,74,7.8,214,9.2,10.5,12.1,0.00
2025-02-02 04:00,10.5,75,61,6.2,216,8.9,10.3,12.0,0.00
2025-02-02 05:00,10.2,74,43,7.9,223,8.6,10.2,11.9,0.00
2025-02-02 06:00,9.7,75,42,6.0,197,7.9,10.0,11.8,0.00
2025-02-02 07:00,9.2,78,71,4.7,157,7.8,9.6,11.6,0.00
2025-02-02 08:00,9.4,83,85,3.6,135,9.0,9.6,11.5,0.00
2025-02-02 09:00,11.4,82,80,3.9,158,12.1,10.3,11.4,0.00
2025-02-02 10:00,13.1,77,79,3.0,194,15.5,11.4,11.4,0.00
2025-02-02 11:00,14.7,66,36,5.6,255,18.4,13.0,11.6,0.00
2025-02-02 12:00,15.3,67,88,10.8,285,17.3,14.1,11.8,0.00
2025-02-02 13:00,16.2,63,75,11.8,290,18.5,14.8,12.2,0.00
2025-02-02 14:00,16.6,61,62,14.4,302,18.4,15.4,12.5,0.00
2025-02-02 15:00,16.2,69,32,14.5,318,17.9,15.7,12.7,0.00
2025-02-02 16:00,15.6,70,32,10.8,323,15.9,15.6,12.9,0.00
2025-02-02 17:00,14.7,75,32,5.7,325,13.4,14.9,13.2,0.00
2025-02-02 18:00,13.5,81,21,3.1,69,10.9,14.0,13.3,0.00
2025-02-02 19:00,12.3,86,28,2.4,117,9.6,12.8,13.3,0.00
2025-02-02 20:00,11.0,90,25,2.9,180,8.7,11.8,13.3,0.00
2025-02-02 21:00,10.6,83,62,5.6,195,9.4,11.5,13.2,0.00
2025-02-02 22:00,10.3,82,45,5.4,200,8.8,11.0,13.0,0.00
2025-02-02 23:00,9.8,87,37,4.5,209,8.3,10.7,12.8,0.00
2025-02-03 00:00,9.2,90,52,4.2,200,8.0,10.3,12.6,0.00
2025-02-03 01:00,9.2,91,52,4.2,200,7.9,10.0,12.5,0.00
2025-02-03 02:00,9.3,91,79,4.0,207,8.3,9.9,12.3,0.00
2025-02-03 03:00,9.7,93,95,3.9,202,9.1,9.9,12.1,0.00
2025-02-03 04:00,10.1,92,100,1.5,194,9.0,10.0,12.0,0.00
2025-02-03 05:00,10.0,93,100,1.6,207,8.6,10.0,11.9,0.00
2025-02-03 06:00,9.7,96,64,2.2,279,8.0,9.8,11.7,0.00
2025-02-03 07:00,9.1,98,96,0.7,90,7.1,9.5,11.6,0.00
2025-02-03 08:00,9.5,93,100,0.7,90,8.7,9.3,11.5,0.00
2025-02-03 09:00,10.8,92,100,1.8,307,11.8,10.0,11.4,0.10
2025-02-03 10:00,11.7,93,100,4.7,302,12.0,10.9,11.4,0.80
2025-02-03 11:00,12.0,92,100,6.3,121,12.4,11.4,11.4,3.30
2025-02-03 12:00,12.8,92,100,9.1,108,12.9,11.8,11.4,1.00
2025-02-03 13:00,15.1,82,100,0.7,180,16.8,12.6,11.6,0.20
2025-02-03 14:00,15.0,88,97,2.6,326,16.7,13.5,11.8,0.40
2025-02-03 15:00,14.6,88,95,7.6,357,14.5,13.7,12.0,0.00
2025-02-03 16:00,13.7,90,100,8.3,18,13.4,13.4,12.2,0.00
2025-02-03 17:00,13.3,91,100,5.2,34,12.7,13.1,12.3,0.00
2025-02-03 18:00,12.5,93,99,4.8,48,11.5,12.8,12.4,0.00
2025-02-03 19:00,12.0,94,100,3.4,252,10.8,12.2,12.4,0.00
2025-02-03 20:00,11.2,96,100,6.0,253,10.7,11.8,12.4,0.00
2025-02-03 21:00,10.8,94,100,6.0,237,10.1,11.5,12.4,0.00
2025-02-03 22:00,10.7,92,100,6.1,230,9.9,11.2,12.3,0.00
2025-02-03 23:00,10.4,90,100,6.1,220,9.6,10.9,12.2,0.00
2025-02-04 00:00,10.0,90,99,5.9,218,9.0,10.6,12.1,0.00
2025-02-04 01:00,9.9,88,100,5.4,222,9.0,10.5,12.0,0.00
2025-02-04 02:00,9.6,88,99,5.6,220,8.6,10.3,11.9,0.00
2025-02-04 03:00,9.2,88,89,5.4,217,8.2,9.9,11.8,0.00
2025-02-04 04:00,8.9,87,80,5.2,205,7.9,9.7,11.6,0.00
2025-02-04 05:00,8.6,88,93,5.0,210,7.8,9.5,11.5,0.00
2025-02-04 06:00,8.5,88,93,5.5,212,7.8,9.3,11.4,0.00
2025-02-04 07:00,8.4,88,91,5.0,210,7.4,9.2,11.2,0.00
2025-02-04 08:00,8.7,88,89,5.6,220,8.6,9.2,11.1,0.00
2025-02-04 09:00,10.9,86,58,5.1,225,12.4,9.9,11.0,0.00
2025-02-04 10:00,12.6,77,53,9.4,247,14.8,11.1,11.1,0.00
2025-02-04 11:00,13.8,72,50,12.4,248,15.9,12.3,11.2,0.00
2025-02-04 12:00,14.7,66,75,12.4,260,16.8,13.3,11.4,0.00
2025-02-04 13:00,15.1,63,76,12.2,256,16.6,14.0,11.6,0.00
2025-02-04 14:00,15.3,60,79,10.2,247,15.5,14.3,11.9,0.00
2025-02-04 15:00,15.7,60,76,5.9,256,16.4,14.4,12.1,0.00
2025-02-04 16:00,15.6,61,90,4.3,312,15.4,14.4,12.4,0.00
2025-02-04 17:00,14.0,81,65,10.0,13,13.0,14.1,12.5,0.00
2025-02-04 18:00,12.4,83,80,6.4,38,10.8,13.2,12.6,0.00
2025-02-04 19:00,11.7,86,74,3.3,77,10.2,12.3,12.7,0.00
2025-02-04 20:00,11.3,87,61,1.3,124,9.0,11.7,12.6,0.00
2025-02-04 21:00,10.4,90,13,2.6,196,8.2,11.0,12.5,0.00
2025-02-04 22:00,8.9,97,33,3.4,212,7.7,10.4,12.4,0.00
2025-02-04 23:00,8.1,98,45,3.1,201,7.2,9.9,12.2,0.00
2025-02-05 00:00,7.4,98,50,4.0,190,6.7,9.4,12.0,0.00
2025-02-05 01:00,6.9,99,72,4.3,185,6.5,9.1,11.8,0.00
2025-02-05 02:00,6.7,99,80,4.0,190,6.6,8.8,11.6,0.00
2025-02-05 03:00,6.8,100,85,4.0,185,6.7,8.7,11.4,0.00
2025-02-05 04:00,6.7,99,85,3.7,191,6.6,8.5,11.2,0.00
2025-02-05 05:00,6.9,99,84,3.7,191,6.9,8.5,11.0,0.00
2025-02-05 06:00,6.9,99,84,4.7,203,6.8,8.4,10.9,0.00
2025-02-05 07:00,6.7,99,71,4.2,200,6.3,8.3,10.7,0.00
2025-02-05 08:00,7.0,98,54,3.9,202,7.9,8.2,10.6,0.00
2025-02-05 09:00,9.9,96,47,3.4,212,12.8,9.1,10.5,0.00
2025-02-05 10:00,12.1,90,42,3.1,234,15.9,10.8,10.5,0.00
2025-02-05 11:00,14.0,81,49,2.4,27,17.2,12.3,10.7,0.00
2025-02-05 12:00,15.0,73,30,7.9,47,17.9,13.6,10.9,0.00
2025-02-05 13:00,15.4,71,66,12.3,40,17.9,14.4,11.2,0.00
2025-02-05 14:00,14.9,74,42,14.4,37,16.3,14.7,11.6,0.00
2025-02-05 15:00,15.1,72,32,14.1,40,16.5,14.7,11.9,0.00
2025-02-05 16:00,14.6,73,32,14.8,41,14.6,14.5,12.1,0.00
2025-02-05 17:00,13.8,73,0,12.8,52,12.4,13.9,12.3,0.00
2025-02-05 18:00,12.3,81,6,9.0,61,10.4,13.0,12.4,0.00
2025-02-05 19:00,11.3,87,42,6.4,74,9.6,12.0,12.4,0.00
2025-02-05 20:00,10.6,90,26,3.7,101,8.8,11.3,12.4,0.00
2025-02-05 21:00,10.0,90,16,2.3,108,7.9,10.7,12.3,0.00
2025-02-05 22:00,9.5,91,14,2.2,180,6.9,10.0,12.1,0.00
2025-02-05 23:00,8.6,94,1,3.0,194,6.6,9.5,12.0,0.00
2025-02-06 00:00,6.7,98,49,4.6,198,6.2,9.1,11.8,0.00
2025-02-06 01:00,6.1,99,49,4.8,193,5.7,8.7,11.6,0.00
2025-02-06 02:00,5.8,98,49,4.3,185,5.3,8.3,11.4,0.00
2025-02-06 03:00,5.4,100,59,4.8,193,5.1,8.0,11.1,0.00
2025-02-06 04:00,5.2,100,58,4.7,189,4.9,7.7,10.9,0.00
2025-02-06 05:00,4.9,100,62,4.0,190,4.5,7.4,10.7,0.00
2025-02-06 06:00,4.6,100,66,4.4,189,4.3,7.1,10.5,0.00
2025-02-06 07:00,4.4,100,63,4.5,194,4.1,6.9,10.3,0.00
2025-02-06 08:00,5.0,99,54,3.9,202,6.2,6.8,10.1,0.00
2025-02-06 09:00,8.9,95,0,3.3,229,12.1,8.1,9.9,0.00
2025-02-06 10:00,11.9,88,0,3.6,264,16.0,9.9,9.9,0.00
2025-02-06 11:00,14.1,81,35,1.6,333,17.6,11.9,10.1,0.00
2025-02-06 12:00,15.2,72,33,4.3,24,18.4,13.3,10.4,0.00
2025-02-06 13:00,15.7,71,57,8.7,24,18.9,14.3,10.7,0.00
2025-02-06 14:00,15.3,74,51,12.6,27,17.5,14.8,11.1,0.00
2025-02-06 15:00,15.3,73,40,13.0,28,17.1,15.0,11.5,0.00
2025-02-06 16:00,14.7,75,50,11.8,38,15.1,14.7,11.8,0.00
2025-02-06 17:00,13.7,80,85,8.9,47,12.5,14.0,12.0,0.00
2025-02-06 18:00,12.5,84,28,4.8,48,10.8,13.1,12.2,0.00
2025-02-06 19:00,11.3,89,38,2.4,63,8.8,12.1,12.2,0.00
2025-02-06 20:00,10.7,90,1,1.1,108,7.1,11.0,12.2,0.00
2025-02-06 21:00,8.8,95,0,3.3,193,6.6,9.9,12.0,0.00
2025-02-06 22:00,7.0,100,60,3.4,198,6.3,9.4,11.9,0.00
2025-02-06 23:00,6.3,100,61,3.5,204,5.6,8.9,11.7,0.00
2025-02-07 00:00,5.8,98,50,4.1,195,5.2,8.5,11.5,0.00
2025-02-07 01:00,5.5,96,37,4.0,190,4.8,8.1,11.3,0.00
2025-02-07 02:00,5.2,96,37,4.0,180,4.5,7.7,11.0,0.00
2025-02-07 03:00,4.8,97,46,4.0,190,4.1,7.3,10.8,0.00
2025-02-07 04:00,4.2,98,51,3.7,191,3.7,7.0,10.6,0.00
2025-02-07 05:00,3.9,98,47,3.3,193,3.2,6.7,10.3,0.00
2025-02-07 06:00,3.8,96,39,4.1,195,3.1,6.4,10.1,0.00
2025-02-07 07:00,3.7,95,34,3.9,202,2.9,6.1,9.9,0.00
2025-02-07 08:00,4.4,94,27,3.7,209,5.3,6.0,9.6,0.00
2025-02-07 09:00,8.8,89,0,3.1,225,12.0,7.4,9.5,0.00
2025-02-07 10:00,12.5,77,0,6.8,252,16.3,9.5,9.5,0.00
2025-02-07 11:00,14.8,70,0,9.0,254,18.4,11.6,9.7,0.00
2025-02-07 12:00,15.9,66,0,11.3,253,19.3,13.2,10.0,0.00
2025-02-07 13:00,17.1,61,5,10.2,252,20.5,14.5,10.4,0.00
2025-02-07 14:00,17.8,53,11,8.7,246,20.4,15.4,10.8,0.00
2025-02-07 15:00,18.7,44,9,7.4,284,19.9,16.2,11.3,0.00
2025-02-07 16:00,17.1,65,0,10.6,350,16.8,16.1,11.7,0.00
2025-02-07 17:00,14.9,75,0,8.2,23,13.5,15.2,12.0,0.00
2025-02-07 18:00,13.1,82,1,2.9,90,10.1,13.9,12.2,0.00
2025-02-07 19:00,11.4,89,98,3.8,163,8.9,12.4,12.3,0.00
2025-02-07 20:00,9.7,96,100,4.0,190,8.3,11.4,12.3,0.00
2025-02-07 21:00,8.8,94,91,5.1,188,7.7,10.7,12.2,0.00
2025-02-07 22:00,8.1,92,100,4.4,189,6.8,10.0,12.1,0.00
2025-02-07 23:00,7.3,91,0,4.5,194,6.0,9.4,11.9,0.00
2025-02-08 00:00,7.1,87,0,4.7,203,5.7,9.0,11.7,0.00
2025-02-08 01:00,6.6,86,61,4.5,209,5.2,8.5,11.5,0.00
2025-02-08 02:00,6.3,87,0,4.3,222,4.9,8.0,11.3,0.00
2025-02-08 03:00,6.3,82,10,5.4,222,4.7,7.6,11.0,0.00
2025-02-08 04:00,6.4,76,73,5.6,225,4.9,7.4,10.8,0.00
2025-02-08 05:00,7.0,72,83,5.7,235,5.9,7.4,10.6,0.00
2025-02-08 06:00,7.9,75,71,7.4,227,6.8,7.5,10.4,0.00
2025-02-08 07:00,8.7,74,89,8.7,232,7.4,7.8,10.2,0.00
2025-02-08 08:00,10.2,72,73,9.8,234,9.2,8.3,10.1,0.00
2025-02-08 09:00,13.3,73,39,9.7,231,13.6,9.6,10.1,0.00
2025-02-08 10:00,15.9,63,52,14.3,236,16.7,11.1,10.2,0.00
2025-02-08 11:00,17.2,61,55,16.6,246,18.4,12.6,10.4,0.00
2025-02-08 12:00,19.0,50,48,17.6,242,19.9,14.0,10.7,0.00
2025-02-08 13:00,19.8,46,39,17.1,248,20.4,15.0,11.1,0.00
2025-02-08 14:00,20.3,44,55,14.1,257,20.6,15.8,11.4,0.00
2025-02-08 15:00,20.0,50,59,11.8,301,18.7,16.0,11.8,0.00
2025-02-08 16:00,18.2,70,59,12.3,339,17.3,15.9,12.2,0.00
2025-02-08 17:00,17.3,79,53,7.3,351,15.7,15.5,12.5,0.00
2025-02-08 18:00,15.7,85,48,3.8,73,13.0,14.8,12.7,0.00
2025-02-08 19:00,13.7,94,45,4.2,121,11.8,13.8,12.8,0.00
2025-02-08 20:00,12.6,97,67,3.5,114,11.2,13.0,12.8,0.00
2025-02-08 21:00,12.3,96,70,3.3,131,11.0,12.5,12.8,0.00
2025-02-08 22:00,12.2,95,76,3.5,156,11.0,12.2,12.8,0.00
2025-02-08 23:00,11.8,97,85,2.4,153,10.5,11.9,12.7,0.00
2025-02-09 00:00,12.2,94,85,1.9,158,10.1,11.7,12.7,0.00
2025-02-09 01:00,11.9,95,78,2.3,162,9.9,11.4,12.6,0.00
2025-02-09 02:00,11.5,96,76,2.5,188,9.9,11.2,12.5,0.00
2025-02-09 03:00,11.1,95,73,2.9,187,9.8,11.2,12.4,0.00
2025-02-09 04:00,10.3,97,63,3.0,194,9.3,11.0,12.3,0.00
2025-02-09 05:00,9.4,99,77,3.0,194,8.7,10.6,12.2,0.00
2025-02-09 06:00,8.9,99,76,3.4,198,8.1,10.4,12.0,0.00
2025-02-09 07:00,8.3,100,68,3.0,194,7.6,10.0,11.9,0.00
2025-02-09 08:00,8.6,99,65,2.7,203,9.8,9.8,11.8,0.00
2025-02-09 09:00,12.4,94,1,2.4,243,15.6,11.0,11.7,0.00
2025-02-09 10:00,15.9,81,0,3.1,315,19.5,12.9,11.8,0.00
2025-02-09 11:00,17.8,74,0,6.8,18,21.5,14.8,12.0,0.00
2025-02-09 12:00,17.9,74,19,12.2,28,20.3,15.9,12.3,0.00
2025-02-09 13:00,17.9,76,52,15.1,25,20.5,16.5,12.6,0.00
2025-02-09 14:00,17.7,76,42,16.5,32,19.8,16.9,13.0,0.00
2025-02-09 15:00,17.4,77,39,15.9,33,19.0,17.0,13.3,0.00
2025-02-09 16:00,16.6,82,47,14.5,35,17.0,16.7,13.5,0.00
2025-02-09 17:00,15.5,88,71,12.0,39,14.9,16.0,13.7,0.00
2025-02-09 18:00,14.4,90,44,7.0,35,12.9,15.1,13.8,0.00
2025-02-09 19:00,13.5,93,42,3.9,22,11.9,14.2,13.9,0.00
2025-02-09 20:00,12.7,96,36,2.3,342,10.6,13.4,13.9,0.00
2025-02-09 21:00,12.1,97,16,1.3,236,8.8,12.3,13.7,0.00
2025-02-09 22:00,11.2,100,70,3.1,225,8.4,11.5,13.6,0.00
2025-02-09 23:00,10.5,100,69,3.3,221,9.1,11.1,13.3,0.00
2025-02-10 00:00,9.9,100,69,3.7,209,8.9,11.0,13.2,0.00
2025-02-10 01:00,9.5,100,66,3.5,204,8.5,10.7,13.0,0.00
2025-02-10 02:00,9.2,100,70,2.9,187,8.2,10.5,12.8,0.00
2025-02-10 03:00,8.6,100,74,3.3,186,7.9,10.1,12.6,0.00
2025-02-10 04:00,8.2,100,74,3.0,194,7.6,9.9,12.4,0.00
2025-02-10 05:00,7.8,100,73,2.6,196,7.3,9.6,12.2,0.00
2025-02-10 06:00,7.5,100,80,3.4,198,7.5,9.4,12.0,0.00
2025-02-10 07:00,7.3,100,88,3.4,198,6.8,9.2,11.8,0.00
2025-02-10 08:00,7.7,99,89,3.4,212,8.7,9.1,11.6,0.00
2025-02-10 09:00,11.9,93,72,4.1,225,15.2,10.3,11.5,0.00
2025-02-10 10:00,14.3,86,47,5.6,230,18.3,12.2,11.5,0.00
2025-02-10 11:00,16.3,80,81,3.2,243,20.1,14.0,11.7,0.00
2025-02-10 12:00,17.8,72,75,2.0,315,21.1,15.3,11.9,0.00
2025-02-10 13:00,18.6,71,62,4.7,4,22.2,16.5,12.3,0.00
2025-02-10 14:00,18.6,72,100,11.0,23,20.8,17.3,12.7,0.00
2025-02-10 15:00,17.4,75,26,14.7,31,18.9,17.3,13.1,0.00
2025-02-10 16:00,16.7,79,96,14.0,35,17.1,16.9,13.4,0.00
2025-02-10 17:00,15.7,85,81,10.8,37,14.9,16.1,13.7,0.00
2025-02-10 18:00,14.1,90,55,5.6,27,12.3,15.1,13.8,0.00
2025-02-10 19:00,13.1,93,22,2.5,352,10.9,13.9,13.8,0.00
2025-02-10 20:00,12.1,96,23,3.0,284,9.9,12.9,13.8,0.00
2025-02-10 21:00,11.1,98,25,2.9,210,9.1,12.2,13.6,0.00
2025-02-10 22:00,10.4,100,70,2.3,198,8.3,11.5,13.5,0.00
2025-02-10 23:00,10.6,100,71,1.6,207,7.3,10.8,13.3,0.00
2025-02-11 00:00,10.5,100,96,3.1,225,8.4,10.5,13.0,0.00
2025-02-11 01:00,9.5,100,96,3.3,229,9.0,10.4,12.8,0.00
2025-02-11 02:00,9.6,100,90,2.2,189,9.0,10.5,12.6,0.00
2025-02-11 03:00,9.3,100,100,2.5,180,8.9,10.5,12.5,0.00
2025-02-11 04:00,9.4,100,100,2.0,225,9.3,10.4,12.3,0.00
2025-02-11 05:00,9.6,100,100,2.1,211,9.6,10.5,12.2,0.00
2025-02-11 06:00,9.5,100,100,2.6,236,9.6,10.4,12.0,0.00
2025-02-11 07:00,9.4,100,100,2.9,240,9.2,10.4,11.9,0.00
2025-02-11 08:00,10.2,99,100,2.4,243,10.9,10.5,11.8,0.00
2025-02-11 09:00,12.4,99,100,2.9,263,14.7,11.5,11.8,0.00
2025-02-11 10:00,14.6,85,100,4.4,235,17.6,12.8,11.9,0.00
2025-02-11 11:00,16.1,81,100,1.9,248,19.4,14.3,12.1,0.00
2025-02-11 12:00,17.1,75,100,1.5,346,20.3,15.6,12.4,0.00
2025-02-11 13:00,18.0,74,100,4.7,32,21.5,16.5,12.7,0.00
2025-02-11 14:00,18.3,74,100,9.2,39,21.6,17.3,13.1,0.00
2025-02-11 15:00,17.3,75,99,11.6,36,19.1,17.4,13.5,0.00
2025-02-11 16:00,16.5,78,28,11.3,37,17.2,17.0,13.8,0.00
2025-02-11 17:00,15.4,86,38,8.7,30,14.9,16.2,14.0,0.00
2025-02-11 18:00,13.8,90,0,4.3,5,11.9,15.1,14.1,0.00
2025-02-11 19:00,12.6,93,0,1.8,11,10.1,13.8,14.1,0.00
2025-02-11 20:00,12.0,95,0,1.4,180,8.8,12.6,14.0,0.00
2025-02-11 21:00,10.6,99,51,3.7,209,9.0,11.8,13.8,0.00
2025-02-11 22:00,10.3,100,66,3.5,204,9.0,11.3,13.6,0.00
2025-02-11 23:00,9.5,100,65,3.9,214,8.6,11.0,13.4,0.00
2025-02-12 00:00,9.1,98,51,4.1,232,8.2,10.8,13.2,0.00
2025-02-12 01:00,9.2,93,37,3.1,201,7.5,10.4,13.0,0.00
2025-02-12 02:00,9.3,85,99,2.6,196,6.7,9.9,12.7,0.00
2025-02-12 03:00,9.0,79,99,3.6,217,6.5,9.6,12.5,0.00
2025-02-12 04:00,8.7,80,85,2.8,220,6.0,9.2,12.2,0.00
2025-02-12 05:00,8.9,75,82,1.1,270,5.0,8.7,12.0,0.00
2025-02-12 06:00,8.7,70,100,2.6,214,5.0,8.5,11.8,0.00
2025-02-12 07:00,8.2,68,100,3.6,180,5.2,8.0,11.5,0.00
2025-02-12 08:00,8.3,72,22,4.0,185,8.1,8.1,11.3,0.00
2025-02-12 09:00,12.0,76,0,4.2,211,14.5,9.6,11.1,0.00
2025-02-12 10:00,16.4,58,2,7.2,252,19.1,12.0,11.1,0.00
2025-02-12 11:00,18.1,54,28,10.1,253,20.4,14.1,11.4,0.00
2025-02-12 12:00,19.3,52,0,10.2,260,22.4,15.8,11.8,0.00
2025-02-12 13:00,20.1,52,3,10.0,285,23.2,17.0,12.2,0.00
2025-02-12 14:00,19.8,62,29,15.4,327,21.9,17.8,12.7,0.00
2025-02-12 15:00,18.2,68,36,17.9,335,19.5,17.8,13.2,0.00
2025-02-12 16:00,17.4,68,58,17.8,313,17.3,17.2,13.5,0.00
2025-02-12 17:00,16.6,69,89,14.7,298,15.7,16.4,13.8,0.00
2025-02-12 18:00,15.6,68,86,8.0,278,13.8,15.5,14.0,0.00
2025-02-12 19:00,14.6,71,68,6.7,216,12.9,14.7,14.0,0.00
2025-02-12 20:00,13.9,71,35,8.5,208,12.3,14.0,14.0,0.00
2025-02-12 21:00,13.0,71,0,8.7,204,10.8,13.4,14.0,0.00
2025-02-12 22:00,12.2,71,1,7.8,202,10.0,12.6,13.9,0.00
2025-02-12 23:00,11.5,70,0,7.2,198,9.3,12.0,13.7,0.00
2025-02-13 00:00,11.3,68,0,9.0,196,9.2,11.6,13.5,0.00
2025-02-13 01:00,11.0,69,0,8.8,199,9.0,11.2,13.4,0.00
2025-02-13 02:00,10.5,70,0,7.6,205,8.4,10.9,13.2,0.00
2025-02-13 03:00,10.1,68,0,7.2,198,8.0,10.6,13.0,0.00
2025-02-13 04:00,9.2,72,0,6.0,197,7.3,10.2,12.7,0.00
2025-02-13 05:00,8.2,77,0,5.4,200,6.5,9.8,12.5,0.00
2025-02-13 06:00,7.7,79,0,5.6,195,6.2,9.4,12.3,0.00
2025-02-13 07:00,7.1,82,0,5.7,198,5.9,9.0,12.1,0.00
2025-02-13 08:00,7.6,84,0,5.2,205,8.5,8.9,11.8,0.00
2025-02-13 09:00,12.2,78,0,4.2,211,15.4,10.3,11.7,0.00
2025-02-13 10:00,15.3,61,0,4.8,228,19.5,12.5,11.7,0.00
2025-02-13 11:00,17.4,56,0,3.7,259,21.3,14.6,11.9,0.00
2025-02-13 12:00,18.4,55,16,5.4,312,22.7,16.1,12.3,0.00
2025-02-13 13:00,18.9,53,36,9.2,339,23.0,17.4,12.7,0.00
2025-02-13 14:00,18.4,54,12,12.3,357,21.5,17.9,13.1,0.00
2025-02-13 15:00,18.0,58,4,12.1,12,20.4,18.0,13.5,0.00
2025-02-13 16:00,17.1,65,28,11.1,25,18.0,17.7,13.8,0.00
2025-02-13 17:00,16.1,71,5,9.2,42,15.2,16.7,14.1,0.00
2025-02-13 18:00,14.4,77,0,5.6,45,12.1,15.5,14.2,0.00
2025-02-13 19:00,12.9,84,0,2.8,50,10.3,14.1,14.2,0.00
2025-02-13 20:00,12.4,84,0,1.1,180,8.6,12.9,14.2,0.00
2025-02-13 21:00,10.6,89,0,3.3,193,8.2,11.8,14.0,0.00
2025-02-13 22:00,9.0,94,12,3.3,186,7.7,11.2,13.8,0.00
2025-02-13 23:00,8.8,92,5,2.9,180,6.9,10.6,13.5,0.00
2025-02-14 00:00,8.2,90,5,3.6,180,6.5,10.0,13.3,0.00
2025-02-14 01:00,7.6,89,4,3.6,180,6.1,9.6,13.0,0.00
2025-02-14 02:00,6.9,90,4,3.3,167,5.6,9.2,12.7,0.00
2025-02-14 03:00,6.1,91,6,3.6,174,5.0,8.7,12.4,0.00
2025-02-14 04:00,5.6,91,6,3.2,180,4.6,8.3,12.1,0.00
2025-02-14 05:00,5.3,90,6,3.3,174,4.3,7.9,11.8,0.00
2025-02-14 06:00,4.6,94,7,3.8,197,3.9,7.4,11.5,0.00
2025-02-14 07:00,4.7,93,7,3.4,198,3.7,7.2,11.2,0.00
2025-02-14 08:00,5.9,90,6,3.3,193,7.1,7.2,11.0,0.00
2025-02-14 09:00,10.8,84,0,2.4,207,14.4,8.8,10.8,0.00
2025-02-14 10:00,15.0,69,0,2.9,240,19.0,11.3,10.8,0.00
2025-02-14 11:00,17.8,60,0,0.0,270,21.6,13.6,11.0,0.00
2025-02-14 12:00,18.8,59,0,4.9,36,22.6,15.2,11.4,0.00
2025-02-14 13:00,19.8,54,0,9.3,36,23.2,16.7,11.8,0.00
2025-02-14 14:00,19.4,54,0,12.1,37,21.7,17.5,12.3,0.00
2025-02-14 15:00,19.0,60,0,13.1,37,20.4,17.6,12.8,0.00
2025-02-14 16:00,18.3,60,0,11.3,37,18.2,17.2,13.2,0.00
2025-02-14 17:00,17.0,63,0,7.6,19,15.2,16.5,13.5,0.00
2025-02-14 18:00,14.4,69,0,4.4,351,11.4,15.2,13.7,0.00
2025-02-14 19:00,12.6,79,0,2.5,315,9.3,13.6,13.7,0.00
2025-02-14 20:00,11.6,81,0,1.8,281,7.9,12.2,13.6,0.00
2025-02-14 21:00,10.8,78,0,1.8,217,6.9,11.2,13.5,0.00
2025-02-14 22:00,10.7,77,0,2.5,180,6.3,10.3,13.2,0.00
2025-02-14 23:00,10.3,77,0,2.3,162,5.8,9.7,13.0,0.00
2025-02-15 00:00,9.5,79,0,3.0,166,5.6,9.2,12.7,0.00
2025-02-15 01:00,8.6,80,0,3.0,166,5.4,8.9,12.4,0.00
2025-02-15 02:00,7.9,79,0,2.9,180,4.9,8.5,12.1,0.00
2025-02-15 03:00,6.7,83,0,2.9,187,4.5,8.1,11.8,0.00
2025-02-15 04:00,5.9,85,1,2.9,187,4.1,7.7,11.6,0.00
2025-02-15 05:00,5.3,91,1,2.3,198,3.8,7.4,11.3,0.00
2025-02-15 06:00,5.1,93,6,3.3,167,3.6,7.0,11.0,0.00
2025-02-15 07:00,5.6,88,5,3.1,159,3.4,6.8,10.8,0.00
2025-02-15 08:00,6.1,89,1,3.0,194,7.1,6.9,10.5,0.00
2025-02-15 09:00,10.2,86,9,1.8,217,13.7,8.5,10.4,0.00
2025-02-15 10:00,14.4,72,6,1.3,236,18.2,10.8,10.4,0.00
2025-02-15 11:00,17.5,63,14,0.5,225,21.1,13.1,10.6,0.00
2025-02-15 12:00,19.4,56,7,2.9,30,22.8,14.9,11.0,0.00
2025-02-15 13:00,21.1,52,16,6.3,24,24.4,16.6,11.4,0.00
2025-02-15 14:00,21.0,55,81,9.8,28,23.3,17.7,11.9,0.00
2025-02-15 15:00,19.3,60,58,11.6,26,20.2,17.6,12.4,0.00
2025-02-15 16:00,18.1,65,100,11.2,33,17.4,17.1,12.9,0.00
2025-02-15 17:00,16.6,76,100,8.4,20,15.3,16.2,13.2,0.00
2025-02-15 18:00,14.8,87,100,5.0,360,12.9,15.2,13.4,0.00
2025-02-15 19:00,13.5,94,97,3.2,360,11.7,14.0,13.5,0.00
2025-02-15 20:00,12.9,95,100,2.1,59,10.9,13.2,13.5,0.00
2025-02-15 21:00,12.6,95,100,1.6,333,10.0,12.5,13.4,0.00
2025-02-15 22:00,12.2,97,100,2.5,270,9.8,11.9,13.3,0.00
2025-02-15 23:00,11.7,99,100,2.2,99,9.1,11.5,13.2,0.00
2025-02-16 00:00,12.0,100,100,0.5,225,8.8,11.1,13.0,0.00
2025-02-16 01:00,10.6,100,98,4.4,235,9.2,10.7,12.8,0.00
2025-02-16 02:00,9.9,100,94,3.3,174,9.0,10.7,12.7,0.00
2025-02-16 03:00,9.9,100,97,2.3,162,8.9,10.7,12.5,0.00
2025-02-16 04:00,9.3,100,100,3.4,198,9.5,10.6,12.4,0.00
2025-02-16 05:00,9.9,100,100,4.0,207,9.9,10.7,12.3,0.00
2025-02-16 06:00,9.9,99,100,5.7,215,9.7,10.6,12.2,0.00
2025-02-16 07:00,10.3,94,100,8.5,216,9.7,10.7,12.1,0.00
2025-02-16 08:00,11.5,94,100,9.7,219,12.0,10.9,12.0,0.00
2025-02-16 09:00,13.8,87,100,12.0,224,14.3,11.7,12.0,0.00
2025-02-16 10:00,15.5,82,100,12.9,234,16.4,12.7,12.0,0.00
2025-02-16 11:00,16.7,78,100,13.7,247,17.7,13.6,12.2,0.00
2025-02-16 12:00,16.8,78,100,13.2,259,16.7,14.1,12.3,0.00
2025-02-16 13:00,17.1,77,100,12.6,290,17.8,14.8,12.5,0.00
2025-02-16 14:00,16.3,85,100,10.9,316,16.9,15.1,12.8,0.00
2025-02-16 15:00,16.5,83,96,11.5,328,16.8,15.6,13.0,0.00
2025-02-16 16:00,16.1,84,100,10.8,334,16.3,15.3,13.2,0.00
2025-02-16 17:00,15.7,85,94,4.1,322,14.9,15.0,13.4,0.00
2025-02-16 18:00,14.7,84,36,4.4,145,12.1,14.5,13.5,0.00
2025-02-16 19:00,12.9,92,29,5.3,152,11.0,13.5,13.5,0.00
2025-02-16 20:00,11.9,88,6,4.0,180,9.9,12.6,13.5,0.00
2025-02-16 21:00,10.6,82,0,5.1,176,8.9,11.8,13.3,0.00
2025-02-16 22:00,9.9,84,0,5.1,184,8.4,11.2,13.2,0.00
2025-02-16 23:00,9.3,87,0,4.6,198,7.9,10.7,13.0,0.00
2025-02-17 00:00,9.2,85,0,5.2,192,7.7,10.4,12.8,0.00
2025-02-17 01:00,8.6,88,0,4.8,193,7.2,10.0,12.6,0.00
2025-02-17 02:00,8.2,89,0,4.4,189,6.8,9.6,12.4,0.00
2025-02-17 03:00,7.9,89,0,4.8,193,6.5,9.3,12.2,0.00
2025-02-17 04:00,7.6,91,0,4.8,193,6.3,9.0,12.0,0.00
2025-02-17 05:00,7.3,91,0,4.7,203,6.0,8.7,11.7,0.00
2025-02-17 06:00,7.4,90,0,4.9,197,6.0,8.6,11.5,0.00
2025-02-17 07:00,7.4,89,0,5.0,201,5.9,8.4,11.3,0.00
2025-02-17 08:00,8.5,88,0,4.7,212,9.3,8.5,11.1,0.00
2025-02-17 09:00,13.1,82,0,4.1,225,15.8,10.2,11.1,0.00
2025-02-17 10:00,16.4,66,0,8.2,241,19.2,12.4,11.2,0.00
2025-02-17 11:00,18.3,60,0,8.4,239,21.6,14.4,11.4,0.00
2025-02-17 12:00,19.6,54,0,4.8,297,23.3,16.1,11.8,0.00
2025-02-17 13:00,20.5,51,0,8.3,355,23.9,17.5,12.3,0.00
2025-02-17 14:00,20.0,52,0,12.4,17,22.0,18.2,12.8,0.00
2025-02-17 15:00,19.4,52,0,14.2,27,20.6,18.2,13.3,0.00
2025-02-17 16:00,18.4,56,0,14.0,35,18.3,17.8,13.6,0.00
2025-02-17 17:00,17.2,63,0,11.2,48,15.9,16.9,13.9,0.00
2025-02-17 18:00,15.2,68,85,6.5,34,12.7,15.7,14.1,0.00
2025-02-17 19:00,13.7,74,100,3.5,24,11.3,14.4,14.2,0.00
2025-02-17 20:00,13.4,75,100,0.8,27,10.2,13.3,14.1,0.00
2025-02-17 21:00,13.5,70,100,1.1,360,9.7,12.5,14.0,0.00
2025-02-17 22:00,13.4,70,86,0.4,270,8.8,11.9,13.8,0.00
2025-02-17 23:00,12.6,72,97,2.6,236,7.5,11.2,13.6,0.00
2025-02-18 00:00,11.8,74,100,2.2,261,7.7,10.8,13.4,0.00
2025-02-18 01:00,11.5,75,99,1.3,214,7.1,10.3,13.1,0.00
2025-02-18 02:00,11.1,75,76,2.3,162,6.3,9.8,12.9,0.00
2025-02-18 03:00,9.9,81,100,0.8,63,5.5,9.0,12.6,0.00
2025-02-18 04:00,9.3,84,100,1.1,288,5.3,8.7,12.3,0.00
2025-02-18 05:00,9.3,84,100,2.2,180,5.1,8.3,12.0,0.00
2025-02-18 06:00,8.9,80,0,2.6,254,4.4,7.9,11.7,0.00
2025-02-18 07:00,7.4,85,0,3.5,246,4.3,7.6,11.4,0.00
2025-02-18 08:00,7.6,85,0,4.1,232,8.5,7.8,11.2,0.00
2025-02-18 09:00,13.6,74,0,5.4,250,16.1,9.8,11.1,0.00
2025-02-18 10:00,18.3,57,11,6.5,273,21.1,12.5,11.1,0.00
2025-02-18 11:00,20.7,52,14,6.9,276,23.8,15.0,11.4,0.00
2025-02-18 12:00,21.6,53,63,9.7,329,24.7,16.8,11.8,0.00
2025-02-18 13:00,22.3,55,100,9.7,356,25.2,18.3,12.3,0.00
2025-02-18 14:00,21.6,61,100,11.8,20,24.1,19.0,12.9,0.00
2025-02-18 15:00,20.3,63,100,12.5,39,21.2,18.7,13.4,0.00
2025-02-18 16:00,19.4,64,100,11.7,43,18.6,18.3,13.8,0.00
2025-02-18 17:00,18.3,68,100,8.0,36,16.7,17.3,14.1,0.00
2025-02-18 18:00,16.6,75,88,5.8,7,14.5,16.3,14.3,0.00
2025-02-18 19:00,15.5,79,100,3.7,349,13.8,15.3,14.4,0.00
2025-02-18 20:00,15.1,81,78,1.5,14,12.6,14.6,14.4,0.00
2025-02-18 21:00,14.8,79,95,1.3,326,12.2,13.8,14.4,0.00
2025-02-18 22:00,14.3,79,97,2.3,309,12.1,13.4,14.3,0.00
2025-02-18 23:00,13.6,80,80,4.3,5,12.0,13.2,14.2,0.00
2025-02-19 00:00,14.0,86,100,1.9,22,11.5,12.9,14.1,0.00
2025-02-19 01:00,13.5,95,100,3.6,96,12.2,12.8,13.9,0.00
2025-02-19 02:00,13.5,100,100,3.7,101,12.8,12.9,13.8,0.00
2025-02-19 03:00,14.0,100,100,0.8,63,12.9,13.1,13.7,0.00
2025-02-19 04:00,13.6,100,100,4.3,246,13.0,13.1,13.7,0.00
2025-02-19 05:00,13.2,99,100,2.6,236,12.3,13.1,13.6,0.00
2025-02-19 06:00,13.1,98,100,4.1,225,12.6,13.0,13.5,0.00
2025-02-19 07:00,13.0,99,98,3.1,216,12.4,13.0,13.5,0.00
2025-02-19 08:00,13.5,99,93,3.6,180,14.4,13.1,13.4,0.00
2025-02-19 09:00,15.3,91,86,3.1,234,18.3,14.0,13.4,0.00
2025-02-19 10:00,16.5,85,84,6.4,286,19.7,15.1,13.5,0.00
2025-02-19 11:00,17.2,81,84,7.9,313,20.4,16.1,13.7,0.00
2025-02-19 12:00,17.8,78,80,10.8,339,20.3,17.2,13.9,0.00
2025-02-19 13:00,18.0,75,100,10.2,8,22.3,17.7,14.2,0.00
2025-02-19 14:00,17.5,79,100,9.8,24,21.4,18.0,14.5,0.00
2025-02-19 15:00,17.9,77,84,11.4,13,19.9,18.2,14.7,0.00
2025-02-19 16:00,17.5,75,51,11.0,19,18.7,17.9,14.9,0.00
2025-02-19 17:00,16.6,78,48,9.5,25,16.2,17.3,15.1,0.00
2025-02-19 18:00,15.3,84,64,6.6,41,13.7,16.4,15.2,0.00
2025-02-19 19:00,14.2,91,45,3.1,36,12.6,15.3,15.2,0.00
2025-02-19 20:00,13.5,92,39,1.5,14,11.1,14.4,15.1,0.00
2025-02-19 21:00,13.2,91,41,1.1,198,10.2,13.6,15.0,0.00
2025-02-19 22:00,12.5,94,49,2.8,220,9.9,12.8,14.8,0.00
2025-02-19 23:00,11.1,98,67,3.1,234,10.0,12.4,14.6,0.00
2025-02-20 00:00,10.4,98,72,3.6,217,9.7,12.2,14.4,0.00
2025-02-20 01:00,10.0,98,74,3.8,197,9.3,11.9,14.2,0.00
2025-02-20 02:00,9.5,99,78,3.3,186,9.0,11.5,14.0,0.00
2025-02-20 03:00,9.5,98,73,3.6,180,8.9,11.3,13.8,0.00
2025-02-20 04:00,9.0,100,81,3.2,180,8.6,11.1,13.6,0.00
2025-02-20 05:00,8.7,100,71,3.3,193,8.1,10.8,13.4,0.00
2025-02-20 06:00,8.3,100,66,4.1,195,7.9,10.6,13.2,0.00
2025-02-20 07:00,7.9,100,66,4.0,207,7.6,10.3,13.0,0.00
2025-02-20 08:00,8.7,98,61,3.4,212,10.6,10.3,12.8,0.00
2025-02-20 09:00,12.6,88,30,3.9,236,16.4,11.4,12.6,0.00
2025-02-20 10:00,15.6,81,7,1.8,270,19.7,13.5,12.7,0.00
2025-02-20 11:00,17.5,73,42,3.5,24,21.6,15.3,12.8,0.00
2025-02-20 12:00,18.4,69,43,7.7,28,23.0,16.7,13.1,0.00
2025-02-20 13:00,18.7,67,72,11.4,28,22.7,17.9,13.5,0.00
2025-02-20 14:00,18.0,73,53,13.9,31,21.4,18.3,13.9,0.00
2025-02-20 15:00,17.9,73,39,14.1,32,20.6,18.4,14.3,0.00
2025-02-20 16:00,17.2,73,23,13.3,41,18.4,18.0,14.6,0.00
2025-02-20 17:00,16.3,79,38,12.0,46,16.0,17.2,14.8,0.00
2025-02-20 18:00,14.9,83,26,8.4,43,13.2,16.2,14.9,0.00
2025-02-20 19:00,13.7,90,27,4.4,35,11.9,15.0,14.9,0.00
2025-02-20 20:00,12.8,92,3,2.4,27,10.5,13.9,14.9,0.00
2025-02-20 21:00,12.7,90,0,1.1,270,9.2,13.0,14.7,0.00
2025-02-20 22:00,11.8,95,0,3.1,234,8.5,12.1,14.5,0.00
2025-02-20 23:00,10.0,100,52,3.4,212,8.6,11.5,14.2,0.00
2025-02-21 00:00,9.1,100,63,3.7,191,8.3,11.3,14.0,0.00
2025-02-21 01:00,8.7,100,66,3.3,193,8.0,10.9,13.7,0.00
2025-02-21 02:00,8.2,100,65,2.9,173,7.4,10.5,13.5,0.00
2025-02-21 03:00,7.9,99,43,3.2,180,7.3,10.3,13.2,0.00
2025-02-21 04:00,7.5,100,58,2.9,180,6.9,9.9,13.0,0.00
2025-02-21 05:00,8.0,100,69,3.3,186,7.1,9.6,12.7,0.00
2025-02-21 06:00,8.6,100,68,3.1,201,7.1,9.4,12.5,0.00
2025-02-21 07:00,8.6,100,67,2.6,196,6.9,9.3,12.3,0.00
2025-02-21 08:00,9.1,99,66,3.0,194,10.5,9.5,12.1,0.00
2025-02-21 09:00,12.7,96,52,1.3,236,16.3,11.0,11.9,0.00
2025-02-21 10:00,16.4,79,2,1.5,14,20.2,13.3,12.0,0.00
2025-02-21 11:00,18.5,69,2,4.3,48,22.6,15.4,12.3,0.00
2025-02-21 12:00,19.5,64,5,10.9,34,23.4,17.1,12.7,0.00
2025-02-21 13:00,20.1,64,12,14.2,30,23.5,18.3,13.2,0.00
2025-02-21 14:00,19.6,62,100,14.3,28,21.7,18.7,13.7,0.00
2025-02-21 15:00,18.0,64,100,10.3,25,18.4,17.5,14.0,0.00
2025-02-21 16:00,17.7,68,78,8.9,21,18.1,17.2,14.3,0.00
2025-02-21 17:00,16.8,75,100,7.4,29,15.8,16.6,14.6,0.00
2025-02-21 18:00,15.6,82,100,4.7,23,13.8,15.7,14.7,0.00
2025-02-21 19:00,14.3,89,0,3.5,336,12.1,14.7,14.7,0.00
2025-02-21 20:00,13.0,90,0,3.6,307,11.1,13.7,14.6,0.00
2025-02-21 21:00,13.3,83,0,1.8,270,9.8,13.0,14.5,0.00
2025-02-21 22:00,12.9,84,0,1.0,135,9.0,12.2,14.3,0.00
2025-02-21 23:00,12.5,85,53,1.5,135,9.0,11.5,14.0,0.00
2025-02-22 00:00,10.0,98,31,2.9,173,8.7,11.0,13.8,0.00
2025-02-22 01:00,9.2,100,49,3.3,186,8.5,10.8,13.5,0.00
2025-02-22 02:00,9.1,97,7,1.8,180,7.9,10.5,13.3,0.00
2025-02-22 03:00,8.8,95,96,3.1,225,7.8,10.4,13.0,0.00
2025-02-22 04:00,9.4,92,100,0.7,180,8.3,10.2,12.8,0.00
2025-02-22 05:00,10.3,87,100,0.7,360,8.2,10.1,12.6,0.00
2025-02-22 06:00,10.2,89,100,1.8,37,8.1,9.9,12.4,0.00
2025-02-22 07:00,10.8,88,100,5.1,94,9.0,10.0,12.2,0.00
2025-02-22 08:00,11.2,92,100,4.2,110,11.3,10.4,12.1,0.00
2025-02-22 09:00,13.5,91,100,2.5,135,15.0,11.6,12.1,0.00
2025-02-22 10:00,15.9,86,100,3.7,29,18.5,13.3,12.1,0.00
2025-02-22 11:00,17.2,85,100,7.0,12,20.6,14.8,12.4,0.00
2025-02-22 12:00,17.7,82,100,8.2,23,20.4,16.1,12.7,0.00
2025-02-22 13:00,17.9,77,100,8.1,32,19.4,16.6,13.1,0.00
2025-02-22 14:00,17.6,77,100,11.7,18,18.4,16.6,13.4,0.00
2025-02-22 15:00,17.4,74,100,11.6,30,17.4,16.9,13.8,0.00
2025-02-22 16:00,16.4,83,100,10.8,26,15.9,16.4,14.0,0.20
2025-02-22 17:00,15.6,90,100,9.8,54,15.0,15.7,14.2,0.30
2025-02-22 18:00,15.0,93,100,10.5,16,14.6,15.2,14.2,1.40
2025-02-22 19:00,14.3,96,100,4.1,105,14.1,14.8,14.3,4.00
2025-02-22 20:00,13.9,96,79,5.0,210,13.1,14.4,14.3,0.00
2025-02-22 21:00,13.4,96,53,6.6,209,12.3,13.9,14.3,0.00
2025-02-22 22:00,12.7,82,27,9.4,198,11.0,13.3,14.2,0.00
2025-02-22 23:00,12.0,84,49,9.5,205,10.5,12.7,14.1,0.00
2025-02-23 00:00,11.9,82,12,11.1,205,10.3,12.4,13.9,0.00
2025-02-23 01:00,11.6,81,32,11.9,209,10.1,12.0,13.8,0.00
2025-02-23 02:00,11.4,82,11,11.9,209,9.9,11.7,13.6,0.00
2025-02-23 03:00,11.0,82,15,10.9,207,9.3,11.4,13.5,0.00
2025-02-23 04:00,10.6,83,47,7.6,205,9.0,11.1,13.3,0.00
2025-02-23 05:00,10.1,85,49,5.8,202,8.7,10.8,13.1,0.00
2025-02-23 06:00,9.9,84,77,6.2,190,9.0,10.7,12.9,0.00
2025-02-23 07:00,10.2,84,73,7.9,183,9.2,10.6,12.8,0.00
2025-02-23 08:00,11.3,82,56,6.4,196,11.5,10.8,12.6,0.00
2025-02-23 09:00,13.1,82,100,5.6,140,13.7,12.0,12.6,0.00
2025-02-23 10:00,13.9,81,70,5.5,203,16.3,12.8,12.6,0.00
2025-02-23 11:00,15.7,76,24,8.6,237,20.9,14.3,12.7,0.00
2025-02-23 12:00,16.4,75,64,4.1,322,20.0,15.9,12.9,0.00
2025-02-23 13:00,16.2,79,75,8.4,353,20.6,16.7,13.2,0.00
2025-02-23 14:00,15.6,82,83,9.8,8,18.8,17.0,13.5,0.00
2025-02-23 15:00,16.7,72,77,7.9,16,20.3,17.3,13.8,0.00
2025-02-23 16:00,16.3,72,54,8.5,28,17.7,17.1,14.1,0.00
2025-02-23 17:00,15.8,73,43,8.2,38,15.4,16.6,14.3,0.00
2025-02-23 18:00,14.5,81,1,6.5,56,12.7,15.6,14.4,0.00
2025-02-23 19:00,12.9,88,0,4.3,85,11.2,14.5,14.5,0.00
2025-02-23 20:00,12.2,90,11,2.3,39,10.1,13.5,14.4,0.00
2025-02-23 21:00,11.7,91,23,1.8,281,8.9,12.5,14.3,0.00
2025-02-23 22:00,10.4,96,24,2.9,277,8.8,11.8,14.1,0.00
2025-02-23 23:00,10.0,96,56,2.9,187,8.5,11.3,13.9,0.00
2025-02-24 00:00,9.2,98,57,5.1,172,8.7,11.0,13.7,0.00
2025-02-24 01:00,8.7,97,42,4.4,171,8.1,10.8,13.5,0.00
2025-02-24 02:00,8.1,98,47,2.9,210,7.4,10.4,13.3,0.00
2025-02-24 03:00,7.3,100,65,4.2,211,7.1,10.1,13.0,0.00
2025-02-24 04:00,6.9,100,59,4.3,204,6.7,9.7,12.8,0.00
2025-02-24 05:00,6.9,98,45,4.0,185,6.5,9.4,12.6,0.00
2025-02-24 06:00,6.9,97,37,4.0,185,6.3,9.2,12.4,0.00
2025-02-24 07:00,6.4,98,47,3.7,191,6.1,8.9,12.2,0.00
2025-02-24 08:00,7.5,97,23,3.1,216,9.7,9.0,11.9,0.00
2025-02-24 09:00,12.3,84,4,4.5,241,16.1,10.6,11.8,0.00
2025-02-24 10:00,15.2,78,4,3.5,246,19.2,12.6,11.9,0.00
2025-02-24 11:00,17.1,68,4,1.3,304,20.7,14.4,12.1,0.00
2025-02-24 12:00,18.2,64,35,3.6,354,22.1,15.9,12.4,0.00
2025-02-24 13:00,18.6,65,55,9.0,23,22.7,17.0,12.7,0.00
2025-02-24 14:00,18.5,65,93,12.6,37,22.6,17.8,13.1,0.00
2025-02-24 15:00,18.1,67,100,14.4,32,19.5,17.9,13.5,0.00
2025-02-24 16:00,17.2,71,100,13.5,44,17.0,17.3,13.9,0.00
2025-02-24 17:00,16.3,77,100,10.7,45,15.5,16.4,14.1,0.00
2025-02-24 18:00,15.2,81,100,6.0,17,13.5,15.7,14.2,0.00
2025-02-24 19:00,13.9,87,29,2.4,27,11.7,14.6,14.3,0.00
2025-02-24 20:00,13.4,87,0,0.8,117,10.1,13.6,14.3,0.00
2025-02-24 21:00,12.8,85,0,2.0,225,9.0,12.6,14.1,0.00
2025-02-24 22:00,10.9,94,0,4.0,207,9.3,11.9,14.0,0.00
2025-02-24 23:00,9.5,96,28,4.4,189,8.7,11.5,13.8,0.00
2025-02-25 00:00,8.8,96,34,4.5,194,8.1,11.1,13.6,0.00
2025-02-25 01:00,8.4,95,33,4.7,203,7.6,10.6,13.4,0.00
2025-02-25 02:00,8.3,93,4,4.7,203,7.3,10.3,13.2,0.00
2025-02-25 03:00,8.1,91,4,4.7,203,7.0,9.9,13.0,0.00
2025-02-25 04:00,8.0,91,5,4.6,198,6.8,9.6,12.7,0.00
2025-02-25 05:00,7.8,91,8,3.9,202,6.6,9.4,12.5,0.00
2025-02-25 06:00,7.7,91,5,5.2,205,6.5,9.1,12.3,0.00
2025-02-25 07:00,7.8,91,86,4.7,212,6.6,8.9,12.1,0.00
2025-02-25 08:00,9.4,88,31,4.6,219,10.4,9.2,11.9,0.00
2025-02-25 09:00,14.3,81,40,6.3,239,16.7,10.9,11.8,0.00
2025-02-25 10:00,17.0,71,85,11.9,245,19.5,13.0,11.9,0.00
2025-02-25 11:00,18.8,63,65,14.2,249,21.2,14.8,12.1,0.00
2025-02-25 12:00,20.5,53,93,14.1,251,23.5,16.3,12.4,0.00
2025-02-25 13:00,21.4,46,87,13.0,268,24.0,17.6,12.8,0.00
2025-02-25 14:00,21.8,44,89,15.0,287,23.4,18.5,13.2,0.00
2025-02-25 15:00,21.3,43,96,16.1,312,21.3,18.8,13.7,0.00
2025-02-25 16:00,20.5,38,100,13.8,313,19.5,18.7,14.1,0.00
2025-02-25 17:00,19.2,44,100,7.5,305,17.0,17.9,14.4,0.00
2025-02-25 18:00,17.3,45,100,5.6,225,13.4,16.8,14.6,0.00
2025-02-25 19:00,14.8,48,100,7.9,196,12.5,15.3,14.7,0.00
2025-02-25 20:00,14.7,50,99,7.6,199,12.5,14.5,14.7,0.00
2025-02-25 21:00,14.6,51,55,7.5,197,12.3,14.2,14.6,0.00
2025-02-25 22:00,14.0,57,93,7.1,195,12.0,13.7,14.6,0.00
2025-02-25 23:00,14.0,64,95,6.9,186,12.7,13.5,14.5,0.00
2025-02-26 00:00,14.2,70,78,6.7,196,12.7,13.4,14.4,0.00
2025-02-26 01:00,13.6,77,50,6.5,186,11.7,13.2,14.3,0.00
2025-02-26 02:00,13.3,82,74,6.2,190,11.8,13.0,14.2,0.00
2025-02-26 03:00,12.9,86,100,5.8,187,11.1,12.7,14.1,0.00
2025-02-26 04:00,12.4,90,100,4.7,189,10.7,12.4,14.0,0.00
2025-02-26 05:00,12.2,90,99,2.2,180,10.7,12.2,13.8,0.00
2025-02-26 06:00,12.3,92,96,2.6,146,10.4,12.2,13.7,0.00
2025-02-26 07:00,11.7,94,64,3.5,156,10.5,12.0,13.5,0.00
2025-02-26 08:00,12.5,94,64,2.5,180,13.8,12.1,13.4,0.00
2025-02-26 09:00,16.2,81,36,3.9,236,19.4,13.6,13.4,0.00
2025-02-26 10:00,17.7,71,62,3.5,294,20.7,15.4,13.5,0.00
2025-02-26 11:00,18.4,67,78,5.4,352,22.3,16.6,13.7,0.00
2025-02-26 12:00,18.6,66,78,7.2,18,21.9,17.6,14.0,0.00
2025-02-26 13:00,18.8,65,82,10.2,18,21.7,18.3,14.3,0.00
2025-02-26 14:00,18.7,67,45,12.2,28,22.6,18.5,14.6,0.00
2025-02-26 15:00,18.5,67,42,15.5,36,20.9,18.8,14.9,0.00
2025-02-26 16:00,17.8,69,46,16.3,45,18.7,18.4,15.2,0.00
2025-02-26 17:00,16.8,77,30,15.3,51,16.5,17.7,15.3,0.00
2025-02-26 18:00,15.2,81,7,9.2,42,13.6,16.6,15.4,0.00
2025-02-26 19:00,13.7,85,20,4.4,35,12.0,15.4,15.4,0.00
2025-02-26 20:00,13.1,86,0,1.5,14,10.4,14.2,15.4,0.00
2025-02-26 21:00,12.3,87,0,3.2,270,9.3,13.2,15.2,0.00
2025-02-26 22:00,10.1,97,25,3.5,246,9.3,12.5,15.0,0.00
2025-02-26 23:00,9.5,97,43,3.3,221,8.7,11.9,14.7,0.00
2025-02-27 00:00,9.6,94,35,3.6,186,8.5,11.6,14.5,0.00
2025-02-27 01:00,9.6,94,70,2.7,157,9.0,11.3,14.2,0.00
2025-02-27 02:00,9.7,94,91,2.6,164,9.4,11.2,14.0,0.00
2025-02-27 03:00,9.6,94,69,2.9,187,8.9,11.0,13.8,0.00
2025-02-27 04:00,9.3,94,70,2.2,189,8.7,10.9,13.5,0.00
2025-02-27 05:00,8.9,94,94,2.6,196,8.1,10.7,13.3,0.00
2025-02-27 06:00,8.7,96,100,3.1,201,8.4,10.4,13.1,0.00
2025-02-27 07:00,9.2,94,100,2.9,180,8.3,10.3,12.9,0.00
2025-02-27 08:00,10.5,91,89,2.2,171,11.8,10.5,12.8,0.00
2025-02-27 09:00,13.9,85,83,0.7,270,17.1,12.1,12.7,0.00
2025-02-27 10:00,16.3,77,89,1.1,342,19.7,13.9,12.8,0.00
2025-02-27 11:00,18.0,71,41,2.3,342,21.9,15.6,13.0,0.00
2025-02-27 12:00,19.0,69,100,5.0,330,22.3,17.0,13.3,0.00
2025-02-27 13:00,19.7,69,100,9.4,2,23.4,18.2,13.7,0.00
2025-02-27 14:00,18.8,72,100,13.2,17,21.6,18.7,14.1,0.00
2025-02-27 15:00,17.9,73,100,14.6,20,19.7,18.3,14.4,0.00
2025-02-27 16:00,17.1,75,100,13.6,22,17.7,18.0,14.7,0.00
2025-02-27 17:00,16.2,79,100,10.6,24,15.9,17.1,14.9,0.00
2025-02-27 18:00,15.2,85,100,7.8,22,13.9,16.3,15.1,0.00
2025-02-27 19:00,13.9,93,100,4.0,27,12.5,15.2,15.1,0.00
2025-02-27 20:00,13.3,93,87,1.3,34,11.1,14.3,15.0,0.00
2025-02-27 21:00,12.9,93,100,0.5,135,10.0,13.4,14.9,0.00
2025-02-27 22:00,12.4,95,98,1.3,124,9.6,12.7,14.7,0.00
2025-02-27 23:00,11.8,97,100,1.9,248,9.7,12.3,14.5,0.00
2025-02-28 00:00,10.7,100,100,1.8,217,8.2,11.6,14.3,0.00
2025-02-28 01:00,10.6,100,100,3.1,216,8.7,11.2,14.1,0.00
2025-02-28 02:00,10.3,99,100,3.7,259,10.0,11.2,13.8,0.00
2025-02-28 03:00,10.3,100,100,4.3,175,9.9,11.4,13.7,0.00
2025-02-28 04:00,10.2,100,100,3.4,162,9.8,11.4,13.5,0.00
2025-02-28 05:00,10.5,99,100,3.1,144,10.3,11.4,13.3,0.00
2025-02-28 06:00,10.6,100,99,1.8,143,9.8,11.3,13.2,0.00
2025-02-28 07:00,10.2,100,82,2.5,225,9.4,11.1,13.1,0.00
2025-02-28 08:00,10.8,100,100,3.6,270,13.3,11.3,12.9,0.00
2025-02-28 09:00,13.1,97,100,3.2,270,16.5,12.4,12.9,0.00
2025-02-28 10:00,15.6,83,100,7.9,51,17.0,13.8,13.0,0.00
2025-02-28 11:00,17.4,75,100,8.4,40,21.2,15.0,13.1,0.00
2025-02-28 12:00,18.6,70,100,9.0,355,22.6,16.7,13.4,0.00
2025-02-28 13:00,18.6,66,100,14.5,19,21.7,17.5,13.7,0.00
2025-02-28 14:00,18.2,69,100,13.4,36,20.5,17.8,14.0,0.00
2025-02-28 15:00,17.2,76,100,13.8,20,18.4,17.3,14.3,0.00
2025-02-28 16:00,16.6,80,100,14.7,25,17.1,17.0,14.5,0.00
2025-02-28 17:00,15.7,86,100,3.8,287,15.6,16.4,14.6,0.10
2025-02-28 18:00,14.9,92,100,4.0,333,14.2,15.7,14.7,0.40
2025-02-28 19:00,14.1,94,100,6.6,229,13.9,15.1,14.8,0.00
2025-02-28 20:00,13.8,95,100,5.2,245,13.5,14.6,14.8,0.00
2025-02-28 21:00,13.4,96,100,3.6,225,13.1,14.2,14.7,0.00
2025-02-28 22:00,13.1,97,100,3.6,180,12.7,13.9,14.6,0.00
2025-02-28 23:00,13.0,96,100,2.9,187,12.4,13.6,14.5,0.00
2025-03-01 00:00,12.9,96,100,4.3,246,12.3,13.4,14.4,0.00
2025-03-01 01:00,12.7,96,100,5.6,220,12.1,13.2,14.3,0.00
2025-03-01 02:00,12.6,95,88,3.9,202,12.0,13.1,14.2,0.00
2025-03-01 03:00,11.5,96,28,3.6,217,10.1,12.6,14.1,0.00
2025-03-01 04:00,10.8,94,43,3.8,221,9.3,12.1,14.0,0.00
2025-03-01 05:00,10.1,92,5,3.7,209,8.5,11.5,13.8,0.00
2025-03-01 06:00,9.3,90,1,4.8,207,8.1,11.0,13.6,0.00
2025-03-01 07:00,9.0,88,2,4.2,200,7.9,10.6,13.4,0.00
2025-03-01 08:00,10.6,87,43,4.9,197,11.7,10.6,13.2,0.00
2025-03-01 09:00,13.5,86,46,6.4,223,15.9,11.8,13.0,0.00
2025-03-01 10:00,15.1,79,51,12.7,245,16.9,13.2,13.0,0.00
2025-03-01 11:00,15.9,73,72,16.1,260,16.9,14.2,13.1,0.00
2025-03-01 12:00,16.4,68,69,18.1,264,17.9,15.1,13.3,0.00
2025-03-01 13:00,16.7,64,72,17.7,275,18.0,15.6,13.5,0.00
2025-03-01 14:00,16.2,67,71,15.7,286,17.0,15.8,13.7,0.00
2025-03-01 15:00,15.4,72,98,13.7,305,15.2,15.8,13.9,0.00
2025-03-01 16:00,15.0,77,91,9.4,317,15.3,15.6,14.0,0.00
2025-03-01 17:00,14.4,83,100,8.5,324,14.4,15.1,14.2,0.00
2025-03-01 18:00,13.6,87,98,6.2,324,13.2,14.7,14.3,0.00
2025-03-01 19:00,13.4,88,97,1.3,214,12.9,14.1,14.3,0.00
2025-03-01 20:00,13.2,89,94,1.0,135,12.6,13.8,14.2,0.00
2025-03-01 21:00,12.5,92,84,2.6,164,11.9,13.3,14.2,0.00
2025-03-01 22:00,12.0,91,61,3.8,221,10.9,13.0,14.1,0.00
2025-03-01 23:00,11.2,92,47,4.2,239,9.9,12.5,14.0,0.00
2025-03-02 00:00,10.1,92,27,4.1,195,8.8,11.7,13.7,0.00
2025-03-02 01:00,9.5,92,13,4.2,200,8.4,11.2,13.6,0.00
2025-03-02 02:00,9.0,92,18,4.5,209,8.0,10.8,13.4,0.00
2025-03-02 03:00,8.6,92,4,4.5,209,7.6,10.4,13.2,0.00
2025-03-02 04:00,8.2,92,3,3.8,197,7.1,10.0,13.0,0.00
2025-03-02 05:00,7.5,94,35,3.4,198,6.6,9.7,12.8,0.00
2025-03-02 06:00,6.9,96,90,3.3,193,6.2,9.2,12.5,0.00
2025-03-02 07:00,6.8,95,100,2.9,187,6.4,8.9,12.3,0.00
2025-03-02 08:00,8.1,94,100,2.5,180,9.9,9.1,12.1,0.00
2025-03-02 09:00,11.6,92,100,0.8,207,14.1,10.3,11.9,0.00
2025-03-02 10:00,14.0,77,100,1.5,14,16.9,11.9,11.9,0.00
2025-03-02 11:00,15.9,72,100,5.9,47,18.9,13.5,12.1,0.00
2025-03-02 12:00,16.9,69,100,10.6,35,20.0,14.9,12.3,0.00
2025-03-02 13:00,17.8,67,100,14.1,32,19.9,16.0,12.6,0.00
2025-03-02 14:00,17.7,64,61,18.3,32,19.6,16.5,13.0,0.00
2025-03-02 15:00,17.4,67,39,21.8,39,18.5,16.5,13.3,0.00
2025-03-02 16:00,17.2,69,21,21.4,48,17.2,16.4,13.6,0.00
2025-03-02 17:00,16.6,79,34,15.5,54,15.9,16.0,13.8,0.00
2025-03-02 18:00,15.7,83,66,11.5,39,14.0,15.5,14.0,0.00
2025-03-02 19:00,14.4,93,45,7.4,23,12.8,14.6,14.1,0.00
2025-03-02 20:00,14.0,95,100,5.4,8,12.7,14.0,14.1,0.00
2025-03-02 21:00,13.9,95,96,2.9,300,12.7,13.6,14.0,0.00
2025-03-02 22:00,13.5,95,99,3.2,270,11.9,13.3,14.0,0.00
2025-03-02 23:00,12.9,97,100,5.8,240,12.3,13.1,13.9,0.00
2025-03-03 00:00,13.2,99,100,4.2,239,13.0,13.0,13.8,0.00
2025-03-03 01:00,13.1,99,100,4.2,239,12.4,13.0,13.8,0.00
2025-03-03 02:00,13.0,99,100,4.4,215,12.3,13.0,13.7,0.00
2025-03-03 03:00,12.4,99,100,4.5,209,11.7,12.9,13.7,0.00
2025-03-03 04:00,12.4,99,100,4.3,204,11.8,12.7,13.6,0.00
2025-03-03 05:00,12.1,98,100,4.5,194,11.2,12.5,13.5,0.00
2025-03-03 06:00,12.1,100,100,4.0,180,11.8,12.5,13.5,0.00
2025-03-03 07:00,11.6,98,97,4.3,175,11.1,12.3,13.4,0.00
2025-03-03 08:00,12.9,96,63,3.6,180,14.2,12.5,13.3,0.00
2025-03-03 09:00,15.9,90,52,3.1,216,18.7,13.8,13.3,0.00
2025-03-03 10:00,17.9,83,52,5.5,259,21.0,15.4,13.5,0.00
2025-03-03 11:00,19.5,72,36,6.5,251,22.7,16.8,13.7,0.00
2025-03-03 12:00,20.4,64,33,7.5,287,23.5,18.1,14.0,0.00
2025-03-03 13:00,21.1,62,16,6.6,319,24.5,19.0,14.4,0.00
2025-03-03 14:00,19.7,76,98,13.7,357,22.1,19.6,14.8,0.00
2025-03-03 15:00,19.2,75,100,15.0,17,20.9,19.5,15.1,0.00
2025-03-03 16:00,18.1,79,100,13.8,28,18.4,18.8,15.4,0.00
2025-03-03 17:00,17.3,82,100,10.7,42,17.1,18.0,15.6,0.00
2025-03-03 18:00,16.3,89,100,7.5,35,15.2,17.2,15.7,0.00
2025-03-03 19:00,15.3,92,74,2.5,360,13.9,16.3,15.7,0.00
2025-03-03 20:00,14.3,95,73,3.7,11,13.1,15.4,15.7,0.00
2025-03-03 21:00,14.2,94,91,3.2,360,12.4,14.8,15.7,0.00
2025-03-03 22:00,13.7,97,100,1.1,288,12.5,14.3,15.5,0.00
2025-03-03 23:00,13.8,98,100,4.6,18,13.5,14.1,15.4,0.00
2025-03-04 00:00,14.5,97,100,5.1,39,14.3,14.3,15.2,0.00
2025-03-04 01:00,14.6,97,100,6.4,47,14.3,14.4,15.1,0.00
2025-03-04 02:00,14.4,97,100,6.1,28,13.9,14.4,15.0,0.00
2025-03-04 03:00,14.4,99,100,11.6,26,14.3,14.4,14.9,0.00
2025-03-04 04:00,14.5,97,100,9.7,45,14.2,14.4,14.9,0.00
2025-03-04 05:00,14.6,95,100,13.3,38,14.3,14.5,14.8,0.00
2025-03-04 06:00,14.7,97,100,6.4,38,14.4,14.5,14.8,0.00
2025-03-04 07:00,14.6,97,100,3.6,360,14.4,14.5,14.7,0.00
2025-03-04 08:00,15.1,96,100,5.1,8,15.5,14.6,14.7,0.00
2025-03-04 09:00,15.7,94,100,5.2,25,16.7,14.9,14.7,0.00
2025-03-04 10:00,16.4,89,100,8.0,5,18.0,15.6,14.7,0.10
2025-03-04 11:00,17.0,88,98,6.9,351,19.4,16.5,14.8,0.00
2025-03-04 12:00,16.8,87,94,5.2,326,19.2,17.2,15.0,0.00
2025-03-04 13:00,17.0,85,96,6.2,306,19.2,17.4,15.2,0.00
2025-03-04 14:00,17.0,84,98,4.3,246,19.1,17.5,15.4,0.00
2025-03-04 15:00,16.7,87,98,1.3,146,18.3,17.4,15.5,0.00
2025-03-04 16:00,16.8,84,93,2.9,360,17.9,17.2,15.6,0.00
2025-03-04 17:00,16.5,85,85,5.2,335,16.2,16.9,15.7,0.00
2025-03-04 18:00,15.7,90,72,4.7,351,14.7,16.4,15.8,0.00
2025-03-04 19:00,14.7,95,79,2.9,330,13.6,15.6,15.8,0.00
2025-03-04 20:00,14.1,96,77,3.1,324,13.1,14.9,15.7,0.00
2025-03-04 21:00,13.7,95,72,1.5,284,12.3,14.3,15.5,0.00
2025-03-04 22:00,13.5,95,47,2.1,211,11.8,13.9,15.4,0.00
2025-03-04 23:00,13.0,97,66,3.1,201,12.1,13.5,15.2,0.00
2025-03-05 00:00,12.8,99,74,3.8,229,12.4,13.6,15.1,0.00
2025-03-05 01:00,12.3,98,64,4.1,218,11.4,13.3,14.9,0.00
2025-03-05 02:00,11.9,97,56,3.9,158,11.1,13.0,14.7,0.00
2025-03-05 03:00,11.7,100,83,3.1,144,11.1,12.9,14.6,0.00
2025-03-05 04:00,11.2,100,97,2.3,162,10.6,12.5,14.4,0.00
2025-03-05 05:00,11.2,100,91,2.9,150,10.6,12.3,14.2,0.00
2025-03-05 06:00,11.3,100,89,1.1,180,10.9,12.2,14.1,0.00
2025-03-05 07:00,11.7,100,85,2.3,198,10.7,12.0,13.9,0.00
2025-03-05 08:00,12.3,100,71,2.5,172,14.3,12.4,13.8,0.00
2025-03-05 09:00,14.9,97,56,0.8,27,18.1,13.8,13.7,0.00
2025-03-05 10:00,17.1,85,32,4.4,35,21.0,15.6,13.8,0.00
2025-03-05 11:00,18.3,79,43,3.3,41,21.4,17.0,14.1,0.00
2025-03-05 12:00,19.3,77,78,7.9,30,22.1,17.9,14.4,0.00
2025-03-05 13:00,19.4,77,45,11.7,47,22.5,18.7,14.8,0.00
2025-03-05 14:00,19.5,74,44,14.6,50,21.8,19.0,15.1,0.00
2025-03-05 15:00,19.5,78,100,12.5,39,21.8,18.9,15.4,0.00
2025-03-05 16:00,19.0,79,79,11.3,27,19.5,18.9,15.7,0.00
2025-03-05 17:00,18.0,84,83,9.5,11,17.6,18.2,16.0,0.00
2025-03-05 18:00,16.7,90,48,6.2,339,15.5,17.3,16.1,0.00
2025-03-05 19:00,15.6,94,100,3.7,331,14.3,16.3,16.1,0.00
2025-03-05 20:00,14.9,95,100,3.1,306,13.8,15.5,16.0,0.00
2025-03-05 21:00,14.6,94,61,5.2,295,13.5,15.0,15.9,0.00
2025-03-05 22:00,14.3,96,100,6.2,249,14.2,14.8,15.8,0.00
2025-03-05 23:00,14.3,93,100,3.6,276,13.8,14.8,15.6,0.00
2025-03-06 00:00,14.2,93,84,3.1,54,13.5,14.5,15.5,0.00
2025-03-06 01:00,13.9,94,100,2.0,135,13.4,14.4,15.4,0.00
2025-03-06 02:00,13.6,97,93,2.6,196,13.4,14.2,15.2,0.00
2025-03-06 03:00,13.5,98,100,4.8,207,13.4,14.1,15.1,0.00
2025-03-06 04:00,13.6,97,73,3.3,193,12.8,14.0,15.0,0.00
2025-03-06 05:00,13.4,96,84,1.3,146,12.2,13.7,14.9,0.00
2025-03-06 06:00,13.0,97,88,3.1,111,12.4,13.4,14.8,0.00
2025-03-06 07:00,12.4,99,92,2.4,153,12.3,13.3,14.6,0.00
2025-03-06 08:00,13.3,98,97,2.3,141,14.9,13.5,14.5,0.00
2025-03-06 09:00,15.1,94,100,0.4,180,17.0,14.5,14.5,0.00
2025-03-06 10:00,16.8,86,99,3.2,297,20.0,15.7,14.5,0.00
2025-03-06 11:00,17.9,81,95,3.5,294,20.5,16.9,14.7,0.00
2025-03-06 12:00,18.4,77,96,7.0,348,19.9,17.6,14.9,0.00
2025-03-06 13:00,17.7,86,100,10.4,2,20.5,17.9,15.2,0.00
2025-03-06 14:00,17.1,87,100,6.3,13,18.3,17.9,15.4,0.00
2025-03-06 15:00,17.3,85,100,6.3,329,19.0,18.0,15.6,0.00
2025-03-06 16:00,16.6,89,100,5.6,297,17.5,17.6,15.8,0.00
2025-03-06 17:00,16.1,88,100,5.4,290,16.2,17.1,15.9,0.00
2025-03-06 18:00,15.5,91,100,6.3,246,15.0,16.4,15.9,0.00
2025-03-06 19:00,15.1,92,100,6.4,232,14.7,15.9,15.9,0.00
2025-03-06 20:00,14.7,92,86,7.1,229,14.1,15.4,15.8,0.00
2025-03-06 21:00,14.2,92,100,6.5,214,13.6,14.9,15.7,0.00
2025-03-06 22:00,14.0,91,79,6.4,207,13.4,14.7,15.6,0.00
2025-03-06 23:00,13.9,90,83,7.3,213,13.5,14.5,15.5,0.00
2025-03-07 00:00,13.8,89,91,8.9,207,13.4,14.2,15.4,0.00
2025-03-07 01:00,13.8,89,93,9.3,216,13.3,14.2,15.3,0.00
2025-03-07 02:00,13.7,90,98,9.7,225,13.4,14.1,15.2,0.00
2025-03-07 03:00,13.7,90,92,8.8,235,13.3,14.0,15.1,0.00
2025-03-07 04:00,13.7,89,92,8.6,237,13.3,14.0,15.0,0.00
2025-03-07 05:00,13.8,87,95,7.7,233,13.2,13.9,14.9,0.00
2025-03-07 06:00,13.7,87,88,5.4,233,13.1,13.9,14.8,0.00
2025-03-07 07:00,13.6,88,95,4.0,243,13.1,13.8,14.7,0.00
2025-03-07 08:00,14.0,88,86,3.0,256,14.5,13.9,14.7,0.00
2025-03-07 09:00,15.4,86,77,4.8,283,17.6,14.5,14.6,0.00
2025-03-07 10:00,17.1,77,100,7.1,285,20.5,16.0,14.7,0.00
2025-03-07 11:00,18.3,72,95,8.6,272,22.2,17.1,14.8,0.00
2025-03-07 12:00,19.1,68,100,5.8,263,22.7,18.0,15.0,0.00
2025-03-07 13:00,19.4,68,100,5.8,292,21.9,18.6,15.3,0.00
2025-03-07 14:00,19.3,68,100,6.5,357,20.2,18.8,15.6,0.00
2025-03-07 15:00,19.2,76,85,8.6,15,21.9,18.9,15.8,0.00
2025-03-07 16:00,18.1,78,80,10.4,44,19.2,18.6,16.0,0.00
2025-03-07 17:00,17.9,81,54,8.4,50,17.8,18.2,16.2,0.00
2025-03-07 18:00,16.5,85,0,7.0,55,15.0,17.4,16.3,0.00
2025-03-07 19:00,14.9,92,0,4.2,20,13.4,16.3,16.3,0.00
2025-03-07 20:00,13.9,96,0,3.0,346,12.4,15.4,16.2,0.00
2025-03-07 21:00,13.4,98,30,1.5,315,11.2,14.5,16.1,0.00
2025-03-07 22:00,12.6,100,100,2.1,239,10.6,13.7,15.9,0.00
2025-03-07 23:00,12.1,100,100,2.5,172,10.4,13.2,15.7,0.00
2025-03-08 00:00,10.8,98,100,2.9,173,10.2,12.9,15.4,0.00
2025-03-08 01:00,10.0,96,100,2.9,180,9.5,12.5,15.2,0.00
2025-03-08 02:00,9.7,95,39,3.2,180,9.1,12.1,15.0,0.00
2025-03-08 03:00,9.0,98,51,3.6,180,8.4,11.4,14.7,0.00
2025-03-08 04:00,8.7,97,49,3.6,180,8.3,11.1,14.4,0.00
2025-03-08 05:00,8.3,98,90,4.3,185,8.1,10.9,14.2,0.00
2025-03-08 06:00,8.1,99,100,4.5,194,8.0,10.6,13.9,0.00
2025-03-08 07:00,8.5,95,100,4.3,204,8.4,10.4,13.7,0.00
2025-03-08 08:00,11.1,90,100,3.9,202,12.6,10.8,13.5,0.00
2025-03-08 09:00,16.0,82,100,4.8,257,18.1,12.6,13.4,0.00
2025-03-08 10:00,19.0,68,100,8.9,243,20.6,14.5,13.5,0.00
2025-03-08 11:00,21.3,61,77,12.5,231,21.8,16.2,13.6,0.00
2025-03-08 12:00,23.5,50,64,11.0,229,24.9,18.0,13.9,0.00
2025-03-08 13:00,24.2,45,25,11.9,272,25.4,19.2,14.3,0.00
2025-03-08 14:00,24.5,40,92,17.7,250,24.1,19.9,14.7,0.00
2025-03-08 15:00,24.1,45,83,18.0,307,22.8,20.3,15.2,0.00
2025-03-08 16:00,20.9,58,97,27.0,304,19.2,19.8,15.5,0.00
2025-03-08 17:00,14.4,81,99,21.9,327,14.2,18.1,15.8,0.00
2025-03-08 18:00,14.3,87,100,4.0,350,14.7,16.9,15.9,0.10
2025-03-08 19:00,14.1,90,100,5.2,78,14.4,16.1,15.9,0.00
2025-03-08 20:00,14.1,92,100,0.8,63,14.3,15.6,15.8,0.00
2025-03-08 21:00,13.9,91,100,1.8,127,13.9,15.1,15.8,0.50
2025-03-08 22:00,13.7,93,100,4.8,193,13.5,14.9,15.7,0.10
2025-03-08 23:00,13.6,89,99,7.5,197,13.1,14.6,15.6,0.10
2025-03-09 00:00,13.1,80,100,7.9,196,12.3,14.2,15.5,0.10
2025-03-09 01:00,12.6,77,100,8.4,205,11.8,13.8,15.4,0.10
2025-03-09 02:00,12.3,79,100,7.1,204,11.7,13.5,15.2,0.20
2025-03-09 03:00,12.4,77,100,8.2,209,11.4,13.2,15.1,0.10
2025-03-09 04:00,12.2,75,93,8.7,210,11.2,13.0,14.9,0.00
2025-03-09 05:00,11.9,73,57,11.4,215,10.3,12.7,14.8,0.00
2025-03-09 06:00,11.2,74,15,11.2,213,9.5,12.2,14.6,0.00
2025-03-09 07:00,11.1,75,0,12.0,213,9.7,11.8,14.4,0.00
2025-03-09 08:00,12.7,73,0,13.4,216,12.9,12.0,14.3,0.00
2025-03-09 09:00,14.8,68,0,19.9,225,15.7,12.9,14.1,0.00
2025-03-09 10:00,16.0,60,0,25.7,227,17.0,14.0,14.1,0.00
2025-03-09 11:00,16.9,55,0,30.7,230,18.4,14.9,14.2,0.00
2025-03-09 12:00,17.9,52,9,31.8,232,19.2,15.7,14.3,0.00
2025-03-09 13:00,18.6,47,6,29.8,242,19.7,16.5,14.4,0.00
2025-03-09 14:00,19.0,45,20,28.0,250,19.7,17.0,14.6,0.00
2025-03-09 15:00,19.3,44,77,23.1,259,19.6,17.3,14.8,0.00
2025-03-09 16:00,19.0,45,9,16.0,256,18.4,17.3,15.0,0.00
2025-03-09 17:00,18.2,53,4,10.4,284,16.8,17.1,15.2,0.00
2025-03-09 18:00,15.7,71,37,7.1,24,13.7,16.4,15.3,0.00
2025-03-09 19:00,13.4,85,29,5.6,63,11.9,15.3,15.3,0.00
2025-03-09 20:00,12.4,88,60,1.3,124,10.7,14.3,15.3,0.00
2025-03-09 21:00,12.1,78,82,3.7,169,10.2,13.3,15.1,0.00
2025-03-09 22:00,12.4,70,100,4.7,189,10.7,12.9,15.0,0.00
2025-03-09 23:00,12.8,69,100,5.6,225,10.8,12.6,14.8,0.00
2025-03-10 00:00,12.5,71,100,2.0,225,10.0,12.1,14.6,0.00
2025-03-10 01:00,12.7,71,100,2.7,247,10.7,12.1,14.5,0.00
2025-03-10 02:00,12.6,74,100,4.6,225,11.0,12.2,14.3,0.10
2025-03-10 03:00,13.8,69,100,9.2,206,12.1,12.5,14.2,0.50
2025-03-10 04:00,14.6,67,100,18.8,227,13.2,12.8,14.1,0.10
2025-03-10 05:00,14.5,69,77,13.8,227,12.9,13.1,14.0,0.00
2025-03-10 06:00,13.8,72,1,10.3,216,11.5,13.1,14.0,0.00
2025-03-10 07:00,13.1,74,5,9.4,220,11.3,12.8,14.0,0.00
2025-03-10 08:00,14.8,71,6,13.5,224,14.6,12.9,13.9,0.00
2025-03-10 09:00,16.8,63,5,21.7,222,17.2,13.9,13.9,0.00
2025-03-10 10:00,17.9,55,3,26.5,225,18.8,14.9,13.9,0.00
2025-03-10 11:00,18.7,50,66,26.3,240,19.8,15.9,14.1,0.00
2025-03-10 12:00,20.0,46,46,25.1,235,21.9,17.0,14.3,0.00
2025-03-10 13:00,20.4,44,35,25.8,234,21.5,17.7,14.5,0.00
2025-03-10 14:00,21.1,41,8,24.6,235,22.2,18.2,14.8,0.00
2025-03-10 15:00,21.6,39,11,22.6,239,21.9,18.8,15.1,0.00
2025-03-10 16:00,21.4,39,5,17.6,247,20.7,18.9,15.3,0.00
2025-03-10 17:00,20.2,49,22,10.5,322,18.9,18.6,15.5,0.00
2025-03-10 18:00,17.2,62,64,8.1,32,15.3,17.9,15.7,0.00
2025-03-10 19:00,14.9,75,38,6.1,50,13.5,16.7,15.8,0.00
2025-03-10 20:00,13.7,84,100,1.3,56,12.0,15.5,15.8,0.00
2025-03-10 21:00,14.7,69,96,6.0,213,13.0,14.8,15.7,0.00
2025-03-10 22:00,15.2,62,100,9.2,219,13.3,14.5,15.6,0.00
2025-03-10 23:00,15.1,64,89,10.3,216,13.0,14.3,15.5,0.00
2025-03-11 00:00,14.6,65,3,10.8,217,12.6,14.1,15.4,0.00
2025-03-11 01:00,14.3,68,1,10.2,219,12.3,13.9,15.3,0.00
2025-03-11 02:00,14.0,71,100,10.4,226,12.1,13.7,15.2,0.00
2025-03-11 03:00,14.6,70,100,14.3,223,13.0,13.4,15.1,0.00
2025-03-11 04:00,15.6,64,100,18.1,227,14.2,13.8,15.0,0.00
2025-03-11 05:00,15.4,65,33,17.7,231,13.7,14.0,14.9,0.00
2025-03-11 06:00,15.5,64,46,19.1,224,13.8,14.2,14.8,0.00
2025-03-11 07:00,15.6,64,81,18.6,224,14.0,14.2,14.8,0.00
2025-03-11 08:00,16.7,64,79,22.7,229,16.3,14.4,14.8,0.00
2025-03-11 09:00,18.3,58,56,27.8,230,18.7,15.3,14.8,0.00
2025-03-11 10:00,19.7,52,22,31.2,231,20.9,16.3,14.9,0.00
2025-03-11 11:00,20.9,48,43,32.4,233,22.8,17.4,15.0,0.00
2025-03-11 12:00,21.4,48,98,29.1,229,22.7,18.3,15.2,0.00
2025-03-11 13:00,20.7,50,100,29.1,229,20.0,18.7,15.4,0.00
2025-03-11 14:00,20.7,52,97,30.6,221,21.9,18.6,15.6,0.00
2025-03-11 15:00,19.8,55,100,28.5,225,19.0,18.3,15.8,0.00
2025-03-11 16:00,19.4,60,100,31.3,224,18.4,18.2,16.0,0.00
2025-03-11 17:00,18.0,71,100,25.5,226,16.8,17.7,16.1,0.40
2025-03-11 18:00,16.6,80,100,17.6,227,15.4,16.9,16.2,0.70
2025-03-11 19:00,16.4,81,100,11.6,240,15.2,16.3,16.2,0.60
2025-03-11 20:00,15.8,86,100,6.6,283,15.0,16.0,16.1,0.20
2025-03-11 21:00,15.0,91,100,6.3,294,14.7,15.6,16.1,0.30
2025-03-11 22:00,15.0,90,90,3.6,264,14.2,15.4,16.0,0.40
2025-03-11 23:00,14.6,91,86,6.7,324,14.1,15.1,15.9,0.00
2025-03-12 00:00,14.5,90,90,4.7,261,13.8,15.1,15.9,0.00
2025-03-12 01:00,14.4,89,88,3.1,249,13.4,14.8,15.8,0.00
2025-03-12 02:00,14.4,85,77,4.0,265,13.0,14.5,15.7,0.00
2025-03-12 03:00,14.0,84,81,2.1,239,12.5,14.2,15.6,0.00
2025-03-12 04:00,13.8,84,78,1.4,180,12.1,13.9,15.4,0.00
2025-03-12 05:00,13.5,84,69,1.9,158,11.5,13.6,15.3,0.00
2025-03-12 06:00,12.3,95,76,3.7,151,11.8,13.5,15.1,0.00
2025-03-12 07:00,12.0,97,75,1.9,158,12.1,13.3,15.0,0.00
2025-03-12 08:00,13.6,95,48,1.3,214,15.7,13.6,14.9,0.00
2025-03-12 09:00,16.2,82,100,3.6,264,19.3,15.0,14.9,0.00
2025-03-12 10:00,17.6,72,99,8.6,248,20.8,16.3,14.9,0.00
2025-03-12 11:00,18.3,67,100,10.6,252,20.1,17.2,15.1,0.00
2025-03-12 12:00,19.9,54,75,15.8,243,21.0,17.7,15.3,0.00
2025-03-12 13:00,21.2,53,76,11.9,267,24.5,18.5,15.5,0.00
2025-03-12 14:00,19.5,63,100,12.2,332,20.4,19.1,15.7,0.00
2025-03-12 15:00,17.6,70,100,11.7,9,18.5,18.8,15.9,0.00
2025-03-12 16:00,16.4,76,100,7.1,24,16.8,18.0,16.1,0.00
2025-03-12 17:00,15.7,84,100,7.9,39,15.9,17.2,16.2,0.20
2025-03-12 18:00,15.5,83,100,6.6,29,15.2,16.7,16.2,0.00
2025-03-12 19:00,14.6,88,100,2.9,360,13.6,16.0,16.2,0.00
2025-03-12 20:00,13.6,91,30,2.2,99,12.3,15.3,16.1,0.00
2025-03-12 21:00,12.3,96,32,3.6,53,11.4,14.4,16.0,0.00
2025-03-12 22:00,11.8,97,100,4.2,20,11.5,13.9,15.9,0.00
2025-03-12 23:00,11.4,98,100,1.5,14,11.3,13.5,15.7,0.00
2025-03-13 00:00,12.7,92,86,2.0,225,11.6,13.5,15.5,0.00
2025-03-13 01:00,13.8,84,100,4.1,232,11.6,13.2,15.3,0.00
2025-03-13 02:00,14.8,81,100,9.2,239,12.9,13.3,15.2,0.00
2025-03-13 03:00,15.0,81,100,9.3,234,13.1,13.4,15.0,0.00
2025-03-13 04:00,15.1,80,100,8.6,237,13.0,13.6,14.9,0.00
2025-03-13 05:00,15.2,76,100,7.7,233,13.0,13.6,14.8,0.00
2025-03-13 06:00,14.8,79,100,6.0,237,12.6,13.5,14.7,0.00
2025-03-13 07:00,14.5,82,83,5.1,225,12.7,13.4,14.6,0.00
2025-03-13 08:00,16.0,83,10,4.9,253,16.8,13.8,14.6,0.00
2025-03-13 09:00,18.8,74,3,10.5,232,20.1,15.1,14.6,0.00
2025-03-13 10:00,20.8,56,0,26.6,232,21.0,16.6,14.7,0.00
2025-03-13 11:00,20.9,53,70,33.2,243,21.2,17.5,14.9,0.00
2025-03-13 12:00,21.3,53,3,35.1,231,23.0,18.3,15.1,0.00
2025-03-13 13:00,22.3,42,31,34.7,241,23.2,19.1,15.4,0.00
2025-03-13 14:00,22.6,40,8,34.1,248,23.5,19.6,15.8,0.00
2025-03-13 15:00,22.5,41,13,33.6,249,22.6,20.0,16.0,0.00
2025-03-13 16:00,21.7,41,1,29.3,254,21.0,19.8,16.3,0.00
2025-03-13 17:00,20.7,43,1,22.4,266,19.4,19.4,16.6,0.00
2025-03-13 18:00,19.1,46,0,15.0,260,16.7,18.6,16.7,0.00
2025-03-13 19:00,16.8,58,0,6.8,252,14.2,17.4,16.8,0.00
2025-03-13 20:00,15.4,65,0,4.0,185,12.8,16.2,16.8,0.00
2025-03-13 21:00,14.4,65,0,4.7,189,12.0,15.2,16.6,0.00
2025-03-13 22:00,13.7,67,0,4.2,200,11.2,14.4,16.4,0.00
2025-03-13 23:00,12.9,69,0,4.7,203,10.7,13.8,16.2,0.00
2025-03-14 00:00,12.3,70,16,5.0,180,10.3,13.2,15.9,0.00
2025-03-14 01:00,12.0,72,19,4.3,180,9.9,12.8,15.7,0.00
2025-03-14 02:00,11.5,76,28,4.2,200,9.6,12.4,15.4,0.00
2025-03-14 03:00,11.2,79,86,4.0,207,9.6,12.1,15.2,0.00
2025-03-14 04:00,11.6,80,94,4.8,222,10.5,12.1,14.9,0.00
2025-03-14 05:00,12.2,78,96,7.9,227,11.0,12.2,14.7,0.00
2025-03-14 06:00,13.7,70,50,21.6,224,12.3,12.2,14.5,0.00
2025-03-14 07:00,14.0,68,0,26.2,224,12.8,12.7,14.4,0.00
2025-03-14 08:00,14.7,63,0,32.1,224,14.3,13.2,14.3,0.00
2025-03-14 09:00,16.0,58,0,35.4,225,16.6,14.0,14.3,0.00
2025-03-14 10:00,17.3,52,0,35.4,227,18.7,15.0,14.3,0.00
2025-03-14 11:00,18.7,48,0,37.0,229,20.4,16.1,14.5,0.00
2025-03-14 12:00,19.8,43,35,35.1,238,20.8,17.1,14.6,0.00
2025-03-14 13:00,20.3,43,62,35.9,243,21.5,17.9,14.9,0.00
2025-03-14 14:00,20.1,43,61,35.3,245,20.4,18.2,15.2,0.00
2025-03-14 15:00,19.9,44,80,31.2,259,19.9,18.3,15.4,0.00
2025-03-14 16:00,18.5,56,96,22.7,273,18.2,18.1,15.7,0.00
2025-03-14 17:00,17.7,65,100,14.2,286,17.5,17.7,15.8,0.00
2025-03-14 18:00,16.5,70,57,7.1,294,14.9,17.2,15.9,0.00
2025-03-14 19:00,14.9,77,100,3.3,283,13.1,16.0,16.0,0.00
2025-03-14 20:00,13.8,80,48,4.1,308,11.9,15.0,15.9,0.00
2025-03-14 21:00,12.6,91,69,4.3,5,12.2,14.3,15.8,0.00
2025-03-14 22:00,12.6,87,63,1.8,217,10.7,13.8,15.6,0.00
2025-03-14 23:00,11.9,82,54,4.4,279,10.8,13.2,15.4,0.00
2025-03-15 00:00,11.3,83,39,2.8,220,9.5,12.6,15.2,0.00
2025-03-15 01:00,10.9,83,51,3.6,217,9.0,12.1,15.0,0.00
2025-03-15 02:00,10.8,78,13,6.9,231,9.1,11.7,14.7,0.00
2025-03-15 03:00,10.9,75,41,7.1,240,9.1,11.4,14.5,0.00
2025-03-15 04:00,10.4,75,31,4.7,261,8.4,11.3,14.3,0.00
2025-03-15 05:00,10.0,77,64,4.3,246,8.5,11.0,14.1,0.00
2025-03-15 06:00,10.4,74,66,4.4,235,8.8,11.1,13.9,0.00
2025-03-15 07:00,10.5,77,66,3.6,233,9.7,11.0,13.7,0.00
2025-03-15 08:00,12.1,78,82,2.4,243,13.9,11.5,13.5,0.00
2025-03-15 09:00,14.8,64,81,6.4,297,17.2,13.1,13.5,0.00
2025-03-15 10:00,16.2,58,68,9.0,286,19.4,14.6,13.6,0.00
2025-03-15 11:00,16.8,63,68,10.1,268,20.7,16.1,13.8,0.00
2025-03-15 12:00,18.0,57,79,12.4,300,21.0,17.3,14.0,0.00
2025-03-15 13:00,16.4,69,58,16.1,340,20.7,17.4,14.3,0.00
2025-03-15 14:00,16.9,65,68,13.5,318,21.4,17.9,14.6,0.00
2025-03-15 15:00,16.2,66,81,12.0,319,18.6,17.8,14.8,0.00
2025-03-15 16:00,16.0,63,85,11.6,324,16.9,17.4,15.0,0.00
2025-03-15 17:00,15.5,64,94,10.0,319,15.6,16.7,15.2,0.00
2025-03-15 18:00,15.1,67,69,3.6,323,14.1,16.0,15.3,0.00
2025-03-15 19:00,14.3,69,73,2.5,172,12.6,15.2,15.3,0.00
2025-03-15 20:00,13.3,77,74,2.9,187,11.8,14.4,15.3,0.00
2025-03-15 21:00,12.2,82,64,4.7,180,11.0,13.6,15.1,0.00
2025-03-15 22:00,11.7,78,55,4.8,193,10.2,13.1,15.0,0.00
2025-03-15 23:00,11.0,77,39,4.2,200,9.3,12.5,14.8,0.00
2025-03-16 00:00,10.2,81,59,4.0,190,8.9,12.0,14.7,0.00
2025-03-16 01:00,9.5,85,45,3.0,194,8.2,11.5,14.5,0.00
2025-03-16 02:00,8.6,90,22,2.5,172,7.3,11.0,14.3,0.00
2025-03-16 03:00,7.8,93,22,2.5,188,6.8,10.5,14.0,0.00
2025-03-16 04:00,7.3,93,4,2.3,198,6.0,10.0,13.8,0.00
2025-03-16 05:00,7.0,93,4,2.9,210,5.5,9.5,13.5,0.00
2025-03-16 06:00,6.7,94,24,3.7,209,5.5,9.0,13.2,0.00
2025-03-16 07:00,7.2,90,1,3.9,214,6.8,8.8,13.0,0.00
2025-03-16 08:00,10.5,83,1,4.6,231,12.7,9.5,12.7,0.00
2025-03-16 09:00,15.7,68,3,12.1,233,18.1,11.8,12.6,0.00
2025-03-16 10:00,17.9,56,38,21.2,238,19.4,13.7,12.7,0.00
2025-03-16 11:00,19.0,49,31,24.7,241,21.1,15.3,12.9,0.00
2025-03-16 12:00,19.7,45,45,22.0,238,21.7,16.5,13.2,0.00
2025-03-16 13:00,20.5,43,78,20.4,238,22.9,17.4,13.5,0.00
2025-03-16 14:00,21.1,40,48,14.8,274,21.8,18.3,13.9,0.00
2025-03-16 15:00,19.0,46,33,16.3,352,20.5,18.3,14.2,0.00
2025-03-16 16:00,18.2,48,0,14.7,17,18.9,18.1,14.6,0.00
2025-03-16 17:00,17.1,52,1,10.2,23,16.7,17.5,14.8,0.00
2025-03-16 18:00,15.9,57,4,6.0,33,13.9,16.7,15.0,0.00
2025-03-16 19:00,14.0,68,1,4.1,75,11.5,15.3,15.1,0.00
2025-03-16 20:00,12.4,75,0,3.4,122,10.2,14.1,15.0,0.00
2025-03-16 21:00,10.8,77,39,3.6,135,9.2,13.1,14.9,0.00
2025-03-16 22:00,9.9,80,0,2.8,140,8.3,12.2,14.8,0.00
2025-03-16 23:00,9.6,78,21,2.1,149,7.4,11.5,14.5,0.00
2025-03-17 00:00,10.1,74,38,2.7,203,7.3,11.0,14.3,0.00
2025-03-17 01:00,9.3,79,44,3.0,194,7.5,10.5,14.0,0.00
2025-03-17 02:00,9.1,80,67,2.3,162,7.7,10.3,13.8,0.00
2025-03-17 03:00,8.9,82,66,2.3,198,7.6,10.2,13.5,0.00
2025-03-17 04:00,9.0,82,69,2.4,207,7.5,10.1,13.3,0.00
2025-03-17 05:00,9.1,81,74,2.9,187,7.9,10.0,13.1,0.00
2025-03-17 06:00,9.4,79,79,3.1,201,8.5,10.0,12.9,0.00
2025-03-17 07:00,9.9,80,71,3.1,201,9.1,10.0,12.7,0.00
2025-03-17 08:00,11.9,80,73,3.7,191,13.2,10.7,12.6,0.00
2025-03-17 09:00,17.0,61,69,5.6,243,19.7,12.8,12.6,0.00
2025-03-17 10:00,19.5,54,68,8.6,255,21.5,14.9,12.8,0.00
2025-03-17 11:00,21.4,48,56,10.0,244,25.0,16.8,13.1,0.00
2025-03-17 12:00,22.2,48,43,6.1,273,26.4,18.5,13.5,0.00
2025-03-17 13:00,24.2,40,9,7.9,231,28.5,19.9,14.0,0.00
2025-03-17 14:00,24.7,35,79,13.5,261,26.3,21.1,14.5,0.00
2025-03-17 15:00,23.8,43,19,13.4,355,25.9,21.7,15.0,0.00
2025-03-17 16:00,21.7,46,100,16.5,36,21.0,21.2,15.5,0.00
2025-03-17 17:00,18.7,60,100,13.4,14,18.3,19.9,15.8,0.00
2025-03-17 18:00,17.0,68,100,10.0,13,15.9,18.6,16.1,0.00
2025-03-17 19:00,15.5,77,61,7.2,357,14.3,17.2,16.2,0.00
2025-03-17 20:00,14.9,82,83,4.1,345,13.9,16.2,16.2,0.00
2025-03-17 21:00,14.0,85,47,2.6,286,12.6,15.5,16.1,0.00
2025-03-17 22:00,13.0,89,31,3.1,234,11.5,14.7,16.0,0.00
2025-03-17 23:00,12.5,90,40,1.8,233,10.8,14.0,15.9,0.00
2025-03-18 00:00,12.1,87,42,2.1,211,9.8,13.2,15.6,0.00
2025-03-18 01:00,11.4,87,0,2.9,180,9.2,12.6,15.4,0.00
2025-03-18 02:00,10.9,87,0,4.0,170,9.2,12.1,15.2,0.00
2025-03-18 03:00,12.6,73,16,6.9,208,10.4,12.2,14.9,0.00
2025-03-18 04:00,13.9,68,1,10.2,222,11.5,12.3,14.7,0.00
2025-03-18 05:00,14.3,67,0,13.9,217,12.2,12.6,14.5,0.00
2025-03-18 06:00,14.9,65,9,17.9,214,12.8,13.0,14.4,0.00
2025-03-18 07:00,15.5,62,50,21.1,224,14.3,13.3,14.3,0.00
2025-03-18 08:00,16.8,60,91,21.1,227,16.3,14.1,14.3,0.00
2025-03-18 09:00,19.0,52,66,24.0,230,19.5,15.4,14.4,0.00
2025-03-18 10:00,20.3,48,32,20.6,243,22.8,16.7,14.5,0.00
2025-03-18 11:00,21.3,44,43,18.9,239,24.1,18.1,14.8,0.00
2025-03-18 12:00,22.4,39,90,20.9,246,24.0,19.5,15.1,0.00
2025-03-18 13:00,22.2,47,84,16.0,301,24.5,20.2,15.5,0.00
2025-03-18 14:00,20.5,61,57,15.8,348,23.2,20.4,15.8,0.00
2025-03-18 15:00,20.1,61,46,17.7,20,23.9,20.4,16.1,0.00
2025-03-18 16:00,19.4,63,45,13.1,32,21.8,20.5,16.4,0.00
2025-03-18 17:00,18.6,64,0,12.2,43,19.0,19.8,16.7,0.00
2025-03-18 18:00,17.3,69,3,10.1,27,15.9,18.7,16.8,0.00
2025-03-18 19:00,15.4,79,2,5.9,47,13.7,17.3,16.9,0.00
2025-03-18 20:00,14.1,85,0,6.2,111,12.7,16.1,16.8,0.00
2025-03-18 21:00,13.4,80,0,5.1,135,11.9,15.1,16.6,0.00
2025-03-18 22:00,12.8,79,0,3.8,131,11.1,14.4,16.4,0.00
2025-03-18 23:00,12.0,80,1,2.8,130,10.2,13.7,16.2,0.00
2025-03-19 00:00,11.3,81,0,2.4,117,9.5,13.1,16.0,0.00
2025-03-19 01:00,10.8,82,2,2.4,117,9.0,12.5,15.7,0.00
2025-03-19 02:00,10.5,82,0,2.2,171,8.3,12.0,15.4,0.00
2025-03-19 03:00,9.5,86,0,3.8,221,7.9,11.3,15.1,0.00
2025-03-19 04:00,8.8,89,7,3.9,202,7.6,11.0,14.8,0.00
2025-03-19 05:00,8.7,90,35,2.9,187,7.4,10.7,14.5,0.00
2025-03-19 06:00,8.5,88,2,2.5,188,6.7,10.2,14.2,0.00
2025-03-19 07:00,8.9,87,17,2.2,180,8.3,10.0,13.9,0.00
2025-03-19 08:00,11.2,84,19,2.5,180,14.5,10.9,13.7,0.00
2025-03-19 09:00,16.2,68,9,1.8,360,20.2,13.1,13.6,0.00
2025-03-19 10:00,18.9,58,88,7.4,23,23.4,15.6,13.7,0.00
2025-03-19 11:00,20.0,59,100,12.2,34,23.7,17.5,14.0,0.00
2025-03-19 12:00,20.3,59,100,15.5,25,24.4,18.5,14.3,0.00
2025-03-19 13:00,21.1,53,91,18.2,30,25.5,19.6,14.7,0.00
2025-03-19 14:00,21.2,55,100,19.2,34,24.6,20.3,15.1,0.00
2025-03-19 15:00,20.2,64,100,19.9,35,22.3,20.0,15.5,0.00
2025-03-19 16:00,19.3,67,100,18.5,33,19.9,19.5,15.9,0.00
2025-03-19 17:00,17.7,76,100,12.4,8,17.5,18.7,16.1,0.00
2025-03-19 18:00,16.7,82,100,9.9,10,15.8,17.8,16.3,0.00
2025-03-19 19:00,15.1,92,10,5.4,340,13.6,16.6,16.3,0.00
2025-03-19 20:00,14.2,94,0,2.0,315,12.0,15.5,16.2,0.00
2025-03-19 21:00,13.1,98,38,3.6,315,11.9,14.7,16.1,0.00
2025-03-19 22:00,12.3,98,44,3.1,324,11.3,14.0,15.9,0.00
2025-03-19 23:00,12.4,97,68,1.1,342,10.0,13.4,15.7,0.00
2025-03-20 00:00,12.3,98,100,7.3,327,11.7,13.5,15.5,0.00
2025-03-20 01:00,12.3,99,100,6.6,331,11.8,13.4,15.3,0.00
2025-03-20 02:00,12.3,96,100,5.2,335,11.0,13.1,15.2,0.00
2025-03-20 03:00,13.6,88,100,4.7,293,11.2,13.1,15.0,0.00
2025-03-20 04:00,15.4,58,100,4.8,257,11.5,12.9,14.8,0.00
2025-03-20 05:00,15.7,48,100,4.7,247,11.5,12.9,14.7,0.00
2025-03-20 06:00,12.8,70,100,4.7,302,11.2,12.9,14.6,0.00
2025-03-20 07:00,12.6,78,100,5.6,333,11.8,12.8,14.4,0.00
2025-03-20 08:00,15.6,83,100,4.0,63,16.1,13.3,14.3,0.00
2025-03-20 09:00,18.3,80,100,4.5,61,21.8,15.1,14.3,0.00
2025-03-20 10:00,20.8,68,100,7.5,35,25.0,17.6,14.6,0.00
2025-03-20 11:00,21.4,70,100,13.7,18,25.7,19.4,15.0,0.00
2025-03-20 12:00,21.5,65,38,17.7,12,26.3,20.5,15.4,0.00
2025-03-20 13:00,21.9,64,1,18.4,23,26.7,21.4,15.9,0.00
2025-03-20 14:00,21.6,61,0,17.6,31,26.1,21.8,16.3,0.00
2025-03-20 15:00,20.9,63,0,20.6,43,23.8,21.6,16.8,0.00
2025-03-20 16:00,20.5,59,11,19.9,48,21.8,21.2,17.1,0.00
2025-03-20 17:00,20.0,57,55,19.5,51,19.5,20.2,17.4,0.00
2025-03-20 18:00,18.6,59,91,15.5,31,16.8,19.1,17.5,0.00
2025-03-20 19:00,16.4,76,93,9.6,347,14.9,17.7,17.5,0.00
2025-03-20 20:00,15.4,88,95,5.2,344,14.0,16.7,17.4,0.00
2025-03-20 21:00,14.7,88,95,5.4,278,13.3,15.7,17.3,0.00
2025-03-20 22:00,13.7,87,9,7.5,197,12.5,15.1,17.0,0.00
2025-03-20 23:00,13.4,85,0,7.6,199,12.1,14.6,16.8,0.00
2025-03-21 00:00,13.3,87,9,5.5,238,11.8,14.3,16.5,0.00
2025-03-21 01:00,13.0,89,22,2.8,220,11.4,13.9,16.2,0.00
2025-03-21 02:00,12.7,88,34,1.0,135,10.8,13.5,16.0,0.00
2025-03-21 03:00,13.2,81,49,2.8,140,11.2,13.3,15.7,0.00
2025-03-21 04:00,12.8,80,74,2.9,150,11.2,13.1,15.5,0.00
2025-03-21 05:00,13.1,77,100,1.1,252,11.5,13.0,15.2,0.00
2025-03-21 06:00,13.1,80,100,4.5,331,12.5,13.2,15.1,0.00
2025-03-21 07:00,13.8,87,94,5.2,25,13.3,13.4,14.9,0.00
2025-03-21 08:00,15.4,91,83,7.4,113,16.8,14.1,14.8,0.00
2025-03-21 09:00,17.5,84,56,3.8,49,21.8,15.9,14.9,0.00
2025-03-21 10:00,18.9,75,74,6.5,341,23.6,17.8,15.1,0.00
2025-03-21 11:00,20.3,61,69,7.9,317,25.4,19.2,15.4,0.00
2025-03-21 12:00,21.6,47,95,8.4,301,26.4,20.7,15.8,0.00
2025-03-21 13:00,21.2,57,100,14.5,6,26.3,21.6,16.3,0.00
2025-03-21 14:00,19.4,66,77,20.4,41,24.0,21.6,16.6,0.00
2025-03-21 15:00,20.0,56,100,16.6,41,24.0,21.6,17.0,0.00
2025-03-21 16:00,18.8,63,92,16.9,29,20.5,20.9,17.3,0.00
2025-03-21 17:00,18.4,60,55,12.7,47,19.1,20.0,17.5,0.00
2025-03-21 18:00,17.2,60,54,10.7,45,15.9,18.9,17.6,0.00
2025-03-21 19:00,15.5,69,50,4.8,63,13.6,17.4,17.6,0.00
2025-03-21 20:00,14.2,75,47,3.1,135,12.4,16.2,17.5,0.00
2025-03-21 21:00,13.2,78,39,2.7,203,11.3,15.1,17.3,0.00
2025-03-21 22:00,12.6,82,0,1.8,217,10.4,14.3,17.0,0.00
2025-03-21 23:00,12.0,84,0,2.2,180,9.7,13.5,16.7,0.00
2025-03-22 00:00,11.2,87,0,3.1,159,9.5,13.0,16.4,0.00
2025-03-22 01:00,10.5,85,0,2.2,189,9.0,12.5,16.0,0.00
2025-03-22 02:00,9.8,83,0,3.4,212,8.4,12.0,15.7,0.00
2025-03-22 03:00,9.3,78,0,4.3,204,8.0,11.4,15.3,0.00
2025-03-22 04:00,9.8,79,17,6.4,227,8.2,11.2,15.0,0.00
2025-03-22 05:00,10.8,72,40,10.2,225,9.0,11.1,14.7,0.00
2025-03-22 06:00,12.4,66,88,13.2,225,10.6,11.5,14.5,0.00
2025-03-22 07:00,13.3,67,86,10.2,247,12.2,11.9,14.3,0.00
2025-03-22 08:00,15.1,66,89,13.6,310,15.6,12.9,14.1,0.00
2025-03-22 09:00,15.4,74,100,20.1,314,15.5,14.1,14.1,0.00
2025-03-22 10:00,15.0,70,100,17.6,298,15.3,14.5,14.2,0.00
2025-03-22 11:00,15.4,70,100,11.4,259,16.7,14.7,14.3,0.30
2025-03-22 12:00,16.4,66,100,10.8,268,18.5,15.4,14.3,0.00
2025-03-22 13:00,16.1,67,100,15.8,311,17.5,15.7,14.5,0.00
2025-03-22 14:00,16.7,63,90,16.7,307,19.4,16.4,14.6,0.00
2025-03-22 15:00,16.1,66,96,15.8,315,16.2,16.5,14.8,0.00
2025-03-22 16:00,15.8,64,93,14.8,315,16.0,16.0,15.0,0.00
2025-03-22 17:00,15.6,62,93,11.8,301,15.2,15.7,15.0,0.00
2025-03-22 18:00,15.1,64,81,6.5,267,13.9,15.4,15.2,0.00
2025-03-22 19:00,14.1,68,81,5.9,227,12.7,14.8,15.2,0.00
2025-03-22 20:00,13.4,72,82,5.4,233,12.3,14.2,15.1,0.00
2025-03-22 21:00,13.2,74,78,4.6,225,12.3,13.9,15.0,0.00
2025-03-22 22:00,12.5,80,80,5.9,227,11.7,13.5,14.9,0.00
2025-03-22 23:00,12.4,81,78,6.4,223,11.5,13.2,14.8,0.00
2025-03-23 00:00,12.1,79,73,6.0,205,11.4,12.9,14.6,0.00
2025-03-23 01:00,11.7,80,74,4.5,209,10.3,12.6,14.5,0.00
2025-03-23 02:00,11.1,81,37,3.1,225,9.4,12.1,14.3,0.00
2025-03-23 03:00,10.6,84,39,3.3,229,8.8,11.7,14.2,0.00
2025-03-23 04:00,9.4,85,54,3.7,209,8.0,11.2,14.0,0.00
2025-03-23 05:00,8.9,82,83,3.2,207,7.5,10.6,13.7,0.00
2025-03-23 06:00,8.7,76,0,3.2,207,6.9,10.4,13.5,0.00
2025-03-23 07:00,8.7,78,0,4.0,207,8.5,10.0,13.3,0.00
2025-03-23 08:00,11.6,75,0,4.1,225,14.3,10.9,13.1,0.00
2025-03-23 09:00,15.6,58,0,16.5,226,18.0,13.1,13.1,0.00
2025-03-23 10:00,17.2,49,17,25.8,230,19.6,14.9,13.2,0.00
2025-03-23 11:00,18.0,44,25,28.2,235,19.4,16.2,13.5,0.00
2025-03-23 12:00,19.6,40,55,29.0,238,22.3,17.5,13.8,0.00
2025-03-23 13:00,20.3,38,60,31.6,244,22.8,18.4,14.2,0.00
2025-03-23 14:00,19.6,40,100,34.5,244,20.4,18.7,14.7,0.00
2025-03-23 15:00,19.1,45,100,33.9,248,19.2,18.4,15.0,0.00
2025-03-23 16:00,17.8,52,100,24.5,260,17.9,17.8,15.3,0.00
2025-03-23 17:00,14.9,78,87,22.5,309,15.2,17.1,15.5,0.00
2025-03-23 18:00,13.1,85,98,13.8,321,12.9,15.9,15.6,0.00
2025-03-23 19:00,12.7,81,82,9.5,261,12.5,14.8,15.5,0.00
2025-03-23 20:00,12.0,87,88,10.9,214,11.8,14.1,15.4,0.00
2025-03-23 21:00,11.6,90,78,9.7,202,11.4,13.6,15.3,0.00
2025-03-23 22:00,11.3,90,69,10.6,208,11.1,13.1,15.1,0.00
2025-03-23 23:00,11.0,90,75,9.2,222,10.8,12.8,14.9,0.00
2025-03-24 00:00,10.7,88,64,6.1,225,9.9,12.4,14.7,0.00
2025-03-24 01:00,10.4,87,57,5.6,230,9.4,11.9,14.5,0.00
2025-03-24 02:00,10.0,82,32,6.3,239,8.8,11.5,14.2,0.00
2025-03-24 03:00,9.4,78,21,6.3,246,8.0,11.1,14.0,0.00
2025-03-24 04:00,8.9,78,21,5.8,240,7.5,10.6,13.8,0.00
2025-03-24 05:00,8.4,80,15,5.0,249,7.0,10.1,13.5,0.00
2025-03-24 06:00,8.0,81,14,4.6,231,6.7,9.7,13.2,0.00
2025-03-24 07:00,8.2,83,2,4.7,238,8.3,9.5,13.0,0.00
2025-03-24 08:00,11.1,79,3,6.0,253,13.6,10.4,12.8,0.00
2025-03-24 09:00,13.8,66,0,11.1,245,17.1,12.4,12.7,0.00
2025-03-24 10:00,15.5,59,8,15.3,255,19.0,14.2,12.9,0.00
2025-03-24 11:00,16.8,50,59,16.7,277,20.3,15.6,13.1,0.00
2025-03-24 12:00,17.4,45,63,15.5,301,20.8,16.6,13.4,0.00
2025-03-24 13:00,17.6,50,84,17.4,322,22.0,17.8,13.8,0.00
2025-03-24 14:00,17.3,55,26,17.7,333,22.6,18.2,14.2,0.00
2025-03-24 15:00,16.8,57,58,15.4,323,20.3,18.4,14.6,0.00
2025-03-24 16:00,16.4,56,59,12.6,323,18.6,18.1,15.0,0.00
2025-03-24 17:00,15.8,56,61,11.2,315,16.0,17.4,15.2,0.00
2025-03-24 18:00,15.3,58,69,6.9,313,14.1,16.5,15.3,0.00
2025-03-24 19:00,14.0,65,53,3.1,216,11.6,15.2,15.4,0.00
2025-03-24 20:00,12.5,72,51,5.4,180,11.2,14.0,15.3,0.00
2025-03-24 21:00,11.9,76,69,6.3,193,10.5,13.3,15.1,0.00
2025-03-24 22:00,11.6,73,60,5.7,198,10.2,12.7,14.9,0.00
2025-03-24 23:00,11.1,74,57,5.3,208,9.7,12.3,14.7,0.00
2025-03-25 00:00,10.4,77,32,5.5,191,8.7,11.7,14.5,0.00
2025-03-25 01:00,10.0,79,27,5.2,196,8.4,11.3,14.2,0.00
2025-03-25 02:00,9.5,82,1,5.0,201,8.0,10.9,14.0,0.00
2025-03-25 03:00,9.0,86,0,5.2,192,7.6,10.6,13.8,0.00
2025-03-25 04:00,8.4,89,0,4.0,190,7.1,10.2,13.5,0.00
2025-03-25 05:00,7.7,92,1,2.3,219,6.5,9.8,13.3,0.00
2025-03-25 06:00,7.1,94,32,3.1,216,6.2,9.4,13.0,0.00
2025-03-25 07:00,7.3,93,31,3.2,207,8.2,9.2,12.8,0.00
2025-03-25 08:00,10.9,85,30,3.5,204,14.0,10.3,12.6,0.00
2025-03-25 09:00,14.7,68,31,7.4,247,19.0,12.6,12.6,0.00
2025-03-25 10:00,16.1,61,3,9.2,249,21.0,14.7,12.7,0.00
2025-03-25 11:00,17.5,56,47,7.6,267,22.2,16.5,13.0,0.00
2025-03-25 12:00,18.2,49,74,8.4,320,22.4,17.6,13.4,0.00
2025-03-25 13:00,18.0,51,91,14.3,342,21.4,18.1,13.9,0.00
2025-03-25 14:00,18.0,51,68,13.8,354,22.6,18.4,14.3,0.00
2025-03-25 15:00,18.0,55,39,14.8,1,21.5,18.8,14.6,0.00
2025-03-25 16:00,17.4,57,7,13.2,11,19.7,18.7,15.0,0.00
2025-03-25 17:00,16.6,59,4,10.3,12,17.2,18.1,15.2,0.00
2025-03-25 18:00,15.6,63,27,7.3,20,14.3,17.0,15.4,0.00
2025-03-25 19:00,13.9,74,0,3.1,45,11.7,15.5,15.5,0.00
2025-03-25 20:00,13.2,78,0,1.4,90,10.3,14.2,15.4,0.00
2025-03-25 21:00,11.2,88,37,3.3,167,9.9,13.3,15.3,0.00
2025-03-25 22:00,10.1,93,41,4.2,160,9.5,12.6,15.1,0.00
2025-03-25 23:00,9.3,94,36,2.9,180,8.7,12.0,14.8,0.00
2025-03-26 00:00,8.8,92,21,4.4,189,8.1,11.5,14.6,0.00
2025-03-26 01:00,8.4,92,28,4.1,195,7.7,11.0,14.3,0.00
2025-03-26 02:00,8.3,91,12,4.2,200,7.3,10.6,14.0,0.00
2025-03-26 03:00,8.1,91,7,4.4,189,7.0,10.2,13.7,0.00
2025-03-26 04:00,8.0,92,10,4.4,189,6.9,9.9,13.5,0.00
2025-03-26 05:00,7.8,93,19,4.1,195,6.8,9.6,13.2,0.00
2025-03-26 06:00,7.8,94,31,4.8,193,6.9,9.5,13.0,0.00
2025-03-26 07:00,8.1,95,39,4.6,198,8.9,9.5,12.7,0.00
2025-03-26 08:00,11.6,87,0,4.1,225,14.9,10.6,12.6,0.00
2025-03-26 09:00,15.7,71,0,9.1,236,20.0,13.1,12.6,0.00
2025-03-26 10:00,17.5,61,7,11.7,252,21.8,15.2,12.8,0.00
2025-03-26 11:00,18.8,53,75,9.8,262,23.9,17.0,13.2,0.00
2025-03-26 12:00,19.8,46,36,8.1,302,25.0,18.4,13.6,0.00
2025-03-26 13:00,19.8,49,75,13.6,338,23.5,19.2,14.1,0.00
2025-03-26 14:00,19.4,51,9,15.5,355,23.9,19.6,14.5,0.00
2025-03-26 15:00,19.8,52,0,16.2,360,24.5,20.4,15.0,0.00
2025-03-26 16:00,18.8,57,0,14.4,3,21.3,20.2,15.3,0.00
2025-03-26 17:00,17.8,61,0,10.7,14,18.6,19.3,15.7,0.00
2025-03-26 18:00,17.0,64,0,6.4,38,15.6,18.3,15.9,0.00
2025-03-26 19:00,15.0,76,0,3.3,103,12.6,16.7,16.0,0.00
2025-03-26 20:00,13.5,82,0,3.6,180,11.4,15.2,16.0,0.00
2025-03-26 21:00,12.1,83,0,4.4,189,10.6,14.3,15.9,0.00
2025-03-26 22:00,11.4,81,38,2.7,203,9.9,13.4,15.7,0.00
2025-03-26 23:00,11.1,80,56,2.6,196,9.8,12.8,15.4,0.00
2025-03-27 00:00,11.0,72,58,4.0,180,9.7,12.4,15.2,0.00
2025-03-27 01:00,10.9,64,60,4.3,185,9.6,12.1,14.9,0.00
2025-03-27 02:00,10.3,66,60,4.1,195,8.9,11.8,14.7,0.00
2025-03-27 03:00,10.0,63,52,5.2,192,8.8,11.4,14.5,0.00
2025-03-27 04:00,9.9,63,37,5.0,201,8.2,11.2,14.2,0.00
2025-03-27 05:00,9.4,68,49,4.5,209,7.9,10.8,14.0,0.00
2025-03-27 06:00,9.3,75,54,5.0,210,7.7,10.5,13.7,0.00
2025-03-27 07:00,9.9,76,52,4.1,218,9.9,10.4,13.5,0.00
2025-03-27 08:00,13.2,73,44,4.4,235,16.0,11.5,13.3,0.00
2025-03-27 09:00,17.6,53,41,8.9,243,20.7,13.9,13.4,0.00
2025-03-27 10:00,19.4,46,30,11.8,250,23.3,15.9,13.5,0.00
2025-03-27 11:00,21.3,42,3,13.4,246,26.3,17.9,13.8,0.00
2025-03-27 12:00,22.5,37,0,13.7,268,27.7,19.7,14.3,0.00
2025-03-27 13:00,22.8,42,7,15.2,324,28.0,21.1,14.8,0.00
2025-03-27 14:00,21.6,43,16,18.3,345,25.8,21.6,15.2,0.00
2025-03-27 15:00,21.4,43,5,16.9,340,24.9,21.7,15.7,0.00
2025-03-27 16:00,20.7,44,3,15.2,338,22.3,21.2,16.1,0.00
2025-03-27 17:00,19.7,49,3,11.8,348,19.9,20.4,16.5,0.00
2025-03-27 18:00,18.3,58,0,7.0,35,16.6,19.4,16.7,0.00
2025-03-27 19:00,16.0,70,0,5.0,111,13.6,17.7,16.8,0.00
2025-03-27 20:00,14.4,74,4,4.5,166,12.4,16.2,16.7,0.00
2025-03-27 21:00,13.0,66,16,5.1,184,11.2,15.0,16.6,0.00
2025-03-27 22:00,12.2,62,45,4.5,194,10.4,14.2,16.4,0.00
2025-03-27 23:00,11.2,65,93,3.9,202,9.5,13.4,16.2,0.00
2025-03-28 00:00,10.5,65,16,3.8,197,8.9,12.8,15.9,0.00
2025-03-28 01:00,9.9,71,20,2.9,210,8.3,12.2,15.6,0.00
2025-03-28 02:00,9.4,76,67,2.6,214,7.5,11.6,15.3,0.00
2025-03-28 03:00,9.0,78,64,3.4,198,7.4,11.2,15.0,0.00
2025-03-28 04:00,8.6,80,21,3.0,194,7.0,10.7,14.7,0.00
2025-03-28 05:00,8.4,80,12,3.0,194,6.4,10.3,14.4,0.00
2025-03-28 06:00,7.6,82,0,3.8,197,6.2,9.8,14.0,0.00
2025-03-28 07:00,8.3,80,0,3.7,191,8.9,9.7,13.7,0.00
2025-03-28 08:00,12.0,76,0,3.2,207,15.6,11.0,13.5,0.00
2025-03-28 09:00,17.1,55,0,3.5,246,21.4,13.6,13.5,0.00
2025-03-28 10:00,19.6,48,0,3.8,287,24.1,16.0,13.6,0.00
2025-03-28 11:00,21.2,43,0,5.1,315,26.3,18.1,13.9,0.00
2025-03-28 12:00,21.8,44,0,7.4,331,27.5,19.6,14.3,0.00
2025-03-28 13:00,21.9,42,0,11.4,349,28.0,21.1,14.9,0.00
2025-03-28 14:00,21.5,43,0,14.8,356,26.5,21.8,15.4,0.00
2025-03-28 15:00,21.1,50,0,14.1,356,25.1,21.8,15.8,0.00
2025-03-28 16:00,20.7,46,0,9.1,353,23.5,21.5,16.2,0.00
2025-03-28 17:00,19.9,44,0,8.3,2,20.1,20.8,16.6,0.00
2025-03-28 18:00,18.5,54,0,6.1,45,16.4,19.7,16.8,0.00
2025-03-28 19:00,15.8,65,0,4.3,114,12.9,17.7,16.9,0.00
2025-03-28 20:00,14.1,73,0,2.5,172,11.1,16.0,16.9,0.00
2025-03-28 21:00,11.6,77,0,5.1,184,10.1,14.6,16.7,0.00
2025-03-28 22:00,11.0,71,0,5.1,188,9.6,13.7,16.5,0.00
2025-03-28 23:00,10.3,69,0,4.6,198,8.8,13.0,16.2,0.00
2025-03-29 00:00,10.4,60,0,6.0,197,8.8,12.5,15.9,0.00
2025-03-29 01:00,10.3,62,0,5.8,202,8.5,12.0,15.6,0.00
2025-03-29 02:00,10.3,63,0,5.6,207,8.3,11.6,15.3,0.00
2025-03-29 03:00,10.4,61,0,6.5,199,8.2,11.3,15.0,0.00
2025-03-29 04:00,10.2,62,0,6.3,204,8.0,11.1,14.7,0.00
2025-03-29 05:00,9.6,65,0,5.3,208,7.5,10.8,14.4,0.00
2025-03-29 06:00,9.3,68,0,5.8,202,7.4,10.5,14.2,0.00
2025-03-29 07:00,9.8,72,0,5.8,210,9.9,10.4,13.9,0.00
2025-03-29 08:00,14.0,67,0,6.1,225,16.5,11.6,13.7,0.00
2025-03-29 09:00,18.6,45,0,9.4,230,21.6,14.1,13.7,0.00
2025-03-29 10:00,21.0,37,0,9.8,242,25.1,16.5,13.9,0.00
2025-03-29 11:00,23.3,31,0,9.3,257,28.2,18.8,14.2,0.00
2025-03-29 12:00,24.1,32,0,8.6,272,29.3,20.6,14.7,0.00
2025-03-29 13:00,24.9,31,0,10.0,300,29.9,22.1,15.3,0.00
2025-03-29 14:00,24.8,32,0,12.9,324,28.8,23.0,15.9,0.00
2025-03-29 15:00,24.6,34,0,10.9,333,27.8,23.4,16.4,0.00
2025-03-29 16:00,23.6,36,0,10.9,354,24.9,23.1,16.8,0.00
2025-03-29 17:00,22.0,41,0,11.8,12,21.6,22.2,17.2,0.00
2025-03-29 18:00,20.0,49,0,7.4,43,17.6,20.9,17.5,0.00
2025-03-29 19:00,17.0,62,0,5.0,90,14.0,18.9,17.6,0.00
2025-03-29 20:00,15.2,67,0,3.5,114,12.2,17.1,17.5,0.00
2025-03-29 21:00,12.8,72,0,3.5,156,10.5,15.5,17.4,0.00
2025-03-29 22:00,10.8,75,0,3.1,144,9.4,14.3,17.2,0.00
2025-03-29 23:00,9.7,68,0,4.0,170,8.6,13.4,16.9,0.00
2025-03-30 00:00,9.3,59,0,3.3,139,8.3,12.9,16.6,0.00
2025-03-30 01:00,9.7,53,0,2.9,150,7.6,12.1,16.2,0.00
2025-03-30 02:00,10.6,50,0,1.1,90,7.0,11.5,15.8,0.00
2025-03-30 03:00,11.0,47,0,1.4,180,6.6,10.9,15.4,0.00
2025-03-30 04:00,10.8,49,0,3.6,186,6.4,10.5,15.1,0.00
2025-03-30 05:00,8.8,59,0,2.6,196,6.2,10.2,14.7,0.00
2025-03-30 06:00,8.4,63,0,2.9,187,5.9,10.0,14.4,0.00
2025-03-30 07:00,9.0,64,0,3.2,207,9.2,9.8,14.0,0.00
2025-03-30 08:00,12.3,70,0,1.8,259,15.8,11.2,13.8,0.00
2025-03-30 09:00,17.3,56,0,5.9,14,22.2,14.1,13.8,0.00
2025-03-30 10:00,19.5,57,0,14.1,38,24.0,16.4,13.9,0.00
2025-03-30 11:00,20.6,44,0,19.4,43,24.8,18.1,14.2,0.00
2025-03-30 12:00,20.7,40,0,23.2,46,24.8,19.1,14.6,0.00
2025-03-30 13:00,20.5,37,0,25.3,50,24.4,19.9,15.0,0.00
2025-03-30 14:00,20.1,41,0,25.9,52,23.6,20.2,15.4,0.00
2025-03-30 15:00,19.5,46,0,25.6,51,22.3,20.2,15.8,0.00
2025-03-30 16:00,18.6,49,0,25.0,54,20.0,19.8,16.1,0.00
2025-03-30 17:00,17.5,54,0,22.8,59,17.7,19.0,16.4,0.00
2025-03-30 18:00,16.2,63,0,16.5,54,15.0,17.9,16.5,0.00
2025-03-30 19:00,14.4,70,0,9.2,42,12.5,16.5,16.5,0.00
2025-03-30 20:00,13.2,77,0,4.8,27,11.1,15.2,16.4,0.00
2025-03-30 21:00,12.9,79,0,1.5,346,9.4,14.1,16.2,0.00
2025-03-30 22:00,11.8,84,0,3.4,252,8.7,13.0,16.0,0.00
2025-03-30 23:00,9.7,93,11,4.5,209,8.5,12.3,15.7,0.00
2025-03-31 00:00,8.8,95,16,4.3,204,7.9,11.9,15.4,0.00
2025-03-31 01:00,8.3,93,6,3.9,202,7.3,11.3,15.1,0.00
2025-03-31 02:00,7.8,88,5,2.9,173,6.5,10.8,14.8,0.00
2025-03-31 03:00,7.2,88,5,3.6,174,6.0,10.2,14.4,0.00
2025-03-31 04:00,6.5,91,5,4.0,180,5.7,9.7,14.1,0.00
2025-03-31 05:00,6.0,94,6,4.0,175,5.3,9.4,13.8,0.00
2025-03-31 06:00,5.5,95,7,4.0,185,4.9,8.9,13.5,0.00
2025-03-31 07:00,6.2,92,6,4.0,185,7.9,8.8,13.1,0.00
2025-03-31 08:00,10.7,84,0,1.5,194,14.6,10.1,12.9,0.00
2025-03-31 09:00,14.9,75,0,1.8,360,19.6,12.5,12.9,0.00
2025-03-31 10:00,17.9,60,0,7.2,27,23.3,15.0,13.0,0.00
2025-03-31 11:00,19.5,56,0,10.9,27,25.0,17.1,13.3,0.00
2025-03-31 12:00,19.7,58,0,13.4,24,25.0,18.4,13.7,0.00
2025-03-31 13:00,20.2,49,0,14.7,25,24.9,19.5,14.2,0.00
2025-03-31 14:00,20.2,48,0,15.6,29,24.2,20.0,14.7,0.00
2025-03-31 15:00,19.9,53,0,16.1,29,22.9,20.2,15.2,0.00
2025-03-31 16:00,19.1,58,56,14.6,33,20.7,19.8,15.6,0.00
2025-03-31 17:00,18.2,60,18,11.9,29,18.3,19.0,15.9,0.00
2025-03-31 18:00,16.6,73,25,8.4,20,15.1,17.9,16.1,0.00
2025-03-31 19:00,14.4,83,3,3.3,347,11.9,16.3,16.1,0.00
2025-03-31 20:00,13.0,88,0,2.3,342,10.2,14.8,16.0,0.00
2025-03-31 21:00,12.2,91,0,1.1,270,8.9,13.6,15.8,0.00
2025-03-31 22:00,11.2,95,54,2.9,240,8.1,12.6,15.6,0.00
2025-03-31 23:00,9.7,100,100,2.9,210,7.9,11.8,15.3,0.00
2025-04-01 00:00,8.6,100,100,3.7,191,8.1,11.4,15.0,0.00
2025-04-01 01:00,8.4,99,100,3.6,186,8.0,11.1,14.7,0.00
2025-04-01 02:00,8.1,99,100,3.7,191,7.7,10.9,14.4,0.00
2025-04-01 03:00,7.8,99,100,4.0,190,7.2,10.5,14.1,0.00
2025-04-01 04:00,7.6,99,100,3.2,180,7.0,10.2,13.9,0.00
2025-04-01 05:00,7.5,99,100,3.3,186,6.8,10.0,13.6,0.00
2025-04-01 06:00,7.1,98,93,4.0,190,6.5,9.7,13.3,0.00
2025-04-01 07:00,7.7,96,100,3.7,191,9.0,9.7,13.1,0.00
2025-04-01 08:00,11.5,89,100,2.3,198,15.2,10.8,12.9,0.00
2025-04-01 09:00,15.2,76,92,0.8,243,19.4,13.0,12.9,0.00
2025-04-01 10:00,17.5,68,100,3.1,339,22.1,15.1,13.1,0.00
2025-04-01 11:00,19.1,62,100,6.0,335,24.1,16.9,13.4,0.00
2025-04-01 12:00,20.0,64,36,10.2,337,26.3,18.6,13.8,0.00
2025-04-01 13:00,20.4,58,7,12.5,342,26.1,19.9,14.3,0.00
2025-04-01 14:00,20.1,60,3,13.2,343,25.3,20.5,14.8,0.00
2025-04-01 15:00,19.7,64,17,13.0,346,24.1,20.7,15.3,0.00
2025-04-01 16:00,19.0,68,23,10.2,350,22.1,20.5,15.7,0.00
2025-04-01 17:00,18.3,68,78,6.8,360,19.6,19.8,16.0,0.00
2025-04-01 18:00,17.6,73,94,4.5,29,16.1,18.8,16.3,0.00
2025-04-01 19:00,16.0,81,100,3.8,73,14.0,17.3,16.4,0.00
2025-04-01 20:00,15.0,87,100,2.7,67,13.7,16.2,16.4,0.00
2025-04-01 21:00,14.8,85,100,3.6,186,12.7,15.5,16.3,0.00
2025-04-01 22:00,14.0,83,13,4.3,204,11.9,14.8,16.2,0.00
2025-04-01 23:00,13.2,81,2,3.1,225,10.9,14.1,16.0,0.00
2025-04-02 00:00,12.4,84,22,4.4,189,10.7,13.6,15.8,0.00
2025-04-02 01:00,12.1,83,12,4.3,185,10.8,13.2,15.6,0.00
2025-04-02 02:00,11.7,85,4,3.6,180,10.3,12.9,15.3,0.00
2025-04-02 03:00,11.2,88,13,3.2,207,9.9,12.6,15.1,0.00
2025-04-02 04:00,10.6,93,25,2.5,225,9.5,12.3,14.9,0.00
2025-04-02 05:00,10.2,95,5,2.8,220,9.0,11.9,14.7,0.00
2025-04-02 06:00,10.1,95,28,3.6,225,9.2,11.8,14.5,0.00
2025-04-02 07:00,11.4,92,3,3.7,209,12.7,11.8,14.3,0.00
2025-04-02 08:00,15.8,83,0,2.5,225,19.4,13.4,14.1,0.00
2025-04-02 09:00,19.7,66,0,1.8,307,23.8,15.9,14.2,0.00
2025-04-02 10:00,21.7,56,0,2.9,353,26.2,18.1,14.5,0.00
2025-04-02 11:00,22.7,56,7,8.2,15,28.1,19.9,14.9,0.00
2025-04-02 12:00,21.7,61,47,16.4,26,24.4,21.0,15.4,0.00
2025-04-02 13:00,22.2,58,73,19.8,25,28.2,21.4,15.8,0.00
2025-04-02 14:00,21.7,59,17,19.7,24,26.5,22.0,16.3,0.00
2025-04-02 15:00,21.1,60,5,20.6,19,24.6,22.0,16.7,0.00
2025-04-02 16:00,20.4,63,3,18.4,40,22.5,21.5,17.1,0.00
2025-04-02 17:00,19.9,63,5,16.9,52,20.3,20.7,17.3,0.00
2025-04-02 18:00,19.0,65,0,13.5,42,17.7,19.7,17.5,0.00
2025-04-02 19:00,16.9,78,0,8.8,12,15.2,18.3,17.6,0.00
2025-04-02 20:00,15.8,85,71,7.2,6,14.8,17.2,17.5,0.00
2025-04-02 21:00,15.2,88,51,3.3,354,13.7,16.4,17.4,0.00
2025-04-02 22:00,14.8,90,43,1.1,270,12.3,15.6,17.2,0.00
2025-04-02 23:00,14.3,91,57,2.6,236,12.1,14.9,17.0,0.00
2025-04-03 00:00,14.3,87,23,1.0,135,11.4,14.6,16.7,0.00
2025-04-03 01:00,13.3,91,30,1.1,198,11.0,14.1,16.5,0.00
2025-04-03 02:00,13.1,91,4,1.3,236,10.3,13.6,16.2,0.00
2025-04-03 03:00,12.6,94,39,3.3,257,10.7,13.1,15.9,0.00
2025-04-03 04:00,12.2,95,59,4.7,212,11.4,13.1,15.7,0.00
2025-04-03 05:00,12.2,95,77,5.6,207,11.8,13.1,15.4,0.00
2025-04-03 06:00,12.4,95,72,6.3,211,11.8,13.2,15.3,0.00
2025-04-03 07:00,13.4,91,72,5.5,212,14.1,13.4,15.1,0.00
2025-04-03 08:00,15.8,82,84,5.9,218,17.8,14.4,15.0,0.00
2025-04-03 09:00,17.6,82,77,6.6,279,21.4,16.0,15.0,0.00
2025-04-03 10:00,19.4,75,63,7.4,317,23.7,17.8,15.2,0.00
2025-04-03 11:00,20.3,71,100,11.3,338,24.3,19.3,15.5,0.00
2025-04-03 12:00,19.4,77,100,15.5,357,25.0,19.9,15.9,0.00
2025-04-03 13:00,19.6,74,100,17.2,11,25.0,20.5,16.3,0.00
2025-04-03 14:00,19.3,73,100,16.8,28,23.5,20.7,16.6,0.00
2025-04-03 15:00,19.3,72,100,18.2,38,22.1,20.7,17.0,0.00
2025-04-03 16:00,19.3,73,72,17.8,42,21.6,20.3,17.2,0.00
2025-04-03 17:00,18.5,77,51,18.6,49,19.2,19.8,17.4,0.00
2025-04-03 18:00,17.5,82,40,16.3,49,16.8,18.8,17.5,0.00
2025-04-03 19:00,16.2,88,5,12.1,37,15.0,17.7,17.5,0.00
2025-04-03 20:00,15.3,94,23,7.8,22,14.2,16.7,17.4,0.00
2025-04-03 21:00,14.5,97,48,5.1,315,13.5,15.9,17.2,0.00
2025-04-03 22:00,14.0,98,62,3.6,307,12.8,15.3,17.0,0.00
2025-04-03 23:00,14.1,95,100,4.5,284,13.5,14.9,16.8,0.00
2025-04-04 00:00,14.5,96,100,5.4,290,14.1,14.7,16.6,0.00
2025-04-04 01:00,14.3,93,100,5.0,201,14.0,14.8,16.4,0.00
2025-04-04 02:00,14.2,95,89,4.6,219,13.8,14.8,16.2,0.00
2025-04-04 03:00,14.1,94,50,2.9,187,12.7,14.7,16.1,0.00
2025-04-04 04:00,13.4,94,26,3.7,191,11.8,14.3,16.0,0.00
2025-04-04 05:00,12.6,94,37,2.2,189,11.1,13.8,15.8,0.00
2025-04-04 06:00,12.1,94,59,2.3,198,10.6,13.3,15.6,0.00
2025-04-04 07:00,12.7,93,47,2.2,189,14.2,13.3,15.4,0.00
2025-04-04 08:00,16.1,81,52,2.5,225,19.6,14.7,15.3,0.00
2025-04-04 09:00,19.2,71,56,3.6,233,23.3,16.9,15.3,0.00
2025-04-04 10:00,21.6,64,55,4.8,228,26.0,18.8,15.5,0.00
2025-04-04 11:00,23.5,57,65,4.5,256,27.5,20.5,15.9,0.00
2025-04-04 12:00,24.8,48,58,3.1,306,28.3,21.9,16.3,0.00
2025-04-04 13:00,25.8,43,51,9.5,307,30.2,23.1,16.9,0.00
2025-04-04 14:00,24.7,54,36,11.2,358,28.3,23.8,17.4,0.00
2025-04-04 15:00,24.3,51,38,14.4,22,26.9,23.8,17.9,0.00
2025-04-04 16:00,23.1,54,27,14.8,39,24.8,23.2,18.2,0.00
2025-04-04 17:00,22.1,55,14,12.8,16,22.3,22.4,18.5,0.00
2025-04-04 18:00,20.2,63,34,10.1,6,18.9,21.3,18.8,0.00
2025-04-04 19:00,18.3,74,44,3.1,45,16.2,19.7,18.8,0.00
2025-04-04 20:00,17.3,80,51,1.8,143,14.9,18.4,18.7,0.00
2025-04-04 21:00,16.2,81,49,1.9,202,14.1,17.3,18.5,0.00
2025-04-04 22:00,15.7,83,50,0.8,297,13.2,16.5,18.3,0.00
2025-04-04 23:00,15.2,85,65,3.6,360,13.4,15.8,18.1,0.00
2025-04-05 00:00,15.0,83,59,3.3,96,12.5,15.3,17.8,0.00
2025-04-05 01:00,13.7,90,41,4.4,125,12.3,14.9,17.5,0.00
2025-04-05 02:00,13.2,90,41,2.3,141,11.5,14.6,17.2,0.00
2025-04-05 03:00,13.3,86,52,2.0,135,10.9,14.1,16.9,0.00
2025-04-05 04:00,13.6,84,67,0.7,90,11.1,13.8,16.6,0.00
2025-04-05 05:00,13.7,86,72,1.8,90,11.6,13.6,16.4,0.00
2025-04-05 06:00,13.8,88,77,2.6,106,12.5,13.9,16.2,0.00
2025-04-05 07:00,14.2,88,80,3.3,139,15.1,14.2,16.0,0.00
2025-04-05 08:00,16.3,83,85,2.6,106,19.1,15.2,15.9,0.00
2025-04-05 09:00,18.3,74,69,5.8,353,21.8,17.0,15.9,0.00
2025-04-05 10:00,19.3,66,65,11.0,349,24.0,18.5,16.1,0.00
2025-04-05 11:00,20.5,60,68,12.1,337,27.1,19.9,16.3,0.00
2025-04-05 12:00,20.9,56,92,14.6,340,27.3,21.5,16.7,0.00
2025-04-05 13:00,20.7,55,100,15.6,341,26.3,22.1,17.1,0.00
2025-04-05 14:00,20.7,52,100,17.7,336,26.6,22.6,17.5,0.00
2025-04-05 15:00,20.3,53,97,17.9,338,24.5,22.4,17.8,0.00
2025-04-05 16:00,19.6,54,100,16.3,342,22.1,22.0,18.1,0.00
2025-04-05 17:00,18.9,53,100,11.9,346,19.5,21.0,18.3,0.00
2025-04-05 18:00,18.0,55,100,7.6,8,17.1,19.9,18.4,0.00
2025-04-05 19:00,16.3,64,83,4.7,99,14.1,18.5,18.4,0.00
2025-04-05 20:00,15.0,70,87,4.9,144,13.3,17.1,18.3,0.00
2025-04-05 21:00,14.2,63,27,4.7,171,12.3,16.2,18.1,0.00
2025-04-05 22:00,13.0,63,33,4.8,193,11.4,15.3,17.8,0.00
2025-04-05 23:00,12.3,67,78,4.3,204,11.2,14.6,17.5,0.00
2025-04-06 00:00,12.5,65,75,4.0,190,11.6,14.3,17.2,0.00
2025-04-06 01:00,12.4,67,72,3.7,191,11.2,14.0,16.9,0.00
2025-04-06 02:00,12.0,70,54,3.7,191,10.6,13.7,16.7,0.00
2025-04-06 03:00,11.4,71,40,4.0,190,10.1,13.3,16.4,0.00
2025-04-06 04:00,10.6,75,12,4.1,195,9.1,12.8,16.1,0.00
2025-04-06 05:00,9.8,77,0,4.0,207,8.4,12.3,15.8,0.00
2025-04-06 06:00,9.4,75,15,4.3,204,8.2,11.9,15.5,0.00
2025-04-06 07:00,10.7,74,26,4.2,211,12.0,11.8,15.2,0.00
2025-04-06 08:00,15.3,68,68,3.3,257,18.9,13.4,15.0,0.00
2025-04-06 09:00,18.6,56,100,5.4,270,22.9,16.0,15.0,0.00
2025-04-06 10:00,20.8,48,100,8.2,311,26.0,18.1,15.2,0.00
2025-04-06 11:00,21.4,50,100,14.5,330,26.1,19.9,15.6,0.00
2025-04-06 12:00,20.2,60,100,14.7,338,22.9,20.6,16.0,0.00
2025-04-06 13:00,21.0,58,73,15.0,339,26.9,21.0,16.4,0.00
2025-04-06 14:00,21.7,47,41,17.1,332,26.7,22.0,16.8,0.00
2025-04-06 15:00,21.4,46,18,17.1,325,24.8,22.3,17.3,0.00
2025-04-06 16:00,20.3,53,31,15.3,326,22.4,21.8,17.6,0.00
2025-04-06 17:00,19.4,56,6,9.5,323,20.5,21.0,17.9,0.00
2025-04-06 18:00,19.2,59,67,0.8,243,17.8,20.1,18.1,0.00
2025-04-06 19:00,17.0,65,16,4.0,153,14.2,18.5,18.1,0.00
2025-04-06 20:00,15.8,67,64,3.6,180,13.0,17.0,18.0,0.00
2025-04-06 21:00,14.5,59,9,5.1,188,12.2,16.0,17.8,0.00
2025-04-06 22:00,13.9,60,12,4.8,193,11.6,15.1,17.6,0.00
2025-04-06 23:00,13.1,63,0,3.9,214,10.8,14.5,17.3,0.00
2025-04-07 00:00,12.8,62,0,4.6,198,10.7,14.1,17.0,0.00
2025-04-07 01:00,12.1,67,0,4.6,198,10.2,13.6,16.7,0.00
2025-04-07 02:00,11.6,70,4,4.2,200,9.8,13.1,16.4,0.00
2025-04-07 03:00,11.1,70,0,4.9,197,9.5,12.7,16.1,0.00
2025-04-07 04:00,10.8,74,0,4.5,194,9.1,12.4,15.8,0.00
2025-04-07 05:00,10.5,77,33,4.6,198,8.9,12.0,15.5,0.00
2025-04-07 06:00,10.5,78,89,4.9,197,9.3,11.8,15.3,0.00
2025-04-07 07:00,11.7,78,61,4.7,203,12.6,12.0,15.0,0.00
2025-04-07 08:00,15.9,71,5,4.3,228,19.3,13.5,14.9,0.00
2025-04-07 09:00,20.0,56,1,6.5,236,24.8,16.4,14.9,0.00
2025-04-07 10:00,22.2,47,0,5.1,262,27.3,18.8,15.2,0.00
2025-04-07 11:00,23.8,42,72,3.0,346,29.0,20.7,15.6,0.00
2025-04-07 12:00,24.4,41,37,10.6,10,30.9,22.2,16.1,0.00
2025-04-07 13:00,24.0,42,22,16.5,23,29.5,23.4,16.7,0.00
2025-04-07 14:00,23.5,43,0,18.5,27,28.1,23.8,17.3,0.00
2025-04-07 15:00,22.5,47,0,19.8,29,26.1,23.6,17.8,0.00
2025-04-07 16:00,21.5,51,0,17.9,38,23.7,22.9,18.2,0.00
2025-04-07 17:00,20.6,55,0,15.8,43,21.3,21.9,18.5,0.00
2025-04-07 18:00,19.4,65,0,11.8,40,18.2,20.8,18.6,0.00
2025-04-07 19:00,17.1,76,0,5.8,7,15.1,19.2,18.7,0.00
2025-04-07 20:00,15.5,85,0,3.7,349,13.6,17.7,18.6,0.00
2025-04-07 21:00,14.6,87,0,2.3,342,12.3,16.5,18.4,0.00
2025-04-07 22:00,14.1,89,0,1.6,297,11.2,15.5,18.1,0.00
2025-04-07 23:00,13.7,90,0,1.8,270,10.4,14.6,17.8,0.00
2025-04-08 00:00,13.4,88,0,2.3,252,10.1,14.0,17.4,0.00
2025-04-08 01:00,12.8,90,0,3.1,234,10.1,13.6,17.1,0.00
2025-04-08 02:00,11.9,90,0,2.8,220,10.0,13.3,16.7,0.00
2025-04-08 03:00,11.3,89,0,2.6,196,9.1,12.8,16.4,0.00
2025-04-08 04:00,11.3,88,0,1.8,169,8.8,12.4,16.1,0.00
2025-04-08 05:00,11.3,91,0,2.3,141,8.5,12.0,15.8,0.00
2025-04-08 06:00,11.5,92,1,0.8,207,7.8,11.5,15.5,0.00
2025-04-08 07:00,12.2,94,0,2.7,247,13.2,11.7,15.2,0.00
2025-04-08 08:00,15.9,81,0,2.6,254,20.3,13.7,15.0,0.00
2025-04-08 09:00,19.8,66,0,5.4,352,24.9,16.5,15.0,0.00
2025-04-08 10:00,22.1,60,0,9.3,16,27.5,18.9,15.3,0.00
2025-04-08 11:00,23.2,57,0,15.0,17,28.6,20.9,15.7,0.00
2025-04-08 12:00,23.0,51,0,18.1,17,28.0,21.7,16.2,0.00
2025-04-08 13:00,23.5,48,0,17.7,24,28.7,22.6,16.7,0.00
2025-04-08 14:00,23.6,53,0,17.4,30,28.3,23.2,17.2,0.00
2025-04-08 15:00,23.5,54,10,19.3,33,26.8,23.4,17.7,0.00
2025-04-08 16:00,22.7,55,12,17.6,31,24.6,23.1,18.1,0.00
2025-04-08 17:00,21.3,60,7,15.3,24,21.9,22.2,18.5,0.00
2025-04-08 18:00,19.8,67,6,12.3,5,18.6,21.1,18.7,0.00
2025-04-08 19:00,17.7,77,0,7.1,336,15.8,19.5,18.7,0.00
2025-04-08 20:00,16.5,83,36,4.1,315,14.7,18.1,18.6,0.00
2025-04-08 21:00,15.9,83,58,4.3,275,14.6,17.2,18.5,0.00
2025-04-08 22:00,15.5,85,79,4.6,252,14.7,16.7,18.3,0.00
2025-04-08 23:00,15.3,87,80,4.5,241,14.5,16.4,18.1,0.00
2025-04-09 00:00,14.7,89,78,5.0,240,13.8,15.9,17.8,0.00
2025-04-09 01:00,14.4,91,91,4.8,228,13.2,15.6,17.6,0.00
2025-04-09 02:00,13.6,94,91,3.9,202,12.2,15.3,17.4,0.00
2025-04-09 03:00,13.2,95,71,3.8,221,12.1,14.9,17.2,0.00
2025-04-09 04:00,12.6,97,76,3.9,202,11.9,14.5,17.0,0.00
2025-04-09 05:00,12.2,99,60,2.9,187,11.4,14.2,16.7,0.00
2025-04-09 06:00,12.3,100,67,2.6,214,11.6,13.9,16.5,0.00
2025-04-09 07:00,13.3,98,77,2.9,173,15.4,14.1,16.3,0.00
2025-04-09 08:00,16.0,91,59,1.8,169,20.0,15.4,16.2,0.00
2025-04-09 09:00,19.3,78,36,4.8,27,24.5,17.5,16.2,0.00
2025-04-09 10:00,20.9,72,30,8.2,23,27.1,19.5,16.4,0.00
2025-04-09 11:00,21.9,70,51,12.7,25,28.5,21.2,16.7,0.00
2025-04-09 12:00,21.5,72,68,15.8,27,27.9,21.9,17.1,0.00
2025-04-09 13:00,21.3,73,65,17.9,30,27.2,22.7,17.5,0.00
2025-04-09 14:00,21.1,72,69,17.7,33,26.4,22.9,17.9,0.00
2025-04-09 15:00,20.7,74,99,18.0,37,25.1,22.7,18.3,0.00
2025-04-09 16:00,19.6,80,100,17.1,35,21.2,21.9,18.6,0.00
2025-04-09 17:00,18.8,80,100,14.7,36,20.5,21.0,18.7,0.00
2025-04-09 18:00,17.8,83,100,13.0,34,17.5,19.9,18.8,0.00
2025-04-09 19:00,16.8,89,100,8.2,29,16.2,18.8,18.8,0.00
2025-04-09 20:00,16.4,92,99,6.2,7,16.0,18.0,18.7,0.00
2025-04-09 21:00,16.0,96,88,4.7,360,15.6,17.5,18.5,0.00
2025-04-09 22:00,15.8,97,89,3.1,339,15.3,17.1,18.3,0.00
2025-04-09 23:00,15.5,97,90,2.9,7,14.8,16.8,18.2,0.00
2025-04-10 00:00,15.2,99,100,4.4,35,14.9,16.6,18.0,0.00
2025-04-10 01:00,15.2,97,100,3.6,45,14.5,16.4,17.8,0.00
2025-04-10 02:00,14.9,97,100,2.3,51,14.1,16.1,17.6,0.00
2025-04-10 03:00,15.0,97,100,2.3,321,14.2,15.8,17.5,0.00
2025-04-10 04:00,14.8,97,100,2.8,310,14.7,15.8,17.3,0.00
2025-04-10 05:00,14.9,98,100,3.9,56,14.7,15.8,17.2,0.00
2025-04-10 06:00,15.1,97,100,2.1,59,14.3,15.7,17.0,0.00
2025-04-10 07:00,16.4,94,66,6.4,38,17.6,15.9,16.9,0.00
2025-04-10 08:00,18.3,86,41,10.4,46,21.6,17.1,16.9,0.00
2025-04-10 09:00,19.1,83,62,14.2,30,23.3,18.5,16.9,0.00
2025-04-10 10:00,19.8,79,57,14.7,25,24.9,19.8,17.1,0.00
2025-04-10 11:00,20.0,79,100,16.9,29,24.1,20.7,17.4,0.00
2025-04-10 12:00,19.5,78,100,16.3,31,23.0,20.8,17.6,0.00
2025-04-10 13:00,19.6,78,100,16.9,29,23.0,21.1,17.9,0.00
2025-04-10 14:00,19.2,80,100,17.5,32,22.9,20.9,18.2,0.00
2025-04-10 15:00,18.8,80,100,18.3,36,21.0,20.6,18.3,0.00
2025-04-10 16:00,18.5,81,100,19.1,43,20.1,20.2,18.5,0.00
2025-04-10 17:00,17.9,83,100,18.6,46,18.7,19.6,18.5,0.00
2025-04-10 18:00,17.3,85,100,18.6,47,17.5,18.8,18.5,0.00
2025-04-10 19:00,16.7,88,100,15.8,41,16.4,18.2,18.4,0.00
2025-04-10 20:00,16.7,89,100,14.0,48,16.5,17.7,18.3,0.00
2025-04-10 21:00,16.7,90,100,12.7,35,16.3,17.5,18.2,0.00
2025-04-10 22:00,16.6,92,100,10.7,33,16.2,17.3,18.1,0.00
2025-04-10 23:00,16.5,93,100,10.9,44,16.2,17.1,18.0,0.00
2025-04-11 00:00,16.5,93,100,12.7,35,16.3,17.1,17.9,0.00
2025-04-11 01:00,16.5,93,100,13.3,38,16.5,17.0,17.7,0.00
2025-04-11 02:00,16.5,92,100,10.6,35,16.4,17.0,17.7,0.00
2025-04-11 03:00,16.4,94,100,11.3,31,16.3,16.9,17.5,0.00
2025-04-11 04:00,16.3,94,100,9.4,23,16.1,16.8,17.5,0.00
2025-04-11 05:00,16.0,96,100,6.4,27,15.5,16.6,17.4,0.00
2025-04-11 06:00,16.0,95,100,7.6,25,15.8,16.6,17.3,0.00
2025-04-11 07:00,16.6,94,100,8.7,24,17.6,16.6,17.2,0.00
2025-04-11 08:00,17.8,89,100,9.8,24,19.8,17.3,17.2,0.00
2025-04-11 09:00,18.0,88,100,13.2,22,20.3,17.7,17.1,0.00
2025-04-11 10:00,18.6,84,100,12.0,39,21.7,18.5,17.2,0.00
2025-04-11 11:00,19.3,84,100,12.7,25,22.3,19.4,17.4,0.00
2025-04-11 12:00,18.6,91,100,17.5,352,20.8,19.3,17.5,0.00
2025-04-11 13:00,21.0,80,100,21.0,5,24.3,20.3,17.7,0.00
2025-04-11 14:00,20.0,83,100,20.1,21,23.4,20.7,18.0,0.00
2025-04-11 15:00,17.7,89,100,20.3,23,18.2,19.1,18.1,0.10
2025-04-11 16:00,17.3,90,100,14.8,14,17.6,18.6,18.1,0.00
2025-04-11 17:00,16.9,91,100,11.8,27,17.3,18.1,18.1,0.00
2025-04-11 18:00,16.9,91,100,12.3,40,16.8,17.7,18.0,0.00
2025-04-11 19:00,16.7,92,100,11.2,40,16.5,17.4,17.9,0.00
2025-04-11 20:00,16.5,93,100,10.8,53,16.3,17.2,17.8,0.00
2025-04-11 21:00,15.9,94,100,11.0,49,15.6,16.7,17.6,0.00
2025-04-11 22:00,15.7,96,100,8.6,33,15.6,16.4,17.5,0.00
2025-04-11 23:00,15.6,96,100,9.0,37,15.5,16.4,17.3,0.00
2025-04-12 00:00,15.8,93,100,11.8,40,15.8,16.4,17.3,0.00
2025-04-12 01:00,15.7,95,100,8.1,21,15.5,16.3,17.1,0.00
2025-04-12 02:00,15.7,96,100,3.9,34,15.5,16.2,17.0,0.00
2025-04-12 03:00,15.6,97,100,8.4,43,15.3,16.0,16.9,0.00
2025-04-12 04:00,15.4,97,100,8.8,35,15.1,15.9,16.8,0.00
2025-04-12 05:00,15.4,97,100,5.6,50,15.1,15.8,16.7,0.00
2025-04-12 06:00,15.2,99,100,7.9,30,15.2,15.6,16.6,0.00
2025-04-12 07:00,15.9,95,100,10.8,37,16.7,15.9,16.5,0.00
2025-04-12 08:00,16.7,90,100,10.6,35,18.1,16.4,16.5,0.00
2025-04-12 09:00,16.3,94,100,8.4,25,18.3,16.7,16.4,0.00
2025-04-12 10:00,17.5,90,100,14.8,14,20.2,17.8,16.5,0.00
2025-04-12 11:00,17.1,91,100,9.5,9,19.0,18.1,16.7,0.00
2025-04-12 12:00,16.9,92,100,9.0,16,19.0,17.8,16.9,0.00
2025-04-12 13:00,17.5,91,100,11.0,38,20.6,18.5,17.0,0.00
2025-04-12 14:00,17.3,91,100,7.1,24,19.0,18.4,17.2,0.00
2025-04-12 15:00,17.6,90,100,10.4,358,19.8,18.7,17.4,0.00
2025-04-12 16:00,17.5,89,100,8.8,19,18.5,18.4,17.5,0.00
2025-04-12 17:00,17.1,89,100,13.0,39,17.3,18.0,17.6,0.00
2025-04-12 18:00,16.7,92,100,12.0,44,16.7,17.4,17.6,0.00
2025-04-12 19:00,16.3,93,100,8.0,54,15.9,16.9,17.5,0.00
2025-04-12 20:00,16.1,96,100,1.8,53,15.9,16.7,17.4,0.40
2025-04-12 21:00,15.9,97,100,2.2,189,15.9,16.6,17.2,1.10
2025-04-12 22:00,15.8,98,100,6.6,9,15.7,16.4,17.1,0.50
2025-04-12 23:00,15.5,99,100,6.8,108,15.5,16.3,17.0,0.10
2025-04-13 00:00,15.8,97,99,2.2,90,15.6,16.3,17.0,0.00
2025-04-13 01:00,15.6,99,100,5.7,18,15.5,16.1,16.8,0.00
2025-04-13 02:00,15.6,98,100,4.7,23,15.3,15.9,16.7,0.00
2025-04-13 03:00,15.2,98,100,3.6,84,14.8,15.6,16.6,0.00
2025-04-13 04:00,15.4,98,100,0.5,315,15.2,15.7,16.5,0.00
2025-04-13 05:00,15.4,98,100,2.7,113,15.2,15.7,16.4,0.20
2025-04-13 06:00,15.4,98,100,2.3,108,15.3,15.6,16.3,0.20
2025-04-13 07:00,15.8,98,100,4.1,135,16.2,15.8,16.2,0.10
2025-04-13 08:00,16.6,95,93,0.8,63,17.9,16.4,16.2,0.00
2025-04-13 09:00,17.6,90,99,5.4,340,18.9,17.3,16.4,0.00
2025-04-13 10:00,17.8,90,100,8.7,343,18.8,18.1,16.6,0.00
2025-04-13 11:00,17.4,90,100,13.2,334,17.9,17.8,16.7,0.00
2025-04-13 12:00,17.5,89,100,11.0,322,19.6,17.7,16.8,0.00
2025-04-13 13:00,17.6,89,100,10.2,318,19.1,18.0,17.0,0.00
2025-04-13 14:00,17.5,92,100,8.0,297,18.2,17.9,17.1,0.30
2025-04-13 15:00,18.1,89,100,6.8,252,18.6,18.0,17.2,0.20
2025-04-13 16:00,17.9,88,100,7.9,204,18.3,17.8,17.2,0.30
2025-04-13 17:00,18.2,85,100,9.4,203,18.0,17.8,17.3,0.00
2025-04-13 18:00,17.8,87,100,7.7,191,17.0,17.6,17.3,0.00
2025-04-13 19:00,16.7,88,73,6.1,183,15.3,17.0,17.3,0.00
2025-04-13 20:00,15.6,90,47,5.2,205,14.4,16.2,17.2,0.00
2025-04-13 21:00,14.7,91,18,7.4,194,13.8,15.6,17.0,0.00
2025-04-13 22:00,14.4,92,23,7.9,196,13.5,15.1,16.8,0.00
2025-04-13 23:00,14.2,93,97,5.0,210,13.3,14.8,16.6,0.00
2025-04-14 00:00,14.2,93,84,6.0,205,13.5,14.8,16.5,0.00
2025-04-14 01:00,14.0,92,74,6.2,216,13.4,14.6,16.3,0.00
2025-04-14 02:00,14.1,92,67,5.9,223,13.4,14.5,16.1,0.00
2025-04-14 03:00,14.2,91,45,6.2,216,13.2,14.4,15.9,0.00
2025-04-14 04:00,13.9,91,41,5.7,215,12.9,14.3,15.8,0.00
2025-04-14 05:00,13.5,92,41,5.4,228,12.5,14.0,15.7,0.00
2025-04-14 06:00,13.1,92,32,6.1,220,12.2,13.7,15.5,0.00
2025-04-14 07:00,14.2,91,0,5.9,223,15.2,13.9,15.4,0.00
2025-04-14 08:00,17.3,81,0,8.2,247,19.4,15.5,15.3,0.00
2025-04-14 09:00,19.2,74,0,11.5,250,22.0,17.3,15.5,0.00
2025-04-14 10:00,20.7,70,0,11.9,256,24.6,19.0,15.8,0.00
2025-04-14 11:00,21.9,60,60,14.6,260,23.9,20.5,16.3,0.00
2025-04-14 12:00,22.4,57,85,14.3,309,25.2,21.2,16.8,0.00
2025-04-14 13:00,21.4,64,87,18.4,348,26.0,21.7,17.3,0.00
2025-04-14 14:00,21.1,65,100,17.8,339,25.6,22.1,17.7,0.00
2025-04-14 15:00,20.5,65,80,16.0,324,23.2,21.8,18.0,0.00
2025-04-14 16:00,20.2,65,46,16.1,321,22.3,21.8,18.4,0.00
2025-04-14 17:00,19.6,67,84,15.1,322,20.1,20.9,18.6,0.00
2025-04-14 18:00,19.2,67,85,11.6,330,18.7,20.0,18.7,0.00
2025-04-14 19:00,18.1,72,84,8.0,333,17.2,19.0,18.8,0.00
2025-04-14 20:00,17.5,76,76,2.5,45,16.6,18.2,18.7,0.00
2025-04-14 21:00,16.6,82,86,4.2,121,15.9,17.6,18.5,0.00
2025-04-14 22:00,15.9,88,79,3.6,135,15.4,17.1,18.3,0.00
2025-04-14 23:00,15.4,90,64,4.1,142,14.9,16.7,18.1,0.00
2025-04-15 00:00,15.1,88,69,1.1,180,14.2,16.3,18.0,0.00
2025-04-15 01:00,14.8,90,67,1.1,198,13.8,15.9,17.8,0.00
2025-04-15 02:00,14.6,92,87,1.5,194,13.7,15.6,17.5,0.00
2025-04-15 03:00,13.9,93,63,2.3,198,12.9,15.1,17.3,0.00
2025-04-15 04:00,13.4,94,12,2.6,196,12.2,14.7,17.0,0.00
2025-04-15 05:00,12.9,91,7,4.1,218,11.4,14.2,16.8,0.00
2025-04-15 06:00,13.4,82,0,6.5,236,11.9,13.9,16.5,0.00
2025-04-15 07:00,15.5,72,67,12.8,232,15.7,14.2,16.3,0.00
2025-04-15 08:00,17.4,64,89,21.0,239,17.8,15.5,16.2,0.00
2025-04-15 09:00,15.9,83,95,15.2,306,15.9,16.2,16.2,0.10
2025-04-15 10:00,14.7,86,100,15.1,310,15.2,15.9,16.2,1.00
2025-04-15 11:00,14.7,84,94,9.5,259,15.7,15.8,16.2,0.60
2025-04-15 12:00,15.3,76,90,13.9,280,16.3,15.9,16.2,0.00
2025-04-15 13:00,15.4,76,93,14.1,285,16.9,16.3,16.2,0.00
2025-04-15 14:00,15.2,77,92,13.7,275,16.2,16.3,16.2,0.00
2025-04-15 15:00,15.6,73,87,13.3,273,16.7,16.6,16.3,0.00
2025-04-15 16:00,15.6,70,79,13.1,262,15.8,16.5,16.4,0.00
2025-04-15 17:00,15.6,69,94,13.6,258,15.0,16.3,16.4,0.00
2025-04-15 18:00,14.7,76,80,12.1,243,14.2,15.8,16.4,0.00
2025-04-15 19:00,13.8,81,84,9.9,226,13.0,15.2,16.3,0.00
2025-04-15 20:00,13.3,84,70,10.4,226,12.7,14.6,16.2,0.00
2025-04-15 21:00,12.6,82,57,9.2,211,11.9,14.1,16.0,0.00
2025-04-15 22:00,12.3,82,53,9.7,222,11.4,13.7,15.8,0.00
2025-04-15 23:00,12.1,81,51,12.0,229,11.3,13.3,15.6,0.00
2025-04-16 00:00,11.6,84,58,13.1,217,11.0,12.9,15.3,0.00
2025-04-16 01:00,11.6,81,59,11.7,236,10.8,12.7,15.1,0.00
2025-04-16 02:00,11.5,79,47,12.7,241,10.8,12.5,14.9,0.00
2025-04-16 03:00,11.6,73,30,16.3,248,10.5,12.3,14.7,0.00
2025-04-16 04:00,11.5,71,24,20.5,255,10.5,12.2,14.5,0.00
2025-04-16 05:00,11.3,69,11,22.0,252,10.2,12.0,14.4,0.00
2025-04-16 06:00,11.0,71,20,18.5,241,10.2,11.9,14.2,0.00
2025-04-16 07:00,11.8,71,26,20.7,247,12.3,12.0,14.1,0.00
2025-04-16 08:00,13.4,65,28,26.1,263,15.1,13.0,14.0,0.00
2025-04-16 09:00,15.8,52,3,31.6,278,18.2,14.7,14.1,0.00
2025-04-16 10:00,16.7,47,5,33.1,282,19.9,15.9,14.3,0.00
2025-04-16 11:00,17.7,40,0,35.5,285,21.4,17.1,14.6,0.00
2025-04-16 12:00,17.9,38,0,34.8,286,21.7,17.9,14.9,0.00
2025-04-16 13:00,18.3,34,0,34.7,287,22.0,18.7,15.3,0.00
2025-04-16 14:00,18.4,33,0,34.0,290,21.6,19.1,15.7,0.00
2025-04-16 15:00,18.7,35,0,30.1,291,21.3,19.5,16.0,0.00
2025-04-16 16:00,18.1,40,0,26.6,295,19.7,19.2,16.3,0.00
2025-04-16 17:00,17.4,43,0,22.4,298,17.7,18.5,16.6,0.00
2025-04-16 18:00,16.7,48,0,12.1,300,15.7,17.8,16.7,0.00
2025-04-16 19:00,15.1,55,0,4.3,222,12.6,16.4,16.7,0.00
2025-04-16 20:00,13.5,60,0,6.6,193,11.6,15.1,16.6,0.00
2025-04-16 21:00,13.0,56,0,8.5,192,11.3,14.3,16.4,0.00
2025-04-16 22:00,12.8,60,0,9.1,198,11.2,13.7,16.2,0.00
2025-04-16 23:00,12.5,66,0,8.2,203,10.9,13.3,16.0,0.00
2025-04-17 00:00,12.5,70,0,8.2,195,10.9,13.1,15.8,0.00
2025-04-17 01:00,12.4,73,0,7.9,196,10.7,12.9,15.5,0.00
2025-04-17 02:00,12.0,75,0,5.8,210,10.3,12.6,15.3,0.00
2025-04-17 03:00,11.5,76,0,4.6,198,9.8,12.4,15.1,0.00
2025-04-17 04:00,10.8,79,20,4.8,207,9.3,12.0,14.8,0.00
2025-04-17 05:00,10.4,79,37,5.4,228,9.2,11.6,14.6,0.00
2025-04-17 06:00,11.0,76,0,7.5,215,9.8,11.6,14.4,0.00
2025-04-17 07:00,12.9,73,0,7.2,233,13.5,12.0,14.2,0.00
2025-04-17 08:00,16.0,62,4,11.4,246,18.3,13.6,14.1,0.00
2025-04-17 09:00,18.9,53,100,15.8,240,21.7,15.9,14.3,0.00
2025-04-17 10:00,20.7,45,100,18.7,242,24.1,17.7,14.6,0.00
2025-04-17 11:00,21.9,42,100,18.2,243,24.8,19.2,15.0,0.00
2025-04-17 12:00,22.9,42,100,15.1,258,27.2,20.6,15.5,0.00
2025-04-17 13:00,23.4,42,100,13.7,273,27.3,21.7,16.0,0.00
2025-04-17 14:00,22.9,49,39,15.5,324,27.2,22.4,16.6,0.00
2025-04-17 15:00,22.6,51,23,15.1,335,26.0,22.8,17.0,0.00
2025-04-17 16:00,22.0,55,20,14.0,337,24.5,22.5,17.5,0.00
2025-04-17 17:00,21.3,57,8,9.0,360,22.2,21.9,17.8,0.00
2025-04-17 18:00,20.4,60,85,7.6,31,19.3,21.1,18.1,0.00
2025-04-17 19:00,18.4,72,12,5.8,86,16.3,19.6,18.2,0.00
2025-04-17 20:00,17.0,77,1,4.8,117,15.0,18.2,18.2,0.00
2025-04-17 21:00,16.3,76,100,2.7,157,14.1,17.1,18.1,0.00
2025-04-17 22:00,15.6,78,100,2.5,188,13.5,16.3,18.0,0.00
2025-04-17 23:00,14.5,84,100,2.7,203,13.0,15.7,17.8,0.00
2025-04-18 00:00,13.3,90,100,3.7,191,12.4,15.1,17.5,0.00
2025-04-18 01:00,12.9,92,100,3.0,194,12.0,14.7,17.3,0.00
2025-04-18 02:00,12.7,91,100,2.2,180,11.7,14.3,17.0,0.00
2025-04-18 03:00,12.2,92,100,2.5,188,11.1,13.8,16.7,0.00
2025-04-18 04:00,12.2,91,100,2.7,203,11.0,13.5,16.5,0.00
2025-04-18 05:00,12.0,90,91,2.9,180,10.8,13.3,16.2,0.00
2025-04-18 06:00,11.5,92,74,3.6,186,10.7,13.0,16.0,0.00
2025-04-18 07:00,12.9,89,78,3.0,194,14.9,13.3,15.7,0.00
2025-04-18 08:00,16.6,76,39,3.1,225,20.6,15.0,15.6,0.00
2025-04-18 09:00,20.0,64,33,2.9,270,24.3,17.3,15.7,0.00
2025-04-18 10:00,22.1,53,99,1.5,346,26.5,19.3,15.9,0.00
2025-04-18 11:00,23.3,51,100,3.1,36,27.3,20.8,16.3,0.00
2025-04-18 12:00,23.6,53,100,10.0,21,29.0,22.1,16.7,0.00
2025-04-18 13:00,23.1,52,100,12.8,32,27.6,23.0,17.2,0.00
2025-04-18 14:00,22.6,55,96,14.3,34,26.7,23.1,17.7,0.00
2025-04-18 15:00,22.7,55,17,15.0,24,26.8,23.4,18.1,0.00
2025-04-18 16:00,21.8,57,43,14.8,18,24.3,23.1,18.4,0.00
2025-04-18 17:00,20.7,61,89,13.6,22,21.3,22.3,18.7,0.00
2025-04-18 18:00,19.2,72,91,9.8,17,18.8,21.1,18.9,0.00
2025-04-18 19:00,17.6,80,100,4.8,27,16.0,19.7,18.9,0.00
2025-04-18 20:00,16.6,86,100,1.8,53,15.1,18.3,18.9,0.00
2025-04-18 21:00,16.2,83,81,2.2,189,14.2,17.3,18.8,0.00
2025-04-18 22:00,15.3,90,89,2.6,214,14.1,16.7,18.6,0.00
2025-04-18 23:00,14.7,92,82,3.0,194,13.9,16.2,18.3,0.00
2025-04-19 00:00,14.3,92,34,3.3,186,13.0,15.7,18.0,0.00
2025-04-19 01:00,13.9,92,68,2.8,230,12.6,15.3,17.8,0.00
2025-04-19 02:00,14.0,90,29,0.4,360,11.9,14.9,17.5,0.00
2025-04-19 03:00,14.2,86,68,2.9,83,11.8,14.5,17.3,0.00
2025-04-19 04:00,13.7,90,50,4.7,176,12.3,14.3,17.0,0.00
2025-04-19 05:00,13.1,93,30,5.4,184,11.9,14.2,16.7,0.00
2025-04-19 06:00,13.7,89,68,4.6,198,12.6,14.2,16.5,0.00
2025-04-19 07:00,14.8,87,76,2.4,243,16.5,14.5,16.3,0.00
2025-04-19 08:00,17.6,77,76,2.9,300,20.9,16.1,16.3,0.00
2025-04-19 09:00,19.3,71,74,7.4,321,23.3,17.8,16.3,0.00
2025-04-19 10:00,21.1,60,81,14.8,276,23.3,19.1,16.6,0.00
2025-04-19 11:00,20.5,66,77,20.7,309,24.1,20.0,16.8,0.00
2025-04-19 12:00,20.2,63,87,23.9,315,23.9,20.9,17.1,0.00
2025-04-19 13:00,19.0,66,85,23.7,311,21.9,20.3,17.4,0.00
2025-04-19 14:00,19.0,56,99,24.9,304,19.9,20.2,17.6,0.00
2025-04-19 15:00,18.6,58,91,22.9,307,20.4,19.9,17.8,0.00
2025-04-19 16:00,18.0,58,97,22.1,300,18.6,19.4,17.9,0.00
2025-04-19 17:00,17.6,57,88,18.9,294,17.9,18.7,18.0,0.00
2025-04-19 18:00,17.3,59,82,12.9,288,16.8,18.4,18.0,0.00
2025-04-19 19:00,16.4,57,90,8.1,249,15.4,17.6,18.0,0.00
2025-04-19 20:00,15.8,57,91,7.7,208,14.8,17.0,17.9,0.00
2025-04-19 21:00,15.3,54,99,7.2,207,14.3,16.4,17.7,0.00
2025-04-19 22:00,14.9,57,96,6.8,205,13.8,16.0,17.6,0.00
2025-04-19 23:00,14.6,62,100,6.6,209,13.5,15.6,17.4,0.00
2025-04-20 00:00,14.4,65,100,6.7,216,13.5,15.5,17.2,0.00
2025-04-20 01:00,14.1,69,94,7.1,221,13.4,15.2,17.1,0.00
2025-04-20 02:00,13.7,73,78,7.7,217,12.9,14.9,16.9,0.00
2025-04-20 03:00,13.4,73,78,6.8,212,12.4,14.7,16.7,0.00
2025-04-20 04:00,13.2,73,72,6.1,220,12.4,14.4,16.5,0.00
2025-04-20 05:00,12.8,73,78,5.9,218,11.8,14.1,16.3,0.00
2025-04-20 06:00,12.6,72,79,5.9,223,11.7,13.8,16.1,0.00
2025-04-20 07:00,13.6,74,62,7.1,225,14.7,13.9,16.0,0.00
2025-04-20 08:00,15.4,63,52,12.9,257,18.5,15.0,15.9,0.00
2025-04-20 09:00,17.0,54,74,14.2,263,19.5,16.6,15.9,0.00
2025-04-20 10:00,18.2,47,74,18.4,276,22.0,17.6,16.0,0.00
2025-04-20 11:00,19.2,41,96,20.9,285,22.6,18.8,16.2,0.00
2025-04-20 12:00,18.6,43,97,24.4,301,18.3,19.1,16.5,0.00
2025-04-20 13:00,19.9,36,44,22.7,306,25.6,19.5,16.7,0.00
2025-04-20 14:00,19.5,41,62,27.0,312,19.6,20.5,16.9,0.00
2025-04-20 15:00,19.6,48,69,24.7,313,23.5,20.1,17.2,0.00
2025-04-20 16:00,19.2,52,60,25.6,305,21.4,20.2,17.4,0.00
2025-04-20 17:00,18.6,54,0,22.8,301,19.3,19.8,17.6,0.00
2025-04-20 18:00,17.9,52,0,19.2,296,17.0,19.2,17.7,0.00
2025-04-20 19:00,16.7,56,0,12.0,277,14.7,18.0,17.7,0.00
2025-04-20 20:00,15.3,60,0,6.6,257,13.2,16.9,17.7,0.00
2025-04-20 21:00,13.9,66,17,5.8,202,12.1,15.8,17.5,0.00
2025-04-20 22:00,13.2,72,82,5.6,195,11.6,15.0,17.3,0.00
2025-04-20 23:00,12.7,75,60,5.9,194,11.2,14.4,17.1,0.00
2025-04-21 00:00,12.4,76,19,6.5,186,10.8,14.0,16.9,0.00
2025-04-21 01:00,12.2,78,31,6.2,190,10.6,13.6,16.7,0.00
2025-04-21 02:00,12.0,80,35,5.7,198,10.4,13.2,16.4,0.00
2025-04-21 03:00,12.0,82,28,5.5,191,10.3,13.1,16.2,0.00
2025-04-21 04:00,11.7,84,37,5.9,191,10.1,12.8,15.9,0.00
2025-04-21 05:00,11.5,85,33,5.6,195,9.9,12.6,15.7,0.00
2025-04-21 06:00,11.7,83,39,5.2,196,10.5,12.5,15.5,0.00
2025-04-21 07:00,13.6,79,10,4.8,207,15.2,12.9,15.3,0.00
2025-04-21 08:00,16.7,63,0,7.4,231,20.6,14.7,15.2,0.00
2025-04-21 09:00,19.2,53,22,8.0,252,24.5,17.2,15.3,0.00
2025-04-21 10:00,20.7,47,17,7.6,270,26.9,19.2,15.6,0.00
2025-04-21 11:00,21.8,43,58,6.4,317,27.4,20.6,16.0,0.00
2025-04-21 12:00,22.3,43,80,12.0,353,29.5,22.1,16.5,0.00
2025-04-21 13:00,21.7,46,15,16.3,8,27.8,22.8,17.0,0.00
2025-04-21 14:00,21.7,50,0,15.5,12,28.4,23.4,17.5,0.00
2025-04-21 15:00,21.5,51,0,16.1,20,26.8,23.7,17.9,0.00
2025-04-21 16:00,20.5,55,0,15.8,17,24.0,23.2,18.3,0.00
2025-04-21 17:00,19.4,61,0,14.2,21,21.1,22.2,18.6,0.00
2025-04-21 18:00,18.2,69,0,12.6,31,18.1,21.0,18.8,0.00
2025-04-21 19:00,16.5,77,0,7.1,41,15.1,19.3,18.8,0.00
2025-04-21 20:00,15.2,87,0,3.7,29,13.6,17.8,18.8,0.00
2025-04-21 21:00,14.4,89,0,1.8,307,11.8,16.5,18.6,0.00
2025-04-21 22:00,13.5,93,0,1.9,248,10.9,15.4,18.3,0.00
2025-04-21 23:00,12.8,95,1,2.8,230,10.4,14.6,18.0,0.00
2025-04-22 00:00,11.7,96,2,2.9,187,10.3,14.0,17.6,0.00
2025-04-22 01:00,11.1,95,6,3.3,167,10.1,13.6,17.3,0.00
2025-04-22 02:00,10.6,95,66,3.1,159,10.3,13.3,17.0,0.00
2025-04-22 03:00,10.3,95,9,3.4,198,9.7,13.1,16.7,0.00
2025-04-22 04:00,10.1,95,100,3.7,209,9.3,12.7,16.4,0.00
2025-04-22 05:00,10.3,92,59,3.1,201,9.0,12.4,16.1,0.00
2025-04-22 06:00,10.3,89,92,3.3,186,9.5,12.0,15.8,0.00
2025-04-22 07:00,12.3,83,77,2.7,203,14.6,12.5,15.6,0.00
2025-04-22 08:00,16.2,68,7,5.4,233,20.7,14.5,15.4,0.00
2025-04-22 09:00,19.2,62,21,7.1,246,24.6,16.9,15.5,0.00
2025-04-22 10:00,21.5,51,29,7.6,270,27.4,19.1,15.7,0.00
2025-04-22 11:00,23.2,43,73,7.8,304,29.6,21.1,16.1,0.00
2025-04-22 12:00,23.0,43,100,14.1,347,29.2,22.6,16.6,0.00
2025-04-22 13:00,22.6,42,100,15.8,360,28.2,23.3,17.2,0.00
2025-04-22 14:00,22.5,48,72,15.1,3,28.2,23.6,17.7,0.00
2025-04-22 15:00,22.0,52,40,14.8,357,26.6,23.7,18.1,0.00
2025-04-22 16:00,21.5,56,0,11.9,360,25.4,23.5,18.5,0.00
2025-04-22 17:00,20.9,58,0,8.3,5,22.9,22.9,18.9,0.00
2025-04-22 18:00,20.4,59,4,6.1,40,19.7,21.9,19.1,0.00
2025-04-22 19:00,18.4,69,21,5.2,65,16.2,20.3,19.2,0.00
2025-04-22 20:00,16.9,77,32,4.0,63,14.9,18.7,19.1,0.00
2025-04-22 21:00,15.5,81,38,2.9,97,13.7,17.4,19.0,0.00
2025-04-22 22:00,14.7,82,13,2.4,117,12.8,16.6,18.7,0.00
2025-04-22 23:00,14.0,79,0,2.3,108,11.7,15.7,18.5,0.00
2025-04-23 00:00,12.8,73,0,3.4,162,11.0,15.0,18.2,0.00
2025-04-23 01:00,12.1,76,0,3.2,180,10.6,14.4,17.9,0.00
2025-04-23 02:00,11.1,81,0,3.3,193,9.9,13.9,17.5,0.00
2025-04-23 03:00,10.0,86,0,3.6,186,9.0,13.2,17.2,0.00
2025-04-23 04:00,9.5,90,0,3.3,186,8.6,12.7,16.9,0.00
2025-04-23 05:00,9.2,91,3,2.2,189,8.0,12.2,16.5,0.00
2025-04-23 06:00,9.3,91,3,3.1,201,8.8,11.9,16.2,0.00
2025-04-23 07:00,11.4,86,0,1.6,207,14.6,12.4,15.9,0.00
2025-04-23 08:00,17.0,62,0,1.9,338,21.3,14.4,15.7,0.00
2025-04-23 09:00,20.4,53,0,9.0,29,25.4,17.2,15.8,0.00
2025-04-23 10:00,22.0,50,0,14.8,34,27.1,19.4,16.0,0.00
2025-04-23 11:00,22.9,47,0,18.0,37,28.5,21.1,16.4,0.00
2025-04-23 12:00,22.7,48,0,22.0,35,27.9,21.9,16.8,0.00
2025-04-23 13:00,22.9,48,0,24.1,38,27.8,22.7,17.3,0.00
2025-04-23 14:00,22.7,50,0,24.5,40,27.1,23.2,17.7,0.00
2025-04-23 15:00,22.1,55,2,22.4,37,25.9,23.2,18.1,0.00
2025-04-23 16:00,21.4,57,0,21.0,38,23.7,22.7,18.5,0.00
2025-04-23 17:00,20.5,60,0,18.4,42,21.5,21.9,18.7,0.00
2025-04-23 18:00,19.1,68,0,16.0,36,18.6,20.9,18.9,0.00
2025-04-23 19:00,17.4,76,0,9.8,17,15.8,19.5,18.9,0.00
2025-04-23 20:00,16.1,84,0,5.2,348,14.6,18.2,18.9,0.00
2025-04-23 21:00,15.1,88,0,3.3,283,13.6,17.1,18.7,0.00
2025-04-23 22:00,14.2,92,1,3.4,252,12.9,16.3,18.5,0.00
2025-04-23 23:00,13.6,93,2,3.6,233,12.5,15.7,18.2,0.00
2025-04-24 00:00,13.3,93,0,3.7,209,12.1,15.2,18.0,0.00
2025-04-24 01:00,12.9,93,0,3.0,194,11.7,14.8,17.7,0.00
2025-04-24 02:00,12.6,93,0,2.5,180,11.3,14.4,17.4,0.00
2025-04-24 03:00,12.5,91,0,2.2,180,10.6,14.0,17.1,0.00
2025-04-24 04:00,11.8,94,1,2.7,203,10.5,13.6,16.9,0.00
2025-04-24 05:00,11.0,97,34,3.4,198,10.3,13.3,16.6,0.00
2025-04-24 06:00,10.8,98,50,5.2,205,11.0,13.1,16.3,0.00
2025-04-24 07:00,13.5,92,0,4.6,198,16.2,13.6,16.1,0.00
2025-04-24 08:00,17.2,80,0,5.4,222,21.8,15.6,16.0,0.00
2025-04-24 09:00,19.9,73,0,2.9,277,24.7,17.9,16.1,0.00
2025-04-24 10:00,22.2,65,0,4.6,342,27.6,19.8,16.3,0.00
2025-04-24 11:00,23.3,66,14,9.8,6,30.3,21.8,16.7,0.00
2025-04-24 12:00,23.1,61,0,13.6,11,29.8,23.0,17.2,0.00
2025-04-24 13:00,23.4,58,0,15.5,18,29.6,23.9,17.7,0.00
2025-04-24 14:00,23.3,57,5,15.8,21,28.9,24.3,18.3,0.00
2025-04-24 15:00,22.4,60,59,16.8,23,26.7,24.1,18.7,0.00
2025-04-24 16:00,21.6,61,100,14.7,25,23.9,23.5,19.1,0.00
2025-04-24 17:00,20.3,70,100,12.8,22,21.5,22.4,19.4,0.00
2025-04-24 18:00,18.8,71,100,9.4,7,18.5,21.1,19.5,0.00
2025-04-24 19:00,17.4,78,78,4.6,342,15.7,19.6,19.5,0.00
2025-04-24 20:00,16.4,82,100,4.0,360,14.8,18.3,19.3,0.00
2025-04-24 21:00,15.7,83,100,2.3,51,14.2,17.4,19.1,0.00
2025-04-24 22:00,15.6,84,100,1.1,18,14.0,16.8,18.9,0.00
2025-04-24 23:00,15.6,83,94,1.1,252,13.6,16.4,18.6,0.00
2025-04-25 00:00,15.5,84,100,4.9,197,14.1,16.2,18.4,0.00
2025-04-25 01:00,15.0,88,100,0.7,90,14.3,16.0,18.2,0.00
2025-04-25 02:00,14.6,93,100,3.6,180,13.8,15.9,17.9,0.00
2025-04-25 03:00,14.6,93,100,4.0,85,13.9,15.7,17.7,0.00
2025-04-25 04:00,14.6,95,100,2.2,99,14.1,15.6,17.5,0.00
2025-04-25 05:00,14.8,93,100,1.8,217,14.3,15.5,17.3,0.00
2025-04-25 06:00,14.9,95,100,1.5,166,14.6,15.5,17.2,0.20
2025-04-25 07:00,15.5,94,100,3.1,111,15.8,15.7,17.0,0.20
2025-04-25 08:00,16.8,92,100,1.6,297,19.6,16.3,16.9,0.00
2025-04-25 09:00,19.0,79,100,4.3,42,21.1,17.8,17.0,0.00
2025-04-25 10:00,19.5,80,100,1.1,360,22.5,18.5,17.1,0.00
2025-04-25 11:00,20.4,79,100,6.9,208,22.3,19.6,17.3,0.00
2025-04-25 12:00,22.0,76,100,11.4,242,23.6,20.5,17.5,0.00
2025-04-25 13:00,23.1,74,91,8.0,280,26.1,21.2,17.8,0.00
2025-04-25 14:00,22.1,74,96,12.7,335,23.7,21.8,18.1,0.00
2025-04-25 15:00,21.9,70,89,8.8,9,23.4,22.5,18.6,0.00
2025-04-25 16:00,21.6,69,69,10.1,17,23.8,22.0,18.8,0.00
2025-04-25 17:00,21.0,69,86,6.5,34,21.7,21.7,19.0,0.00
2025-04-25 18:00,20.4,67,54,5.4,37,19.5,21.1,19.1,0.00
2025-04-25 19:00,18.8,76,70,3.6,37,17.1,19.9,19.2,0.00
2025-04-25 20:00,17.9,79,64,0.4,270,15.4,18.7,19.2,0.00
2025-04-25 21:00,17.2,81,9,4.1,195,15.2,17.8,19.1,0.00
2025-04-25 22:00,16.9,86,19,3.8,197,14.9,17.2,18.9,0.00
2025-04-25 23:00,16.7,86,6,3.2,207,14.3,16.7,18.6,0.00
2025-04-26 00:00,16.3,82,18,3.2,207,14.1,16.4,18.4,0.00
2025-04-26 01:00,16.0,82,3,3.2,207,13.7,16.0,18.2,0.00
2025-04-26 02:00,15.8,84,0,2.6,214,13.3,15.6,17.9,0.00
2025-04-26 03:00,14.7,89,7,3.1,339,12.8,15.1,17.7,0.00
2025-04-26 04:00,15.4,85,20,1.8,143,12.3,14.8,17.4,0.00
2025-04-26 05:00,14.7,88,26,4.3,180,12.9,14.5,17.2,0.00
2025-04-26 06:00,14.9,89,0,6.1,180,13.9,14.7,17.0,0.00
2025-04-26 07:00,17.4,84,0,5.2,205,18.4,15.4,16.8,0.00
2025-04-26 08:00,21.3,73,0,7.5,235,24.0,17.4,16.8,0.00
2025-04-26 09:00,23.6,59,0,10.8,255,26.9,19.8,17.0,0.00
2025-04-26 10:00,25.4,50,0,13.0,275,29.7,21.8,17.3,0.00
2025-04-26 11:00,26.8,43,0,14.7,298,31.7,23.7,17.8,0.00
2025-04-26 12:00,26.5,46,0,17.7,321,31.6,25.1,18.4,0.00
2025-04-26 13:00,26.1,49,0,18.6,324,31.3,25.8,18.9,0.00
2025-04-26 14:00,26.1,46,0,18.1,325,30.8,26.2,19.4,0.00
2025-04-26 15:00,26.1,45,0,16.6,330,29.8,26.5,20.0,0.00
2025-04-26 16:00,25.4,42,17,14.6,327,27.5,26.0,20.4,0.00
2025-04-26 17:00,24.9,41,26,9.4,337,25.5,25.2,20.7,0.00
2025-04-26 18:00,23.8,50,65,6.4,43,22.7,24.2,21.0,0.00
2025-04-26 19:00,21.5,63,50,6.2,83,19.4,22.7,21.1,0.00
2025-04-26 20:00,20.0,70,60,5.2,56,18.5,21.3,21.0,0.00
2025-04-26 21:00,18.8,72,52,4.3,42,17.3,20.2,20.9,0.00
2025-04-26 22:00,17.8,77,6,2.9,30,15.8,19.3,20.7,0.00
2025-04-26 23:00,17.2,76,0,2.1,59,13.9,18.2,20.4,0.00
2025-04-27 00:00,16.6,73,0,2.3,129,12.7,17.1,20.1,0.00
2025-04-27 01:00,15.5,74,1,2.2,171,12.2,16.2,19.8,0.00
2025-04-27 02:00,14.9,76,7,1.8,180,12.1,15.6,19.4,0.00
2025-04-27 03:00,14.5,74,13,1.8,169,11.9,15.2,19.0,0.00
2025-04-27 04:00,14.3,72,31,1.5,166,11.8,14.9,18.6,0.00
2025-04-27 05:00,14.4,66,38,1.1,72,11.6,14.5,18.3,0.00
2025-04-27 06:00,14.7,63,37,1.5,45,12.3,14.3,17.9,0.00
2025-04-27 07:00,15.9,63,31,2.2,360,17.5,14.9,17.6,0.00
2025-04-27 08:00,18.7,64,13,2.9,353,22.6,16.9,17.5,0.00
2025-04-27 09:00,21.4,63,6,7.2,18,26.1,19.3,17.6,0.00
2025-04-27 10:00,23.2,54,2,11.9,25,28.3,21.3,17.8,0.00
2025-04-27 11:00,23.7,51,0,16.1,24,28.9,22.8,18.2,0.00
2025-04-27 12:00,23.4,54,0,17.7,20,29.1,23.6,18.6,0.00
2025-04-27 13:00,23.4,54,0,18.5,24,29.1,24.3,18.9,0.00
2025-04-27 14:00,22.8,62,2,19.2,30,28.2,24.6,19.4,0.00
2025-04-27 15:00,22.1,66,11,19.2,34,26.6,24.4,19.7,0.00
2025-04-27 16:00,21.5,71,9,17.8,36,24.5,24.0,20.0,0.00
2025-04-27 17:00,20.7,72,1,15.0,35,22.3,23.2,20.3,0.00
2025-04-27 18:00,19.6,79,0,11.4,24,19.6,22.2,20.4,0.00
2025-04-27 19:00,17.9,83,0,6.5,357,16.5,20.6,20.4,0.00
2025-04-27 20:00,16.5,89,24,3.4,342,15.1,19.1,20.2,0.00
2025-04-27 21:00,15.7,87,0,2.4,333,14.1,18.0,20.1,0.00
2025-04-27 22:00,15.2,88,0,2.0,315,13.2,17.0,19.8,0.00
2025-04-27 23:00,14.8,87,0,1.3,326,12.6,16.3,19.5,0.00
2025-04-28 00:00,14.2,90,0,2.2,270,11.9,15.6,19.1,0.00
2025-04-28 01:00,13.6,92,0,2.3,252,11.5,15.1,18.7,0.00
2025-04-28 02:00,13.1,94,0,2.3,231,11.1,14.6,18.4,0.00
2025-04-28 03:00,12.2,96,20,2.7,247,10.7,14.2,18.0,0.00
2025-04-28 04:00,12.0,96,7,1.9,248,10.1,13.8,17.7,0.00
2025-04-28 05:00,11.9,96,31,1.5,256,9.5,13.3,17.3,0.00
2025-04-28 06:00,12.2,94,64,2.3,252,11.3,13.2,17.0,0.00
2025-04-28 07:00,14.1,93,52,1.3,214,16.9,13.9,16.7,0.00
2025-04-28 08:00,17.4,83,42,4.7,58,21.8,16.0,16.6,0.00
2025-04-28 09:00,19.7,68,7,11.3,37,24.5,18.4,16.7,0.00
2025-04-28 10:00,20.8,58,0,16.6,39,25.8,20.0,17.0,0.00
2025-04-28 11:00,21.5,59,1,21.1,44,26.9,21.3,17.3,0.00
2025-04-28 12:00,21.6,65,25,26.0,47,26.9,22.1,17.7,0.00
2025-04-28 13:00,21.9,64,17,28.6,49,26.8,22.7,18.1,0.00
2025-04-28 14:00,21.7,63,8,29.4,50,26.0,23.0,18.5,0.00
2025-04-28 15:00,21.4,63,5,28.3,49,25.0,23.1,18.9,0.00
2025-04-28 16:00,20.5,66,12,28.2,52,22.8,22.6,19.2,0.00
2025-04-28 17:00,19.5,71,27,25.8,54,20.7,21.8,19.4,0.00
2025-04-28 18:00,18.5,78,21,23.2,49,18.5,20.9,19.5,0.00
2025-04-28 19:00,17.4,82,19,17.6,46,16.4,19.6,19.5,0.00
2025-04-28 20:00,16.8,86,5,12.8,40,15.8,18.6,19.4,0.00
2025-04-28 21:00,16.2,88,18,9.5,29,15.2,17.8,19.3,0.00
2025-04-28 22:00,15.9,91,32,5.7,18,14.8,17.2,19.1,0.00
2025-04-28 23:00,15.7,91,44,5.2,25,14.5,16.8,18.9,0.00
2025-04-29 00:00,15.4,92,47,4.4,9,14.2,16.5,18.7,0.00
2025-04-29 01:00,15.4,92,84,3.2,333,14.8,16.3,18.4,0.00
2025-04-29 02:00,15.4,92,83,2.2,279,15.1,16.3,18.2,0.00
2025-04-29 03:00,15.4,91,89,1.6,333,14.8,16.2,18.1,0.00
2025-04-29 04:00,15.3,92,76,2.6,16,14.8,16.1,17.9,0.00
2025-04-29 05:00,15.2,92,86,2.1,59,14.5,16.0,17.8,0.00
2025-04-29 06:00,15.3,91,59,3.7,29,15.2,15.9,17.6,0.00
2025-04-29 07:00,16.5,87,62,5.4,37,18.5,16.4,17.5,0.00
2025-04-29 08:00,17.7,80,59,9.7,45,21.6,17.5,17.5,0.00
2025-04-29 09:00,18.8,77,67,12.7,35,23.3,18.8,17.5,0.00
2025-04-29 10:00,19.6,74,92,13.7,30,24.3,20.2,17.7,0.00
2025-04-29 11:00,20.3,73,94,16.2,32,25.7,21.1,18.0,0.00
2025-04-29 12:00,20.8,72,97,17.2,29,27.3,22.1,18.3,0.00
2025-04-29 13:00,20.9,71,100,18.4,26,26.2,22.7,18.6,0.00
2025-04-29 14:00,20.4,74,100,18.2,27,24.6,22.6,18.9,0.00
2025-04-29 15:00,19.6,77,100,16.1,27,21.6,22.0,19.2,0.00
2025-04-29 16:00,19.3,78,100,16.6,41,21.2,21.4,19.3,0.00
2025-04-29 17:00,18.6,81,100,15.4,37,19.8,20.7,19.4,0.00
2025-04-29 18:00,18.4,83,100,12.7,35,18.7,20.1,19.5,0.00
2025-04-29 19:00,17.6,86,100,11.3,27,17.4,19.3,19.4,0.00
2025-04-29 20:00,17.2,89,88,9.2,31,16.9,18.7,19.3,0.00
2025-04-29 21:00,17.1,88,96,9.5,37,17.1,18.2,19.2,0.00
2025-04-29 22:00,17.2,88,97,9.0,37,17.1,18.1,19.1,0.00
2025-04-29 23:00,17.1,88,100,8.7,30,17.0,18.0,19.0,0.00
2025-04-30 00:00,17.2,87,98,6.8,32,17.1,18.0,18.9,0.00
2025-04-30 01:00,17.0,90,95,6.8,25,16.9,17.8,18.7,0.00
2025-04-30 02:00,16.9,91,97,5.5,11,16.5,17.7,18.6,0.00
2025-04-30 03:00,16.8,90,95,7.6,25,16.6,17.6,18.5,0.00
2025-04-30 04:00,16.7,91,92,5.7,18,16.5,17.4,18.4,0.00
2025-04-30 05:00,16.6,93,91,5.0,30,16.4,17.3,18.3,0.00
2025-04-30 06:00,16.5,94,96,4.4,351,16.7,17.2,18.2,0.00
2025-04-30 07:00,17.4,91,80,6.1,3,19.1,17.5,18.1,0.00
2025-04-30 08:00,18.4,85,77,5.7,18,21.7,18.5,18.1,0.00
2025-04-30 09:00,19.1,84,83,7.6,360,23.6,19.3,18.1,0.00
2025-04-30 10:00,20.3,77,81,10.0,345,25.9,20.7,18.3,0.00
2025-04-30 11:00,21.4,71,99,12.7,325,25.8,21.8,18.6,0.00
2025-04-30 12:00,20.7,74,100,14.6,350,24.7,22.2,18.8,0.00
2025-04-30 13:00,21.0,75,100,16.2,347,25.4,22.6,19.1,0.00
2025-04-30 14:00,20.6,77,100,14.4,357,24.5,22.7,19.4,0.00
2025-04-30 15:00,20.2,80,100,13.4,6,22.7,22.4,19.6,0.00
2025-04-30 16:00,19.9,82,100,12.9,18,22.4,21.9,19.8,0.00
2025-04-30 17:00,19.3,84,100,9.7,22,20.9,21.3,19.9,0.00
2025-04-30 18:00,18.4,85,100,9.8,17,19.1,20.6,19.9,0.00
2025-04-30 19:00,17.7,90,100,6.0,17,17.3,19.7,19.9,0.00
2025-04-30 20:00,17.1,94,100,2.4,333,16.3,18.9,19.7,0.00
2025-04-30 21:00,16.7,94,92,3.6,360,16.2,18.2,19.6,0.00
2025-04-30 22:00,16.4,95,98,2.4,27,16.0,17.9,19.4,0.00
2025-04-30 23:00,16.2,96,92,1.5,45,15.1,17.5,19.2,0.00
2025-05-01 00:00,16.4,95,79,1.5,45,16.0,17.4,19.0,0.00
2025-05-01 01:00,16.3,95,80,1.5,14,15.9,17.3,18.8,0.00
2025-05-01 02:00,16.2,96,75,1.5,346,15.3,17.1,18.6,0.00
2025-05-01 03:00,15.7,96,69,1.3,326,14.4,16.7,18.5,0.00
2025-05-01 04:00,15.6,97,71,0.7,360,14.3,16.4,18.3,0.00
2025-05-01 05:00,15.4,97,70,1.1,108,13.7,16.1,18.1,0.00
2025-05-01 06:00,15.7,96,58,0.5,225,15.0,16.0,17.9,0.00
2025-05-01 07:00,16.8,92,65,2.1,31,19.4,16.6,17.8,0.00
2025-05-01 08:00,18.6,85,44,4.8,42,23.2,18.3,17.7,0.00
2025-05-01 09:00,20.7,75,65,9.7,42,25.5,20.1,17.9,0.00
2025-05-01 10:00,22.0,67,40,11.8,27,28.2,21.5,18.1,0.00
2025-05-01 11:00,22.9,65,37,16.4,33,29.3,23.0,18.5,0.00
2025-05-01 12:00,22.6,65,47,19.7,31,28.6,23.9,18.9,0.00
2025-05-01 13:00,22.9,64,40,19.5,34,29.1,24.5,19.4,0.00
2025-05-01 14:00,22.7,67,31,20.2,39,28.5,24.8,19.8,0.00
2025-05-01 15:00,22.1,70,38,19.9,32,26.6,24.6,20.2,0.00
2025-05-01 16:00,21.0,75,100,19.5,30,23.4,24.0,20.5,0.00
2025-05-01 17:00,20.1,80,100,15.5,31,21.4,22.8,20.7,0.00
2025-05-01 18:00,18.9,87,100,12.8,22,19.4,21.6,20.7,0.00
2025-05-01 19:00,18.0,91,100,7.2,18,17.5,20.5,20.6,0.00
2025-05-01 20:00,17.2,95,100,4.7,23,16.7,19.4,20.5,0.00
2025-05-01 21:00,16.6,97,100,6.1,360,16.4,18.6,20.2,0.00
2025-05-01 22:00,16.6,97,100,4.0,355,16.4,18.2,20.0,0.00
2025-05-01 23:00,16.4,98,100,1.8,11,16.1,18.0,19.8,0.00
2025-05-02 00:00,17.1,96,100,5.2,335,16.5,18.2,19.6,0.00
2025-05-02 01:00,16.8,99,100,7.3,327,16.3,17.9,19.4,0.00
2025-05-02 02:00,16.7,96,100,3.8,319,16.0,17.7,19.2,0.00
2025-05-02 03:00,17.7,87,100,6.0,295,16.1,17.6,19.0,0.00
2025-05-02 04:00,19.9,70,63,7.4,284,16.7,17.6,18.8,0.00
2025-05-02 05:00,18.8,82,100,18.7,335,17.5,17.8,18.7,0.00
2025-05-02 06:00,17.8,94,100,12.4,17,17.4,17.7,18.6,0.00
2025-05-02 07:00,18.7,88,100,10.1,55,19.8,18.1,18.5,0.00
2025-05-02 08:00,20.1,85,100,6.6,49,23.7,19.2,18.5,0.00
2025-05-02 09:00,22.7,73,100,7.1,15,28.4,21.4,18.7,0.00
2025-05-02 10:00,23.7,66,100,14.0,1,29.3,23.0,19.0,0.00
2025-05-02 11:00,24.3,60,11,18.0,1,30.5,24.2,19.4,0.00
2025-05-02 12:00,24.6,61,26,21.0,354,31.2,25.4,19.9,0.00
2025-05-02 13:00,24.2,64,36,19.8,358,30.9,26.1,20.3,0.00
2025-05-02 14:00,24.2,64,22,17.1,7,30.9,26.4,20.8,0.00
2025-05-02 15:00,24.0,63,39,17.0,5,29.5,26.4,21.2,0.00
2025-05-02 16:00,23.3,64,6,14.3,12,27.3,26.0,21.5,0.00
2025-05-02 17:00,22.4,67,31,12.4,22,24.6,25.2,21.8,0.00
2025-05-02 18:00,21.0,75,21,12.2,14,21.2,23.8,21.9,0.00
2025-05-02 19:00,19.7,81,0,6.3,24,18.4,22.3,21.9,0.00
2025-05-02 20:00,18.5,88,21,3.9,56,17.2,20.9,21.7,0.00
2025-05-02 21:00,17.5,91,1,3.1,21,16.1,19.7,21.5,0.00
2025-05-02 22:00,17.1,92,17,1.8,79,15.3,18.9,21.2,0.00
2025-05-02 23:00,16.4,94,17,4.1,135,15.3,18.2,20.9,0.00
2025-05-03 00:00,16.1,90,10,3.8,139,14.8,17.9,20.6,0.00
2025-05-03 01:00,15.8,85,2,2.5,135,14.2,17.4,20.2,0.00
2025-05-03 02:00,15.3,85,0,3.1,144,13.9,17.0,19.9,0.00
2025-05-03 03:00,14.3,89,8,4.2,149,13.3,16.4,19.6,0.00
2025-05-03 04:00,13.9,91,13,3.4,162,13.0,16.1,19.3,0.00
2025-05-03 05:00,13.6,92,5,2.2,180,12.5,15.7,19.0,0.00
2025-05-03 06:00,13.6,92,9,3.2,180,13.8,15.5,18.7,0.00
2025-05-03 07:00,16.1,88,31,2.3,219,19.3,16.3,18.4,0.00
2025-05-03 08:00,19.6,70,29,1.8,281,23.8,18.3,18.3,0.00
2025-05-03 09:00,21.3,62,38,7.1,336,26.7,20.4,18.4,0.00
2025-05-03 10:00,22.3,61,48,10.9,354,28.5,22.1,18.7,0.00
2025-05-03 11:00,22.8,59,76,14.4,3,30.2,23.5,19.0,0.00
2025-05-03 12:00,22.5,59,100,17.3,358,28.2,24.4,19.4,0.00
2025-05-03 13:00,21.7,61,100,15.8,360,25.5,24.2,19.8,0.00
2025-05-03 14:00,21.3,62,100,17.0,347,25.7,23.6,20.1,0.00
2025-05-03 15:00,21.6,60,100,16.9,344,26.7,23.9,20.4,0.00
2025-05-03 16:00,21.4,60,93,15.6,337,24.5,23.9,20.6,0.00
2025-05-03 17:00,20.9,56,90,12.8,344,22.1,23.1,20.8,0.00
2025-05-03 18:00,20.5,53,78,7.6,341,20.2,22.3,20.9,0.00
2025-05-03 19:00,19.2,61,35,3.3,77,16.8,21.0,20.9,0.00
2025-05-03 20:00,17.5,68,52,5.2,124,15.9,19.6,20.7,0.00
2025-05-03 21:00,16.7,68,47,4.8,132,15.4,18.7,20.5,0.00
2025-05-03 22:00,16.2,70,40,4.1,142,14.7,18.0,20.3,0.00
2025-05-03 23:00,15.7,74,46,2.9,150,14.2,17.4,20.0,0.00
2025-05-04 00:00,15.0,77,67,2.5,180,13.7,16.9,19.8,0.00
2025-05-04 01:00,14.0,83,67,2.6,214,13.2,16.5,19.5,0.00
2025-05-04 02:00,13.7,85,84,2.3,198,13.1,16.1,19.2,0.00
2025-05-04 03:00,13.2,87,52,2.1,211,12.3,15.6,18.9,0.00
2025-05-04 04:00,13.2,86,49,2.2,189,11.9,15.3,18.6,0.00
2025-05-04 05:00,13.3,83,41,2.2,180,11.5,14.9,18.3,0.00
2025-05-04 06:00,13.4,84,50,2.5,188,13.0,14.7,18.0,0.00
2025-05-04 07:00,15.3,83,0,1.5,225,18.6,15.5,17.8,0.00
2025-05-04 08:00,18.9,61,0,2.3,342,23.4,17.5,17.7,0.00
2025-05-04 09:00,21.3,55,0,4.6,321,26.8,19.9,17.8,0.00
2025-05-04 10:00,22.7,55,7,8.7,330,29.1,21.8,18.1,0.00
2025-05-04 11:00,23.5,55,73,14.5,341,30.0,23.3,18.5,0.00
2025-05-04 12:00,21.9,64,53,17.2,20,25.9,23.8,18.9,0.00
2025-05-04 13:00,22.5,62,46,20.3,13,30.3,24.2,19.3,0.00
2025-05-04 14:00,21.9,61,39,20.2,359,28.8,24.8,19.7,0.00
2025-05-04 15:00,21.6,61,32,20.5,345,26.9,24.8,20.1,0.00
2025-05-04 16:00,21.0,61,27,18.3,340,24.7,24.2,20.4,0.00
2025-05-04 17:00,20.6,62,46,15.8,333,22.7,23.4,20.6,0.00
2025-05-04 18:00,20.2,63,24,12.1,333,20.1,22.5,20.7,0.00
2025-05-04 19:00,18.9,67,16,3.3,347,16.7,21.1,20.7,0.00
2025-05-04 20:00,17.3,75,38,4.6,141,15.2,19.6,20.6,0.00
2025-05-04 21:00,15.7,82,41,5.0,159,14.7,18.5,20.4,0.00
2025-05-04 22:00,15.4,82,58,4.0,180,14.5,17.8,20.2,0.00
2025-05-04 23:00,15.1,84,97,4.4,189,14.0,17.3,19.9,0.00
2025-05-05 00:00,15.2,82,92,5.2,205,13.9,16.9,19.7,0.00
2025-05-05 01:00,15.1,79,70,4.8,207,13.8,16.6,19.4,0.00
2025-05-05 02:00,14.9,80,59,3.4,212,13.3,16.3,19.2,0.00
2025-05-05 03:00,14.6,79,50,2.4,207,12.9,16.0,18.9,0.00
2025-05-05 04:00,14.2,81,56,2.9,187,12.6,15.6,18.6,0.00
2025-05-05 05:00,13.5,85,48,3.3,174,12.0,15.3,18.4,0.00
2025-05-05 06:00,13.3,89,96,4.3,175,13.6,15.1,18.1,0.00
2025-05-05 07:00,15.7,84,54,4.0,185,18.5,15.7,17.9,0.00
2025-05-05 08:00,18.5,70,61,6.4,223,23.3,17.5,17.8,0.00
2025-05-05 09:00,20.6,59,42,10.5,264,25.1,19.7,17.9,0.00
2025-05-05 10:00,22.1,50,51,11.5,284,28.5,21.3,18.2,0.00
2025-05-05 11:00,23.1,46,75,15.8,311,29.6,23.0,18.5,0.00
2025-05-05 12:00,22.4,51,34,20.2,321,29.1,23.7,18.9,0.00
2025-05-05 13:00,22.5,48,5,23.1,321,29.2,24.0,19.3,0.00
2025-05-05 14:00,22.6,47,1,24.5,317,28.5,24.5,19.7,0.00
2025-05-05 15:00,22.6,49,0,21.7,313,26.8,24.7,20.1,0.00
2025-05-05 16:00,22.2,48,0,20.2,320,25.4,24.3,20.4,0.00
2025-05-05 17:00,21.7,50,16,19.1,311,23.0,23.6,20.6,0.00
2025-05-05 18:00,20.8,52,0,12.8,310,20.2,22.6,20.7,0.00
2025-05-05 19:00,19.3,58,1,4.0,280,16.7,21.2,20.8,0.00
2025-05-05 20:00,17.8,64,50,4.3,204,15.6,19.7,20.7,0.00
2025-05-05 21:00,16.9,65,75,5.8,202,15.5,18.7,20.5,0.00
2025-05-05 22:00,16.7,64,72,6.5,199,15.2,18.1,20.2,0.00
2025-05-05 23:00,16.4,65,61,6.6,202,14.9,17.7,20.0,0.00
2025-05-06 00:00,16.3,65,62,7.3,200,14.7,17.4,19.8,0.00
2025-05-06 01:00,15.9,68,56,6.2,201,14.2,17.1,19.5,0.00
2025-05-06 02:00,15.4,71,52,5.5,203,13.9,16.6,19.3,0.00
2025-05-06 03:00,15.0,72,46,5.8,202,13.4,16.3,19.0,0.00
2025-05-06 04:00,14.4,75,52,4.9,197,13.0,16.0,18.8,0.00
2025-05-06 05:00,13.7,79,38,4.7,203,12.2,15.6,18.6,0.00
2025-05-06 06:00,14.1,79,40,4.6,198,13.8,15.5,18.3,0.00
2025-05-06 07:00,16.5,77,27,4.1,225,19.3,16.1,18.1,0.00
2025-05-06 08:00,19.3,63,10,7.2,243,24.2,18.0,18.1,0.00
2025-05-06 09:00,21.8,53,4,7.8,248,27.8,20.3,18.2,0.00
2025-05-06 10:00,23.4,46,15,8.8,261,30.7,22.2,18.5,0.00
2025-05-06 11:00,24.7,43,100,7.6,301,32.1,24.0,18.8,0.00
2025-05-06 12:00,24.5,46,91,15.0,350,31.0,25.2,19.3,0.00
2025-05-06 13:00,24.0,48,97,17.6,1,31.3,25.6,19.8,0.00
2025-05-06 14:00,22.7,52,100,16.9,359,25.7,25.5,20.2,0.00
2025-05-06 15:00,22.7,54,25,17.3,356,28.6,25.1,20.6,0.00
2025-05-06 16:00,21.9,58,100,15.9,6,24.8,24.8,20.9,0.00
2025-05-06 17:00,20.7,62,100,11.6,30,21.7,23.7,21.1,0.00
2025-05-06 18:00,20.0,64,49,9.9,46,19.9,22.6,21.2,0.00
2025-05-06 19:00,18.6,71,88,5.6,45,16.7,21.2,21.1,0.00
2025-05-06 20:00,17.2,80,14,3.1,324,14.9,19.8,21.0,0.00
2025-05-06 21:00,16.4,82,33,2.3,219,13.6,18.5,20.8,0.00
2025-05-06 22:00,15.0,86,100,2.6,196,13.9,17.6,20.5,0.00
2025-05-06 23:00,14.7,84,70,3.0,166,13.7,17.2,20.2,0.00
2025-05-07 00:00,14.6,81,100,1.9,158,13.9,16.9,19.9,0.00
2025-05-07 01:00,14.9,78,100,1.3,146,14.0,16.7,19.6,0.00
2025-05-07 02:00,15.3,74,46,1.4,90,13.0,16.4,19.3,0.00
2025-05-07 03:00,14.7,72,53,1.4,180,11.3,15.5,19.0,0.00
2025-05-07 04:00,14.6,72,68,1.5,104,12.1,15.0,18.7,0.00
2025-05-07 05:00,14.3,74,81,1.5,45,12.1,14.9,18.4,0.00
2025-05-07 06:00,14.6,73,45,1.8,191,13.2,14.8,18.2,0.00
2025-05-07 07:00,15.3,79,100,2.3,252,17.7,15.6,17.9,0.00
2025-05-07 08:00,17.6,75,100,1.1,360,20.1,17.1,17.8,0.00
2025-05-07 09:00,20.0,71,91,8.7,38,25.7,19.1,17.9,0.00
2025-05-07 10:00,20.7,70,86,10.0,26,26.2,20.4,18.1,0.00
2025-05-07 11:00,21.4,69,84,13.4,27,27.6,21.8,18.3,0.00
2025-05-07 12:00,21.8,65,79,16.1,29,28.8,23.0,18.7,0.00
2025-05-07 13:00,21.9,66,78,19.2,30,28.0,23.9,19.1,0.00
2025-05-07 14:00,21.4,68,86,19.2,30,26.1,24.0,19.5,0.00
2025-05-07 15:00,21.4,67,52,18.0,20,26.8,24.0,19.8,0.00
2025-05-07 16:00,21.0,67,29,16.8,23,24.9,23.8,20.1,0.00
2025-05-07 17:00,20.3,70,22,14.0,23,22.4,23.1,20.3,0.00
2025-05-07 18:00,19.1,79,37,11.3,27,19.4,22.0,20.5,0.00
2025-05-07 19:00,17.8,83,30,7.7,28,16.4,20.7,20.5,0.00
2025-05-07 20:00,16.5,92,31,3.3,13,15.1,19.3,20.4,0.00
2025-05-07 21:00,15.9,93,29,0.8,27,13.5,18.1,20.2,0.00
2025-05-07 22:00,15.2,96,31,1.6,297,12.7,17.1,19.9,0.00
2025-05-07 23:00,14.8,98,90,0.8,63,13.0,16.4,19.6,0.00
2025-05-08 00:00,14.7,98,88,2.1,211,13.3,16.2,19.3,0.00
2025-05-08 01:00,14.7,99,93,0.8,117,13.5,16.0,19.0,0.00
2025-05-08 02:00,14.7,100,94,3.3,139,14.1,15.9,18.8,0.00
2025-05-08 03:00,14.3,100,95,1.8,169,13.9,15.8,18.5,0.00
2025-05-08 04:00,14.1,100,92,2.5,225,13.7,15.7,18.3,0.00
2025-05-08 05:00,13.8,100,95,3.3,229,13.7,15.6,18.1,0.00
2025-05-08 06:00,14.3,99,92,2.8,220,14.8,15.9,18.0,0.00
2025-05-08 07:00,16.0,94,89,4.3,222,18.1,16.4,17.9,0.00
2025-05-08 08:00,17.5,90,89,5.6,195,21.0,17.5,17.8,0.00
2025-05-08 09:00,19.0,79,92,4.6,231,23.0,19.0,17.9,0.00
2025-05-08 10:00,20.7,69,79,4.9,253,26.8,20.4,18.0,0.00
2025-05-08 11:00,22.5,55,96,7.6,295,27.9,21.9,18.3,0.00
2025-05-08 12:00,21.8,64,92,11.6,344,25.4,22.6,18.6,0.00
2025-05-08 13:00,21.5,61,57,15.5,1,27.9,22.9,19.0,0.00
2025-05-08 14:00,21.1,64,94,9.7,360,25.0,23.2,19.3,0.00
2025-05-08 15:00,19.8,76,86,13.2,343,22.8,22.9,19.7,0.00
2025-05-08 16:00,19.9,73,72,11.6,344,23.3,22.4,19.9,0.00
2025-05-08 17:00,20.0,68,61,8.3,358,22.2,22.1,20.0,0.00
2025-05-08 18:00,19.7,67,72,6.8,32,19.5,21.4,20.1,0.00
2025-05-08 19:00,18.4,73,40,5.5,67,16.6,20.2,20.1,0.00
2025-05-08 20:00,17.1,81,21,3.8,73,15.4,18.9,20.0,0.00
2025-05-08 21:00,16.1,85,21,2.7,113,14.3,18.0,19.8,0.00
2025-05-08 22:00,15.2,91,14,2.6,146,13.7,17.2,19.6,0.00
2025-05-08 23:00,14.5,94,36,2.5,172,13.2,16.5,19.3,0.00
2025-05-09 00:00,13.9,92,49,3.6,186,13.0,16.2,19.1,0.00
2025-05-09 01:00,13.3,94,52,3.7,191,12.6,15.8,18.8,0.00
2025-05-09 02:00,13.0,94,47,3.2,207,12.1,15.4,18.5,0.00
2025-05-09 03:00,12.7,91,52,3.1,201,11.8,14.9,18.3,0.00
2025-05-09 04:00,12.5,91,31,2.3,198,11.2,14.6,18.0,0.00
2025-05-09 05:00,12.3,91,23,1.8,191,10.6,14.2,17.7,0.00
2025-05-09 06:00,12.6,90,42,2.3,219,12.8,14.0,17.4,0.00
2025-05-09 07:00,15.3,85,13,1.6,243,18.7,15.0,17.2,0.00
2025-05-09 08:00,19.4,67,0,4.1,285,24.3,17.3,17.2,0.00
2025-05-09 09:00,22.2,57,0,3.5,336,27.4,19.9,17.4,0.00
2025-05-09 10:00,23.9,52,0,5.1,8,30.0,21.9,17.7,0.00
2025-05-09 11:00,24.5,48,4,13.4,24,30.3,23.6,18.1,0.00
2025-05-09 12:00,23.7,48,9,19.0,33,30.3,24.0,18.6,0.00
2025-05-09 13:00,23.9,49,26,20.6,29,30.6,25.0,19.1,0.00
2025-05-09 14:00,23.4,51,27,21.6,30,28.7,25.3,19.6,0.00
2025-05-09 15:00,23.2,54,35,21.9,25,27.7,25.3,20.1,0.00
2025-05-09 16:00,22.4,58,60,19.3,29,25.7,24.7,20.4,0.00
2025-05-09 17:00,21.5,64,100,17.2,29,23.1,23.9,20.7,0.00
2025-05-09 18:00,20.3,71,100,13.8,33,20.3,22.6,20.8,0.00
2025-05-09 19:00,19.0,78,100,8.7,17,17.7,21.3,20.8,0.00
2025-05-09 20:00,18.0,85,100,5.0,180,16.3,20.0,20.7,0.00
2025-05-09 21:00,17.0,88,100,4.0,85,16.2,19.1,20.6,0.00
2025-05-09 22:00,16.9,87,83,4.7,81,16.1,18.6,20.3,0.00
2025-05-09 23:00,16.5,86,32,4.8,347,15.2,18.1,20.1,0.00
2025-05-10 00:00,15.7,90,100,6.7,234,15.2,17.6,19.9,0.00
2025-05-10 01:00,15.6,90,100,4.1,142,15.0,17.3,19.7,0.00
2025-05-10 02:00,15.4,91,100,2.1,121,15.1,17.1,19.4,0.00
2025-05-10 03:00,15.3,90,79,1.4,180,14.6,16.9,19.2,0.00
2025-05-10 04:00,14.9,91,100,2.8,50,13.3,16.5,19.0,0.00
2025-05-10 05:00,14.4,94,100,3.3,319,14.1,16.1,18.8,0.00
2025-05-10 06:00,15.0,90,100,1.9,248,15.3,16.3,18.6,0.00
2025-05-10 07:00,16.5,89,100,2.7,157,18.5,16.7,18.4,0.00
2025-05-10 08:00,18.5,79,100,1.6,27,22.5,18.0,18.3,0.00
2025-05-10 09:00,20.3,74,97,5.0,30,25.1,20.0,18.4,0.00
2025-05-10 10:00,21.6,68,83,6.6,22,27.5,21.3,18.6,0.00
2025-05-10 11:00,22.8,65,78,10.0,21,30.5,22.9,18.9,0.00
2025-05-10 12:00,23.2,62,65,13.9,17,31.5,24.5,19.2,0.00
2025-05-10 13:00,23.7,56,67,16.1,20,31.4,25.4,19.7,0.00
2025-05-10 14:00,23.8,55,7,17.0,13,31.1,26.1,20.2,0.00
2025-05-10 15:00,23.3,54,15,19.4,359,28.8,26.2,20.6,0.00
2025-05-10 16:00,22.3,60,12,17.7,358,26.4,25.7,20.9,0.00
2025-05-10 17:00,21.3,66,31,15.5,357,23.6,24.7,21.2,0.00
2025-05-10 18:00,20.6,69,23,12.4,352,21.0,23.6,21.4,0.00
2025-05-10 19:00,19.3,74,16,6.2,21,17.9,22.0,21.4,0.00
2025-05-10 20:00,17.9,83,0,5.0,111,16.5,20.5,21.3,0.00
2025-05-10 21:00,16.9,86,0,4.0,153,15.5,19.4,21.1,0.00
2025-05-10 22:00,16.1,86,7,3.7,169,14.6,18.5,20.9,0.00
2025-05-10 23:00,15.2,85,26,2.6,164,13.8,17.7,20.6,0.00
2025-05-11 00:00,13.9,88,1,3.6,174,12.8,17.0,20.3,0.00
2025-05-11 01:00,13.2,90,8,3.6,180,12.2,16.3,19.9,0.00
2025-05-11 02:00,12.6,91,40,2.7,203,11.7,15.8,19.6,0.00
2025-05-11 03:00,12.0,92,54,3.5,204,11.4,15.2,19.2,0.00
2025-05-11 04:00,12.0,91,64,2.6,214,11.6,14.9,18.9,0.00
2025-05-11 05:00,12.5,88,78,2.1,211,12.0,14.7,18.6,0.00
2025-05-11 06:00,13.7,85,98,3.3,193,14.0,14.9,18.3,0.00
2025-05-11 07:00,15.5,82,90,2.5,135,17.2,15.6,18.1,0.00
2025-05-11 08:00,18.1,70,79,2.6,74,21.7,17.0,18.0,0.00
2025-05-11 09:00,20.3,65,95,4.9,324,24.9,19.2,18.0,0.00
2025-05-11 10:00,21.6,57,86,4.3,270,26.5,20.8,18.2,0.00
2025-05-11 11:00,23.3,49,59,5.4,270,30.1,22.3,18.5,0.00
2025-05-11 12:00,24.0,52,78,15.6,337,30.6,23.9,18.8,0.00
2025-05-11 13:00,23.2,54,100,17.0,347,30.7,24.6,19.2,0.00
2025-05-11 14:00,23.4,49,100,17.9,330,29.8,25.1,19.6,0.00
2025-05-11 15:00,23.0,47,100,16.6,333,28.0,25.1,20.0,0.00
2025-05-11 16:00,22.7,47,100,16.3,325,26.0,25.0,20.3,0.00
2025-05-11 17:00,22.3,46,38,15.0,314,23.7,24.1,20.6,0.00
2025-05-11 18:00,21.9,48,90,10.4,316,21.3,23.2,20.8,0.00
2025-05-11 19:00,20.5,55,43,1.5,346,17.5,21.9,20.8,0.00
2025-05-11 20:00,19.1,60,41,3.6,135,16.0,20.3,20.8,0.00
2025-05-11 21:00,17.3,67,35,4.0,180,15.2,19.1,20.6,0.00
2025-05-11 22:00,16.1,75,3,4.8,193,14.4,18.2,20.4,0.00
2025-05-11 23:00,15.4,77,10,3.6,186,13.5,17.5,20.2,0.00
2025-05-12 00:00,14.2,81,52,4.0,180,12.8,16.7,19.9,0.00
2025-05-12 01:00,13.8,83,61,2.9,187,12.9,16.3,19.6,0.00
2025-05-12 02:00,13.3,84,43,2.2,189,12.1,15.9,19.4,0.00
2025-05-12 03:00,12.4,86,20,3.2,180,11.2,15.3,19.1,0.00
2025-05-12 04:00,12.0,87,0,3.3,167,10.8,14.9,18.8,0.00
2025-05-12 05:00,11.6,88,0,2.3,162,10.0,14.4,18.5,0.00
2025-05-12 06:00,12.0,87,0,3.2,180,12.5,14.2,18.2,0.00
2025-05-12 07:00,15.1,83,0,1.5,194,18.9,15.0,17.9,0.00
2025-05-12 08:00,19.0,58,0,0.8,243,23.6,17.2,17.8,0.00
2025-05-12 09:00,21.8,45,0,4.1,315,27.5,19.5,17.9,0.00
2025-05-12 10:00,23.5,43,0,6.5,326,30.6,21.6,18.1,0.00
2025-05-12 11:00,24.5,41,0,12.6,347,33.2,23.7,18.5,0.00
2025-05-12 12:00,24.1,42,0,15.9,355,31.9,24.9,18.9,0.00
2025-05-12 13:00,24.3,39,0,17.1,353,31.8,25.8,19.4,0.00
2025-05-12 14:00,24.0,39,0,17.6,359,30.7,26.1,19.9,0.00
2025-05-12 15:00,23.6,42,0,17.7,355,29.2,26.3,20.3,0.00
2025-05-12 16:00,22.7,45,0,16.6,1,26.5,25.7,20.7,0.00
2025-05-12 17:00,21.8,50,0,12.4,8,24.1,24.8,20.9,0.00
2025-05-12 18:00,20.9,54,0,10.6,18,20.9,23.7,21.1,0.00
2025-05-12 19:00,19.2,60,15,5.0,60,16.9,22.1,21.2,0.00
2025-05-12 20:00,17.6,70,46,3.1,144,15.4,20.4,21.1,0.00
2025-05-12 21:00,16.5,64,42,4.5,166,15.0,19.2,21.0,0.00
2025-05-12 22:00,16.2,52,74,4.0,185,14.9,18.4,20.7,0.00
2025-05-12 23:00,15.7,55,97,3.3,193,14.5,17.9,20.5,0.00
2025-05-13 00:00,15.5,56,100,2.7,203,14.5,17.5,20.2,0.00
2025-05-13 01:00,15.2,63,100,3.3,221,14.4,17.2,20.0,0.00
2025-05-13 02:00,15.1,66,100,2.8,220,14.7,17.0,19.7,0.00
2025-05-13 03:00,14.0,82,100,2.5,270,14.2,16.7,19.5,0.00
2025-05-13 04:00,13.6,88,100,4.9,306,13.8,16.5,19.3,0.00
2025-05-13 05:00,13.5,87,100,4.1,255,13.3,16.1,19.0,0.00
2025-05-13 06:00,13.6,88,100,2.6,254,14.3,16.0,18.8,0.00
2025-05-13 07:00,14.4,85,100,2.3,252,16.2,16.1,18.6,0.00
2025-05-13 08:00,15.0,83,100,0.4,180,16.5,16.7,18.5,0.00
2025-05-13 09:00,16.6,83,100,3.6,6,19.8,17.6,18.4,0.00
2025-05-13 10:00,17.7,79,100,5.6,15,20.4,18.3,18.4,0.00
2025-05-13 11:00,17.9,78,100,7.9,3,20.2,18.9,18.4,0.00
2025-05-13 12:00,19.2,72,100,11.2,2,22.4,19.9,18.5,0.00
2025-05-13 13:00,19.6,71,100,12.3,3,25.3,20.5,18.6,0.00
2025-05-13 14:00,18.9,71,100,13.8,6,20.8,21.1,18.8,0.00
2025-05-13 15:00,18.8,70,100,16.6,2,21.0,21.2,19.0,0.00
2025-05-13 16:00,17.8,76,100,13.3,358,20.0,20.8,19.1,0.00
2025-05-13 17:00,16.9,82,100,11.9,5,17.9,20.1,19.2,0.00
2025-05-13 18:00,16.6,86,100,7.0,35,17.0,19.4,19.2,0.00
2025-05-13 19:00,16.1,90,100,6.1,140,16.2,18.6,19.1,0.10
2025-05-13 20:00,15.7,92,100,10.2,162,15.8,18.0,19.1,4.00
2025-05-13 21:00,15.3,87,100,9.8,152,15.2,17.5,19.0,3.20
2025-05-13 22:00,15.0,86,100,10.0,193,14.9,17.0,18.8,2.90
2025-05-13 23:00,14.7,91,100,10.4,214,14.8,16.6,18.7,2.20
2025-05-14 00:00,15.0,89,100,11.0,199,15.0,16.6,18.6,2.00
2025-05-14 01:00,15.0,87,100,6.8,205,14.8,16.4,18.4,0.50
2025-05-14 02:00,14.7,88,100,3.7,209,14.5,16.2,18.3,0.30
2025-05-14 03:00,14.5,85,100,8.3,198,14.0,15.8,18.1,0.10
2025-05-14 04:00,14.5,83,100,6.9,219,14.0,15.7,17.9,0.00
2025-05-14 05:00,14.5,84,100,7.9,219,14.0,15.5,17.8,0.00
2025-05-14 06:00,14.9,86,100,8.0,216,14.7,15.5,17.6,0.00
2025-05-14 07:00,15.7,83,100,9.0,209,16.1,15.7,17.5,0.00
2025-05-14 08:00,16.9,81,99,11.7,223,17.9,16.2,17.4,0.00
2025-05-14 09:00,17.7,74,99,14.5,224,18.8,17.0,17.4,0.00
2025-05-14 10:00,19.1,67,99,11.9,270,23.1,18.3,17.5,0.00
2025-05-14 11:00,19.7,67,98,13.8,303,24.8,19.8,17.6,0.00
2025-05-14 12:00,20.2,63,90,17.6,293,23.4,20.4,17.7,0.00
2025-05-14 13:00,20.9,61,72,22.3,309,25.8,21.2,18.0,0.00
2025-05-14 14:00,20.6,65,77,21.9,315,24.3,21.9,18.3,0.00
2025-05-14 15:00,21.3,62,78,21.1,313,25.3,22.0,18.6,0.00
2025-05-14 16:00,21.2,61,56,22.9,314,24.1,22.1,18.8,0.00
2025-05-14 17:00,20.4,64,39,19.9,316,22.0,21.9,19.0,0.00
2025-05-14 18:00,19.8,65,45,14.0,325,19.7,21.3,19.2,0.00
2025-05-14 19:00,18.6,71,3,4.6,342,17.1,20.3,19.3,0.00
2025-05-14 20:00,17.7,76,4,2.2,351,15.3,19.0,19.3,0.00
2025-05-14 21:00,16.7,75,23,4.3,222,14.6,17.9,19.2,0.00
2025-05-14 22:00,15.4,76,52,6.5,183,14.5,17.2,19.1,0.00
2025-05-14 23:00,15.1,68,73,5.8,173,14.1,16.7,18.9,0.00
2025-05-15 00:00,14.9,67,68,6.1,177,13.6,16.3,18.7,0.00
2025-05-15 01:00,14.8,65,70,6.5,180,13.5,16.0,18.5,0.00
2025-05-15 02:00,14.8,63,47,6.2,190,13.2,15.6,18.3,0.00
2025-05-15 03:00,14.6,62,43,6.9,189,12.7,15.3,18.1,0.00
2025-05-15 04:00,14.1,63,44,7.3,200,12.3,15.0,17.9,0.00
2025-05-15 05:00,14.0,66,71,7.8,214,12.3,14.7,17.7,0.00
2025-05-15 06:00,14.6,68,64,9.5,209,13.9,14.5,17.5,0.00
2025-05-15 07:00,17.0,63,13,14.5,224,17.9,15.2,17.3,0.00
2025-05-15 08:00,19.0,55,20,20.8,240,21.1,16.8,17.2,0.00
2025-05-15 09:00,21.0,50,46,22.1,254,24.3,18.6,17.3,0.00
2025-05-15 10:00,22.3,44,61,23.7,287,25.0,20.2,17.5,0.00
2025-05-15 11:00,22.5,45,65,24.9,301,25.9,21.1,17.8,0.00
2025-05-15 12:00,23.1,43,87,20.0,304,27.3,22.0,18.1,0.00
2025-05-15 13:00,22.2,49,61,24.1,322,24.9,22.6,18.4,0.00
2025-05-15 14:00,22.1,49,39,24.1,325,28.5,22.9,18.7,0.00
2025-05-15 15:00,21.7,49,34,21.3,330,26.4,23.6,19.1,0.00
2025-05-15 16:00,21.1,53,0,18.3,328,24.7,23.5,19.4,0.00
2025-05-15 17:00,20.8,51,4,15.9,321,22.6,23.0,19.7,0.00
2025-05-15 18:00,20.0,46,41,11.2,327,19.7,21.9,19.9,0.00
2025-05-15 19:00,18.7,54,52,2.3,18,16.5,20.6,19.9,0.00
2025-05-15 20:00,16.8,64,43,3.3,84,14.7,19.1,19.9,0.00
2025-05-15 21:00,15.1,74,0,2.5,90,13.3,17.7,19.7,0.00
2025-05-15 22:00,13.9,80,0,2.0,135,12.0,16.6,19.5,0.00
2025-05-15 23:00,13.1,82,0,3.3,174,11.2,15.7,19.2,0.00
